product_id,adr_term,frequency,soc
120,pyelonephritis,uncommon,Infections and infestations
120,infection,uncommon,Infections and infestations
120,pharyngitis,uncommon,Infections and infestations
120,eosinophilia,uncommon,Blood and lymphatic system disorders
120,hypothyroidism,uncommon,Endocrine disorders
120,hyperkalaemia,common,Metabolism and nutrition disorders
120,hypercholesterolaemia,uncommon,Metabolism and nutrition disorders
120,hyponatraemia,uncommon,Metabolism and nutrition disorders
120,dehydration,uncommon,Metabolism and nutrition disorders
120,hypertriglyceridaemia,uncommon,Metabolism and nutrition disorders
120,insomnia,common,Psychiatric disorders
120,syncope,uncommon,Nervous system disorders
120,dizziness,uncommon,Nervous system disorders
120,headache,uncommon,Nervous system disorders
120,hypoaesthesia,uncommon,Nervous system disorders
120,left ventricular failure,common,Cardiac disorders
120,atrial fibrillation,uncommon,Cardiac disorders
120,tachycardia,uncommon,Cardiac disorders
120,hypotension,common,Vascular disorders
120,arterial thrombosis limb,uncommon,Vascular disorders
120,orthostatic hypotension,uncommon,Vascular disorders
120,cough,common,"Respiratory, thoracic and mediastinal disorders"
120,diarrhoea,common,Gastrointestinal disorders
120,nausea,common,Gastrointestinal disorders
120,constipation,common,Gastrointestinal disorders
120,vomiting,common,Gastrointestinal disorders
120,flatulence,uncommon,Gastrointestinal disorders
120,rash,common,Skin and subcutaneous tissue disorders
120,pruritus,common,Skin and subcutaneous tissue disorders
120,angioedema,uncommon,Skin and subcutaneous tissue disorders
120,hyperhidrosis,uncommon,Skin and subcutaneous tissue disorders
120,muscle spasms,common,Musculoskeletal and connective tissue disorders
120,back pain,common,Musculoskeletal and connective tissue disorders
120,musculoskeletal pain,uncommon,Musculoskeletal and connective tissue disorders
120,renal impairment,common,Renal and urinary disorders
120,cholecystitis,uncommon,Hepatobiliary disorders
120,gynaecomastia,uncommon,Reproductive system and breast disorders
120,asthenia,common,General disorders and administration site conditions
120,malaise,common,General disorders and administration site conditions
120,blood urea increased,common,Investigations
120,blood creatinine increased,common,Investigations
120,epidermal growth factor receptor decreased,uncommon,Investigations
120,blood glucose increased,uncommon,Investigations
120,stroke,not known,Not known
503,Hypersensitivity,uncommon,Immune system disorders
503,Decreased appetite up to loss of appetite,common,Metabolism and nutrition disorders
503,Insomnia,common,Psychiatric disorders
503,Abnormal thinking,uncommon,Psychiatric disorders
503,Anxiety,uncommon,Psychiatric disorders
503,Confusional state,uncommon,Psychiatric disorders
503,Libido decreased,uncommon,Psychiatric disorders
503,Nervousness,uncommon,Psychiatric disorders
503,Restlessness,uncommon,Psychiatric disorders
503,Euphoric mood,not known,Psychiatric disorders
503,Hallucination,not known,Psychiatric disorders
503,Nightmares,not known,Psychiatric disorders
503,Aggression,not known,Psychiatric disorders
503,Drug dependence,not known,Psychiatric disorders
503,Dizziness,common,Nervous system disorders
503,Headache,common,Nervous system disorders
503,Somnolence,common,Nervous system disorders
503,Convulsions,uncommon,Nervous system disorders
503,Disturbance in attention,uncommon,Nervous system disorders
503,Dysgeusia,uncommon,Nervous system disorders
503,Speech disorder,uncommon,Nervous system disorders
503,Syncope,uncommon,Nervous system disorders
503,Tremor,uncommon,Nervous system disorders
503,Lethargy,uncommon,Nervous system disorders
503,Paraesthesia,not known,Nervous system disorders
503,Sedation,not known,Nervous system disorders
503,Visual impairment,uncommon,Eye disorders
503,Vertigo,common,Ear and labyrinth disorders
503,Angina pectoris,uncommon,Cardiac disorders
503,Palpitations,uncommon,Cardiac disorders
503,Tachycardia,rare,Cardiac disorders
503,Hot flush,common,Vascular disorders
503,Blood pressure decreased,uncommon,Vascular disorders
503,Blood pressure increased,uncommon,Vascular disorders
503,Dyspnoea,uncommon,"Respiratory, thoracic and mediastinal disorders"
503,Rhinorrhoea,uncommon,"Respiratory, thoracic and mediastinal disorders"
503,Cough,uncommon,"Respiratory, thoracic and mediastinal disorders"
503,Yawning,rare,"Respiratory, thoracic and mediastinal disorders"
503,Respiratory depression,not known,"Respiratory, thoracic and mediastinal disorders"
503,Central sleep apnoea syndrome,not known,"Respiratory, thoracic and mediastinal disorders"
503,Abdominal pain,common,Gastrointestinal disorders
503,Constipation,common,Gastrointestinal disorders
503,Diarrhoea,common,Gastrointestinal disorders
503,Dry mouth,common,Gastrointestinal disorders
503,Dyspepsia,common,Gastrointestinal disorders
503,Vomiting,common,Gastrointestinal disorders
503,Nausea,common,Gastrointestinal disorders
503,Flatulence,common,Gastrointestinal disorders
503,Abdominal distension,uncommon,Gastrointestinal disorders
503,Tooth disorder,rare,Gastrointestinal disorders
503,Eructation,not known,Gastrointestinal disorders
503,Hepatic enzymes increased,uncommon,Hepatobiliary disorders
503,Biliary colic,uncommon,Hepatobiliary disorders
503,Pruritus,common,Skin and subcutaneous tissue disorders
503,Skin reactions,common,Skin and subcutaneous tissue disorders
503,Hyperhidrosis,common,Skin and subcutaneous tissue disorders
503,Muscle spasms,uncommon,Musculoskeletal and connective tissue disorders
503,Muscle twitching,uncommon,Musculoskeletal and connective tissue disorders
503,Myalgia,uncommon,Musculoskeletal and connective tissue disorders
503,Micturition urgency,uncommon,Renal and urinary disorders
503,Urinary retention,not known,Renal and urinary disorders
503,Erectile dysfunction,not known,Reproductive system and breast disorders
503,Amenorrhoea,not known,Reproductive system and breast disorders
503,Asthenia,common,General disorders and administration site conditions
503,Fatigue,common,General disorders and administration site conditions
503,Chest pain,uncommon,General disorders and administration site conditions
503,Chills,uncommon,General disorders and administration site conditions
503,Malaise,uncommon,General disorders and administration site conditions
503,Pain,uncommon,General disorders and administration site conditions
503,Peripheral oedema,uncommon,General disorders and administration site conditions
503,Thirst,uncommon,General disorders and administration site conditions
503,Drug withdrawal syndrome,not known,General disorders and administration site conditions
503,Weight decreased,uncommon,Investigations
503,Weight increased,rare,Investigations
503,Injuries from accidents,uncommon,"Injury, poisoning and procedural complications"
503,Respiratory depression,rare,Infections and infestations
503,Anaphylactic reaction,not known,Immune system disorders
503,Dehydration,uncommon,Metabolism and nutrition disorders
503,Increased appetite,rare,Metabolism and nutrition disorders
503,Altered mood and personality change,common,Psychiatric disorders
503,Decreased activity,common,Psychiatric disorders
503,Psychomotor hyperactivity,common,Psychiatric disorders
503,Agitation,uncommon,Psychiatric disorders
503,Perception disturbances,uncommon,Psychiatric disorders
503,Concentration impaired,uncommon,Nervous system disorders
503,Migraine,uncommon,Nervous system disorders
503,Hypertonia,uncommon,Nervous system disorders
503,Involuntary muscle contractions,uncommon,Nervous system disorders
503,Hypoaesthesia,uncommon,Nervous system disorders
503,Abnormal coordination,uncommon,Nervous system disorders
503,Hyperalgesia,not known,Nervous system disorders
503,Hearing impaired,uncommon,Ear and labyrinth disorders
503,Vasodilatation,uncommon,Vascular disorders
503,Dysphonia,uncommon,"Respiratory, thoracic and mediastinal disorders"
503,Hiccups,common,Gastrointestinal disorders
503,Dysphagia,uncommon,Gastrointestinal disorders
503,Ileus,uncommon,Gastrointestinal disorders
503,Mouth ulceration,uncommon,Gastrointestinal disorders
503,Stomatitis,uncommon,Gastrointestinal disorders
503,Melaena,rare,Gastrointestinal disorders
503,Gingival bleeding,rare,Gastrointestinal disorders
503,Dental caries,not known,Gastrointestinal disorders
503,Cholestasis,not known,Hepatobiliary disorders
503,Sphincter of Oddi dysfunction,not known,Hepatobiliary disorders
503,Dry skin,uncommon,Skin and subcutaneous tissue disorders
503,Urticaria,rare,Skin and subcutaneous tissue disorders
503,Dysuria,common,Renal and urinary disorders
503,Hypogonadism,uncommon,Reproductive system and breast disorders
503,Oedema,uncommon,General disorders and administration site conditions
503,Drug withdrawal syndrome neonatal,not known,General disorders and administration site conditions
503,Drug tolerance,not known,General disorders and administration site conditions
503,Hypersensitivity,not known,Immune system disorders
503,Decreased appetite up to loss of appetite,common,Metabolism and nutrition disorders
503,Insomnia,common,Psychiatric disorders
503,Depression,common,Psychiatric disorders
503,Libido decreased,uncommon,Psychiatric disorders
503,Sleep attacks,uncommon,Psychiatric disorders
503,Abnormal thinking,not known,Psychiatric disorders
503,Anxiety,not known,Psychiatric disorders
503,Confusional state,not known,Psychiatric disorders
503,Nervousness,not known,Psychiatric disorders
503,Restlessness,not known,Psychiatric disorders
503,Euphoric mood,not known,Psychiatric disorders
503,Hallucination,not known,Psychiatric disorders
503,Nightmares,not known,Psychiatric disorders
503,Drug dependence,not known,Psychiatric disorders
503,Aggression,not known,Psychiatric disorders
503,Headache,very common,Nervous system disorders
503,Somnolence,very common,Nervous system disorders
503,Dizziness,common,Nervous system disorders
503,Disturbance in attention,common,Nervous system disorders
503,Tremor,common,Nervous system disorders
503,Paraesthesia,common,Nervous system disorders
503,Dysgeusia,uncommon,Nervous system disorders
503,Convulsions,not known,Nervous system disorders
503,Sedation,not known,Nervous system disorders
503,Speech disorder,not known,Nervous system disorders
503,Syncope,not known,Nervous system disorders
503,Lethargy,not known,Nervous system disorders
503,Visual impairment,common,Eye disorders
503,Vertigo,common,Ear and labyrinth disorders
503,Angina pectoris,not known,Cardiac disorders
503,Palpitations,not known,Cardiac disorders
503,Tachycardia,not known,Cardiac disorders
503,Hot flush,common,Vascular disorders
503,Blood pressure decreased,common,Vascular disorders
503,Blood pressure increased,common,Vascular disorders
503,Dyspnoea,uncommon,"Respiratory, thoracic and mediastinal disorders"
503,Cough,not known,"Respiratory, thoracic and mediastinal disorders"
503,Rhinorrhoea,not known,"Respiratory, thoracic and mediastinal disorders"
503,Respiratory depression,not known,"Respiratory, thoracic and mediastinal disorders"
503,Yawning,not known,"Respiratory, thoracic and mediastinal disorders"
503,Constipation,very common,Gastrointestinal disorders
503,Nausea,very common,Gastrointestinal disorders
503,Abdominal pain,common,Gastrointestinal disorders
503,Dry mouth,common,Gastrointestinal disorders
503,Vomiting,common,Gastrointestinal disorders
503,Flatulence,uncommon,Gastrointestinal disorders
503,Abdominal distension,not known,Gastrointestinal disorders
503,Diarrhoea,not known,Gastrointestinal disorders
503,Dyspepsia,not known,Gastrointestinal disorders
503,Eructation,not known,Gastrointestinal disorders
503,Tooth disorder,not known,Gastrointestinal disorders
503,"Hepatic enzymes increased (alanine aminotransferase increased, gamma-glutamyltransferase increased)",common,Hepatobiliary disorders
503,Biliary colic,not known,Hepatobiliary disorders
503,Hyperhidrosis,very common,Skin and subcutaneous tissue disorders
503,Pruritus,common,Skin and subcutaneous tissue disorders
503,Skin reactions,common,Skin and subcutaneous tissue disorders
503,Muscle spasms,not known,Musculoskeletal and connective tissue disorders
503,Muscle twitching,not known,Musculoskeletal and connective tissue disorders
503,Myalgia,not known,Musculoskeletal and connective tissue disorders
503,Micturition urgency,not known,Renal and urinary disorders
503,Urinary retention,not known,Renal and urinary disorders
503,Erectile dysfunction,uncommon,Reproductive system and breast disorders
503,Asthenia,very common,General disorders and administration site conditions
503,Fatigue,very common,General disorders and administration site conditions
503,Chest pain,common,General disorders and administration site conditions
503,Chills,common,General disorders and administration site conditions
503,Thirst,common,General disorders and administration site conditions
503,Pain,uncommon,General disorders and administration site conditions
503,Peripheral oedema,uncommon,General disorders and administration site conditions
503,Drug withdrawal syndrome,not known,General disorders and administration site conditions
503,Malaise,not known,General disorders and administration site conditions
503,Weight decreased,not known,Investigation
503,Weight increased,not known,Investigation
503,Injuries from accidents,uncommon,"Injury, poisoning and procedural complications"
1945,Transient stinging and burning,common,Eye disorders
1945,local irritation,rare,Not known
2602,renal dysfunction,very common,Renal and urinary disorders
2602,tremor,very common,Nervous system disorders
2602,hirsutism,very common,Skin and subcutaneous tissue disorders
2602,hypertension,very common,Vascular disorders
2602,diarrhoea,common,Gastrointestinal disorders
2602,anorexia,common,Metabolism and nutrition disorders
2602,nausea,common,Gastrointestinal disorders
2602,vomiting,common,Gastrointestinal disorders
2602,hyperlipidaemia,very common,Metabolism and nutrition disorders
2602,hyperglycaemia,common,Metabolism and nutrition disorders
2602,hyperuricaemia,common,Metabolism and nutrition disorders
2602,hyperkalaemia,common,Metabolism and nutrition disorders
2602,hypomagnesaemia,common,Metabolism and nutrition disorders
2602,headache,very common,Nervous system disorders
2602,convulsions,common,Nervous system disorders
2602,paraesthesia,common,Nervous system disorders
2602,encephalopathy including Posterior Reversible Encephalopathy Syndrome (PRES),uncommon,Nervous system disorders
2602,"signs and symptoms such as convulsions, confusion, disorientation, decreased responsiveness, agitation, insomnia, visual disturbances, cortical blindness, coma, paresis and cerebellar ataxia",uncommon,Nervous system disorders
2602,motor polyneuropathy,rare,Nervous system disorders
2602,"optic disc oedema, including papilloedema, with possible visual impairment secondary to benign intracranial hypertension",very rare,Nervous system disorders
2602,migraine,not known,Nervous system disorders
2602,hearing impairment,not known,Ear and labyrinth disorders
2602,flushing,common,Vascular disorders
2602,abdominal discomfort/pain,common,Gastrointestinal disorders
2602,gingival hyperplasia,common,Gastrointestinal disorders
2602,peptic ulcer,common,Gastrointestinal disorders
2602,pancreatitis,rare,Gastrointestinal disorders
2602,hepatic function abnormal,common,Hepatobiliary disorders
2602,"hepatotoxicity and liver injury including cholestasis, jaundice, hepatitis and liver failure",not known,Hepatobiliary disorders
2602,acne,common,Skin and subcutaneous tissue disorders
2602,hypertrichosis,common,Skin and subcutaneous tissue disorders
2602,allergic rashes,uncommon,Skin and subcutaneous tissue disorders
2602,myalgia,common,Musculoskeletal and connective tissue disorders
2602,muscle cramps,common,Musculoskeletal and connective tissue disorders
2602,muscle weakness,rare,Musculoskeletal and connective tissue disorders
2602,myopathy,rare,Musculoskeletal and connective tissue disorders
2602,pain of lower extremities,not known,Musculoskeletal and connective tissue disorders
2602,menstrual disturbances,rare,Reproductive system and breast disorders
2602,gynaecomastia,rare,Reproductive system and breast disorders
2602,pyrexia,common,General disorders and administration site conditions
2602,fatigue,common,General disorders and administration site conditions
2602,oedema,uncommon,General disorders and administration site conditions
2602,weight increase,uncommon,General disorders and administration site conditions
2602,"infections (viral, bacterial, fungal, parasitic)",not known,Infections and infestations
2602,lymphomas or lymphoproliferative disorders and other malignancies,not known,"Neoplasms benign, malignant and unspecified"
2602,thrombotic microangiopathy,not known,Blood and lymphatic system disorders
2602,thrombotic thrombocytopenic purpura,not known,Blood and lymphatic system disorders
2602,Leucopenia,common,Blood and lymphatic system disorders
2602,Thrombocytopenia,uncommon,Blood and lymphatic system disorders
2602,anaemia,uncommon,Blood and lymphatic system disorders
2602,Haemolytic uraemic syndrome,rare,Blood and lymphatic system disorders
2602,microangiopathic haemolytic anaemia,rare,Blood and lymphatic system disorders
2648,Positive antinuclear antibodies unassociated with disease,very common,Immune system disorders
2648,"Hypersensitivity (rash, pruritus, angioedema and dyspnoea)",common,Immune system disorders
2648,Hyperkalaemia,not known,Blood and the lymphatic system disorders
2648,Thrombocytopenia,not known,Blood and the lymphatic system disorders
2648,Depressed mood and lethargy,not known,Psychiatric disorders
2648,Hallucinations,not known,Psychiatric disorders
2648,Psychoses,not known,Psychiatric disorders
2648,Confusion,not known,Psychiatric disorders
2648,Sleep disturbances,not known,Psychiatric disorders
2648,Nightmares,not known,Psychiatric disorders
2648,Dizziness,common,Nervous system disorders
2648,Tremor,very rare,Nervous system disorders
2648,Headache,not known,Nervous system disorders
2648,Tiredness,not known,Nervous system disorders
2648,Impaired vision,not known,Eye disorders
2648,Dry eyes,not known,Eye disorders
2648,Heart failure,common,Cardiac disorders
2648,Bradycardia,rare,Cardiac disorders
2648,Heart block,very rare,Cardiac disorders
2648,Hypotension,not known,Cardiac disorders
2648,Exacerbation of the symptoms of Raynaud's Syndrome,very rare,Vascular disorders
2648,Ankle oedema,not known,Vascular disorders
2648,increase of an existing intermittent claudication,not known,Vascular disorders
2648,postural hypotension,not known,Vascular disorders
2648,Cold or cyanotic extremities,not known,Vascular disorders
2648,Bronchospasm,uncommon,"Respiratory, thoracic and mediastinal disorders"
2648,Nasal congestion,not known,"Respiratory, thoracic and mediastinal disorders"
2648,Interstitial lung disease,not known,"Respiratory, thoracic and mediastinal disorders"
2648,Epigastric pain,not known,Gastrointestinal disorders
2648,Nausea,not known,Gastrointestinal disorders
2648,Vomiting,not known,Gastrointestinal disorders
2648,Diarrhoea,not known,Gastrointestinal disorders
2648,Raised liver function tests,common,Hepatobiliary disorders
2648,Jaundice (both hepatocellular and cholestatic),very rare,Hepatobiliary disorders
2648,Hepatitis,very rare,Hepatobiliary disorders
2648,Hepatic necrosis,very rare,Hepatobiliary disorders
2648,Tingling sensation in scalp,common,Skin and subcutaneous tissue disorders
2648,Sweating,not known,Skin and subcutaneous tissue disorders
2648,reversible lichenoid rash,not known,Skin and subcutaneous tissue disorders
2648,paraesthesia of the extremities,not known,Skin and subcutaneous tissue disorders
2648,photosensitivity reactions,not known,Skin and subcutaneous tissue disorders
2648,systemic lupus erythematous,not known,Skin and subcutaneous tissue disorders
2648,exacerbation of psoriasis,not known,Skin and subcutaneous tissue disorders
2648,reversible alopecia,not known,Skin and subcutaneous tissue disorders
2648,toxic myopathy,very rare,Musculoskeletal and connective tissue disorders
2648,Cramps,not known,Musculoskeletal and connective tissue disorders
2648,Difficulty in micturition,common,Renal and urinary disorders
2648,Acute retention of urine,not known,Renal and urinary disorders
2648,Ejaculatory failure,common,Reproductive system and breast disorders
2648,erectile dysfunction,common,Reproductive system and breast disorders
2648,Nipple pain,not known,Reproductive system and breast disorders
2648,Raynaud's phenomenon of the nipple,not known,Reproductive system and breast disorders
2648,Drug fever,common,General disorders and administration site conditions
2648,Masking of the symptoms of thyrotoxicosis or hypoglycaemia,not known,General disorders and administration site conditions
3815,leucopenia,uncommon,Blood and lymphatic system disorders
3815,bone marrow depression,rare,Blood and lymphatic system disorders
3815,aplastic anemia,rare,Blood and lymphatic system disorders
3815,agranulocytosis,rare,Blood and lymphatic system disorders
3815,pancytopenia,rare,Blood and lymphatic system disorders
3815,neutropenia,rare,Blood and lymphatic system disorders
3815,thrombocytopenia,very rare,Blood and lymphatic system disorders
3815,anaphylactic reactions,rare,Immune system disorders
3815,hypersensitivity,rare,Immune system disorders
3815,weight increased,common,Endocrine disorders
3815,hypothyroidism,uncommon,Endocrine disorders
3815,hyponatraemia,common,Metabolism and nutrition disorders
3815,Inappropriate ADH secretion like syndrome,rare,Metabolism and nutrition disorders
3815,agitation,common,Psychiatric disorders
3815,affect lability,common,Psychiatric disorders
3815,confusional state,common,Psychiatric disorders
3815,depression,common,Psychiatric disorders
3815,apathy,common,Psychiatric disorders
3815,somnolence,very common,Nervous system disorders
3815,headache,very common,Nervous system disorders
3815,dizziness,very common,Nervous system disorders
3815,ataxia,common,Nervous system disorders
3815,tremor,common,Nervous system disorders
3815,nystagmus,common,Nervous system disorders
3815,disturbance in attention,common,Nervous system disorders
3815,amnesia,common,Nervous system disorders
3815,Speech disorders,common,Nervous system disorders
3815,diplopia,very common,Eye disorders
3815,vision blurred,common,Eye disorders
3815,visual disturbance,common,Eye disorders
3815,vertigo,common,Ear and labyrinth disorders
3815,atrioventricular block,very rare,Cardiac disorders
3815,arrhythmia,very rare,Cardiac disorders
3815,hypertension,uncommon,Vascular disorders
3815,vomiting,very common,Gastrointestinal disorders
3815,nausea,very common,Gastrointestinal disorders
3815,diarrhoea,common,Gastrointestinal disorders
3815,abdominal pain,common,Gastrointestinal disorders
3815,constipation,common,Gastrointestinal disorders
3815,pancreatitis,very rare,Gastrointestinal disorders
3815,hepatitis,very rare,Hepato-biliary disorders
3815,rash,common,Skin and subcutaneous tissue disorders
3815,alopecia,common,Skin and subcutaneous tissue disorders
3815,acne,common,Skin and subcutaneous tissue disorders
3815,urticaria,uncommon,Skin and subcutaneous tissue disorders
3815,Drug Rash with Eosinophilia and Systemic Symptoms (DRESS),uncommon,Skin and subcutaneous tissue disorders
3815,Acute Generalized Exanthematous Pustulosis (AGEP),uncommon,Skin and subcutaneous tissue disorders
3815,Stevens-Johnson syndrome,very rare,Skin and subcutaneous tissue disorders
3815,toxic epidermal necrolysis (Lyell's syndrome),very rare,Skin and subcutaneous tissue disorders
3815,angioedema,very rare,Skin and subcutaneous tissue disorders
3815,erythema multiforme,very rare,Skin and subcutaneous tissue disorders
3815,decreased bone mineral density,rare,"Musculoskeletal, connective tissue and bone disorders"
3815,osteopenia,rare,"Musculoskeletal, connective tissue and bone disorders"
3815,osteoporosis,rare,"Musculoskeletal, connective tissue and bone disorders"
3815,fractures,rare,"Musculoskeletal, connective tissue and bone disorders"
3815,systemic lupus erythematosus,very rare,"Musculoskeletal, connective tissue and bone disorders"
3815,fatigue,very common,General disorders and administration site conditions
3815,asthenia,common,General disorders and administration site conditions
3815,hepatic enzymes increased,uncommon,Investigations
3815,blood alkaline phosphatase increased,uncommon,Investigations
3815,decrease in T4,rare,Investigations
3815,Fall,uncommon,"Injury, poisoning and procedural complications"
3887,nasopharyngitis,common,Infections and infestations
3887,anaemia,very rare,Blood and lymphatic system disorders
3887,leucopenia,very rare,Blood and lymphatic system disorders
3887,thrombocytopenia,very rare,Blood and lymphatic system disorders
3887,thrombocytopenic purpura,very rare,Blood and lymphatic system disorders
3887,pancytopenia,very rare,Blood and lymphatic system disorders
3887,hypersensitivity reactions,uncommon,Immune system disorders
3887,angioneurotic oedema,uncommon,Immune system disorders
3887,anaphylactic reactions,uncommon,Immune system disorders
3887,auricular swelling,uncommon,Immune system disorders
3887,bullous conditions,uncommon,Immune system disorders
3887,exfoliative conditions,uncommon,Immune system disorders
3887,urticarias,uncommon,Immune system disorders
3887,pruritus,uncommon,Immune system disorders
3887,rashes,uncommon,Immune system disorders
3887,eruptions,uncommon,Immune system disorders
3887,anorexia,common,Metabolism and nutrition disorders
3887,decreased appetite,common,Metabolism and nutrition disorders
3887,moderately reduced weight and height gain during prolonged use in children,common,Metabolism and nutrition disorders
3887,insomnia,very common,Psychiatric disorders
3887,nervousness,very common,Psychiatric disorders
3887,affect lability,common,Psychiatric disorders
3887,aggression,common,Psychiatric disorders
3887,agitation,common,Psychiatric disorders
3887,anxiety,common,Psychiatric disorders
3887,depression,common,Psychiatric disorders
3887,irritability,common,Psychiatric disorders
3887,abnormal behaviour,common,Psychiatric disorders
3887,bruxism,common,Psychiatric disorders
3887,psychotic disorders,rare,Psychiatric disorders
3887,auditory hallucinations,rare,Psychiatric disorders
3887,visual hallucinations,rare,Psychiatric disorders
3887,tactile hallucinations,rare,Psychiatric disorders
3887,anger,rare,Psychiatric disorders
3887,suicidal ideation,rare,Psychiatric disorders
3887,mood altered,rare,Psychiatric disorders
3887,mood swings,rare,Psychiatric disorders
3887,restlessness,rare,Psychiatric disorders
3887,tearfulness,rare,Psychiatric disorders
3887,tics,rare,Psychiatric disorders
3887,worsening of pre-existing tics or Tourette's syndrome,rare,Psychiatric disorders
3887,hypervigilance,rare,Psychiatric disorders
3887,sleep disorder,rare,Psychiatric disorders
3887,mania,rare,Psychiatric disorders
3887,disorientation,rare,Psychiatric disorders
3887,libido disorder,rare,Psychiatric disorders
3887,obsessive-compulsive disorder,rare,Psychiatric disorders
3887,trichotillomania,rare,Psychiatric disorders
3887,dermatillomania,rare,Psychiatric disorders
3887,suicidal attempt,rare,Psychiatric disorders
3887,completed suicide,rare,Psychiatric disorders
3887,transient depressed mood,rare,Psychiatric disorders
3887,abnormal thinking,rare,Psychiatric disorders
3887,apathy,rare,Psychiatric disorders
3887,delusions,rare,Psychiatric disorders
3887,thought disturbances,rare,Psychiatric disorders
3887,confusional state,rare,Psychiatric disorders
3887,dependence,rare,Psychiatric disorders
3887,logorrhoea,rare,Psychiatric disorders
3887,headache,very common,Nervous system disorders
3887,dizziness,common,Nervous system disorders
3887,dyskinesia,common,Nervous system disorders
3887,psychomotor hyperactivity,common,Nervous system disorders
3887,somnolence,common,Nervous system disorders
3887,sedation,common,Nervous system disorders
3887,tremor,uncommon,Nervous system disorders
3887,convulsions,very rare,Nervous system disorders
3887,choreo-athetoid movements,very rare,Nervous system disorders
3887,reversible ischaemic neurological deficit,very rare,Nervous system disorders
3887,neuroleptic malignant syndrome,very rare,Nervous system disorders
3887,cerebrovascular disorders,rare,Nervous system disorders
3887,vasculitis,rare,Nervous system disorders
3887,cerebral haemorrhages,rare,Nervous system disorders
3887,cerebrovascular accidents,rare,Nervous system disorders
3887,cerebral arteritis,rare,Nervous system disorders
3887,cerebral occlusion,rare,Nervous system disorders
3887,grand mal convulsions,rare,Nervous system disorders
3887,migraine,rare,Nervous system disorders
3887,dysphemia,rare,Nervous system disorders
3887,diplopia,uncommon,Eye disorders
3887,blurred vision,rare,Eye disorders
3887,dry eye,rare,Eye disorders
3887,difficulties in visual accommodation,rare,Eye disorders
3887,mydriasis,rare,Eye disorders
3887,visual disturbance,rare,Eye disorders
3887,increased intraocular pressure,rare,Eye disorders
3887,glaucoma,rare,Eye disorders
3887,arrhythmia,common,Cardiac disorders
3887,tachycardia,common,Cardiac disorders
3887,palpitations,common,Cardiac disorders
3887,chest pain,common,Cardiac disorders
3887,angina pectoris,common,Cardiac disorders
3887,cardiac arrest,rare,Cardiac disorders
3887,myocardial infarction,rare,Cardiac disorders
3887,supraventricular tachycardia,uncommon,Cardiac disorders
3887,bradycardia,uncommon,Cardiac disorders
3887,ventricular extrasystoles,uncommon,Cardiac disorders
3887,extrasystoles,uncommon,Cardiac disorders
3887,hypertension,common,Vascular disorders
3887,cerebral arteritis,very rare,Vascular disorders
3887,cerebral occlusion,very rare,Vascular disorders
3887,peripheral coldness,not known,Vascular disorders
3887,Raynaud's phenomenon,not known,Vascular disorders
3887,contusion,very rare,Vascular disorders
3887,cough,common,"Respiratory, thoracic and mediastinal disorders"
3887,pharyngolaryngeal pain,uncommon,"Respiratory, thoracic and mediastinal disorders"
3887,dyspnoea,uncommon,"Respiratory, thoracic and mediastinal disorders"
3887,Epistaxis,not known,"Respiratory, thoracic and mediastinal disorders"
3887,abdominal pain,common,Gastrointestinal disorders
3887,diarrhea,common,Gastrointestinal disorders
3887,nausea,common,Gastrointestinal disorders
3887,stomach discomfort,common,Gastrointestinal disorders
3887,vomiting,common,Gastrointestinal disorders
3887,dry mouth,common,Gastrointestinal disorders
3887,constipation,common,Gastrointestinal disorders
3887,hepatic enzyme elevations,uncommon,Hepatobiliary disorders
3887,abnormal liver function,very rare,Hepatobiliary disorders
3887,hepatic coma,very rare,Hepatobiliary disorders
3887,alopecia,common,Skin and subcutaneous tissue disorders
3887,pruritus,uncommon,Skin and subcutaneous tissue disorders
3887,rash,uncommon,Skin and subcutaneous tissue disorders
3887,urticaria,uncommon,Skin and subcutaneous tissue disorders
3887,angioneurotic oedema,rare,Skin and subcutaneous tissue disorders
3887,bullous conditions,rare,Skin and subcutaneous tissue disorders
3887,exfoliative conditions,rare,Skin and subcutaneous tissue disorders
3887,hyperhidrosis,rare,Skin and subcutaneous tissue disorders
3887,macular rash,rare,Skin and subcutaneous tissue disorders
3887,erythema,rare,Skin and subcutaneous tissue disorders
3887,erythema multiforme,rare,Skin and subcutaneous tissue disorders
3887,exfoliative dermatitis,rare,Skin and subcutaneous tissue disorders
3887,fixed drug eruption,rare,Skin and subcutaneous tissue disorders
3887,arthralgia,common,Musculoskeletal and connective tissue disorders
3887,myalgia,uncommon,Musculoskeletal and connective tissue disorders
3887,muscle twitching,very rare,Musculoskeletal and connective tissue disorders
3887,muscle cramps,very rare,Musculoskeletal and connective tissue disorders
3887,trismus,very rare,Musculoskeletal and connective tissue disorders
3887,haematuria,uncommon,Renal and urinary disorders
3887,incontinence,not known,Renal and urinary disorders
3887,gynaecomastia,rare,Reproductive system and breast disorders
3887,priapism,very rare,Reproductive system and breast disorders
3887,erection increased and prolonged,not known,Reproductive system and breast disorders
3887,erectile dysfunction,not known,Reproductive system and breast disorders
3887,pyrexia,common,General disorders and administration site conditions
3887,growth retardation,common,General disorders and administration site conditions
3887,chest pain,uncommon,General disorders and administration site conditions
3887,fatigue,uncommon,General disorders and administration site conditions
3887,sudden cardiac death,very rare,General disorders and administration site conditions
3887,chest discomfort,uncommon,General disorders and administration site conditions
3887,hyperpyrexia,not known,General disorders and administration site conditions
3887,changes in blood pressure and heart rate,common,Investigations
3887,weight decreased,common,Investigations
3887,cardiac murmur,uncommon,Investigations
3887,hepatic enzyme increased,very rare,Investigations
3887,blood alkaline phosphatase increased,uncommon,Investigations
3887,blood bilirubin increased,uncommon,Investigations
3887,platelet count decreased,uncommon,Investigations
3887,white blood count abnormal,uncommon,Investigations
3904,"Hypersensitivity / anaphylactoid reaction (e.g. shock*, hypotension, pharyngolaryngeal edema, urticaria, face edema, rhinitis, conjunctivitis, abdominal pain, hypoesthesia, sneezing, cough, pallor)",not known,Immune system disorders
3904,Headache,common,Nervous system disorders
3904,Vertigo,uncommon,Nervous system disorders
3904,Dizziness,common,Nervous system disorders
3904,Dysgeusia,uncommon,Nervous system disorders
3904,Paresthesia,uncommon,Nervous system disorders
3904,Parosmia,uncommon,Nervous system disorders
3904,Tremor,rare,Nervous system disorders
3904,Akathisia,rare,Nervous system disorders
3904,Restlessness,rare,Nervous system disorders
3904,Bundle branch block,rare,Cardiac disorders
3904,Palpitation,rare,Cardiac disorders
3904,Tachycardia,rare,Cardiac disorders
3904,Blood pressure increased,common,Vascular disorders
3904,Flushing,uncommon,Vascular disorders
3904,"Respiratory disorders (Dyspnea*, Respiratory distress)",rare,"Respiratory, thoracic and mediastinal disorders"
3904,Nausea,common,Gastrointestinal disorders
3904,Vomiting,uncommon,Gastrointestinal disorders
3904,Dry mouth,uncommon,Gastrointestinal disorders
3904,Oral discomfort,uncommon,Gastrointestinal disorders
3904,Salivary hypersecretion,uncommon,Gastrointestinal disorders
3904,Rash,uncommon,Skin and subcutaneous tissue disorders
3904,Pruritus**,uncommon,Skin and subcutaneous tissue disorders
3904,Maculopapular rash,rare,Skin and subcutaneous tissue disorders
3904,Hyperhidrosis,rare,Skin and subcutaneous tissue disorders
3904,Back pain,common,Musculoskeletal and connective tissue disorders
3904,Chest pain,uncommon,General disorders and administration site conditions
3904,Injection site reactions (various kinds)***,uncommon,General disorders and administration site conditions
3904,Feeling hot,common,General disorders and administration site conditions
3904,Chills,common,General disorders and administration site conditions
3904,Fatigue,common,General disorders and administration site conditions
3904,Feeling abnormal,common,General disorders and administration site conditions
3904,Discomfort,rare,General disorders and administration site conditions
3904,Malaise,rare,General disorders and administration site conditions
3904,Delayed allergoid reactions,rare,not known
4732,dizziness,common,Nervous system disorders
4732,headache,common,Nervous system disorders
4732,paraesthesia,common,Nervous system disorders
4732,vertigo,common,Nervous system disorders
4732,visual disturbances,common,Eye disorders
4732,tinnitus,common,Ear and labyrinth disorders
4732,hypotension (and effects related to hypotension),common,Vascular disorders
4732,cough,common,"Respiratory, thoracic and mediastinal disorders"
4732,dyspnoea,common,"Respiratory, thoracic and mediastinal disorders"
4732,abdominal pain,common,Gastro-intestinal disorders
4732,constipation,common,Gastro-intestinal disorders
4732,diarrhoea,common,Gastro-intestinal disorders
4732,dysgeusia,common,Gastro-intestinal disorders
4732,dyspepsia,common,Gastro-intestinal disorders
4732,nausea,common,Gastro-intestinal disorders
4732,vomiting,common,Gastro-intestinal disorders
4732,prurit,common,Skin and subcutaneous tissue disorders
4732,rash,common,Skin and subcutaneous tissue disorders
4732,muscle cramps,common,Musculoskeletal and connective tissue disorders
4732,asthenia,common,General disorders and administration site conditions
4732,Eosinophilia,uncommon,Blood and lymphatic system disorders
4732,Agranulocytosis or pancytopenia,very rare,Blood and lymphatic system disorders
4732,Haemoglobin decreased and haematocrit decreased,very rare,Blood and lymphatic system disorders
4732,Leucopenia/neutropenia,very rare,Blood and lymphatic system disorders
4732,Haemolytic anaemia in patients with a congenital deficiency of G-6PDH,very rare,Blood and lymphatic system disorders
4732,Thrombocytopenia,very rare,Blood and lymphatic system disorders
4732,Syndrome of inappropriate antidiuretic hormone secretion (SIADH),rare,Endocrine disorders
4732,Hypoglycaemia,uncommon,Metabolism and nutrition disorders
4732,"Hyperkalaemia, reversible on discontinuation",uncommon,Metabolism and nutrition disorders
4732,Hyponatraemia,uncommon,Metabolism and nutrition disorders
4732,Mood disturbances,uncommon,Psychiatric disorders
4732,Sleep disorder,uncommon,Psychiatric disorders
4732,Depression,uncommon,Psychiatric disorders
4732,Somnolence,uncommon,Nervous system disorders
4732,Syncope,uncommon,Nervous system disorders
4732,Confusion,very rare,Nervous system disorders
4732,Palpitations,uncommon,Cardiac disorders
4732,Tachycardia,uncommon,Cardiac disorders
4732,Angina pectoris,very rare,Cardiac disorders
4732,Arrythmia,very rare,Cardiac disorders
4732,"Myocardial infarction, possibly secondary to excessive hypotension in high risk patients",very rare,Cardiac disorders
4732,Vasculitis,uncommon,Vascular disorders
4732,Flushing,rare,Vascular disorders
4732,Stroke possibly secondary to excessive hypotension in high-risk patients,very rare,Vascular disorders
4732,Raynaud's phenomenon,not known,
4732,Bronchospasm,uncommon,"Respiratory, thoracic and mediastinal disorders"
4732,Eosinophilic pneumonia,very rare,"Respiratory, thoracic and mediastinal disorders"
4732,Rhinitis,very rare,"Respiratory, thoracic and mediastinal disorders"
4732,Dry mouth,uncommon,Gastro-intestinal disorders
4732,Pancreatitis,very rare,Gastro-intestinal disorders
4732,Hepatitis either cytolitic or cholestatic,very rare,Hepato-biliary disorders
4732,Urticaria,uncommon,Skin and subcutaneous tissue disorders
4732,"Angioedema of face, extremities, lips, mucous membranes, tongue, glottis and/or larynx",uncommon,Skin and subcutaneous tissue disorders
4732,Photosensitivity reactions,uncommon,Skin and subcutaneous tissue disorders
4732,Pemphigoid,uncommon,Skin and subcutaneous tissue disorders
4732,Hyperhydrosis,uncommon,Skin and subcutaneous tissue disorders
4732,Psoriasis aggravation,rare,Skin and subcutaneous tissue disorders
4732,Erythema multiforme,very rare,Skin and subcutaneous tissue disorders
4732,Arthralgia,uncommon,Musculoskeletal and connective tissue disorders
4732,Myalgia,uncommon,Musculoskeletal and connective tissue disorders
4732,Renal insufficiency,uncommon,Renal and urinary disorders
4732,Anuria/Oliguria,rare,Renal and urinary disorders
4732,Acute renal failure,rare,Renal and urinary disorders
4732,Erectile dysfunction,uncommon,Reproductive system and breast disorders
4732,Chest pain,uncommon,General disorders and administration site conditions
4732,Malaise,uncommon,General disorders and administration site conditions
4732,Oedema peripheral,uncommon,General disorders and administration site conditions
4732,Pyrexia,uncommon,General disorders and administration site conditions
4732,Blood urea increased,uncommon,Investigations
4732,Blood creatinine increased,uncommon,Investigations
4732,Blood bilirubin increased,rare,Investigations
4732,Hepatic enzyme increased,rare,Investigations
4732,Fall,uncommon,"Injury, poisoning and procedural complications"
6554,Local sensitivity,not known,Ear and labyrinth disorders
6554,Ototoxicity,not known,Ear and labyrinth disorders
6554,Vestibular disorder,not known,Ear and labyrinth disorders
6554,Hearing loss,not known,Ear and labyrinth disorders
6554,Burning sensation,not known,Skin and subcutaneous tissue disorders
6554,Stinging,not known,Skin and subcutaneous tissue disorders
6554,Itching (pruritus),not known,Skin and subcutaneous tissue disorders
6554,Dermatitis,not known,Skin and subcutaneous tissue disorders
6554,Vision blurred,not known,Eye disorders
7484,somnolence,very common,nervous system disorders
7484,headache,common,nervous system disorders
7484,dizziness,common,nervous system disorders
7484,dry mouth,common,gastrointestinal disorders
7484,withdrawal (discontinuation) symptoms,common,general disorders and administration site conditions
7484,elevations in serum triglyceride levels,common,metabolism and nutritional disorders
7484,elevations in total cholesterol (predominantly LDL cholesterol),common,metabolism and nutritional disorders
7484,decreases in HDL cholesterol,common,metabolism and nutritional disorders
7484,weight gain,common,metabolism and nutritional disorders
7484,decreased haemoglobin,common,blood and lymphatic system disorders
7484,extrapyramidal symptoms,common,nervous system disorders
7484,Severe cutaneous adverse reactions (SCARs),not known,skin and subcutaneous tissue disorders
7484,Stevens-Johnson syndrome (SJS),not known,skin and subcutaneous tissue disorders
7484,toxic epidermal necrolysis (TEN),not known,skin and subcutaneous tissue disorders
7484,drug reaction with eosinophilia and systemic symptoms (DRESS),not known,skin and subcutaneous tissue disorders
7484,Leucopenia,uncommon,blood and lymphatic system disorders
7484,decreased neutrophil count,uncommon,blood and lymphatic system disorders
7484,eosinophils increased,uncommon,blood and lymphatic system disorders
7484,Neutropenia,uncommon,blood and lymphatic system disorders
7484,Thrombocytopenia,uncommon,blood and lymphatic system disorders
7484,Anaemia,uncommon,blood and lymphatic system disorders
7484,platelet count decreased,uncommon,blood and lymphatic system disorders
7484,Agranulocytosis,rare,blood and lymphatic system disorders
7484,Hypersensitivity (including allergic skin reactions),uncommon,immune system disorders
7484,Anaphylactic reaction,very rare,immune system disorders
7484,Hyperprolactinemia,uncommon,endocrine disorders
7484,decreases in total T4,uncommon,endocrine disorders
7484,decreases in free T4,uncommon,endocrine disorders
7484,decreases in total T3,uncommon,endocrine disorders
7484,increases in TSH,uncommon,endocrine disorders
7484,decreases in free T3,uncommon,endocrine disorders
7484,Hypothyroidism,uncommon,endocrine disorders
7484,Inappropriate antidiuretic hormone secretion,very rare,endocrine disorders
7484,Increased appetite,common,metabolism and nutritional disorders
7484,blood glucose increased to hyper-glycaemic levels,common,metabolism and nutritional disorders
7484,Hyponatraemia,uncommon,metabolism and nutritional disorders
7484,Diabetes Mellitus,uncommon,metabolism and nutritional disorders
7484,Exacerbation of pre-existing diabetes,uncommon,metabolism and nutritional disorders
7484,Metabolic syndrome,rare,metabolism and nutritional disorders
7484,Abnormal dreams and nightmares,common,psychiatric disorders
7484,Suicidal ideation and suicidal behaviour,common,psychiatric disorders
7484,Somnambulism and related reactions such as sleep talking and sleep related eating disorder,uncommon,psychiatric disorders
7484,Dysarthria,uncommon,nervous system disorders
7484,Seizure,uncommon,nervous system disorders
7484,Restless legs syndrome,uncommon,nervous system disorders
7484,Tardive dyskinesia,uncommon,nervous system disorders
7484,Syncope,uncommon,nervous system disorders
7484,Tachycardia,uncommon,cardiac disorders
7484,Palpitations,uncommon,cardiac disorders
7484,QT prolongation,rare,cardiac disorders
7484,Bradycardia,rare,cardiac disorders
7484,Cardiomyopathy,not known,cardiac disorders
7484,Myocarditis,not known,cardiac disorders
7484,Vision blurred,uncommon,eye disorders
7484,Orthostatic hypotension,common,vascular disorders
7484,Venous thromboembolism,rare,vascular disorders
7484,Dyspnoea,uncommon,"respiratory, thoracic and mediastinal disorders"
7484,Rhinitis,uncommon,"respiratory, thoracic and mediastinal disorders"
7484,Constipation,common,gastrointestinal disorders
7484,dyspepsia,common,gastrointestinal disorders
7484,vomiting,common,gastrointestinal disorders
7484,Dysphagia,uncommon,gastrointestinal disorders
7484,Pancreatitis,rare,gastrointestinal disorders
7484,Intestinal obstruction/ Ileus,rare,gastrointestinal disorders
7484,Elevations in serum alanine aminotransferase (ALT),uncommon,hepato-biliary disorders
7484,Elevations in gamma-GT levels,uncommon,hepato-biliary disorders
7484,Elevations in serum aspartate aminotransferase (AST),uncommon,hepato-biliary disorders
7484,Jaundice,rare,hepato-biliary disorders
7484,Hepatitis,rare,hepato-biliary disorders
7484,Angioedema,rare,skin and subcutaneous tissue disorders
7484,Toxic Epidermal Necrolysis,not known,skin and subcutaneous tissue disorders
7484,Erythema Multiforme,not known,skin and subcutaneous tissue disorders
7484,Cutaneous vasculitis,not known,skin and subcutaneous tissue disorders
7484,Rhabdomyolysis,very rare,musculoskeletal and connective tissue disorders
7484,Urinary retention,uncommon,renal and urinary disorders
7484,Drug withdrawal syndrome neonatal,very rare,"pregnancy, puerperium and perinatal conditions"
7484,Sexual dysfunction,uncommon,reproductive system and breast disorders
7484,Priapism,very rare,reproductive system and breast disorders
7484,galactorrhoea,very rare,reproductive system and breast disorders
7484,breast swelling,very rare,reproductive system and breast disorders
7484,menstrual disorder,very rare,reproductive system and breast disorders
7484,Neuroleptic malignant syndrome,rare,general disorders and administration site conditions
7484,hypothermia,rare,general disorders and administration site conditions
7484,Elevations in blood creatine phosphorkinase,uncommon,investigations
7700,nausea,common,gastrointestinal disorders
7700,vomiting,common,gastrointestinal disorders
7700,constipation,common,gastrointestinal disorders
7700,drowsiness,common,nervous system disorders
7700,Hypersensitivity,not known,immune system disorders
7700,Anaphylactic reaction,not known,immune system disorders
7700,Anaphylactoid reaction,not known,immune system disorders
7700,Confusion,uncommon,psychiatric disorders
7700,Insomnia,uncommon,psychiatric disorders
7700,Agitation,uncommon,psychiatric disorders
7700,Euphoria,uncommon,psychiatric disorders
7700,Hallucinations,uncommon,psychiatric disorders
7700,Mood altered,uncommon,psychiatric disorders
7700,Drug dependence,uncommon,psychiatric disorders
7700,Dysphoria,uncommon,psychiatric disorders
7700,Thinking disturbances,uncommon,psychiatric disorders
7700,Dizziness,uncommon,nervous system disorders
7700,Headache,uncommon,nervous system disorders
7700,Hyperhidrosis,uncommon,nervous system disorders
7700,Involuntary muscle contractions,uncommon,nervous system disorders
7700,Somnolence,uncommon,nervous system disorders
7700,Convulsions,rare,nervous system disorders
7700,Hypertonia,rare,nervous system disorders
7700,Myoclonus,rare,nervous system disorders
7700,Paraesthesia,rare,nervous system disorders
7700,Syncope,rare,nervous system disorders
7700,Allodynia,rare,nervous system disorders
7700,Hyperalgesia,rare,nervous system disorders
7700,Sleep apnoea syndrome,rare,nervous system disorders
7700,Visual impairment,not known,eye disorders
7700,Miosis,not known,eye disorders
7700,Vertigo,not known,ear and labyrinth disorders
7700,Palpitations,not known,cardiac disorders
7700,Bradycardia,not known,cardiac disorders
7700,Tachycardia,not known,cardiac disorders
7700,Facial flushing,not known,vascular disorders
7700,Hypotension,not known,vascular disorders
7700,Hypertension,not known,vascular disorders
7700,Bronchospasm,not known,respiratory thoracic and mediastinal disorders
7700,Pulmonary oedema,not known,respiratory thoracic and mediastinal disorders
7700,Respiratory depression,not known,respiratory thoracic and mediastinal disorders
7700,Cough decreased,not known,respiratory thoracic and mediastinal disorders
7700,Abdominal pain,uncommon,gastrointestinal disorders
7700,Anorexia,uncommon,gastrointestinal disorders
7700,Dry mouth,uncommon,gastrointestinal disorders
7700,Vomiting,uncommon,gastrointestinal disorders
7700,Dyspepsia,rare,gastrointestinal disorders
7700,Ileus,rare,gastrointestinal disorders
7700,Taste perversion,rare,gastrointestinal disorders
7700,Increased hepatic enzymes,not known,hepatobiliary disorders
7700,Biliary pain,not known,hepatobiliary disorders
7700,Exacerbation of pancreatitis,not known,hepatobiliary disorders
7700,Sphincter of Oddi dysfunction,not known,hepatobiliary disorders
7700,Rash,not known,skin and subcutaneous tissue disorders
7700,Urticaria,not known,skin and subcutaneous tissue disorders
7700,Urinary retention,not known,renal and urinary disorders
7700,Ureteric spasm,not known,renal and urinary disorders
7700,Amenorrhoea,not known,reproductive system and breast disorders
7700,Decreased libido,not known,reproductive system and breast disorders
7700,Erectile dysfunction,not known,reproductive system and breast disorders
7700,Asthenia,uncommon,general disorders and administration site conditions
7700,Fatigue,uncommon,general disorders and administration site conditions
7700,Malaise,uncommon,general disorders and administration site conditions
7700,Pruritus,uncommon,general disorders and administration site conditions
7700,Peripheral oedema,not known,general disorders and administration site conditions
7700,Drug withdrawal syndrome,not known,general disorders and administration site conditions
7700,Drug tolerance,not known,general disorders and administration site conditions
7700,Drug withdrawal (abstinence) syndrome neonatal,not known,general disorders and administration site conditions
7708,Hypersensitivity,uncommon,Immune system disorders
7708,Decreased appetite up to loss of appetite,common,Metabolism and nutrition disorders
7708,Insomnia,common,Psychiatric disorders
7708,Abnormal thinking,uncommon,Psychiatric disorders
7708,Anxiety,uncommon,Psychiatric disorders
7708,Confusional state,uncommon,Psychiatric disorders
7708,Libido decreased,uncommon,Psychiatric disorders
7708,Nervousness,uncommon,Psychiatric disorders
7708,Restlessness,uncommon,Psychiatric disorders
7708,Euphoric mood,not known,Psychiatric disorders
7708,Hallucination,not known,Psychiatric disorders
7708,Nightmares,not known,Psychiatric disorders
7708,Aggression,not known,Psychiatric disorders
7708,Drug dependence,not known,Psychiatric disorders
7708,Dizziness,common,Nervous system disorders
7708,Headache,common,Nervous system disorders
7708,Somnolence,common,Nervous system disorders
7708,Convulsions,uncommon,Nervous system disorders
7708,Disturbance in attention,uncommon,Nervous system disorders
7708,Dysgeusia,uncommon,Nervous system disorders
7708,Speech disorder,uncommon,Nervous system disorders
7708,Syncope,uncommon,Nervous system disorders
7708,Tremor,uncommon,Nervous system disorders
7708,Lethargy,uncommon,Nervous system disorders
7708,Paraesthesia,not known,Nervous system disorders
7708,Sedation,not known,Nervous system disorders
7708,Visual impairment,uncommon,Eye disorders
7708,Vertigo,common,Ear and labyrinth disorders
7708,Angina pectoris,uncommon,Cardiac disorders
7708,Palpitations,uncommon,Cardiac disorders
7708,Tachycardia,rare,Cardiac disorders
7708,Hot flush,common,Vascular disorders
7708,Blood pressure decreased,uncommon,Vascular disorders
7708,Blood pressure increased,uncommon,Vascular disorders
7708,Dyspnoea,uncommon,"Respiratory, thoracic and mediastinal disorders"
7708,Rhinorrhoea,uncommon,"Respiratory, thoracic and mediastinal disorders"
7708,Cough,uncommon,"Respiratory, thoracic and mediastinal disorders"
7708,Yawning,rare,"Respiratory, thoracic and mediastinal disorders"
7708,Respiratory depression,not known,"Respiratory, thoracic and mediastinal disorders"
7708,Central sleep apnoea syndrome,not known,"Respiratory, thoracic and mediastinal disorders"
7708,Abdominal pain,common,Gastrointestinal disorders
7708,Constipation,common,Gastrointestinal disorders
7708,Diarrhoea,common,Gastrointestinal disorders
7708,Dry mouth,common,Gastrointestinal disorders
7708,Dyspepsia,common,Gastrointestinal disorders
7708,Vomiting,common,Gastrointestinal disorders
7708,Nausea,common,Gastrointestinal disorders
7708,Flatulence,common,Gastrointestinal disorders
7708,Abdominal distension,uncommon,Gastrointestinal disorders
7708,Tooth disorder,rare,Gastrointestinal disorders
7708,Eructation,not known,Gastrointestinal disorders
7708,Hepatic enzymes increased,uncommon,Hepatobiliary disorders
7708,Biliary colic,uncommon,Hepatobiliary disorders
7708,Pruritus,common,Skin and subcutaneous tissue disorders
7708,Skin reactions,common,Skin and subcutaneous tissue disorders
7708,Hyperhidrosis,common,Skin and subcutaneous tissue disorders
7708,Muscle spasms,uncommon,Musculoskeletal and connective tissue disorders
7708,Muscle twitching,uncommon,Musculoskeletal and connective tissue disorders
7708,Myalgia,uncommon,Musculoskeletal and connective tissue disorders
7708,Micturition urgency,uncommon,Renal and urinary disorders
7708,Urinary retention,not known,Renal and urinary disorders
7708,Erectile dysfunction,not known,Reproductive system and breast disorders
7708,Amenorrhoea,not known,Reproductive system and breast disorders
7708,Asthenia,common,General disorders and administration site conditions
7708,Fatigue,common,General disorders and administration site conditions
7708,Chest pain,uncommon,General disorders and administration site conditions
7708,Chills,uncommon,General disorders and administration site conditions
7708,Malaise,uncommon,General disorders and administration site conditions
7708,Pain,uncommon,General disorders and administration site conditions
7708,Peripheral oedema,uncommon,General disorders and administration site conditions
7708,Thirst,uncommon,General disorders and administration site conditions
7708,Drug withdrawal syndrome,not known,General disorders and administration site conditions
7708,Weight decreased,uncommon,Investigations
7708,Weight increased,rare,Investigations
7708,Injuries from accidents,uncommon,"Injury, poisoning and procedural complications"
7708,Respiratory depression,rare,Infections and infestations
7708,Anaphylactic reaction,not known,Immune system disorders
7708,Dehydration,uncommon,Metabolism and nutrition disorders
7708,Increased appetite,rare,Metabolism and nutrition disorders
7708,Altered mood and personality change,common,Psychiatric disorders
7708,Decreased activity,common,Psychiatric disorders
7708,Psychomotor hyperactivity,common,Psychiatric disorders
7708,Agitation,uncommon,Psychiatric disorders
7708,Perception disturbances,uncommon,Psychiatric disorders
7708,Hearing impaired,uncommon,Ear and labyrinth disorders
7708,Vasodilatation,uncommon,Vascular disorders
7708,Dysphonia,uncommon,"Respiratory, thoracic and mediastinal disorders"
7708,Hiccups,common,Gastrointestinal disorders
7708,Dysphagia,uncommon,Gastrointestinal disorders
7708,Ileus,uncommon,Gastrointestinal disorders
7708,Mouth ulceration,uncommon,Gastrointestinal disorders
7708,Stomatitis,uncommon,Gastrointestinal disorders
7708,Melaena,rare,Gastrointestinal disorders
7708,Gingival bleeding,rare,Gastrointestinal disorders
7708,Dental caries,not known,Gastrointestinal disorders
7708,Cholestasis,not known,Hepatobiliary disorders
7708,Sphincter of Oddi dysfunction,not known,Hepatobiliary disorders
7708,Dry skin,uncommon,Skin and subcutaneous tissue disorders
7708,Urticaria,rare,Skin and subcutaneous tissue disorders
7708,Dysuria,common,Renal and urinary disorders
7708,Hypogonadism,uncommon,Reproductive system and breast disorders
7708,Oedema,uncommon,General disorders and administration site conditions
7708,Drug withdrawal syndrome neonatal,not known,General disorders and administration site conditions
7708,Drug tolerance,not known,General disorders and administration site conditions
7708,Hypersensitivity,not known,Immune system disorders
7708,Decreased appetite up to loss of appetite,common,Metabolism and nutrition disorders
7708,Insomnia,common,Psychiatric disorders
7708,Depression,common,Psychiatric disorders
7708,Libido decreased,uncommon,Psychiatric disorders
7708,Sleep attacks,uncommon,Psychiatric disorders
7708,Abnormal thinking,not known,Psychiatric disorders
7708,Anxiety,not known,Psychiatric disorders
7708,Confusional state,not known,Psychiatric disorders
7708,Nervousness,not known,Psychiatric disorders
7708,Restlessness,not known,Psychiatric disorders
7708,Euphoric mood,not known,Psychiatric disorders
7708,Hallucination,not known,Psychiatric disorders
7708,Nightmares,not known,Psychiatric disorders
7708,Drug dependence,not known,Psychiatric disorders
7708,Aggression,not known,Psychiatric disorders
7708,Headache,very common,Nervous system disorders
7708,Somnolence,very common,Nervous system disorders
7708,Dizziness,common,Nervous system disorders
7708,Disturbance in attention,common,Nervous system disorders
7708,Tremor,common,Nervous system disorders
7708,Paraesthesia,common,Nervous system disorders
7708,Dysgeusia,uncommon,Nervous system disorders
7708,Convulsions,not known,Nervous system disorders
7708,Sedation,not known,Nervous system disorders
7708,Speech disorder,not known,Nervous system disorders
7708,Syncope,not known,Nervous system disorders
7708,Lethargy,not known,Nervous system disorders
7708,Visual impairment,common,Eye disorders
7708,Vertigo,common,Ear and labyrinth disorders
7708,Angina pectoris,not known,Cardiac disorders
7708,Palpitations,not known,Cardiac disorders
7708,Tachycardia,not known,Cardiac disorders
7708,Hot flush,common,Vascular disorders
7708,Blood pressure decreased,common,Vascular disorders
7708,Blood pressure increased,common,Vascular disorders
7708,Dyspnoea,uncommon,"Respiratory, thoracic and mediastinal disorders"
7708,Cough,not known,"Respiratory, thoracic and mediastinal disorders"
7708,Rhinorrhoea,not known,"Respiratory, thoracic and mediastinal disorders"
7708,Respiratory depression,not known,"Respiratory, thoracic and mediastinal disorders"
7708,Yawning,not known,"Respiratory, thoracic and mediastinal disorders"
7708,Constipation,very common,Gastrointestinal disorders
7708,Nausea,very common,Gastrointestinal disorders
7708,Abdominal pain,common,Gastrointestinal disorders
7708,Dry mouth,common,Gastrointestinal disorders
7708,Vomiting,common,Gastrointestinal disorders
7708,Flatulence,uncommon,Gastrointestinal disorders
7708,Abdominal distension,not known,Gastrointestinal disorders
7708,Diarrhoea,not known,Gastrointestinal disorders
7708,Dyspepsia,not known,Gastrointestinal disorders
7708,Eructation,not known,Gastrointestinal disorders
7708,Tooth disorder,not known,Gastrointestinal disorders
7708,"Hepatic enzymes increased (alanine aminotransferase increased, gamma-glutamyltransferase increased)",common,Hepatobiliary disorders
7708,Biliary colic,not known,Hepatobiliary disorders
7708,Hyperhidrosis,very common,Skin and subcutaneous tissue disorders
7708,Pruritus,common,Skin and subcutaneous tissue disorders
7708,Skin reactions,common,Skin and subcutaneous tissue disorders
7708,Muscle spasms,not known,Musculoskeletal and connective tissue disorders
7708,Muscle twitching,not known,Musculoskeletal and connective tissue disorders
7708,Myalgia,not known,Musculoskeletal and connective tissue disorders
7708,Micturition urgency,not known,Renal and urinary disorders
7708,Urinary retention,not known,Renal and urinary disorders
7708,Erectile dysfunction,uncommon,Reproductive system and breast disorders
7708,Asthenia,very common,General disorders and administration site conditions
7708,Fatigue,very common,General disorders and administration site conditions
7708,Chest pain,common,General disorders and administration site conditions
7708,Chills,common,General disorders and administration site conditions
7708,Thirst,common,General disorders and administration site conditions
7708,Pain,uncommon,General disorders and administration site conditions
7708,Peripheral oedema,uncommon,General disorders and administration site conditions
7708,Malaise,not known,General disorders and administration site conditions
7708,Asthenia,not known,General disorders and administration site conditions
7708,Weight decreased,not known,Investigation
7708,Weight increased,not known,Investigation
7708,Injuries from accidents,uncommon,"Injury, poisoning and procedural complications"
7867,headache,common,Nervous system disorders
7867,diarrhoea,common,Gastrointestinal disorders
7867,abdominal pain,common,Gastrointestinal disorders
7867,asthenia,common,General disorders and administration site conditions
7867,flatulence,common,Gastrointestinal disorders
7867,rash,common,Skin and subcutaneous tissue disorders
7867,dry mouth,common,Gastrointestinal disorders
7867,Infection,common,Infections and infestations
7867,Insomnia,uncommon,Psychiatric disorders
7867,Nervousness,uncommon,Psychiatric disorders
7867,Depression,uncommon,Psychiatric disorders
7867,Dizziness,uncommon,Nervous system disorders
7867,Somnolence,uncommon,Nervous system disorders
7867,Visual disturbance,rare,Eye disorders
7867,Neutropenia,rare,Blood and the lymphatic system disorders
7867,Leucopenia,rare,Blood and the lymphatic system disorders
7867,Thrombocytopenia,rare,Blood and the lymphatic system disorders
7867,Leucocytosis,rare,Blood and the lymphatic system disorders
7867,Hypersensitivity,rare,Immune system disorders
7867,Anorexia,rare,Metabolism and nutrition disorders
7867,Hyponatremia,rare,Metabolism and nutrition disorders
7867,Hypomagnesaemia,rare,Metabolism and nutrition disorders
7867,Confusion,rare,Psychiatric disorders
7867,Peripheral Oedema,rare,Vascular disorders
7867,Cough,rare,"Respiratory, thoracic and mediastinal disorders"
7867,Pharyngitis,rare,"Respiratory, thoracic and mediastinal disorders"
7867,Rhinitis,rare,"Respiratory, thoracic and mediastinal disorders"
7867,Bronchitis,rare,"Respiratory, thoracic and mediastinal disorders"
7867,Sinusitis,rare,"Respiratory, thoracic and mediastinal disorders"
7867,Dyspepsia,uncommon,Gastrointestinal disorders
7867,Eructation,uncommon,Gastrointestinal disorders
7867,Gastritis,rare,Gastrointestinal disorders
7867,Stomatitis,rare,Gastrointestinal disorders
7867,Taste disturbance,rare,Gastrointestinal disorders
7867,Microscopic colitis,not known,Gastrointestinal disorders
7867,Hepatitis,rare,Hepato-biliary disorders
7867,Jaundice,rare,Hepato-biliary disorders
7867,Hepatic encephalopathy,rare,Hepato-biliary disorders
7867,Erythema,rare,Skin and subcutaneous tissue disorders
7867,Pruritus,rare,Skin and subcutaneous tissue disorders
7867,Sweating,rare,Skin and subcutaneous tissue disorders
7867,Bullous reactions,rare,Skin and subcutaneous tissue disorders
7867,"Erythema multiforme, toxic epidermal necrolysis (TEN), Stevens-Johnson syndrome (SJS)",rare,Skin and subcutaneous tissue disorders
7867,Subacute cutaneous lupus erythematosus,rare,Skin and subcutaneous tissue disorders
7867,Non-specific pain,rare,Musculoskeletal connective tissue and bone disorders
7867,Back pain,rare,Musculoskeletal connective tissue and bone disorders
7867,Myalgia,rare,Musculoskeletal connective tissue and bone disorders
7867,Leg cramps,rare,Musculoskeletal connective tissue and bone disorders
7867,Arthralgia,rare,Musculoskeletal connective tissue and bone disorders
7867,"Fracture of the hip, wrist or spine",rare,Musculoskeletal connective tissue and bone disorders
7867,Urinary tract infection,rare,Renal and urinary disorders
7867,Tubulointerstitial nephritis (with possible progression to renal failure),rare,Renal and urinary disorders
7867,Gynaecomastia,rare,Reproductive system and breast disorders
7867,Influenza like illness,rare,General disorders and administration site conditions
7867,Chest pain,rare,General disorders and administration site conditions
7867,Chills,rare,General disorders and administration site conditions
7867,Pyrexia,rare,General disorders and administration site conditions
7867,Increased hepatic enzymes,rare,Investigations
7867,Weight increased,rare,Investigations
8137,Bronchospasm,not known,Respiratory
8137,Aseptic meningitis,rare,Nervous System
8137,Renal impairment,not known,Renal and Urinary
8137,Renal tubular acidosis,not known,Renal and Urinary
8137,Hypokalaemia,not known,Electrolyte and Acid-Base Disorders
8137,Hepatic dysfunction,not known,Hepatic
8137,Gastrointestinal bleeding,not known,Gastrointestinal
8137,Ulceration,not known,Gastrointestinal
8137,Perforation,not known,Gastrointestinal
8137,Serious skin reactions,rare,Skin and Appendages
8137,Exfoliative dermatitis,very rare,Skin and Appendages
8137,Stevens-Johnson syndrome,very rare,Skin and Appendages
8137,Toxic epidermal necrolysis,very rare,Skin and Appendages
8137,Acute generalised exanthematous pustulosis (AGEP),not known,Skin and Appendages
8137,Masking of symptoms of infection,not known,Infections
8137,Fluid retention,common,Cardiovascular
8137,Hypertension,common,Cardiovascular
8137,Oedema,common,Cardiovascular
8137,Arterial thrombotic events,not known,Cardiovascular
8137,Myocardial infarction,not known,Cardiovascular
8137,Stroke,not known,Cardiovascular
9280,hypersensitivity,uncommon,Immune system disorders
9280,anaphylactic reaction,not known,Immune system disorders
9280,anaphylactoid reaction,not known,Immune system disorders
9280,decreased appetite,common,Metabolism and nutrition disorders
9280,dehydration,uncommon,Metabolism and nutrition disorders
9280,anxiety,common,Psychiatric disorders
9280,confusional state,common,Psychiatric disorders
9280,depression,common,Psychiatric disorders
9280,insomnia,common,Psychiatric disorders
9280,nervousness,common,Psychiatric disorders
9280,abnormal thinking,common,Psychiatric disorders
9280,abnormal dreams,common,Psychiatric disorders
9280,agitation,uncommon,Psychiatric disorders
9280,affect lability,uncommon,Psychiatric disorders
9280,euphoric mood,uncommon,Psychiatric disorders
9280,hallucinations,uncommon,Psychiatric disorders
9280,decreased libido,uncommon,Psychiatric disorders
9280,disorientation,uncommon,Psychiatric disorders
9280,mood altered,uncommon,Psychiatric disorders
9280,restlessness,uncommon,Psychiatric disorders
9280,dysphoria,uncommon,Psychiatric disorders
9280,aggression,not known,Psychiatric disorders
9280,drug dependence,not known,Psychiatric disorders
9280,somnolence,very common,Nervous system disorders
9280,dizziness,very common,Nervous system disorders
9280,headache,very common,Nervous system disorders
9280,tremor,common,Nervous system disorders
9280,lethargy,common,Nervous system disorders
9280,sedation,common,Nervous system disorders
9280,amnesia,uncommon,Nervous system disorders
9280,convulsion,uncommon,Nervous system disorders
9280,hypertonia,uncommon,Nervous system disorders
9280,hypoaesthesia,uncommon,Nervous system disorders
9280,involuntary muscle contractions,uncommon,Nervous system disorders
9280,speech disorder,uncommon,Nervous system disorders
9280,syncope,uncommon,Nervous system disorders
9280,paraesthesia,uncommon,Nervous system disorders
9280,dysgeusia,uncommon,Nervous system disorders
9280,hypotonia,uncommon,Nervous system disorders
9280,hyperalgesia,not known,Nervous system disorders
9280,visual impairment,uncommon,Eye disorders
9280,miosis,uncommon,Eye disorders
9280,vertigo,uncommon,Ear and labyrinth disorders
9280,palpitations,uncommon,Cardiac disorders
9280,supraventricular tachycardia,uncommon,Cardiac disorders
9280,vasodilatation,uncommon,Vascular disorders
9280,facial flushing,uncommon,Vascular disorders
9280,hypotension,rare,Vascular disorders
9280,orthostatic hypotension,rare,Vascular disorders
9280,dyspnoea,common,"Respiratory, thoracic and mediastinal disorders"
9280,bronchospasm,common,"Respiratory, thoracic and mediastinal disorders"
9280,cough decreased,common,"Respiratory, thoracic and mediastinal disorders"
9280,respiratory depression,uncommon,"Respiratory, thoracic and mediastinal disorders"
9280,hiccups,uncommon,"Respiratory, thoracic and mediastinal disorders"
9280,central sleep apnoea syndrome,not known,"Respiratory, thoracic and mediastinal disorders"
9280,constipation,very common,Gastrointestinal disorders
9280,nausea,very common,Gastrointestinal disorders
9280,vomiting,very common,Gastrointestinal disorders
9280,abdominal pain,common,Gastrointestinal disorders
9280,diarrhoea,common,Gastrointestinal disorders
9280,dry mouth,common,Gastrointestinal disorders
9280,dyspepsia,common,Gastrointestinal disorders
9280,dysphagia,uncommon,Gastrointestinal disorders
9280,flatulence,uncommon,Gastrointestinal disorders
9280,eructation,uncommon,Gastrointestinal disorders
9280,ileus,uncommon,Gastrointestinal disorders
9280,gastritis,uncommon,Gastrointestinal disorders
9280,dental caries,not known,Gastrointestinal disorders
9280,increased hepatic enzymes,uncommon,Hepatobiliary disorders
9280,biliary colic,uncommon,Hepatobiliary disorders
9280,cholestasis,not known,Hepatobiliary disorders
9280,spasm of sphincter of Oddi,not known,Hepatobiliary disorders
9280,pruritus,very common,Skin and subcutaneous tissue disorders
9280,rash,common,Skin and subcutaneous tissue disorders
9280,hyperhidrosis,common,Skin and subcutaneous tissue disorders
9280,dry skin,uncommon,Skin and subcutaneous tissue disorders
9280,exfoliative dermatitis,uncommon,Skin and subcutaneous tissue disorders
9280,urticaria,rare,Skin and subcutaneous tissue disorders
9280,urinary retention,uncommon,Renal and urinary disorders
9280,ureteral spasm,uncommon,Renal and urinary disorders
9280,erectile dysfunction,uncommon,Reproductive system and breast disorders
9280,hypogonadism,uncommon,Reproductive system and breast disorders
9280,amenorrhoea,not known,Reproductive system and breast disorders
9280,asthenia,common,General disorders and administration site conditions
9280,fatigue,common,General disorders and administration site conditions
9280,malaise,uncommon,General disorders and administration site conditions
9280,oedema,uncommon,General disorders and administration site conditions
9280,peripheral oedema,uncommon,General disorders and administration site conditions
9280,thirst,uncommon,General disorders and administration site conditions
9280,pyrexia,uncommon,General disorders and administration site conditions
9280,chills,uncommon,General disorders and administration site conditions
9280,drug withdrawal syndrome neonatal,not known,General disorders and administration site conditions
9280,opioid tolerance,not known,General disorders and administration site conditions
9280,opioid withdrawal syndrome,not known,General disorders and administration site conditions
9321,Hypersensitivity,not known,Immune System Disorders
9321,Abdominal pain,not known,Gastrointestinal Disorders
9321,Dyspepsia,not known,Gastrointestinal Disorders
9321,Renal impairment,not known,Renal and Urinary Disorders
9321,Application site reaction,not known,General Disorders and Administration Site conditions
9321,Severe cutaneous adverse reactions (SCARs),very rare,Skin and subcutaneous tissue disorders
9321,Erythema multiforme,not known,Skin and subcutaneous tissue disorders
9321,Exfoliative dermatitis,not known,Skin and subcutaneous tissue disorders
9321,Stevens-Johnson syndrome,not known,Skin and subcutaneous tissue disorders
9321,Toxic epidermal necrolysis,not known,Skin and subcutaneous tissue disorders
9321,Photosensitivity reactions,not known,Skin and subcutaneous tissue disorders
9321,Drug reaction with eosinophilia and systemic symptoms (DRESS syndrome),not known,Skin and subcutaneous tissue disorders
9321,Acute generalised exanthematous pustulosis (AGEP),not known,Skin and subcutaneous tissue disorders
9321,non-specific allergic reaction,not known,Immune System Disorders
9321,anaphylaxis,not known,Immune System Disorders
9321,asthma,not known,Respiratory System Disorders
9321,aggravated asthma,not known,Respiratory System Disorders
9321,bronchospasm,not known,Respiratory System Disorders
9321,dyspnoea,not known,Respiratory System Disorders
9321,rashes,not known,Skin and subcutaneous tissue disorders
9321,urticaria,not known,Skin and subcutaneous tissue disorders
9321,purpura,not known,Skin and subcutaneous tissue disorders
9321,angioedema,not known,Skin and subcutaneous tissue disorders
9321,exfoliative and bullous dermatoses,not known,Skin and subcutaneous tissue disorders
9321,pruritus,not known,Skin and subcutaneous tissue disorders
9715,Oropharyngeal candidiasis,common,INFECTIONS AND INFESTATIONS
9715,Immediate and delayed hypersensitivity reactions,rare,IMMUNE SYSTEM DISORDERS
9715,Angioneurotic oedema,rare,IMMUNE SYSTEM DISORDERS
9715,Anaphylactic reaction,rare,IMMUNE SYSTEM DISORDERS
9715,Signs and symptoms of systemic corticosteroid effects,rare,ENDOCRINE DISORDERS
9715,Adrenal suppression,rare,ENDOCRINE DISORDERS
9715,Growth retardation,rare,ENDOCRINE DISORDERS
9715,Depression,uncommon,PSYCHIATRIC DISORDERS
9715,Anxiety,uncommon,PSYCHIATRIC DISORDERS
9715,Restlessness,rare,PSYCHIATRIC DISORDERS
9715,Nervousness,rare,PSYCHIATRIC DISORDERS
9715,Behavioural changes,rare,PSYCHIATRIC DISORDERS
9715,Sleep disorders,unknown,PSYCHIATRIC DISORDERS
9715,Psychomotor hyperactivity,unknown,PSYCHIATRIC DISORDERS
9715,Aggression,unknown,PSYCHIATRIC DISORDERS
9715,Tremor,uncommon,NERVOUS SYSTEM DISORDERS
9715,Cataract,uncommon,EYE DISORDERS
9715,"Vision, blurred",uncommon,EYE DISORDERS
9715,Glaucoma,unknown,EYE DISORDERS
9715,Hoarseness,common,"RESPIRATORY, THORACIC AND MEDIASTINAL DISORDERS"
9715,Cough,common,"RESPIRATORY, THORACIC AND MEDIASTINAL DISORDERS"
9715,Throat irritation,common,"RESPIRATORY, THORACIC AND MEDIASTINAL DISORDERS"
9715,Bronchospasm,rare,"RESPIRATORY, THORACIC AND MEDIASTINAL DISORDERS"
9715,Dysphonia,rare,"RESPIRATORY, THORACIC AND MEDIASTINAL DISORDERS"
9715,Oral mucosal irritation,common,GASTROINTESTINAL DISORDERS
9715,Urticaria,rare,SKIN AND SUBCUTANEOUS TISSUE DISORDERS
9715,Rash,rare,SKIN AND SUBCUTANEOUS TISSUE DISORDERS
9715,Dermatitis,rare,SKIN AND SUBCUTANEOUS TISSUE DISORDERS
9715,Pruritus,rare,SKIN AND SUBCUTANEOUS TISSUE DISORDERS
9715,Erythema,rare,SKIN AND SUBCUTANEOUS TISSUE DISORDERS
9715,Bruising,rare,SKIN AND SUBCUTANEOUS TISSUE DISORDERS
9715,Muscle spasm,uncommon,"MUSCULOSKELETAL, CONNECTIVE TISSUE AND BONE DISORDERS"
9715,Bone density decreased,very rare,"MUSCULOSKELETAL, CONNECTIVE TISSUE AND BONE DISORDERS"
9765,signs and symptoms of systemic allergic reactions,not known,Immune system disorders
9765,angioedema,not known,Immune system disorders
9765,urticaria,not known,Immune system disorders
9765,pruritus,not known,Immune system disorders
9765,rash,not known,Immune system disorders
9765,anaphylaxis,not known,Immune system disorders
9765,signs and symptoms of allergic reactions,not known,Immune system disorders
9765,hypoglycaemia,not known,Metabolism and nutrition disorders
9765,depression,not known,Psychiatric disorders
9765,insomnia,not known,Psychiatric disorders
9765,nightmares,not known,Psychiatric disorders
9765,memory loss,not known,Psychiatric disorders
9765,hallucination,not known,Psychiatric disorders
9765,headache,uncommon,Nervous system disorders
9765,dizziness,uncommon,Nervous system disorders
9765,paraesthesia,uncommon,Nervous system disorders
9765,syncope,uncommon,Nervous system disorders
9765,increase in signs and symptoms of myasthenia gravis,uncommon,Nervous system disorders
9765,decreased libido,uncommon,Nervous system disorders
9765,cerebrovascular accident,uncommon,Nervous system disorders
9765,cerebral ischaemia,uncommon,Nervous system disorders
9765,burning and stinging,common,Eye disorders
9765,conjunctival injection,common,Eye disorders
9765,blurred vision,common,Eye disorders
9765,corneal erosion,common,Eye disorders
9765,ocular itching,common,Eye disorders
9765,tearing,common,Eye disorders
9765,eyelid inflammation,uncommon,Eye disorders
9765,eyelid irritation,uncommon,Eye disorders
9765,iridocyclitis,uncommon,Eye disorders
9765,irritation including redness,uncommon,Eye disorders
9765,pain,uncommon,Eye disorders
9765,eyelid crusting,uncommon,Eye disorders
9765,transient myopia,uncommon,Eye disorders
9765,corneal oedema,uncommon,Eye disorders
9765,ocular hypotony,uncommon,Eye disorders
9765,choroidal detachment,uncommon,Eye disorders
9765,foreign body sensation in eye,uncommon,Eye disorders
9765,signs and symptoms of ocular irritation,common,Eye disorders
9765,blepharitis,common,Eye disorders
9765,keratitis,common,Eye disorders
9765,decreased corneal sensitivity,common,Eye disorders
9765,dry eyes,common,Eye disorders
9765,visual disturbances,rare,Eye disorders
9765,refractive changes,rare,Eye disorders
9765,ptosis,rare,Eye disorders
9765,diplopia,rare,Eye disorders
9765,itching,rare,Eye disorders
9765,redness,rare,Eye disorders
9765,tinnitus,rare,Ear and labyrinth disorders
9765,palpitations,uncommon,Cardiac disorders
9765,tachycardia,uncommon,Cardiac disorders
9765,bradycardia,common,Cardiac disorders
9765,chest pain,common,Cardiac disorders
9765,arrhythmia,common,Cardiac disorders
9765,congestive heart failure,common,Cardiac disorders
9765,cardiac arrest,common,Cardiac disorders
9765,heart block,common,Cardiac disorders
9765,atrioventricular block,rare,Cardiac disorders
9765,cardiac failure,rare,Cardiac disorders
9765,hypertension,uncommon,Vascular disorders
9765,hypotension,common,Vascular disorders
9765,claudication,common,Vascular disorders
9765,Raynaud's phenomenon,common,Vascular disorders
9765,cold hands and feet,common,Vascular disorders
9765,sinusitis,common,"Respiratory, thoracic, and mediastinal disorders"
9765,shortness of breath,rare,"Respiratory, thoracic, and mediastinal disorders"
9765,respiratory failure,rare,"Respiratory, thoracic, and mediastinal disorders"
9765,rhinitis,rare,"Respiratory, thoracic, and mediastinal disorders"
9765,bronchospasm,rare,"Respiratory, thoracic, and mediastinal disorders"
9765,epistaxis,uncommon,"Respiratory, thoracic, and mediastinal disorders"
9765,dyspnoea,uncommon,"Respiratory, thoracic, and mediastinal disorders"
9765,dyspnoea,common,"Respiratory, thoracic, and mediastinal disorders"
9765,bronchospasm,common,"Respiratory, thoracic, and mediastinal disorders"
9765,cough,common,"Respiratory, thoracic, and mediastinal disorders"
9765,dysgeusia,common,Gastrointestinal disorders
9765,nausea,uncommon,Gastrointestinal disorders
9765,throat irritation,uncommon,Gastrointestinal disorders
9765,dry mouth,uncommon,Gastrointestinal disorders
9765,diarrhoea,common,Gastrointestinal disorders
9765,abdominal pain,common,Gastrointestinal disorders
9765,vomiting,common,Gastrointestinal disorders
9765,contact dermatitis,rare,Skin and subcutaneous tissue disorders
9765,Stevens-Johnson syndrome,rare,Skin and subcutaneous tissue disorders
9765,toxic epidermal necrolysis,rare,Skin and subcutaneous tissue disorders
9765,rash,uncommon,Skin and subcutaneous tissue disorders
9765,alopecia,rare,Skin and subcutaneous tissue disorders
9765,psoriasiform rash,rare,Skin and subcutaneous tissue disorders
9765,exacerbation of psoriasis,rare,Skin and subcutaneous tissue disorders
9765,skin rash,common,Skin and subcutaneous tissue disorders
9765,systemic lupus erythematosus,rare,Musculoskeletal and connective tissue disorders
9765,myalgia,rare,Musculoskeletal and connective tissue disorders
9765,urolithiasis,rare,Renal and urinary disorders
9765,Peyronie's disease,rare,Reproductive system and breast disorders
9765,decreased libido,rare,Reproductive system and breast disorders
9765,sexual dysfunction,rare,Reproductive system and breast disorders
9765,asthenia/ fatigue,uncommon,General disorders and administration site conditions
10060,Asthenia,very common,General disorders and administration site conditions
10060,Nausea,very common,Gastrointestinal disorders
10060,Abnormal liver function tests,very common,Hepato-biliary disorders
10060,Anaemia,uncommon,Blood and lymphatic system disorders
10060,Severe neutropenia,uncommon,Blood and lymphatic system disorders
10060,Anaphylactoid reaction,uncommon,Immune system disorders
10060,Angioedema,uncommon,Immune system disorders
10060,Headache,uncommon,Nervous system disorders
10060,Dizziness,uncommon,Nervous system disorders
10060,Oral paraesthesia,uncommon,Nervous system disorders
10060,Somnolence,uncommon,Nervous system disorders
10060,Tachycardia,uncommon,Cardiac disorders
10060,Interstitial lung disease,uncommon,"Respiratory, thoracic and mediastinal disorders"
10060,Diarrhoea,common,Gastrointestinal disorders
10060,Abdominal pain,common,Gastrointestinal disorders
10060,Vomiting,common,Gastrointestinal disorders
10060,Pancreatitis,uncommon,Gastrointestinal disorders
10060,Hepatitis,not known,Hepato-biliary disorders
10060,Rash,uncommon,Skin and subcutaneous tissue disorders
10060,Pain,common,General disorders and administration site conditions
10309,Nasopharyngitis,common,Infections and infestations
10309,Neutropaenia,uncommon,Blood and lymphatic system disorders
10309,Hypersensitivity,uncommon,Immune system disorders
10309,Angioedema,rare,Immune system disorders
10309,allergic reaction,rare,Immune system disorders
10309,Appetite increased,common,Metabolism and nutrition disorders
10309,Anorexia,uncommon,Metabolism and nutrition disorders
10309,hypoglycaemia,uncommon,Metabolism and nutrition disorders
10309,Euphoric mood,common,Psychiatric disorders
10309,confusion,common,Psychiatric disorders
10309,irritability,common,Psychiatric disorders
10309,disorientation,common,Psychiatric disorders
10309,insomnia,common,Psychiatric disorders
10309,libido decreased,common,Psychiatric disorders
10309,Hallucination,uncommon,Psychiatric disorders
10309,panic attack,uncommon,Psychiatric disorders
10309,restlessness,uncommon,Psychiatric disorders
10309,agitation,uncommon,Psychiatric disorders
10309,depression,uncommon,Psychiatric disorders
10309,depressed mood,uncommon,Psychiatric disorders
10309,elevated mood,uncommon,Psychiatric disorders
10309,aggression,uncommon,Psychiatric disorders
10309,mood swings,uncommon,Psychiatric disorders
10309,depersonalisation,uncommon,Psychiatric disorders
10309,word finding difficulty,uncommon,Psychiatric disorders
10309,abnormal dreams,uncommon,Psychiatric disorders
10309,libido increased,uncommon,Psychiatric disorders
10309,anorgasmia,uncommon,Psychiatric disorders
10309,apathy,uncommon,Psychiatric disorders
10309,Disinhibition,rare,Psychiatric disorders
10309,suicidal behaviour,rare,Psychiatric disorders
10309,suicidal ideation,rare,Psychiatric disorders
10309,Drug dependence,not known,Psychiatric disorders
10309,Dizziness,very common,Nervous system disorders
10309,somnolence,very common,Nervous system disorders
10309,headache,very common,Nervous system disorders
10309,Ataxia,common,Nervous system disorders
10309,coordination abnormal,common,Nervous system disorders
10309,tremor,common,Nervous system disorders
10309,dysarthria,common,Nervous system disorders
10309,amnesia,common,Nervous system disorders
10309,memory impairment,common,Nervous system disorders
10309,disturbance in attention,common,Nervous system disorders
10309,paraesthesia,common,Nervous system disorders
10309,hypoaesthesia,common,Nervous system disorders
10309,sedation,common,Nervous system disorders
10309,balance disorder,common,Nervous system disorders
10309,lethargy,common,Nervous system disorders
10309,Syncope,uncommon,Nervous system disorders
10309,stupor,uncommon,Nervous system disorders
10309,myoclonus,uncommon,Nervous system disorders
10309,loss of consciousness,uncommon,Nervous system disorders
10309,psychomotor hyperactivity,uncommon,Nervous system disorders
10309,dyskinesia,uncommon,Nervous system disorders
10309,dizziness postural,uncommon,Nervous system disorders
10309,intention tremor,uncommon,Nervous system disorders
10309,nystagmus,uncommon,Nervous system disorders
10309,cognitive disorder,uncommon,Nervous system disorders
10309,mental impairment,uncommon,Nervous system disorders
10309,speech disorder,uncommon,Nervous system disorders
10309,hyporeflexia,uncommon,Nervous system disorders
10309,hyperaesthesia,uncommon,Nervous system disorders
10309,burning sensation,uncommon,Nervous system disorders
10309,ageusia,uncommon,Nervous system disorders
10309,malaise,uncommon,Nervous system disorders
10309,Convulsions,rare,Nervous system disorders
10309,parosmia,rare,Nervous system disorders
10309,hypokinesia,rare,Nervous system disorders
10309,dysgraphia,rare,Nervous system disorders
10309,parkinsonism,rare,Nervous system disorders
10309,Vision blurred,common,Eye disorders
10309,diplopia,common,Eye disorders
10309,Peripheral vision loss,uncommon,Eye disorders
10309,visual disturbance,uncommon,Eye disorders
10309,eye swelling,uncommon,Eye disorders
10309,visual field defect,uncommon,Eye disorders
10309,visual acuity reduced,uncommon,Eye disorders
10309,eye pain,uncommon,Eye disorders
10309,asthenopia,uncommon,Eye disorders
10309,photopsia,uncommon,Eye disorders
10309,dry eye,uncommon,Eye disorders
10309,lacrimation increased,uncommon,Eye disorders
10309,eye irritation,uncommon,Eye disorders
10309,Vision loss,rare,Eye disorders
10309,keratitis,rare,Eye disorders
10309,oscillopsia,rare,Eye disorders
10309,altered visual depth perception,rare,Eye disorders
10309,mydriasis,rare,Eye disorders
10309,strabismus,rare,Eye disorders
10309,visual brightness,rare,Eye disorders
10309,Vertigo,common,Ear and labyrinth disorders
10309,Hyperacusis,uncommon,Ear and labyrinth disorders
10309,Tachycardia,uncommon,Cardiac disorders
10309,atrioventricular block first degree,uncommon,Cardiac disorders
10309,sinus bradycardia,uncommon,Cardiac disorders
10309,congestive heart failure,uncommon,Cardiac disorders
10309,QT prolongation,rare,Cardiac disorders
10309,sinus tachycardia,rare,Cardiac disorders
10309,sinus arrhythmia,rare,Cardiac disorders
10309,Hypotension,uncommon,Vascular disorders
10309,hypertension,uncommon,Vascular disorders
10309,hot flushes,uncommon,Vascular disorders
10309,flushing,uncommon,Vascular disorders
10309,peripheral coldness,uncommon,Vascular disorders
10309,Dyspnoea,uncommon,"Respiratory, thoracic and mediastinal disorders"
10309,epistaxis,uncommon,"Respiratory, thoracic and mediastinal disorders"
10309,cough,uncommon,"Respiratory, thoracic and mediastinal disorders"
10309,nasal congestion,uncommon,"Respiratory, thoracic and mediastinal disorders"
10309,rhinitis,uncommon,"Respiratory, thoracic and mediastinal disorders"
10309,snoring,uncommon,"Respiratory, thoracic and mediastinal disorders"
10309,nasal dryness,uncommon,"Respiratory, thoracic and mediastinal disorders"
10309,Pulmonary oedema,rare,"Respiratory, thoracic and mediastinal disorders"
10309,throat tightness,rare,"Respiratory, thoracic and mediastinal disorders"
10309,Respiratory depression,not known,"Respiratory, thoracic and mediastinal disorders"
10309,Vomiting,common,Gastrointestinal disorders
10309,nausea,common,Gastrointestinal disorders
10309,constipation,common,Gastrointestinal disorders
10309,diarrhoea,common,Gastrointestinal disorders
10309,flatulence,common,Gastrointestinal disorders
10309,abdominal distension,common,Gastrointestinal disorders
10309,dry mouth,common,Gastrointestinal disorders
10309,Gastrooesophageal reflux disease,uncommon,Gastrointestinal disorders
10309,salivary hypersecretion,uncommon,Gastrointestinal disorders
10309,hypoaesthesia oral,uncommon,Gastrointestinal disorders
10309,Ascites,rare,Gastrointestinal disorders
10309,pancreatitis,rare,Gastrointestinal disorders
10309,swollen tongue,rare,Gastrointestinal disorders
10309,dysphagia,rare,Gastrointestinal disorders
10309,Elevated liver enzymes,uncommon,Hepatobiliary disorders
10309,Jaundice,rare,Hepatobiliary disorders
10309,Hepatic failure,very rare,Hepatobiliary disorders
10309,hepatitis,very rare,Hepatobiliary disorders
10309,Rash papular,uncommon,Skin and subcutaneous tissue disorders
10309,urticaria,uncommon,Skin and subcutaneous tissue disorders
10309,hyperhidrosis,uncommon,Skin and subcutaneous tissue disorders
10309,pruritus,uncommon,Skin and subcutaneous tissue disorders
10309,Toxic epidermal necrolysis,rare,Skin and subcutaneous tissue disorders
10309,Stevens‑Johnson syndrome,rare,Skin and subcutaneous tissue disorders
10309,cold sweat,rare,Skin and subcutaneous tissue disorders
10309,Muscle cramp,common,Musculoskeletal and connective tissue disorders
10309,arthralgia,common,Musculoskeletal and connective tissue disorders
10309,back pain,common,Musculoskeletal and connective tissue disorders
10309,pain in limb,common,Musculoskeletal and connective tissue disorders
10309,cervical spasm,common,Musculoskeletal and connective tissue disorders
10309,Joint swelling,uncommon,Musculoskeletal and connective tissue disorders
10309,myalgia,uncommon,Musculoskeletal and connective tissue disorders
10309,muscle twitching,uncommon,Musculoskeletal and connective tissue disorders
10309,neck pain,uncommon,Musculoskeletal and connective tissue disorders
10309,muscle stiffness,uncommon,Musculoskeletal and connective tissue disorders
10309,Rhabdomyolysis,rare,Musculoskeletal and connective tissue disorders
10309,Urinary incontinence,uncommon,Renal and urinary disorders
10309,dysuria,uncommon,Renal and urinary disorders
10309,Renal failure,rare,Renal and urinary disorders
10309,oliguria,rare,Renal and urinary disorders
10309,urinary retention,rare,Renal and urinary disorders
10309,Erectile dysfunction,common,Reproductive system and breast disorders
10309,Sexual dysfunction,uncommon,Reproductive system and breast disorders
10309,ejaculation delayed,uncommon,Reproductive system and breast disorders
10309,dysmenorrhoea,uncommon,Reproductive system and breast disorders
10309,breast pain,uncommon,Reproductive system and breast disorders
10309,Amenorrhoea,rare,Reproductive system and breast disorders
10309,breast discharge,rare,Reproductive system and breast disorders
10309,breast enlargement,rare,Reproductive system and breast disorders
10309,gynaecomastia,rare,Reproductive system and breast disorders
10309,Oedema peripheral,common,General disorders and administration site conditions
10309,oedema,common,General disorders and administration site conditions
10309,gait abnormal,common,General disorders and administration site conditions
10309,fall,common,General disorders and administration site conditions
10309,feeling drunk,common,General disorders and administration site conditions
10309,feeling abnormal,common,General disorders and administration site conditions
10309,fatigue,common,General disorders and administration site conditions
10309,Generalised oedema,uncommon,General disorders and administration site conditions
10309,face oedema,uncommon,General disorders and administration site conditions
10309,chest tightness,uncommon,General disorders and administration site conditions
10309,pain,uncommon,General disorders and administration site conditions
10309,pyrexia,uncommon,General disorders and administration site conditions
10309,thirst,uncommon,General disorders and administration site conditions
10309,chills,uncommon,General disorders and administration site conditions
10309,asthenia,uncommon,General disorders and administration site conditions
10309,Weight increased,common,Investigations
10309,Blood creatine phosphokinase increased,uncommon,Investigations
10309,blood glucose increased,uncommon,Investigations
10309,platelet count decreased,uncommon,Investigations
10309,blood creatinine increased,uncommon,Investigations
10309,blood potassium decreased,uncommon,Investigations
10309,weight decreased,uncommon,Investigations
10309,White blood cell count decreased,rare,Investigations
10334,headache,common,Nervous system disorders
10334,abdominal pain,common,Gastro-intestinal disorders
10334,decreased appetite,common,Metabolism and nutrition disorders
10334,nausea,common,Gastro-intestinal disorders
10334,vomiting,common,Gastro-intestinal disorders
10334,somnolence,common,Nervous system disorders
10334,increases in heart rate,not known,Cardiac disorders
10334,increases in systolic blood pressure,not known,Vascular disorders
10334,increases in diastolic blood pressure,not known,Vascular disorders
10334,orthostatic hypotension,uncommon,Vascular disorders
10334,syncope,uncommon,Nervous system disorders
10334,growth retardation,not known,Not applicable
10334,irritability,common,Psychiatric disorders
10334,Mood swings,common,Psychiatric disorders
10334,Insomnia,common,Psychiatric disorders
10334,Agitation,common,Psychiatric disorders
10334,Anxiety,common,Psychiatric disorders
10334,Depression,common,Psychiatric disorders
10334,Tics,common,Psychiatric disorders
10334,suicide-related events,rare,Psychiatric disorders
10334,Aggression,rare,Psychiatric disorders
10334,Hostility,rare,Psychiatric disorders
10334,Emotional lability,rare,Psychiatric disorders
10334,Psychosis,rare,Psychiatric disorders
10334,Bruxism,rare,Psychiatric disorders
10334,dizziness,uncommon,Nervous system disorders
10334,tremor,uncommon,Nervous system disorders
10334,migraine,uncommon,Nervous system disorders
10334,paraesthesia,uncommon,Nervous system disorders
10334,hypoaesthesia,uncommon,Nervous system disorders
10334,seizure,rare,Nervous system disorders
10334,mydriasis,uncommon,Eye disorders
10334,Vision blurred,uncommon,Eye disorders
10334,palpitations,uncommon,Cardiac disorders
10334,sinus tachycardia,uncommon,Cardiac disorders
10334,QT-interval prolongation,uncommon,Cardiac disorders
10334,Raynaudʼs phenomenon,rare,Vascular disorders
10334,Dyspnoea,rare,"Respiratory, thoracic and mediastinal disorders"
10334,Constipation,common,Gastro-intestinal disorders
10334,Dyspepsia,common,Gastro-intestinal disorders
10334,Blood bilirubin increased,rare,Hepatobiliary disorders
10334,Abnormal/increased liver function tests,rare,Hepatobiliary disorders
10334,Jaundice,rare,Hepatobiliary disorders
10334,Hepatitis,rare,Hepatobiliary disorders
10334,Liver injury,rare,Hepatobiliary disorders
10334,Acute hepatic failure,rare,Hepatobiliary disorders
10334,Dermatitis,common,Skin and subcutaneous tissue disorders
10334,Pruritus,common,Skin and subcutaneous tissue disorders
10334,Rash,common,Skin and subcutaneous tissue disorders
10334,Hyperhidrosis,rare,Skin and subcutaneous tissue disorders
10334,Allergic reactions,rare,Skin and subcutaneous tissue disorders
10334,Urinary hesitation,rare,Renal and urinary disorders
10334,Urinary retention,rare,Renal and urinary disorders
10334,Priapism,rare,Reproductive system and breast disorders
10334,Male genital pain,rare,Reproductive system and breast disorders
10334,Fatigue,common,General disorders and administration site conditions
10334,Lethargy,common,General disorders and administration site conditions
10334,Chest pain,common,General disorders and administration site conditions
10334,Asthenia,uncommon,General disorders and administration site conditions
10334,Weight decreased,common,Metabolism and nutrition disorders
10334,Appetite decreased,common,Metabolism and nutrition disorders
10334,Libido decreased,uncommon,Psychiatric disorders
10334,Sleep disorder,uncommon,Psychiatric disorders
10334,Dry mouth,common,Gastro-intestinal disorders
10334,Flatulence,common,Gastro-intestinal disorders
10334,Dysuria,uncommon,Renal and urinary disorders
10334,Pollakuria,uncommon,Renal and urinary disorders
10334,Micturation urgency,uncommon,Renal and urinary disorders
10334,Flushing,uncommon,Vascular disorders
10334,Hot flush,uncommon,Vascular disorders
10334,Peripheral coldness,rare,Vascular disorders
10334,Muscle spasms,rare,Musculo-skeletal and connective tissue disorders
10334,Excoriation,uncommon,Skin and subcutaneous tissue disorders
10334,Enuresis,uncommon,Renal and urinary disorders
10334,Conjunctivitis,uncommon,Eye disorders
10334,Early morning awakening,uncommon,Psychiatric disorders
10419,Drowsiness/sleepiness,very common,Not specified
10419,headache,very common,Not specified
10419,dizziness/disorientation,very common,Not specified
10419,Drowsiness,common,Not specified
10419,headache,common,Not specified
10419,dizziness,common,Not specified
10419,nausea,common,Not specified
10419,herpes zoster,rare,Infections and infestations
10419,leucopenia,rare,Blood and lymphatic system disorders
10419,thrombocytopenia,rare,Blood and lymphatic system disorders
10419,hypersensitivity reaction,rare,Immune system disorders
10419,hypertriglyceridaemia,rare,Metabolism and nutrition disorders
10419,hyperglycaemia,rare,Metabolism and nutrition disorders
10419,irritability,uncommon,Psychiatric disorders
10419,nervousness,uncommon,Psychiatric disorders
10419,restlessness,uncommon,Psychiatric disorders
10419,abnormal dreams,uncommon,Psychiatric disorders
10419,anxiety,uncommon,Psychiatric disorders
10419,mood altered,uncommon,Psychiatric disorders
10419,aggressive behaviour,uncommon,Psychiatric disorders
10419,disorientation,uncommon,Psychiatric disorders
10419,libido increased,uncommon,Psychiatric disorders
10419,depressed mood,uncommon,Psychiatric disorders
10419,depression,uncommon,Psychiatric disorders
10419,headache,uncommon,Nervous system disorders
10419,somnolence,uncommon,Nervous system disorders
10419,migraine,uncommon,Nervous system disorders
10419,lethargy,uncommon,Nervous system disorders
10419,psychomotor hyperactivity,uncommon,Nervous system disorders
10419,dizziness,uncommon,Nervous system disorders
10419,syncope (fainting),rare,Nervous system disorders
10419,memory impairment,rare,Nervous system disorders
10419,restless legs syndrome,rare,Nervous system disorders
10419,disturbance in attention,rare,Nervous system disorders
10419,poor quality sleep,rare,Nervous system disorders
10419,paraesthesia,rare,Nervous system disorders
10419,drowsiness,very rare,Nervous system disorders
10419,sedation,very rare,Nervous system disorders
10419,visual acuity reduced,rare,Eye disorders
10419,vision blurred,rare,Eye disorders
10419,lacrimation increased,rare,Eye disorders
10419,vertigo positional,rare,Ear and labyrinth disorders
10419,vertigo,rare,Ear and labyrinth disorders
10419,angina pectoris,rare,Cardiac disorders
10419,palpitations,rare,Cardiac disorders
10419,hypertension,uncommon,Vascular disorders
10419,hot flushes,uncommon,Vascular disorders
10419,abdominal pain,uncommon,Gastrointestinal disorders
10419,upper abdominal pain,uncommon,Gastrointestinal disorders
10419,dyspepsia,uncommon,Gastrointestinal disorders
10419,oral ulcers,uncommon,Gastrointestinal disorders
10419,dry mouth,uncommon,Gastrointestinal disorders
10419,nausea,uncommon,Gastrointestinal disorders
10419,gastroesophageal reflux disease,rare,Gastrointestinal disorders
10419,gastrointestinal disorder,rare,Gastrointestinal disorders
10419,oral mucosal blistering,rare,Gastrointestinal disorders
10419,tongue ulceration,rare,Gastrointestinal disorders
10419,gastrointestinal upset,rare,Gastrointestinal disorders
10419,vomiting,rare,Gastrointestinal disorders
10419,bowel sounds abnormal,rare,Gastrointestinal disorders
10419,flatulence,rare,Gastrointestinal disorders
10419,salivary hypersecretion,rare,Gastrointestinal disorders
10419,halitosis,rare,Gastrointestinal disorders
10419,gastritis,rare,Gastrointestinal disorders
10419,dermatitis,uncommon,Skin and subcutaneous tissue disorders
10419,night sweats,uncommon,Skin and subcutaneous tissue disorders
10419,pruritus,uncommon,Skin and subcutaneous tissue disorders
10419,rash,uncommon,Skin and subcutaneous tissue disorders
10419,dry skin,uncommon,Skin and subcutaneous tissue disorders
10419,eczema,rare,Skin and subcutaneous tissue disorders
10419,erythema,rare,Skin and subcutaneous tissue disorders
10419,hand dermatitis,rare,Skin and subcutaneous tissue disorders
10419,psoriasis,rare,Skin and subcutaneous tissue disorders
10419,rash generalised,rare,Skin and subcutaneous tissue disorders
10419,rash pruritic,rare,Skin and subcutaneous tissue disorders
10419,nail disorder,rare,Skin and subcutaneous tissue disorders
10419,tongue edema,rare,Skin and subcutaneous tissue disorders
10419,edema of the oral mucosa,rare,Skin and subcutaneous tissue disorders
10419,pain in extremity,uncommon,Musculoskeletal and connective tissue disorders
10419,arthritis,rare,Musculoskeletal and connective tissue disorders
10419,muscle spasms,rare,Musculoskeletal and connective tissue disorders
10419,neck pain,rare,Musculoskeletal and connective tissue disorders
10419,night cramps,rare,Musculoskeletal and connective tissue disorders
10419,glycosuria,rare,Renal and urinary disorders
10419,proteinuria,rare,Renal and urinary disorders
10419,polyuria,rare,Renal and urinary disorders
10419,haematuria,rare,Renal and urinary disorders
10419,menopausal symptoms,uncommon,Reproductive system and breast disorders
10419,priapism,rare,Reproductive system and breast disorders
10419,prostatitis,rare,Reproductive system and breast disorders
10419,galactorrhoea,rare,Reproductive system and breast disorders
10419,chest pain,uncommon,General disorders and administration site conditions
10419,malaise,uncommon,General disorders and administration site conditions
10419,fatigue,uncommon,General disorders and administration site conditions
10419,pain,uncommon,General disorders and administration site conditions
10419,thirst,uncommon,General disorders and administration site conditions
10419,liver function test abnormal,uncommon,Laboratory and other examinations
10419,weight increased,uncommon,Laboratory and other examinations
10419,hepatic enzyme increased,rare,Laboratory and other examinations
10419,blood electrolytes abnormal,rare,Laboratory and other examinations
10419,laboratory test,rare,Laboratory and other examinations
10419,headache,not known,Not specified
10419,hyperactivity,not known,Not specified
10419,abdominal pain,not known,Not specified
10555,Gram positive (mucocutaneous) bacterial infection,very rare,Infections
10555,Thrombocytopenia,common,Blood and lymphatic system disorders
10555,Anaemia,common,Blood and lymphatic system disorders
10555,Thrombocytosis,common,Blood and lymphatic system disorders
10555,red blood cell sedimentation rate increased,common,Blood and lymphatic system disorders
10555,Neutropenia,rare,Blood and lymphatic system disorders
10555,Lymphadenopathy,not known,Blood and lymphatic system disorders
10555,Anaphylactic reactions,rare,Immune system disorders
10555,hypersensitivity,rare,Immune system disorders
10555,allergic skin reaction,rare,Immune system disorders
10555,Diabetes mellitus,very rare,Metabolism and nutrition disorders
10555,hyperuricaemia,very rare,Metabolism and nutrition disorders
10555,Aggressive tendencies,rare,Psychiatric disorders
10555,anxiety,rare,Psychiatric disorders
10555,mood alterations,rare,Psychiatric disorders
10555,Psychotic disorder,rare,Psychiatric disorders
10555,abnormal behaviour,rare,Psychiatric disorders
10555,Depression,rare,Psychiatric disorders
10555,depression aggravated,rare,Psychiatric disorders
10555,suicide,rare,Psychiatric disorders
10555,suicide attempt,rare,Psychiatric disorders
10555,suicidal ideation,rare,Psychiatric disorders
10555,Headache,common,Nervous system disorders
10555,Benign intracranial hypertension,very rare,Nervous system disorders
10555,convulsions,very rare,Nervous system disorders
10555,drowsiness,very rare,Nervous system disorders
10555,dizziness,very rare,Nervous system disorders
10555,Blepharitis,common,Eye disorders
10555,conjunctivitis,common,Eye disorders
10555,dry eye,common,Eye disorders
10555,eye irritation,common,Eye disorders
10555,Papilloedema,very rare,Eye disorders
10555,cataract,very rare,Eye disorders
10555,colour blindness (colour vision deficiencies),very rare,Eye disorders
10555,contact lens intolerance,very rare,Eye disorders
10555,corneal opacity,very rare,Eye disorders
10555,decreased night vision,very rare,Eye disorders
10555,keratitis,very rare,Eye disorders
10555,photophobia,very rare,Eye disorders
10555,visual disturbances,very rare,Eye disorders
10555,blurred vision,very rare,Eye disorders
10555,Hearing impaired,very rare,Ear and labyrinth disorders
10555,Vasculitis,very rare,Vascular disorders
10555,Nasopharyngitis,common,"Respiratory, thoracic and mediastinal disorders"
10555,epistaxis,common,"Respiratory, thoracic and mediastinal disorders"
10555,nasal dryness,common,"Respiratory, thoracic and mediastinal disorders"
10555,Bronchospasm,very rare,"Respiratory, thoracic and mediastinal disorders"
10555,hoarseness,very rare,"Respiratory, thoracic and mediastinal disorders"
10555,Inflammatory bowel disease,very rare,Gastrointestinal disorders
10555,colitis,very rare,Gastrointestinal disorders
10555,ileitis,very rare,Gastrointestinal disorders
10555,pancreatitis,very rare,Gastrointestinal disorders
10555,gastrointestinal haemorrhage,very rare,Gastrointestinal disorders
10555,haemorrhagic diarrhoea,very rare,Gastrointestinal disorders
10555,nausea,very rare,Gastrointestinal disorders
10555,dry throat,very rare,Gastrointestinal disorders
10555,Transaminase increased,common,Hepatobiliary disorders
10555,Hepatitis,very rare,Hepatobiliary disorders
10555,Pruritus,common,Skin and subcutaneous tissues disorders
10555,rash erythematous,common,Skin and subcutaneous tissues disorders
10555,dermatitis,common,Skin and subcutaneous tissues disorders
10555,cheilitis,common,Skin and subcutaneous tissues disorders
10555,dry skin,common,Skin and subcutaneous tissues disorders
10555,localised exfoliation,common,Skin and subcutaneous tissues disorders
10555,skin fragility (risk of frictional trauma),common,Skin and subcutaneous tissues disorders
10555,Alopecia,rare,Skin and subcutaneous tissues disorders
10555,Acne fulminans,very rare,Skin and subcutaneous tissues disorders
10555,acne aggravated (acne flare),very rare,Skin and subcutaneous tissues disorders
10555,erythema (facial),very rare,Skin and subcutaneous tissues disorders
10555,exanthema,very rare,Skin and subcutaneous tissues disorders
10555,hair disorders,very rare,Skin and subcutaneous tissues disorders
10555,hirsutism,very rare,Skin and subcutaneous tissues disorders
10555,nail dystrophy,very rare,Skin and subcutaneous tissues disorders
10555,paronychia,very rare,Skin and subcutaneous tissues disorders
10555,photosensitivity reaction,very rare,Skin and subcutaneous tissues disorders
10555,pyogenic granuloma,very rare,Skin and subcutaneous tissues disorders
10555,skin hyperpigmentation,very rare,Skin and subcutaneous tissues disorders
10555,sweating increased,very rare,Skin and subcutaneous tissues disorders
10555,Erythema multiforme,very rare,Skin and subcutaneous tissues disorders
10555,Stevens-Johnson Syndrome,very rare,Skin and subcutaneous tissues disorders
10555,toxic epidermal necrolysis,very rare,Skin and subcutaneous tissues disorders
10555,Arthralgia,common,Musculo-skeletal and connective tissue disorders
10555,myalgia,common,Musculo-skeletal and connective tissue disorders
10555,back pain,common,Musculo-skeletal and connective tissue disorders
10555,Arthritis,rare,Musculo-skeletal and connective tissue disorders
10555,calcinosis (calcification of ligaments and tendons),rare,Musculo-skeletal and connective tissue disorders
10555,epiphyses premature fusion,rare,Musculo-skeletal and connective tissue disorders
10555,exostosis,rare,Musculo-skeletal and connective tissue disorders
10555,hyperostosis,rare,Musculo-skeletal and connective tissue disorders
10555,reduced bone density,rare,Musculo-skeletal and connective tissue disorders
10555,tendonitis,rare,Musculo-skeletal and connective tissue disorders
10555,Rhabdomyolysis,very rare,Musculo-skeletal and connective tissue disorders
10555,sacroiliitis,very rare,Musculo-skeletal and connective tissue disorders
10555,Glomerulonephritis,very rare,Renal and urinary disorders
10555,Urethritis,very rare,Renal and urinary disorders
10555,Sexual dysfunction including erectile dysfunction and decreased libido,very rare,Reproductive system and breast disorders
10555,gynaecomastia,very rare,Reproductive system and breast disorders
10555,vulvovaginal dryness,very rare,Reproductive system and breast disorders
10555,orgasm abnormal,very rare,Reproductive system and breast disorders
10555,genital hypoaesthesia,very rare,Reproductive system and breast disorders
10555,Granulation tissue (increased formation of),very rare,General disorders and administration site conditions
10555,malaise,very rare,General disorders and administration site conditions
10555,Blood triglycerides increased,common,Investigations
10555,high density lipoprotein decreased,common,Investigations
10555,Blood cholesterol increased,common,Investigations
10555,blood glucose increased,common,Investigations
10555,haematuria,rare,Investigations
10555,proteinuria,rare,Investigations
10555,Blood creatine phosphokinase increased,very rare,Investigations
10560,infusion site erythema,common,General disorders and administration site conditions
10560,infusion site pain,common,General disorders and administration site conditions
10560,fatigue,common,General disorders and administration site conditions
10560,back pain,common,Musculoskeletal and connective tissue disorders
10560,Hypersensitivity or allergic reactions,rare,Not known
10560,angioedema,rare,Not known
10560,burning and stinging at the infusion site,rare,Not known
10560,chills,rare,Not known
10560,flushing,rare,Not known
10560,generalised urticaria,rare,Not known
10560,headache,rare,Not known
10560,hives,rare,Not known
10560,hypotension,rare,Not known
10560,lethargy,rare,Not known
10560,nausea,rare,Not known
10560,restlessness,rare,Not known
10560,tachycardia,rare,Not known
10560,tightness of the chest,rare,Not known
10560,tingling,rare,Not known
10560,vomiting,rare,Not known
10560,wheezing,rare,Not known
10560,severe anaphylaxis,rare,Not known
10560,shock,rare,Not known
10560,Hypersensitivity reactions,not known,Not known
10560,allergic reactions,not known,Not known
10560,anaphylaxis,not known,Not known
10755,Nasopharyngitis,common,Infections and infestations
10755,Neutropenia,uncommon,Blood and lymphatic system disorders
10755,Hypersensitivity,uncommon,Immune system disorders
10755,Angioedema,rare,Immune system disorders
10755,allergic reaction,rare,Immune system disorders
10755,Appetite increased,common,Metabolism and nutrition disorders
10755,Anorexia,uncommon,Metabolism and nutrition disorders
10755,hypoglycaemia,uncommon,Metabolism and nutrition disorders
10755,Euphoric mood,common,Psychiatric disorders
10755,confusion,common,Psychiatric disorders
10755,irritability,common,Psychiatric disorders
10755,disorientation,common,Psychiatric disorders
10755,insomnia,common,Psychiatric disorders
10755,libido decreased,common,Psychiatric disorders
10755,Hallucination,uncommon,Psychiatric disorders
10755,panic attack,uncommon,Psychiatric disorders
10755,restlessness,uncommon,Psychiatric disorders
10755,agitation,uncommon,Psychiatric disorders
10755,depression,uncommon,Psychiatric disorders
10755,depressed mood,uncommon,Psychiatric disorders
10755,elevated mood,uncommon,Psychiatric disorders
10755,aggression,uncommon,Psychiatric disorders
10755,mood swings,uncommon,Psychiatric disorders
10755,depersonalisation,uncommon,Psychiatric disorders
10755,word finding difficulty,uncommon,Psychiatric disorders
10755,abnormal dreams,uncommon,Psychiatric disorders
10755,libido increased,uncommon,Psychiatric disorders
10755,anorgasmia,uncommon,Psychiatric disorders
10755,apathy,uncommon,Psychiatric disorders
10755,Disinhibition,rare,Psychiatric disorders
10755,suicidal behavior,rare,Psychiatric disorders
10755,suicidal ideation,rare,Psychiatric disorders
10755,Drug dependence,not known,Psychiatric disorders
10755,Dizziness,very common,Nervous system disorders
10755,somnolence,very common,Nervous system disorders
10755,headache,very common,Nervous system disorders
10755,Ataxia,common,Nervous system disorders
10755,coordination abnormal,common,Nervous system disorders
10755,tremor,common,Nervous system disorders
10755,dysarthria,common,Nervous system disorders
10755,amnesia,common,Nervous system disorders
10755,memory impairment,common,Nervous system disorders
10755,disturbance in attention,common,Nervous system disorders
10755,paraesthesia,common,Nervous system disorders
10755,hypoaesthesia,common,Nervous system disorders
10755,sedation,common,Nervous system disorders
10755,balance disorder,common,Nervous system disorders
10755,lethargy,common,Nervous system disorders
10755,Syncope,uncommon,Nervous system disorders
10755,stupor,uncommon,Nervous system disorders
10755,myoclonus,uncommon,Nervous system disorders
10755,loss of consciousness,uncommon,Nervous system disorders
10755,psychomotor hyperactivity,uncommon,Nervous system disorders
10755,dyskinesia,uncommon,Nervous system disorders
10755,dizziness postural,uncommon,Nervous system disorders
10755,intention tremor,uncommon,Nervous system disorders
10755,nystagmus,uncommon,Nervous system disorders
10755,cognitive disorder,uncommon,Nervous system disorders
10755,mental impairment,uncommon,Nervous system disorders
10755,speech disorder,uncommon,Nervous system disorders
10755,hyporeflexia,uncommon,Nervous system disorders
10755,hyperaesthesia,uncommon,Nervous system disorders
10755,burning sensation,uncommon,Nervous system disorders
10755,ageusia,uncommon,Nervous system disorders
10755,malaise,uncommon,Nervous system disorders
10755,Convulsions,rare,Nervous system disorders
10755,parosmia,rare,Nervous system disorders
10755,hypokinesia,rare,Nervous system disorders
10755,dysgraphia,rare,Nervous system disorders
10755,parkinsonism,rare,Nervous system disorders
10755,Vision blurred,common,Eye disorders
10755,diplopia,common,Eye disorders
10755,Peripheral vision loss,uncommon,Eye disorders
10755,visual disturbance,uncommon,Eye disorders
10755,eye swelling,uncommon,Eye disorders
10755,visual field defect,uncommon,Eye disorders
10755,visual acuity reduced,uncommon,Eye disorders
10755,eye pain,uncommon,Eye disorders
10755,asthenopia,uncommon,Eye disorders
10755,photopsia,uncommon,Eye disorders
10755,dry eye,uncommon,Eye disorders
10755,lacrimation increased,uncommon,Eye disorders
10755,eye irritation,uncommon,Eye disorders
10755,Vision loss,rare,Eye disorders
10755,keratitis,rare,Eye disorders
10755,oscillopsia,rare,Eye disorders
10755,altered visual depth perception,rare,Eye disorders
10755,mydriasis,rare,Eye disorders
10755,strabismus,rare,Eye disorders
10755,visual brightness,rare,Eye disorders
10755,Vertigo,common,Ear and labyrinth disorders
10755,Hyperacusis,uncommon,Ear and labyrinth disorders
10755,Tachycardia,uncommon,Cardiac disorders
10755,atrioventricular block first degree,uncommon,Cardiac disorders
10755,sinus bradycardia,uncommon,Cardiac disorders
10755,congestive heart failure,uncommon,Cardiac disorders
10755,QT prolongation,rare,Cardiac disorders
10755,sinus tachycardia,rare,Cardiac disorders
10755,sinus arrhythmia,rare,Cardiac disorders
10755,Hypotension,uncommon,Vascular disorders
10755,hypertension,uncommon,Vascular disorders
10755,hot flushes,uncommon,Vascular disorders
10755,flushing,uncommon,Vascular disorders
10755,peripheral coldness,uncommon,Vascular disorders
10755,Dyspnoea,uncommon,"Respiratory, thoracic and mediastinal disorders"
10755,epistaxis,uncommon,"Respiratory, thoracic and mediastinal disorders"
10755,cough,uncommon,"Respiratory, thoracic and mediastinal disorders"
10755,nasal congestion,uncommon,"Respiratory, thoracic and mediastinal disorders"
10755,rhinitis,uncommon,"Respiratory, thoracic and mediastinal disorders"
10755,snoring,uncommon,"Respiratory, thoracic and mediastinal disorders"
10755,nasal dryness,uncommon,"Respiratory, thoracic and mediastinal disorders"
10755,Pulmonary oedema,rare,"Respiratory, thoracic and mediastinal disorders"
10755,throat tightness,rare,"Respiratory, thoracic and mediastinal disorders"
10755,Respiratory depression,not known,"Respiratory, thoracic and mediastinal disorders"
10755,Vomiting,common,Gastrointestinal disorders
10755,nausea,common,Gastrointestinal disorders
10755,constipation,common,Gastrointestinal disorders
10755,diarrhoea,common,Gastrointestinal disorders
10755,flatulence,common,Gastrointestinal disorders
10755,abdominal distension,common,Gastrointestinal disorders
10755,dry mouth,common,Gastrointestinal disorders
10755,Gastrooesophageal reflux disease,uncommon,Gastrointestinal disorders
10755,salivary hypersecretion,uncommon,Gastrointestinal disorders
10755,hypoaesthesia oral,uncommon,Gastrointestinal disorders
10755,Ascites,rare,Gastrointestinal disorders
10755,pancreatitis,rare,Gastrointestinal disorders
10755,swollen tongue,rare,Gastrointestinal disorders
10755,dysphagia,rare,Gastrointestinal disorders
10755,Elevated liver enzymes,uncommon,Hepatobiliary disorders
10755,Jaundice,rare,Hepatobiliary disorders
10755,Hepatic failure,very rare,Hepatobiliary disorders
10755,hepatitis,very rare,Hepatobiliary disorders
10755,Rash papular,uncommon,Skin and subcutaneous tissue disorders
10755,urticaria,uncommon,Skin and subcutaneous tissue disorders
10755,hyperhidrosis,uncommon,Skin and subcutaneous tissue disorders
10755,pruritus,uncommon,Skin and subcutaneous tissue disorders
10755,Toxic epidermal necrolysis,rare,Skin and subcutaneous tissue disorders
10755,Stevens Johnson syndrome,rare,Skin and subcutaneous tissue disorders
10755,cold sweat,rare,Skin and subcutaneous tissue disorders
10755,Muscle cramp,common,Musculoskeletal and connective tissue disorders
10755,arthralgia,common,Musculoskeletal and connective tissue disorders
10755,back pain,common,Musculoskeletal and connective tissue disorders
10755,pain in limb,common,Musculoskeletal and connective tissue disorders
10755,cervical spasm,common,Musculoskeletal and connective tissue disorders
10755,Joint swelling,uncommon,Musculoskeletal and connective tissue disorders
10755,myalgia,uncommon,Musculoskeletal and connective tissue disorders
10755,muscle twitching,uncommon,Musculoskeletal and connective tissue disorders
10755,neck pain,uncommon,Musculoskeletal and connective tissue disorders
10755,muscle stiffness,uncommon,Musculoskeletal and connective tissue disorders
10755,Rhabdomyolysis,rare,Musculoskeletal and connective tissue disorders
10755,Urinary incontinence,uncommon,Renal and urinary disorders
10755,dysuria,uncommon,Renal and urinary disorders
10755,Renal failure,rare,Renal and urinary disorders
10755,oliguria,rare,Renal and urinary disorders
10755,urinary retention,rare,Renal and urinary disorders
10755,Erectile dysfunction,common,Reproductive system and breast disorders
10755,Sexual dysfunction,uncommon,Reproductive system and breast disorders
10755,ejaculation delayed,uncommon,Reproductive system and breast disorders
10755,dysmenorrhoea,uncommon,Reproductive system and breast disorders
10755,breast pain,uncommon,Reproductive system and breast disorders
10755,Amenorrhoea,rare,Reproductive system and breast disorders
10755,breast discharge,rare,Reproductive system and breast disorders
10755,breast enlargement,rare,Reproductive system and breast disorders
10755,gynaecomastia,rare,Reproductive system and breast disorders
10755,Oedema peripheral,common,General disorders and administration site conditions
10755,oedema,common,General disorders and administration site conditions
10755,gait abnormal,common,General disorders and administration site conditions
10755,fall,common,General disorders and administration site conditions
10755,feeling drunk,common,General disorders and administration site conditions
10755,feeling abnormal,common,General disorders and administration site conditions
10755,fatigue,common,General disorders and administration site conditions
10755,Generalised oedema,uncommon,General disorders and administration site conditions
10755,face oedema,uncommon,General disorders and administration site conditions
10755,chest tightness,uncommon,General disorders and administration site conditions
10755,pain,uncommon,General disorders and administration site conditions
10755,pyrexia,uncommon,General disorders and administration site conditions
10755,thirst,uncommon,General disorders and administration site conditions
10755,chills,uncommon,General disorders and administration site conditions
10755,asthenia,uncommon,General disorders and administration site conditions
10755,Weight increased,common,Investigations
10755,Blood creatine phosphokinase increased,uncommon,Investigations
10755,blood glucose increased,uncommon,Investigations
10755,platelet count decreased,uncommon,Investigations
10755,blood creatinine increased,uncommon,Investigations
10755,blood potassium decreased,uncommon,Investigations
10755,weight decreased,uncommon,Investigations
10755,White blood cell count decreased,rare,Investigations
11053,somnolence,very common,not known
11053,weight gain,very common,Metabolism and nutrition disorders
11053,eosinophilia,common,Blood and the lymphatic system disorders
11053,elevated prolactin,common,not known
11053,cholesterol,common,Metabolism and nutrition disorders
11053,glucose,common,Metabolism and nutrition disorders
11053,triglyceride levels,common,Metabolism and nutrition disorders
11053,glucosuria,uncommon,not known
11053,increased appetite,uncommon,Metabolism and nutrition disorders
11053,dizziness,uncommon,Nervous system disorders
11053,akathisia,uncommon,Nervous system disorders
11053,parkinsonism,uncommon,Nervous system disorders
11053,dyskinesia,uncommon,Nervous system disorders
11053,orthostatic hypotension,uncommon,Vascular disorders
11053,anticholinergic effects,uncommon,not known
11053,transient asymptomatic elevations of hepatic aminotransferases,uncommon,Hepatobiliary disorders
11053,rash,uncommon,Skin and subcutaneous tissue disorders
11053,asthenia,uncommon,General disorders and administration site conditions
11053,fatigue,uncommon,General disorders and administration site conditions
11053,pyrexia,uncommon,General disorders and administration site conditions
11053,arthralgia,uncommon,Musculoskeletal and connective tissue disorders
11053,increased alkaline phosphatase,uncommon,Investigations
11053,high gamma glutamyltransferase,uncommon,Investigations
11053,high uric acid,uncommon,Investigations
11053,high creatine phosphokinase,uncommon,Investigations
11053,oedema,uncommon,General disorders and administration site conditions
11053,leukopenia,common,Blood and the lymphatic system disorders
11053,neutropenia,common,Blood and the lymphatic system disorders
11053,thrombocytopenia,rare,Blood and the lymphatic system disorders
11053,hypersensitivity,rare,Immune system disorders
11053,Development or exacerbation of diabetes,rare,Metabolism and nutrition disorders
11053,hypothermia,rare,Metabolism and nutrition disorders
11053,seizures,rare,Nervous system disorders
11053,dystonia,rare,Nervous system disorders
11053,tardive dyskinesia,rare,Nervous system disorders
11053,amnesia,rare,Nervous system disorders
11053,dysarthria,rare,Nervous system disorders
11053,stuttering,rare,Nervous system disorders
11053,restless legs syndrome,rare,Nervous system disorders
11053,neuroleptic malignant syndrome,rare,Nervous system disorders
11053,discontinuation symptoms,rare,not known
11053,bradycardia,rare,Cardiac disorders
11053,QT c prolongation,rare,Cardiac disorders
11053,ventricular tachycardia/fibrillation,rare,Cardiac disorders
11053,sudden death,rare,Cardiac disorders
11053,thromboembolism,rare,Vascular disorders
11053,epistaxis,rare,"Respiratory, thoracic and mediastinal disorders"
11053,"mild, transient anticholinergic effects",rare,Gastrointestinal disorders
11053,abdominal distension,rare,Gastrointestinal disorders
11053,salivary hypersecretion,rare,Gastrointestinal disorders
11053,pancreatitis,rare,Gastrointestinal disorders
11053,hepatitis,rare,Hepatobiliary disorders
11053,photosensitivity reaction,rare,Skin and subcutaneous tissue disorders
11053,alopecia,rare,Skin and subcutaneous tissue disorders
11053,Drug Reaction with Eosinophilia and Systemic Symptoms (DRESS),rare,not known
11053,rhabdomyolysis,rare,Musculoskeletal and connective tissue disorders
11053,urinary incontinence,rare,Renal and urinary disorders
11053,urinary retention,rare,Renal and urinary disorders
11053,urinary hesitation,rare,Renal and urinary disorders
11053,Drug withdrawal syndrome neonatal,rare,"Pregnancy, puerperium and perinatal conditions"
11053,erectile dysfunction,rare,Reproductive system and breast disorders
11053,decreased libido,rare,Reproductive system and breast disorders
11053,amenorrhea,rare,Reproductive system and breast disorders
11053,breast enlargement,rare,Reproductive system and breast disorders
11053,galactorrhea,rare,Reproductive system and breast disorders
11053,gynecomastia/breast enlargement,rare,Reproductive system and breast disorders
11053,priapism,rare,Reproductive system and breast disorders
11053,elevated plasma prolactin levels,uncommon,Investigations
11053,increased total bilirubin,rare,Investigations
11053,abnormal gait,very common,not known
11053,falls,very common,not known
11053,pneumonia,common,not known
11053,increased body temperature,common,not known
11053,lethargy,common,not known
11053,erythema,common,not known
11053,visual hallucinations,common,not known
11053,worsening of Parkinsonian symptomatology,very common,Nervous system disorders
11053,hallucinations,very common,not known
11509,anaphylactic reaction,not known,Immune system disorders
11509,angioedema,not known,Immune system disorders
11509,skin reactions,not known,Immune system disorders
11509,urticaria,not known,Immune system disorders
11509,rash,not known,Immune system disorders
11509,hypotension,common,Cardiac Disorders
11509,ST segment depression,common,Cardiac Disorders
11509,sustained ventricular tachycardia,common,Cardiac Disorders
11509,non-sustained ventricular tachycardia,common,Cardiac Disorders
11509,AV block,common,Cardiac Disorders
11509,bradycardia,uncommon,Cardiac Disorders
11509,asystole,not known,Cardiac Disorders
11509,Cardiac arrest,not known,Cardiac Disorders
11509,sinus tachycardia,not known,Cardiac Disorders
11509,atrial fibrillation,not known,Cardiac Disorders
11509,ventricular fibrillation,not known,Cardiac Disorders
11509,Arteriospasm coronary,not known,Cardiac Disorders
11509,myocardial infarction,not known,Cardiac Disorders
11509,headache,very common,Nervous system disorders
11509,dizziness,common,Nervous system disorders
11509,light-headedness,common,Nervous system disorders
11509,paraesthesia,common,Nervous system disorders
11509,tremor,rare,Nervous system disorders
11509,drowsiness,rare,Nervous system disorders
11509,loss of consciousness,not known,Nervous system disorders
11509,syncope,not known,Nervous system disorders
11509,convulsions,not known,Nervous system disorders
11509,blurred vision,rare,Eye disorders
11509,tinnitus,rare,Ear and labyrinth disorders
11509,dyspnea,very common,"Respiratory, thoracic and mediastinal disorders"
11509,bronchospasm,rare,"Respiratory, thoracic and mediastinal disorders"
11509,nasal congestion,rare,"Respiratory, thoracic and mediastinal disorders"
11509,respiratory failure,very rare,"Respiratory, thoracic and mediastinal disorders"
11509,apnea,not known,"Respiratory, thoracic and mediastinal disorders"
11509,respiratory arrest,not known,"Respiratory, thoracic and mediastinal disorders"
11509,abdominal discomfort,very common,Gastro-intestinal disorders
11509,dry mouth,common,Gastro-intestinal disorders
11509,metallic taste,uncommon,Gastro-intestinal disorders
11509,nausea,not known,Gastro-intestinal disorders
11509,vomiting,not known,Gastro-intestinal disorders
11509,urinary urgency,rare,Renal and Urinary disorders
11509,flushing,very common,Vascular disorders
11509,discomfort in the leg,uncommon,General disorders and administration site conditions
11509,discomfort in the arm,uncommon,General disorders and administration site conditions
11509,discomfort in the back,uncommon,General disorders and administration site conditions
11509,feeling of general discomfort,uncommon,General disorders and administration site conditions
11509,weakness,uncommon,General disorders and administration site conditions
11509,pain,uncommon,General disorders and administration site conditions
11509,injection site reactions,very rare,General disorders and administration site conditions
11509,nipple discomfort,rare,Reproductive system and breast disorders
11509,nervousness,uncommon,Psychiatric disorders
11509,chest pain or pressure,very common,General disorders and administration site conditions
11509,feeling of thoracic constriction/oppression,very common,General disorders and administration site conditions
11509,throat discomfort,common,General disorders and administration site conditions
11509,neck discomfort,common,General disorders and administration site conditions
11509,jaw discomfort,common,General disorders and administration site conditions
11509,sweating,uncommon,General disorders and administration site conditions
11906,Nasopharyngitis,very common,Infections and infestations
11906,Pharyngitis,common,Infections and infestations
11906,Viral respiratory tract infection,common,Infections and infestations
11906,Urinary tract infection,common,Infections and infestations
11906,Herpes zoster,common,Infections and infestations
11906,Herpes simplex,common,Infections and infestations
11906,Progressive multifocal leukoencephalopathy,rare,Infections and infestations
11906,Lymphopenia,very common,Blood and lymphatic system disorders
11906,Hypersensitivity,uncommon,Immune system disorders
11906,Headache,common,Nervous system disorders
11906,Macular oedema,uncommon,Eye disorders
11906,Bradycardia,common,Cardiac disorders
11906,Hypertension,common,Vascular disorders
11906,Orthostatic hypotension,common,Vascular disorders
11906,Alanine aminotransferase increased,common,Hepatobiliary disorders
11906,Gamma-glutamyl transferase increased,common,Hepatobiliary disorders
11906,Blood bilirubin increased,common,Hepatobiliary disorders
11906,Liver injury,rare,Hepatobiliary disorders
11906,Peripheral oedema,common,General disorders and administration site conditions
11906,Pulmonary function test abnormal,common,Investigations
11906,Serious opportunistic infections,not known,not known
11906,Transient bradycardia,not known,not known
13261,dizziness,common,Nervous system disorders
13261,fatigue,common,General disorders and administration site conditions
13261,dyspnoea,common,Cardiac disorders
13261,headache,common,Nervous system disorders
13261,fever,common,General disorders and administration site conditions
13261,excessive bradycardia,common,Cardiac disorders
13261,hypotension,common,Cardiac disorders
13261,Bradycardia,common,Cardiac disorders
13261,chest pain,common,Cardiac disorders
13261,palpitations,common,Cardiac disorders
13261,oedema,common,Cardiac disorders
13261,ECG abnormalities,common,Cardiac disorders
13261,arrhythmia,common,Cardiac disorders
13261,syncope,common,Cardiac disorders
13261,cardiac failure,common,Cardiac disorders
13261,presyncope,common,Cardiac disorders
13261,Rash,common,Skin and subcutaneous tissue disorders
13261,Alopecia,not known,Skin and subcutaneous tissue disorders
13261,Hyperhidrosis,not known,Skin and subcutaneous tissue disorders
13261,Thrombocytopenia,not known,Blood and lymphatic system disorders
13261,Nausea,common,Gastro-intestinal disorders
13261,vomiting,common,Gastro-intestinal disorders
13261,diarrhoea,common,Gastro-intestinal disorders
13261,dyspepsia,common,Gastro-intestinal disorders
13261,abdominal pain,common,Gastro-intestinal disorders
13261,flatulence,common,Gastro-intestinal disorders
13261,Muscle spasms,common,"Musculoskeletal, connective tissue and bone disorders"
13261,Asthenia,common,Nervous system disorders
13261,light-headedness,common,Nervous system disorders
13261,paraesthesia,common,Nervous system disorders
13261,dysgeusia,common,Nervous system disorders
13261,Sleep disorder,common,Psychiatric disorders
13261,mood altered,common,Psychiatric disorders
13261,depression,common,Psychiatric disorders
13261,anxiety,common,Psychiatric disorders
13261,Sexual dysfunction,common,Reproductive system and breast disorders
13261,Visual disturbances,common,Eye disorders
13261,Hearing disturbances,common,Ear and labyrinth disorders
13261,Pyrexia,common,General disorders and administration site conditions
13261,torsades de pointes,not known,Cardiac disorders
13261,Proarrythmia,common,Cardiac disorders
13261,Fatigue,common,General disorders and administration site conditions
13261,Bradycardia (<50 bpm),common,Cardiac disorders
13261,Dyspnoea,common,Cardiac disorders
13261,Asthenia,common,Nervous system disorders
13261,Dizziness,common,Nervous system disorders
13261,Cold and cyanotic extremities,not known,Not applicable
13261,Raynaud's phenomenon,not known,Not applicable
13261,increase in existing intermittent claudication,not known,Not applicable
13261,dry eyes,not known,Not applicable
13596,Congenital malformations and developmental disorders,not known,Not Applicable
13596,liver injury,common,Hepatobiliary disorders
13596,Severe liver damage,common,Hepatobiliary disorders
13596,hepatic failure,common,Hepatobiliary disorders
13596,increased liver enzymes,common,Hepatobiliary disorders
13596,nausea,very common,Gastrointestinal disorders
13596,vomiting,common,Gastrointestinal disorders
13596,gingival disorder,common,Gastrointestinal disorders
13596,gingival hyperplasia,common,Gastrointestinal disorders
13596,stomatitis,common,Gastrointestinal disorders
13596,gastralgia,common,Gastrointestinal disorders
13596,diarrhoea,common,Gastrointestinal disorders
13596,pancreatitis,uncommon,Gastrointestinal disorders
13596,tremor,very common,Nervous system disorders
13596,extrapyramidal disorder,common,Nervous system disorders
13596,stupor,common,Nervous system disorders
13596,somnolence,common,Nervous system disorders
13596,convulsion,common,Nervous system disorders
13596,memory impairment,common,Nervous system disorders
13596,headache,common,Nervous system disorders
13596,nystagmus,common,Nervous system disorders
13596,dizziness,common,Nervous system disorders
13596,coma,uncommon,Nervous system disorders
13596,encephalopathy,uncommon,Nervous system disorders
13596,lethargy,uncommon,Nervous system disorders
13596,reversible parkinsonism,uncommon,Nervous system disorders
13596,ataxia,uncommon,Nervous system disorders
13596,paraesthesia,uncommon,Nervous system disorders
13596,aggravated convulsions,uncommon,Nervous system disorders
13596,reversible dementia,rare,Nervous system disorders
13596,reversible cerebral atrophy,rare,Nervous system disorders
13596,cognitive disorder,rare,Nervous system disorders
13596,sedation,rare,Nervous system disorders
13596,hallucinations,rare,Psychiatric disorders
13596,confusional state,common,Psychiatric disorders
13596,aggression,common,Psychiatric disorders
13596,agitation,common,Psychiatric disorders
13596,disturbance in attention,common,Psychiatric disorders
13596,abnormal behaviour,rare,Psychiatric disorders
13596,psychomotor hyperactivity,rare,Psychiatric disorders
13596,learning disorder,rare,Psychiatric disorders
13596,hyponatraemia,common,Metabolic and nutrition disorders
13596,weight increased,common,Metabolic and nutrition disorders
13596,hyperammonaemia,rare,Metabolic and nutrition disorders
13596,obesity,rare,Metabolic and nutrition disorders
13596,hypocarnitinaemia,not known,Metabolic and nutrition disorders
13596,Syndrome of Inappropriate Secretion of ADH (SIADH),uncommon,Endocrine disorders
13596,hyperandrogenism,uncommon,Endocrine disorders
13596,hirsutism,uncommon,Endocrine disorders
13596,virilism,uncommon,Endocrine disorders
13596,acne,uncommon,Endocrine disorders
13596,male pattern alopecia,uncommon,Endocrine disorders
13596,androgen increase,uncommon,Endocrine disorders
13596,hypothyroidism,rare,Endocrine disorders
13596,anaemia,common,Blood and lymphatic system disorders
13596,thrombocytopenia,common,Blood and lymphatic system disorders
13596,pancytopenia,uncommon,Blood and lymphatic system disorders
13596,leucopenia,uncommon,Blood and lymphatic system disorders
13596,bone marrow failure,rare,Blood and lymphatic system disorders
13596,pure red cell aplasia,rare,Blood and lymphatic system disorders
13596,agranulocytosis,rare,Blood and lymphatic system disorders
13596,anaemia macrocytic,rare,Blood and lymphatic system disorders
13596,macrocytosis,rare,Blood and lymphatic system disorders
13596,hypersensitivity,common,Skin and subcutaneous tissue disorders
13596,transient and/or dose related alopecia,common,Skin and subcutaneous tissue disorders
13596,nail and nail bed disorders,common,Skin and subcutaneous tissue disorders
13596,angioedema,uncommon,Skin and subcutaneous tissue disorders
13596,rash,uncommon,Skin and subcutaneous tissue disorders
13596,hair disorder,uncommon,Skin and subcutaneous tissue disorders
13596,abnormal hair texture,uncommon,Skin and subcutaneous tissue disorders
13596,hair colour changes,uncommon,Skin and subcutaneous tissue disorders
13596,abnormal hair growth,uncommon,Skin and subcutaneous tissue disorders
13596,toxic epidermal necrolysis,rare,Skin and subcutaneous tissue disorders
13596,Stevens-Johnson syndrome,rare,Skin and subcutaneous tissue disorders
13596,erythema multiforme,rare,Skin and subcutaneous tissue disorders
13596,Drug Rash with Eosinophilia and Systemic Symptoms (DRESS) syndrome,rare,Skin and subcutaneous tissue disorders
13596,dysmenorrhea,common,Reproductive system and breast disorders
13596,amenorrhea,uncommon,Reproductive system and breast disorders
13596,polycystic ovaries,rare,Reproductive system and breast disorders
13596,male infertility,rare,Reproductive system and breast disorders
13596,gynaecomastia,very rarely,Reproductive system and breast disorders
13596,haemorrhage,common,Vascular disorders
13596,vasculitis,uncommon,Vascular disorders
13596,diplopia,rare,Eye disorders
13596,deafness,common,Ear and labyrinth disorders
13596,urinary incontinence,common,Renal and urinary disorders
13596,renal failure,uncommon,Renal and urinary disorders
13596,enuresis,rare,Renal and urinary disorders
13596,tubulointerstitial nephritis,rare,Renal and urinary disorders
13596,reversible Fanconi syndrome,rare,Renal and urinary disorders
13596,hypothermia,uncommon,General disorders and administration site conditions
13596,non-severe peripheral oedema,uncommon,General disorders and administration site conditions
13596,bone mineral density decreased,uncommon,Musculoskeletal and connective tissue disorders
13596,osteopenia,uncommon,Musculoskeletal and connective tissue disorders
13596,osteoporosis,uncommon,Musculoskeletal and connective tissue disorders
13596,fractures,uncommon,Musculoskeletal and connective tissue disorders
13596,systemic lupus erythematosus,rare,Musculoskeletal and connective tissue disorders
13596,rhabdomyolysis,rare,Musculoskeletal and connective tissue disorders
13596,pleural effusion,uncommon,"Respiratory, thoracic and mediastinal disorder"
13596,coagulation factors decreased,rare,Investigations
13596,abnormal coagulation tests,rare,Investigations
13596,myelodysplastic syndrome,rare,"Neoplasms benign, malignant and unspecified"
13596,acquired Pelger-Huet anomaly,unknown,"Neoplasms benign, malignant and unspecified"
13659,psychiatric disorders,not known,Psychiatric disorders
13659,nervous system disorders,not known,Nervous system disorders
13659,gastrointestinal disorders,not known,Gastrointestinal disorders
13659,Severe skin reactions,not known,Skin and subcutaneous tissue disorders
13659,Stevens-Johnson syndrome,not known,Skin and subcutaneous tissue disorders
13659,erythema multiforme,not known,Skin and subcutaneous tissue disorders
13659,neuropsychiatric adverse reactions,not known,Psychiatric disorders
13659,severe depression,not known,Psychiatric disorders
13659,death by suicide,not known,Psychiatric disorders
13659,psychosis-like behaviour,not known,Psychiatric disorders
13659,seizures,not known,Nervous system disorders
13659,severe hepatic events,not known,Hepatobiliary disorders
13659,pancreatitis,not known,Gastrointestinal disorders
13659,lactic acidosis,not known,Metabolism and nutrition disorders
13659,renal impairment,rare,Renal and urinary disorders
13659,renal failure,rare,Renal and urinary disorders
13659,proximal renal tubulopathy,uncommon,Renal and urinary disorders
13659,Fanconi syndrome,uncommon,Renal and urinary disorders
13659,bone abnormalities,not known,Musculoskeletal and connective tissue disorders
13659,fractures,not known,Musculoskeletal and connective tissue disorders
13659,severe acute exacerbations of hepatitis,not known,Hepatobiliary disorders
13659,anorexia,common,Gastrointestinal disorders
13659,dry mouth,uncommon,Nervous system disorders
13659,increased appetite,uncommon,Gastrointestinal disorders
13659,libido decreased,uncommon,Reproductive system and breast disorders
13659,myalgia,uncommon,Musculoskeletal and connective tissue disorders
13659,neutropenia,common,Blood and lymphatic system disorders
13659,anaemia,uncommon,Blood and lymphatic system disorders
13659,allergic reaction,common,Immune system disorders
13659,hypersensitivity,uncommon,Immune system disorders
13659,hypophosphataemia,very common,Metabolism and nutrition disorders
13659,hypertriglyceridaemia,common,Metabolism and nutrition disorders
13659,hyperglycaemia,common,Metabolism and nutrition disorders
13659,hypercholesterolaemia,uncommon,Metabolism and nutrition disorders
13659,hypokalaemia,uncommon,Metabolism and nutrition disorders
13659,lactic acidosis,rare,Metabolism and nutrition disorders
13659,depression,common,Psychiatric disorders
13659,anxiety,common,Psychiatric disorders
13659,abnormal dreams,common,Psychiatric disorders
13659,insomnia,common,Psychiatric disorders
13659,suicide attempt,uncommon,Psychiatric disorders
13659,suicide ideation,uncommon,Psychiatric disorders
13659,psychosis,uncommon,Psychiatric disorders
13659,mania,uncommon,Psychiatric disorders
13659,paranoia,uncommon,Psychiatric disorders
13659,hallucination,uncommon,Psychiatric disorders
13659,euphoric mood,uncommon,Psychiatric disorders
13659,affect lability,uncommon,Psychiatric disorders
13659,confusional state,uncommon,Psychiatric disorders
13659,catatonia,uncommon,Psychiatric disorders
13659,aggression,uncommon,Psychiatric disorders
13659,completed suicide,rare,Psychiatric disorders
13659,delusion,rare,Psychiatric disorders
13659,neurosis,rare,Psychiatric disorders
13659,headache,very common,Nervous system disorders
13659,dizziness,very common,Nervous system disorders
13659,cerebellar coordination and balance disturbances,common,Nervous system disorders
13659,somnolence,common,Nervous system disorders
13659,disturbance in attention,common,Nervous system disorders
13659,convulsions,uncommon,Nervous system disorders
13659,amnesia,uncommon,Nervous system disorders
13659,thinking abnormal,uncommon,Nervous system disorders
13659,ataxia,uncommon,Nervous system disorders
13659,coordination abnormal,uncommon,Nervous system disorders
13659,agitation,uncommon,Nervous system disorders
13659,tremor,uncommon,Nervous system disorders
13659,vision blurred,uncommon,Eye disorders
13659,tinnitus,uncommon,Ear and labyrinth disorders
13659,vertigo,uncommon,Ear and labyrinth disorders
13659,flushing,uncommon,Vascular disorders
13659,diarrhoea,very common,Gastrointestinal disorders
13659,nausea,very common,Gastrointestinal disorders
13659,vomiting,common,Gastrointestinal disorders
13659,abdominal pain,common,Gastrointestinal disorders
13659,elevated amylase,common,Gastrointestinal disorders
13659,elevated serum lipase,common,Gastrointestinal disorders
13659,dyspepsia,common,Gastrointestinal disorders
13659,elevated aspartate aminotransferase (AST),common,Hepatobiliary disorders
13659,elevated alanine aminotransferase (ALT),common,Hepatobiliary disorders
13659,elevated gamma- glutamyltransferase (GGT),common,Hepatobiliary disorders
13659,hepatitis acute,uncommon,Hepatobiliary disorders
13659,hepatic failure,rare,Hepatobiliary disorders
13659,hepatic steatosis,rare,Hepatobiliary disorders
13659,rash,very common,Skin and subcutaneous tissue disorders
13659,pruritus,common,Skin and subcutaneous tissue disorders
13659,vesiculobullous rash,common,Skin and subcutaneous tissue disorders
13659,pustular rash,common,Skin and subcutaneous tissue disorders
13659,maculopapular rash,common,Skin and subcutaneous tissue disorders
13659,urticaria,common,Skin and subcutaneous tissue disorders
13659,skin discolouration,common,Skin and subcutaneous tissue disorders
13659,Stevens-Johnson syndrome,uncommon,Skin and subcutaneous tissue disorders
13659,erythema multiforme,uncommon,Skin and subcutaneous tissue disorders
13659,angioedema,uncommon,Skin and subcutaneous tissue disorders
13659,photoallergic dermatitis,rare,Skin and subcutaneous tissue disorders
13659,elevated creatine kinase,very common,Musculoskeletal and connective tissue disorders
13659,rhabdomyolysis,uncommon,Musculoskeletal and connective tissue disorders
13659,muscular weakness,uncommon,Musculoskeletal and connective tissue disorders
13659,osteomalacia,rare,Musculoskeletal and connective tissue disorders
13659,myopathy,rare,Musculoskeletal and connective tissue disorders
13659,increased creatinine,uncommon,Renal and urinary disorders
13659,proteinuria,uncommon,Renal and urinary disorders
13659,renal failure,rare,Renal and urinary disorders
13659,acute tubular necrosis,rare,Renal and urinary disorders
13659,nephritis,rare,Renal and urinary disorders
13659,nephrogenic diabetes insipidus,rare,Renal and urinary disorders
13659,gynaecomastia,uncommon,Reproductive system and breast disorders
13659,asthenia,very common,General disorders and administration site conditions
13659,fatigue,common,General disorders and administration site conditions
13659,pain,common,General disorders and administration site conditions
13689,diarrhoea,common,Gastrointestinal disorders
13689,nausea,common,Gastrointestinal disorders
13689,skin rash,common,Skin and subcutaneous tissue disorders
13689,Mucocutaneous candidiasis,very rare,Infections and infestations
13689,Reversible leucopenia (including severe neutropenia or agranulocytosis),very rare,Blood and lymphatic system disorders
13689,reversible thrombocytopenia,very rare,Blood and lymphatic system disorders
13689,haemolytic anaemia,very rare,Blood and lymphatic system disorders
13689,Prolongation of bleeding time,very rare,Blood and lymphatic system disorders
13689,prothrombin time,very rare,Blood and lymphatic system disorders
13689,Severe allergic reactions,very rare,Immune system disorders
13689,angioneurotic oedema,very rare,Immune system disorders
13689,anaphylaxis,very rare,Immune system disorders
13689,serum sickness,very rare,Immune system disorders
13689,hypersensitivity vasculitis,very rare,Immune system disorders
13689,Jarisch-Herxheimer reaction,not known,Immune system disorders
13689,Hyperkinesia,very rare,Nervous system disorders
13689,dizziness,very rare,Nervous system disorders
13689,convulsions,very rare,Nervous system disorders
13689,Aseptic meningitis,not known,Nervous system disorders
13689,Vomiting,uncommon,Gastrointestinal disorders
13689,Drug-induced enterocolitis syndrome,not known,Gastrointestinal disorders
13689,Antibiotic associated colitis (including pseudomembraneous colitis and haemorrhagic colitis),very rare,Gastrointestinal disorders
13689,Black hairy tongue,very rare,Gastrointestinal disorders
13689,Hepatitis,very rare,Hepatobiliary disorders
13689,cholestatic jaundice,very rare,Hepatobiliary disorders
13689,A moderate rise in AST and/or ALT,very rare,Hepatobiliary disorders
13689,Urticaria,uncommon,Skin and subcutaneous tissue disorders
13689,pruritus,uncommon,Skin and subcutaneous tissue disorders
13689,Linear IgA disease,not known,Skin and subcutaneous tissue disorders
13689,erythema multiforme,very rare,Skin and subcutaneous tissue disorders
13689,Stevens-Johnson syndrome,very rare,Skin and subcutaneous tissue disorders
13689,toxic epidermal necrolysis,very rare,Skin and subcutaneous tissue disorders
13689,bullous and exfoliative dermatitis,very rare,Skin and subcutaneous tissue disorders
13689,acute generalised exanthematous pustulosis (AGEP),very rare,Skin and subcutaneous tissue disorders
13689,drug reaction with eosinophilia and systemic symptoms (DRESS),very rare,Skin and subcutaneous tissue disorders
13689,Interstitial nephritis,very rare,Renal and urinary tract disorders
13689,Crystalluria (including acute renal injury),not known,Renal and urinary tract disorders
13689,Kounis syndrome,not known,Cardiac disorders
13742,Dry mouth,very common,Gastrointestinal disorders
13742,Urinary retention,uncommon,Renal and urinary disorders
13742,Urinary tract infection,uncommon,Infections and infestations
13742,Insomnia,common,Psychiatric disorders
13742,Dizziness,common,Nervous system disorders
13742,Headache,common,Nervous system disorders
13742,Dry eye,common,Eye disorders
13742,Tachycardia,uncommon,Cardiac disorders
13742,Palpitations,uncommon,Cardiac disorders
13742,Dry throat,common,"Respiratory, thoracic and mediastinal disorders"
13742,Abdominal pain,common,Gastrointestinal disorders
13742,Diarrhoea,common,Gastrointestinal disorders
13742,Dyspepsia,common,Gastrointestinal disorders
13742,Constipation,common,Gastrointestinal disorders
13742,Nausea,common,Gastrointestinal disorders
13742,Abdominal discomfort,uncommon,Gastrointestinal disorders
13742,Flatulence,uncommon,Gastrointestinal disorders
13742,Gastroesophageal reflux,uncommon,Gastrointestinal disorders
13742,ALT increased,uncommon,Hepatobiliary disorders
13742,GGT increased,uncommon,Hepatobiliary disorders
13742,Rash,uncommon,Skin and subcutaneous tissue disorders
13742,Dry skin,uncommon,Skin and subcutaneous tissue disorders
13742,Pruritus,uncommon,Skin and subcutaneous tissue disorders
13742,Angioedema,rare,Skin and subcutaneous tissue disorders
13742,Urticaria,rare,Skin and subcutaneous tissue disorders
13742,Dysuria,uncommon,Renal and urinary disorders
13742,Urinary retention (including feeling of residual urine; micturition disorder),uncommon,Renal and urinary disorders
13742,Urinary hesitation,uncommon,Renal and urinary disorders
13742,Fatigue,common,General disorders and administration site conditions
13742,Confusional state,uncommon,Psychiatric disorders
13742,Dysgeusia,uncommon,Nervous system disorders
13742,Somnolence,uncommon,Nervous system disorders
13742,Blurred vision,uncommon,Eye disorders
13742,Vertigo,uncommon,Ear and labyrinth disorders
13742,Pharyngolaryngeal pain,uncommon,"Respiratory, thoracic and mediastinal disorders"
13742,Cough,uncommon,"Respiratory, thoracic and mediastinal disorders"
13742,Nasal dryness,uncommon,"Respiratory, thoracic and mediastinal disorders"
13742,Hypoaesthesia oral,uncommon,Gastrointestinal disorders
13936,"application site reaction (including rash, erythema, pruritus, dermatitis, dryness, and skin irritation)",common,General disorders and administration site conditions
13936,rash,not known,General disorders and administration site conditions
13936,erythema,not known,General disorders and administration site conditions
13936,pruritus,not known,General disorders and administration site conditions
13936,dermatitis,not known,General disorders and administration site conditions
13936,dryness,not known,General disorders and administration site conditions
13936,skin irritation,not known,General disorders and administration site conditions
13936,Blood triglycerides increased/hypertriglyceridaemia,uncommon,Investigations
13936,PSA increased,uncommon,Investigations
13936,haematocrit increased,uncommon,Investigations
13936,Haemoglobin increased,uncommon,Investigations
13936,Hypertension,uncommon,Vascular disorders
13936,Headache,uncommon,Nervous System Disorder
13936,Polycythaemia,not known,Blood and lymphatic system disorders
13936,anaemia,not known,Blood and lymphatic system disorders
13936,Insomnia,not known,Psychiatric disorders
13936,depression,not known,Psychiatric disorders
13936,anxiety,not known,Psychiatric disorders
13936,aggression,not known,Psychiatric disorders
13936,nervousness,not known,Psychiatric disorders
13936,hostility,not known,Psychiatric disorders
13936,dizziness,not known,Nervous system disorders
13936,paraesthesia,not known,Nervous system disorders
13936,Hot flushes (vasodilation),not known,Vascular disorders
13936,deep vein thrombosis,not known,Vascular disorders
13936,Dyspnoea,not known,"Respiratory, thoracic and mediastinal disorders"
13936,sleep apnoea,not known,"Respiratory, thoracic and mediastinal disorders"
13936,Nausea,not known,Gastrointestinal disorders
13936,acne,not known,Skin and subcutaneous tissue disorders
13936,seborrhoea,not known,Skin and subcutaneous tissue disorders
13936,balding (alopecia),not known,Skin and subcutaneous tissue disorders
13936,sweating,not known,Skin and subcutaneous tissue disorders
13936,hypertrichosis,not known,Skin and subcutaneous tissue disorders
13936,Musculoskeletal pain,not known,Musculoskeletal and connective tissue disorders
13936,muscle cramps,not known,Musculoskeletal and connective tissue disorders
13936,Urination impaired,not known,Renal and urinary disorders
13936,urinary tract obstruction,not known,Renal and urinary disorders
13936,Gynaecomastia,not known,Reproductive system and breast disorders
13936,erection increased,not known,Reproductive system and breast disorders
13936,testis disorder,not known,Reproductive system and breast disorders
13936,oligospermia,not known,Reproductive system and breast disorders
13936,benign prostatic hyperplasia,not known,Reproductive system and breast disorders
13936,libido changes,not known,Reproductive system and breast disorders
13936,Asthenia,not known,General disorders and administration site conditions
13936,malaise,not known,General disorders and administration site conditions
13936,hypersensitivity reactions,not known,General disorders and administration site conditions
13936,Weight increase,not known,Investigations
13936,elevated PSA,not known,Investigations
13936,elevated haematocrit,not known,Investigations
13936,red blood cell count increased or elevated haemoglobin,not known,Investigations
13936,"Electrolyte changes (retention of sodium, chloride, potassium, calcium, inorganic phosphate and water)",not known,Metabolism and nutrition disorders
13936,Jaundice and liver function test abnormalities,not known,Hepatobiliary disorders
14210,nasopharyngitis,common,Infections and infestations
14210,influenza,common,Infections and infestations
14210,hypersensitivity,rare,Immune system disorders
14210,headache,common,Nervous system disorders
14210,syncope,common,Nervous system disorders
14210,orthostatic hypotension,common,Vascular disorders
14210,oedema,common,Not known
14210,pitting oedema,common,Not known
14210,facial oedema,common,Not known
14210,oedema peripheral,common,Not known
14210,fatigue,common,General disorders and administration site conditions
14210,flushing,common,Vascular disorders
14210,asthenia,common,General disorders and administration site conditions
14210,hot flush,common,General disorders and administration site conditions
14210,Haemoglobin and in haematocrit decreased,not known,Blood and lymphatic system disorders
14210,Leukopenia,very rare,Blood and lymphatic system disorders
14210,Neutropenia,not known,Blood and lymphatic system disorders
14210,"Thrombocytopenia, sometimes with purpura",very rare,Blood and lymphatic system disorders
14210,Hyperglycaemia,very rare,Metabolism and nutrition disorders
14210,Hyponatraemia,uncommon,Metabolism and nutrition disorders
14210,Depression,uncommon,Psychiatric disorders
14210,Anxiety,rare,Psychiatric disorders
14210,Insomnia / sleep disorders,uncommon,Psychiatric disorders
14210,Mood swings,uncommon,Psychiatric disorders
14210,Confusion,rare,Psychiatric disorders
14210,Coordination abnormal,uncommon,Nervous system disorders
14210,Dizziness,common,Nervous system disorders
14210,Dizziness postural,uncommon,Nervous system disorders
14210,Dysgeusia,uncommon,Nervous system disorders
14210,Extrapyramidal disorder,not known,Nervous system disorders
14210,Paraesthesia,uncommon,Nervous system disorders
14210,"Peripheral neuropathy, neuropathy",very rare,Nervous system disorders
14210,Somnolence,uncommon,Nervous system disorders
14210,Syncope,uncommon,Nervous system disorders
14210,Tremor,uncommon,Nervous system disorders
14210,Hypoesthesia,uncommon,Nervous system disorders
14210,Visual disturbance,rare,Eye disorders
14210,Visual impairment,uncommon,Eye disorders
14210,Tinnitus,rare,Ear and labyrinth disorders
14210,Vertigo,uncommon,Ear and labyrinth disorders
14210,Palpitations,uncommon,Cardiac disorders
14210,Tachycardia,uncommon,Cardiac disorders
14210,"Arrhythmias (including bradycardia, ventricular tachycardia, and atrial fibrillation)",very rare,Cardiac disorders
14210,Myocardial infarction,very rare,Cardiac disorders
14210,Hypotension,rare,Vascular disorders
14210,Vasculitis,very rare,Vascular disorders
14210,Cough,uncommon,"Respiratory, thoracic and mediastinal disorders"
14210,Dyspnoea,uncommon,"Respiratory, thoracic and mediastinal disorders"
14210,Pharyngolaryngeal pain,uncommon,"Respiratory, thoracic and mediastinal disorders"
14210,Rhinitis,uncommon,"Respiratory, thoracic and mediastinal disorders"
14210,"Abdominal discomfort, abdominal pain upper",uncommon,Gastrointestinal disorders
14210,Change of bowel habit,uncommon,Gastrointestinal disorders
14210,Constipation,uncommon,Gastrointestinal disorders
14210,Diarrhoea,uncommon,Gastrointestinal disorders
14210,Dry mouth,uncommon,Gastrointestinal disorders
14210,Dyspepsia,uncommon,Gastrointestinal disorders
14210,Gastritis,very rare,Gastrointestinal disorders
14210,Gingival hyperplasia,very rare,Gastrointestinal disorders
14210,Intestinal angioedema,very rare,Gastrointestinal disorders
14210,Nausea,uncommon,Gastrointestinal disorders
14210,Pancreatitis,very rare,Gastrointestinal disorders
14210,Vomiting,uncommon,Gastrointestinal disorders
14210,"Liver function test abnormal, including blood bilirubin increase",very rare,Hepatobiliary disorders
14210,Hepatitis,very rare,Hepatobiliary disorders
14210,"Intrahepatic cholestasis, jaundice",very rare,Hepatobiliary disorders
14210,Alopecia,uncommon,Skin and subcutaneous tissue disorders
14210,Angioedema,very rare,Skin and subcutaneous tissue disorders
14210,Dermatitis bullous,not known,Skin and subcutaneous tissue disorders
14210,Erythema,uncommon,Skin and subcutaneous tissue disorders
14210,Erythema multiforme,very rare,Skin and subcutaneous tissue disorders
14210,Exanthema,rare,Skin and subcutaneous tissue disorders
14210,Hyperhidrosis,rare,Skin and subcutaneous tissue disorders
14210,Photosensitivity reaction,uncommon,Skin and subcutaneous tissue disorders
14210,Pruritus,rare,Skin and subcutaneous tissue disorders
14210,Purpura,uncommon,Skin and subcutaneous tissue disorders
14210,Rash,uncommon,Skin and subcutaneous tissue disorders
14210,Skin discolouration,uncommon,Skin and subcutaneous tissue disorders
14210,Urticaria and other forms of rash,very rare,Skin and subcutaneous tissue disorders
14210,Exfoliative dermatitis,very rare,Skin and subcutaneous tissue disorders
14210,Stevens-Johnson syndrome,very rare,Skin and subcutaneous tissue disorders
14210,Quincke oedema,very rare,Skin and subcutaneous tissue disorders
14210,Toxic epidermal necrolysis,not known,Skin and subcutaneous tissue disorders
14210,Arthralgia,uncommon,Musculoskeletal and connective tissue disorders
14210,Back pain,uncommon,Musculoskeletal and connective tissue disorders
14210,Joint swelling,uncommon,Musculoskeletal and connective tissue disorders
14210,Muscle spasm,rare,Musculoskeletal and connective tissue disorders
14210,Myalgia,not known,Musculoskeletal and connective tissue disorders
14210,Ankle swelling,common,Musculoskeletal and connective tissue disorders
14210,Sensation of heaviness,rare,Musculoskeletal and connective tissue disorders
14210,Blood creatinine increased,not known,Renal and urinary disorders
14210,Micturition disorder,uncommon,Renal and urinary disorders
14210,Nocturia,uncommon,Renal and urinary disorders
14210,Pollakiuria,rare,Renal and urinary disorders
14210,Polyuria,rare,Renal and urinary disorders
14210,Renal failure and impairment,not known,Renal and urinary disorders
14210,Impotence,uncommon,Reproductive system and breast disorders
14210,Erectile dysfunction,rare,Reproductive system and breast disorders
14210,Gynaecomastia,uncommon,Reproductive system and breast disorders
14210,Asthenia,common,General disorders and administration site conditions
14210,"Discomfort, malaise",uncommon,General disorders and administration site conditions
14210,Non cardiac chest pain,uncommon,General disorders and administration site conditions
14210,Pain,uncommon,General disorders and administration site conditions
14210,Blood potassium increased,not known,Investigations
14210,Weight increase,uncommon,Investigations
14210,Weight decrease,uncommon,Investigations
14563,headache,common,Nervous system disorders
14563,abdominal pain,common,Gastrointestinal disorders
14563,upper respiratory infection,very common,Infections and infestations
14563,increased bleeding tendency,rare,Blood and lymphatic system disorders
14563,thrombocytopenia,very rare,Blood and lymphatic system disorders
14563,hypersensitivity reactions including anaphylaxis,uncommon,Immune system disorders
14563,hepatic eosinophilic infiltration,very rare,Immune system disorders
14563,dream abnormalities including nightmares,uncommon,Psychiatric disorders
14563,insomnia,uncommon,Psychiatric disorders
14563,somnambulism,uncommon,Psychiatric disorders
14563,anxiety,uncommon,Psychiatric disorders
14563,agitation including aggressive behaviour or hostility,uncommon,Psychiatric disorders
14563,depression,uncommon,Psychiatric disorders
14563,"psychomotor hyperactivity (including irritability, restlessness, tremor",uncommon,Psychiatric disorders
14563,disturbance in attention,rare,Psychiatric disorders
14563,memory impairment,rare,Psychiatric disorders
14563,tic,rare,Psychiatric disorders
14563,hallucinations,very rare,Psychiatric disorders
14563,disorientation,very rare,Psychiatric disorders
14563,suicidal thinking and behaviour (suicidality),very rare,Psychiatric disorders
14563,obsessive-compulsive symptoms,very rare,Psychiatric disorders
14563,dysphemia,very rare,Psychiatric disorders
14563,dizziness,uncommon,Nervous system disorders
14563,drowsiness,uncommon,Nervous system disorders
14563,paraesthesia/hypoesthesia,uncommon,Nervous system disorders
14563,seizure,uncommon,Nervous system disorders
14563,palpitations,rare,Cardiac disorders
14563,epistaxis,uncommon,"Respiratory, thoracic and mediastinal disorders"
14563,Churg-Strauss Syndrome (CSS),very rare,"Respiratory, thoracic and mediastinal disorders"
14563,pulmonary eosinophilia,very rare,"Respiratory, thoracic and mediastinal disorders"
14563,diarrhoea,common,Gastrointestinal disorders
14563,nausea,common,Gastrointestinal disorders
14563,vomiting,common,Gastrointestinal disorders
14563,dry mouth,uncommon,Gastrointestinal disorders
14563,dyspepsia,uncommon,Gastrointestinal disorders
14563,"elevated levels of serum transaminases (ALT, AST)",common,Hepatobiliary disorders
14563,"hepatitis (including cholestatic, hepatocellular and mixed-pattern liver injury)",very rare,Hepatobiliary disorders
14563,rash,common,Skin and subcutaneous tissue disorders
14563,bruising,uncommon,Skin and subcutaneous tissue disorders
14563,urticaria,uncommon,Skin and subcutaneous tissue disorders
14563,pruritus,uncommon,Skin and subcutaneous tissue disorders
14563,angiooedema,rare,Skin and subcutaneous tissue disorders
14563,erythema nodosum,very rare,Skin and subcutaneous tissue disorders
14563,erythema multiforme,very rare,Skin and subcutaneous tissue disorders
14563,arthralgia,uncommon,Musculoskeletal and connective tissue disorders
14563,myalgia,uncommon,Musculoskeletal and connective tissue disorders
14563,muscular cramps,uncommon,Musculoskeletal and connective tissue disorders
14563,enuresis,uncommon,Renal and urinary disorders
14563,pyrexia,common,General disorders and administration site conditions
14563,asthenia/fatigue,uncommon,General disorders and administration site conditions
14563,malaise,uncommon,General disorders and administration site conditions
14563,oedema,uncommon,General disorders and administration site conditions
14749,Hypersensitivity,rare,Immune system disorders
14749,Headache,common,Nervous system disorders
14749,Dizziness,uncommon,Nervous system disorders
14749,Somnolence,uncommon,Nervous system disorders
14749,Syncope,uncommon,Nervous system disorders
14749,Tachycardia,common,Cardiac disorders
14749,Palpitations,common,Cardiac disorders
14749,Angina pectoris,rare,Cardiac disorders
14749,Flushing,common,Vascular disorders
14749,Hypotension,uncommon,Vascular disorders
14749,Dyspepsia,uncommon,Gastrointestinal disorders
14749,Nausea,uncommon,Gastrointestinal disorders
14749,Abdominal pain upper,uncommon,Gastrointestinal disorders
14749,Vomiting,uncommon,Gastrointestinal disorders
14749,Diarrhoea,uncommon,Gastrointestinal disorders
14749,Gingival hypertrophy,not known,Gastrointestinal disorders
14749,Peritoneal cloudy effluent,not known,Gastrointestinal disorders
14749,Serum transaminase increased,rare,Hepatobiliary disorders
14749,Rash,uncommon,Skin and subcutaneous tissue disorders
14749,Pruritus,uncommon,Skin and subcutaneous tissue disorders
14749,Urticaria,rare,Skin and subcutaneous tissue disorders
14749,Angioedema,rare,Skin and subcutaneous tissue disorders
14749,Myalgia,uncommon,Musculoskeletal and connective tissue disorders
14749,Polyuria,uncommon,Renal and urinary disorders
14749,Pollakiuria,uncommon,Renal and urinary disorders
14749,Oedema peripheral,common,General disorders and administration site conditions
14749,Asthenia,uncommon,General disorders and administration site conditions
14749,Fatigue,uncommon,General disorders and administration site conditions
14749,Chest pain,uncommon,General disorders and administration site conditions
14749,Myocardial infarction,very rare,not known
14799,Dry mouth,common,Gastrointestinal disorders
14799,Constipation,common,Gastrointestinal disorders
14799,Dyspepsia,common,Gastrointestinal disorders
14799,Dizziness,common,Nervous system disorders
14799,Vision blurred,common,Eye disorders
14799,Fatigue,common,General disorders and administration site conditions
14799,Ejaculation disorders including retrograde ejaculation and ejaculation failure,common,Reproductive system and breast disorders
14799,Acute urinary retention,uncommon,Renal and urinary disorders
14799,Urinary tract infection,uncommon,Infections and infestations
14799,Cystitis,uncommon,Infections and infestations
14799,Anaphylactic reaction,not known,Immune system disorders
14799,Decreased appetite,not known,Metabolism and nutrition disorders
14799,Hyperkalaemia,not known,Metabolism and nutrition disorders
14799,Hallucination,very rare,Psychiatric disorders
14799,Confusional state,very rare,Psychiatric disorders
14799,Delirium,not known,Psychiatric disorders
14799,Somnolence,uncommon,Nervous system disorders
14799,Dysgeusia,uncommon,Nervous system disorders
14799,Headache,uncommon,Nervous system disorders
14799,Syncope,rare,Nervous system disorders
14799,Intraoperative Floppy Iris Syndrome (IFIS),not known,Eye disorders
14799,Dry eyes,uncommon,Eye disorders
14799,Glaucoma,not known,Eye disorders
14799,Visual impairment,not known,Eye disorders
14799,Palpitations,not known,Cardiac disorders
14799,Torsade de Pointes,not known,Cardiac disorders
14799,Electrocardiogram QT prolongation,not known,Cardiac disorders
14799,Atrial fibrillation,not known,Cardiac disorders
14799,Arrhythmia,not known,Cardiac disorders
14799,Tachycardia,not known,Cardiac disorders
14799,Orthostatic hypotension,uncommon,Vascular disorders
14799,Rhinitis,uncommon,"Respiratory, thoracic and mediastinal disorders"
14799,Nasal dryness,uncommon,"Respiratory, thoracic and mediastinal disorders"
14799,Dyspnoea,not known,"Respiratory, thoracic and mediastinal disorders"
14799,Dysphonia,not known,"Respiratory, thoracic and mediastinal disorders"
14799,Epistaxis,not known,"Respiratory, thoracic and mediastinal disorders"
14799,Dry throat,uncommon,Gastrointestinal disorders
14799,Vomiting,rare,Gastrointestinal disorders
14799,Colonic obstruction,rare,Gastrointestinal disorders
14799,Faecal impaction,rare,Gastrointestinal disorders
14799,Ileus,not known,Gastrointestinal disorders
14799,Abdominal discomfort,not known,Gastrointestinal disorders
14799,Liver disorder,not known,Hepatobiliary disorders
14799,Liver function test abnormal,not known,Hepatobiliary disorders
14799,Pruritus,uncommon,Skin and subcutaneous tissue disorders
14799,Dry skin,uncommon,Skin and subcutaneous tissue disorders
14799,Rash,uncommon,Skin and subcutaneous tissue disorders
14799,Urticaria,very rare,Skin and subcutaneous tissue disorders
14799,Angioedema,very rare,Skin and subcutaneous tissue disorders
14799,Stevens-Johnson syndrome,very rare,Skin and subcutaneous tissue disorders
14799,Erythema multiforme,very rare,Skin and subcutaneous tissue disorders
14799,Exfoliative dermatitis,not known,Skin and subcutaneous tissue disorders
14799,Muscular weakness,not known,Musculoskeletal and connective tissue disorders
14799,Urinary retention,uncommon,Renal and urinary disorders
14799,Difficulty in micturition,uncommon,Renal and urinary disorders
14799,Renal impairment,not known,Renal and urinary disorders
14799,Priapism,very rare,Reproductive system and breast disorders
14799,Peripheral oedema,uncommon,General disorders and administration site conditions
14799,Asthenia,uncommon,General disorders and administration site conditions
14804,acute-on-chronic renal failure,very rare,Renal and urinary disorders
14804,acute renal failure,very rare,Renal and urinary disorders
14804,anaphylactic or anaphylactoid shock,very rare,Immune system disorders
14804,hypersensitivity reaction followed by cardiac reactions (Kounis' syndrome),very rare,Not known
14804,cardiac or cardio-respiratory arrest,very rare,Cardiac disorders
14804,myocardial infarction,very rare,Cardiac disorders
14804,dyspnoea,uncommon,"Respiratory, thoracic and mediastinal disorders"
14804,rash,uncommon,Skin and subcutaneous system disorders
14804,erythema,uncommon,Skin and subcutaneous system disorders
14804,urticaria,uncommon,Skin and subcutaneous system disorders
14804,pruritus,uncommon,Skin and subcutaneous system disorders
14804,skin reactions,uncommon,Skin and subcutaneous system disorders
14804,angioneurotic oedema,uncommon,Skin and subcutaneous system disorders
14804,hypotension,uncommon,Vascular disorders
14804,fever,uncommon,General disorders and administration site conditions
14804,laryngeal oedema,very rare,"Respiratory, thoracic and mediastinal disorders"
14804,bronchospasm,very rare,"Respiratory, thoracic and mediastinal disorders"
14804,pulmonary oedema,very rare,"Respiratory, thoracic and mediastinal disorders"
14804,vasculitis,not known,Immune system disorders
14804,SJS-like syndrome,not known,Skin and subcutaneous system disorders
14804,agitation,very rare,Psychiatric disorders
14804,anxiety,very rare,Psychiatric disorders
14804,confusional state,not known,Nervous system disorders
14804,dizziness,rare,Nervous system disorders
14804,sensory abnormalities including taste disturbance,rare,Nervous system disorders
14804,paraesthesia,rare,Nervous system disorders
14804,parosmia,rare,Nervous system disorders
14804,cerebrovascular accident,very rare,Nervous system disorders
14804,amnesia,very rare,Nervous system disorders
14804,syncope,very rare,Nervous system disorders
14804,coma,not known,Nervous system disorders
14804,disturbance in consciousness,not known,Nervous system disorders
14804,seizures,not known,Nervous system disorders
14804,transient contrast-induced encephalopathy caused by extravasation of contrast media,not known,Nervous system disorders
14804,hallucination,not known,Nervous system disorders
14804,paralysis,not known,Nervous system disorders
14804,paresis,not known,Nervous system disorders
14804,disorientation,not known,Nervous system disorders
14804,transient speech disorder,not known,Nervous system disorders
14804,aphasia,not known,Nervous system disorders
14804,dysarthria,not known,Nervous system disorders
14804,Cortical blindness (transient),very rare,Eye disorders
14804,transient visual impairment,very rare,Eye disorders
14804,diplopia,very rare,Eye disorders
14804,blurred vision,very rare,Eye disorders
14804,eyelid oedema,very rare,Eye disorders
14804,Arrhythmia,rare,Cardiac disorders
14804,bradycardia,rare,Cardiac disorders
14804,tachycardia,rare,Cardiac disorders
14804,cardiac arrest,very rare,Cardiac disorders
14804,palpitation,very rare,Cardiac disorders
14804,ventricular hypokinesia,not known,Cardiac disorders
14804,myocardial ischaemia,not known,Cardiac disorders
14804,conduction abnormalities,not known,Cardiac disorders
14804,coronary artery thrombosis,not known,Cardiac disorders
14804,angina pectoris,not known,Cardiac disorders
14804,spasm of coronary arteries,not known,Cardiac disorders
14804,flushing,uncommon,Vascular disorders
14804,hypertension,very rare,Vascular disorders
14804,ischaemia,very rare,Vascular disorders
14804,arterial spasm,not known,Vascular disorders
14804,thrombosis,not known,Vascular disorders
14804,thrombophlebitis,not known,Vascular disorders
14804,shock,not known,Vascular disorders
14804,cough,rare,"Respiratory, thoracic and mediastinal disorders"
14804,sneezing,rare,"Respiratory, thoracic and mediastinal disorders"
14804,throat irritation,very rare,"Respiratory, thoracic and mediastinal disorders"
14804,pharyngeal oedema,very rare,"Respiratory, thoracic and mediastinal disorders"
14804,non-cardiogenic pulmonary oedema,not known,"Respiratory, thoracic and mediastinal disorders"
14804,respiratory arrest,not known,"Respiratory, thoracic and mediastinal disorders"
14804,respiratory failure,not known,"Respiratory, thoracic and mediastinal disorders"
14804,throat tightness,not known,"Respiratory, thoracic and mediastinal disorders"
14804,nausea,uncommon,Gastrointestinal disorders
14804,vomiting,uncommon,Gastrointestinal disorders
14804,abdominal pain/discomfort,very rare,Gastrointestinal disorders
14804,diarrhoea,very rare,Gastrointestinal disorders
14804,acute pancreatitis,not known,Gastrointestinal disorders
14804,pancreatitis aggravated,not known,Gastrointestinal disorders
14804,salivary gland enlargement,not known,Gastrointestinal disorders
14804,Rash or drug eruption,uncommon,Skin and subcutaneous system disorders
14804,Angioedema,very rare,Skin and subcutaneous system disorders
14804,hyperhidrosis,very rare,Skin and subcutaneous system disorders
14804,Bullous or exfoliative dermatitis,not known,Skin and subcutaneous system disorders
14804,Stevens-Johnson syndrome,not known,Skin and subcutaneous system disorders
14804,erythema multiforme,not known,Skin and subcutaneous system disorders
14804,toxic epidermal necrolysis,not known,Skin and subcutaneous system disorders
14804,acute generalised exanthematous pustulosis,not known,Skin and subcutaneous system disorders
14804,drug rash with eosinophilia and systemic symptoms,not known,Skin and subcutaneous system disorders
14804,dermatitis allergic,not known,Skin and subcutaneous system disorders
14804,Back pain,very rare,Musculoskeletal and connective tissue disorders
14804,muscle spasm,very rare,Musculoskeletal and connective tissue disorders
14804,Arthralgia,not known,Musculoskeletal and connective tissue disorders
14804,Acute kidney injury or nephropathy toxic (CIN),uncommon,Renal and urinary disorders
14804,Increased blood creatinine,not known,Renal and urinary disorders
14804,Feeling hot,uncommon,General disorders and administration site conditions
14804,chest pain,uncommon,General disorders and administration site conditions
14804,Pain and discomfort,rare,General disorders and administration site conditions
14804,Shivering (chills),rare,General disorders and administration site conditions
14804,Pyrexia,rare,General disorders and administration site conditions
14804,administration site reactions including extravasation,rare,General disorders and administration site conditions
14804,feeling cold,rare,General disorders and administration site conditions
14804,"Asthenic conditions (e.g. malaise, fatigue)",very rare,General disorders and administration site conditions
14804,face oedema,very rare,General disorders and administration site conditions
14804,localised oedema,very rare,General disorders and administration site conditions
14804,Iodism,not known,General disorders and administration site conditions
14804,Meningeal irritation giving photophobia and meningism,not known,Nervous system disorders
14804,frank chemical meningitis,not known,Nervous system disorders
14804,Hypersensitivity,uncommon,Immune system disorders
14804,Anaphylactic/anaphylactoid reactions,not known,Immune system disorders
14804,Anaphylactic/anaphylactoid shock,not known,Immune system disorders
14804,Anaphylactic/anaphylactoid reaction including life-threatening or fatal anaphylaxis,not known,Immune system disorders
14804,Hyperthyroidism,not known,Endocrine disorders
14804,transient hypothyroidism,not known,Endocrine disorders
14804,Headache (may be severe and lasting),uncommon,Nervous system disorders
14804,Shivering,not known,General disorders and administration site conditions
14804,injection site reaction,not known,General disorders and administration site conditions
14804,Vaginal haemorrhage,very common,Reproductive system and breast disorders
14804,Injection site pain,common,General disorders and administration site conditions
14804,Abdominal pain,common,Gastrointestinal disorders
14804,Pyrexia,common,General disorders and administration site conditions
14804,Diarrhoea,common,Gastrointestinal disorders
14804,Hypersensitivity,not known,Immune system disorders
14804,Headache,common,Nervous system disorders
15886,aseptic meningitis,not known,Infections and Infestations
15886,pseudomembranous colitis,not known,Infections and Infestations
15886,leukopenia,common,Blood and lymphatic system disorders
15886,thrombocytopenia,uncommon,Blood and lymphatic system disorders
15886,agranulocytosis,not known,Blood and lymphatic system disorders
15886,aplastic anaemia,not known,Blood and lymphatic system disorders
15886,haemolytic anaemia,not known,Blood and lymphatic system disorders
15886,heinz body anaemia,not known,Blood and lymphatic system disorders
15886,hypoprothrombinaemia,not known,Blood and lymphatic system disorders
15886,lymphadenopathy,not known,Blood and lymphatic system disorders
15886,macrocytosis,not known,Blood and lymphatic system disorders
15886,megaloblastic anaemia,not known,Blood and lymphatic system disorders
15886,methaemoglobinaemina,not known,Blood and lymphatic system disorders
15886,neutropenia,not known,Blood and lymphatic system disorders
15886,pancytopenia,not known,Blood and lymphatic system disorders
15886,pseudomononucleosis,not known,Blood and lymphatic system disorders
15886,anaphylaxis,not known,Immune system disorders
15886,polyarteritis nodosa,not known,Immune system disorders
15886,serum sickness,not known,Immune system disorders
15886,folate deficiency,not known,Metabolism and nutrition system disorders
15886,insomnia,common,Psychiatric disorders
15886,depression,uncommon,Psychiatric disorders
15886,hallucinations,not known,Psychiatric disorders
15886,dizziness,common,Nervous system disorders
15886,headache,common,Nervous system disorders
15886,taste disorders,common,Nervous system disorders
15886,convulsions,uncommon,Nervous system disorders
15886,aseptic meningitis,not known,Nervous system disorders
15886,ataxia,not known,Nervous system disorders
15886,encephalopathy,not known,Nervous system disorders
15886,peripheral neuropathy,not known,Nervous system disorders
15886,smell disorders,not known,Nervous system disorders
15886,tinnitus,common,Ear and labyrinth disorders
15886,vertigo,uncommon,Ear and labyrinth disorders
15886,allergic myocarditis,not known,Cardiac disorders
15886,cyanosis,not known,Cardiac disorders
15886,pericarditis,not known,Cardiac disorders
15886,vasculitis,uncommon,Vascular disorders
15886,pallor,not known,Vascular disorders
15886,cough,common,"Respiratory, thoracic and mediastinal disorders"
15886,dyspnoea,uncommon,"Respiratory, thoracic and mediastinal disorders"
15886,fibrosing alveolitis,not known,"Respiratory, thoracic and mediastinal disorders"
15886,eosinophilic infiltration,not known,"Respiratory, thoracic and mediastinal disorders"
15886,interstitial lung disease,not known,"Respiratory, thoracic and mediastinal disorders"
15886,oropharyngeal pain,not known,"Respiratory, thoracic and mediastinal disorders"
15886,gastric distress,very common,Gastrointestinal disorders
15886,nausea,very common,Gastrointestinal disorders
15886,abdominal pain,common,Gastrointestinal disorders
15886,diarrhoea,common,Gastrointestinal disorders
15886,vomiting,common,Gastrointestinal disorders
15886,stomatitis,common,Gastrointestinal disorders
15886,aggravation of ulcerative colitis,not known,Gastrointestinal disorders
15886,pancreatitis,not known,Gastrointestinal disorders
15886,parotitis,not known,Gastrointestinal disorders
15886,jaundice,uncommon,Hepatobiliary disorders
15886,hepatic failure,not known,Hepatobiliary disorders
15886,hepatitis fulminant,not known,Hepatobiliary disorders
15886,hepatitis,not known,Hepatobiliary disorders
15886,hepatitis cholestatic,not known,Hepatobiliary disorders
15886,cholestasis,not known,Hepatobiliary disorders
15886,pruritus,common,Skin and subcutaneous tissue disorders
15886,purpura,common,Skin and subcutaneous tissue disorders
15886,alopecia,uncommon,Skin and subcutaneous tissue disorders
15886,urticaria,uncommon,Skin and subcutaneous tissue disorders
15886,drug rash with eosinophilia and systemic symptoms (DRESS),not known,Skin and subcutaneous tissue disorders
15886,epidermal necrolysis (Lyell's syndrome),not known,Skin and subcutaneous tissue disorders
15886,Stevens-Johnson syndrome,not known,Skin and subcutaneous tissue disorders
15886,exanthema,not known,Skin and subcutaneous tissue disorders
15886,exfoliative dermatitis,not known,Skin and subcutaneous tissue disorders
15886,angioedema,not known,Skin and subcutaneous tissue disorders
15886,toxic pustuloderma,not known,Skin and subcutaneous tissue disorders
15886,lichen planus,not known,Skin and subcutaneous tissue disorders
15886,photosensitvity,not known,Skin and subcutaneous tissue disorders
15886,erythema,not known,Skin and subcutaneous tissue disorders
15886,arthralgia,common,Musculoskeletal and connective tissue disorders
15886,system lupus erythematosus,not known,Musculoskeletal and connective tissue disorders
15886,Sjogren's syndrome,not known,Musculoskeletal and connective tissue disorders
15886,proteinuria,common,Renal and urinary disorders
15886,nephrotic syndrome,not known,Renal and urinary disorders
15886,interstitial nephritis,not known,Renal and urinary disorders
15886,nephrolithiasis,not known,Renal and urinary disorders
15886,haematuria,not known,Renal and urinary disorders
15886,crystalluria,not known,Renal and urinary disorders
15886,reversible oligospermia,not known,Reproductive system and breast disorders
15886,fever,common,General disorders and administration site conditions
15886,facial edema,uncommon,General disorders and administration site conditions
15886,yellow discoloration of skin and body fluids,not known,General disorders and administration site conditions
15886,elevation of liver enzymes,uncommon,Investigations
15886,induction of autoantibodies,not known,Investigations
15960,flush,rare,Vascular disorders
15960,urticaria,rare,Skin and subcutaneous tissue disorders
15960,fever,rare,General disorders and administration site conditions
15960,nausea,rare,Gastrointestinal disorders
15960,shock,very rare,not known
15960,anaphylactic shock,not known,Immune system disorders
15960,anaphylactic reaction,not known,Immune system disorders
15960,hypersensitivity,not known,Immune system disorders
15960,confusional state,not known,Psychiatric disorders
15960,headache,not known,Nervous system disorders
15960,tachycardia,not known,Cardiac disorders
15960,bradycardia,not known,Cardiac disorders
15960,hypotension,not known,Vascular disorders
15960,hypertension,not known,Vascular disorders
15960,dyspnoea,not known,"Respiratory, thoracic and mediastinal disorders"
15960,urticaria,not known,Skin and subcutaneous tissue disorders
15960,angioneurotic oedema,not known,Skin and subcutaneous tissue disorders
15960,rash,not known,Skin and subcutaneous tissue disorders
15960,erythema,not known,Skin and subcutaneous tissue disorders
15960,hyperhidrosis,not known,Skin and subcutaneous tissue disorders
15960,pyrexia,not known,General disorders and administration site conditions
15960,chills,not known,General disorders and administration site conditions
16018,Hypersentivity,uncommon,Immune system disorders
16018,Abdominal pain,uncommon,Gastrointestinal disorders
16018,Dyspepsia,uncommon,Gastrointestinal disorders
16018,Renal impairment,uncommon,Renal and urinary disorders
16018,Severe cutaneous adverse reactions (SCARs),very rare,Skin and subcutaneous tissue disorders
16018,Erythema multiforme,very rare,Skin and subcutaneous tissue disorders
16018,Exfoliative dermatitis,very rare,Skin and subcutaneous tissue disorders
16018,Stevens-Johnson syndrome,very rare,Skin and subcutaneous tissue disorders
16018,Toxic epidermal necrolysis,very rare,Skin and subcutaneous tissue disorders
16018,Photosensitivity reactions,not known,Skin and subcutaneous tissue disorders
16018,Drug reaction with eosinophilia and systemic symptoms (DRESS syndrome),not known,Skin and subcutaneous tissue disorders
16018,Acute generalised exanthematous pustulosis (AGEP),not known,Skin and subcutaneous tissue disorders
16018,non-specific allergic reaction,not known,Immune system disorders
16018,anaphylaxis,not known,Immune system disorders
16018,asthma,not known,Respiratory system disorders
16018,aggravated asthma,not known,Respiratory system disorders
16018,brochospasm,not known,Respiratory system disorders
16018,dyspnoea,not known,Respiratory system disorders
16018,assorted skin disorders,not known,Skin and subcutaneous tissue disorders
16018,rashes of various types,not known,Skin and subcutaneous tissue disorders
16018,pruritis,not known,Skin and subcutaneous tissue disorders
16018,urticaria,not known,Skin and subcutaneous tissue disorders
16018,purpura,not known,Skin and subcutaneous tissue disorders
16018,angioedema,not known,Skin and subcutaneous tissue disorders
16018,bullous dermatoses,not known,Skin and subcutaneous tissue disorders
16018,epidermal necrolysis,not known,Skin and subcutaneous tissue disorders
16018,erythema multiforme,not known,Skin and subcutaneous tissue disorders
100179,Candida infections including oral candidiasis,very common,Infections and infestations
100179,Upper respiratory tract infection,common,Infections and infestations
100179,Sepsis,common,Infections and infestations
100179,Influenza,common,Infections and infestations
100179,Urinary tract infection,common,Infections and infestations
100179,Cellulitis,common,Infections and infestations
100179,Neutropenia,very common,Blood and lymphatic disorders
100179,Anaemia,common,Blood and lymphatic disorders
100179,Thrombocytopenia,common,Blood and lymphatic disorders
100179,Leukopenia,uncommon,Blood and lymphatic disorders
100179,Pancytopenia,uncommon,Blood and lymphatic disorders
100179,Bone marrow failure,uncommon,Blood and lymphatic disorders
100179,Aplastic anaemia,rare,Blood and lymphatic disorders
100179,Agranulocytosis,rare,Blood and lymphatic disorders
100179,Granulocytopenia,rare,Blood and lymphatic disorders
100179,Hypersensitivity,common,Immune system disorders
100179,Anaphylactic reaction,rare,Immune system disorders
100179,Decreased appetite,very common,Metabolic and nutrition disorders
100179,Weight decreased,common,Metabolic and nutrition disorders
100179,Depression,common,Psychiatric disorders
100179,Confusional state,uncommon,Psychiatric disorders
100179,Anxiety,uncommon,Psychiatric disorders
100179,Agitation,uncommon,Psychiatric disorders
100179,Psychotic disorder,uncommon,Psychiatric disorders
100179,Thinking abnormal,uncommon,Psychiatric disorders
100179,Hallucinations,uncommon,Psychiatric disorders
100179,Headache,very common,Nervous system disorders
100179,Insomnia,common,Nervous system disorders
100179,Neuropathy peripheral,uncommon,Nervous system disorders
100179,Dizziness,uncommon,Nervous system disorders
100179,Paraesthesia,uncommon,Nervous system disorders
100179,Hypoaesthesia,uncommon,Nervous system disorders
100179,Seizure,uncommon,Nervous system disorders
100179,Dysgeusia (taste disturbance),uncommon,Nervous system disorders
100179,Tremor,uncommon,Nervous system disorders
100179,Visual impairment,common,Eye disorders
100179,Retinal detachment,uncommon,Eye disorders
100179,Vitreous floaters,uncommon,Eye disorders
100179,Eye pain,uncommon,Eye disorders
100179,Conjunctivitis,uncommon,Eye disorders
100179,Macular oedema,uncommon,Eye disorders
100179,Ear pain,common,Ear and labyrinth disorders
100179,Deafness,uncommon,Ear and labyrinth disorders
100179,Arrhythmia,uncommon,Cardiac disorders
100179,Hypotension,common,Vascular disorders
100179,Cough,very common,"Respiratory, thoracic and mediastinal disorders"
100179,Dyspnoea,uncommon,"Respiratory, thoracic and mediastinal disorders"
100179,Diarrhoea,very common,Gastrointestinal disorders
100179,Nausea,uncommon,Gastrointestinal disorders
100179,Vomiting,uncommon,Gastrointestinal disorders
100179,Abdominal pain,uncommon,Gastrointestinal disorders
100179,Dyspepsia,common,Gastrointestinal disorders
100179,Flatulence,uncommon,Gastrointestinal disorders
100179,Abdominal pain upper,uncommon,Gastrointestinal disorders
100179,Constipation,uncommon,Gastrointestinal disorders
100179,Mouth ulceration,uncommon,Gastrointestinal disorders
100179,Dysphagia,uncommon,Gastrointestinal disorders
100179,Abdominal distention,uncommon,Gastrointestinal disorders
100179,Pancreatitis,uncommon,Gastrointestinal disorders
100179,Blood alkaline phosphatase increased,common,Hepato-biliary disorders
100179,Hepatic function abnormal,uncommon,Hepato-biliary disorders
100179,Aspartate aminotransferase increased,uncommon,Hepato-biliary disorders
100179,Alanine aminotransferase increased,uncommon,Hepato-biliary disorders
100179,Dermatitis,very common,Skin and subcutaneous tissues disorders
100179,Night sweats,common,Skin and subcutaneous tissues disorders
100179,Pruritus,uncommon,Skin and subcutaneous tissues disorders
100179,Rash,uncommon,Skin and subcutaneous tissues disorders
100179,Alopecia,uncommon,Skin and subcutaneous tissues disorders
100179,Dry skin,uncommon,Skin and subcutaneous tissues disorders
100179,Urticaria,uncommon,Skin and subcutaneous tissues disorders
100179,Back pain,common,Musculoskeletal and connective tissue disorders
100179,Myalgia,uncommon,Musculoskeletal and connective tissue disorders
100179,Arthralgia,uncommon,Musculoskeletal and connective tissue disorders
100179,Muscle spasms,uncommon,Musculoskeletal and connective tissue disorders
100179,Renal impairment,common,Renal and urinary disorders
100179,Creatinine clearance renal decreased,common,Renal and urinary disorders
100179,Blood creatinine increased,common,Renal and urinary disorders
100179,Renal failure,uncommon,Renal and urinary disorders
100179,Haematuria,uncommon,Renal and urinary disorders
100179,Infertility male,uncommon,Reproductive system and breast disorders
100179,Pyrexia,very common,General disorders and administration site conditions
100179,Fatigue,common,General disorders and administration site conditions
100179,Injection site reaction,common,General disorders and administration site conditions
100179,Pain,common,General disorders and administration site conditions
100179,Chills,common,General disorders and administration site conditions
100179,Malaise,common,General disorders and administration site conditions
100179,Asthenia,common,General disorders and administration site conditions
100179,Chest pain,uncommon,General disorders and administration site conditions
100626,Respiratory tract infection,very common,Infections and infestations
100626,Lower respiratory tract infection,very common,Infections and infestations
100626,Respiratory tract infection viral,very common,Infections and infestations
100626,Upper respiratory tract infection,very common,Infections and infestations
100626,Viral upper respiratory tract infection,very common,Infections and infestations
100626,Nasopharyngitis,very common,Infections and infestations
100626,Pneumonia,common,Infections and infestations
100626,Atypical pneumonia,common,Infections and infestations
100626,Pneumonia bacterial,common,Infections and infestations
100626,Pneumonia fungal,common,Infections and infestations
100626,Pneumonia necrotising,common,Infections and infestations
100626,Pneumonia streptococcal,common,Infections and infestations
100626,Influenza,common,Infections and infestations
100626,Influenza H1N1,common,Infections and infestations
100626,Bronchitis,common,Infections and infestations
100626,Tumour lysis syndrome,uncommon,"Neoplasms benign, malignant and unspecified"
100626,Thrombocytopenia,very common,Blood and lymphatic system disorders
100626,Platelet count decreased,very common,Blood and lymphatic system disorders
100626,Neutropenia,very common,Blood and lymphatic system disorders
100626,Neutrophil count decreased,very common,Blood and lymphatic system disorders
100626,Anaemia,very common,Blood and lymphatic system disorders
100626,haemoglobin decreased,very common,Blood and lymphatic system disorders
100626,Red blood cell count decreased,very common,Blood and lymphatic system disorders
100626,Leukopenia,common,Blood and lymphatic system disorders
100626,White blood cell count decreased,common,Blood and lymphatic system disorders
100626,Febrile neutropenia,uncommon,Blood and lymphatic system disorders
100626,Granulocytopenia,uncommon,Blood and lymphatic system disorders
100626,Drug hypersensitivity,common,Immune system disorders
100626,Anaphylactic shock,uncommon,Immune system disorders
100626,Decreased appetite,very common,Metabolism and nutrition disorders
100626,Dehydration,common,Metabolism and nutrition disorders
100626,Hyperkalaemia,common,Metabolism and nutrition disorders
100626,Blood potassium increased,common,Metabolism and nutrition disorders
100626,Hypophosphataemia,common,Metabolism and nutrition disorders
100626,Blood phosphorus decreased,common,Metabolism and nutrition disorders
100626,Dizziness,very common,Nervous system disorders
100626,Headache,very common,Nervous system disorders
100626,Dysgeusia,common,Nervous system disorders
100626,Tinnitus,common,Ear and labyrinth disorders
100626,Pericardial effusion,common,Cardiac disorders
100626,Pericarditis,uncommon,Cardiac disorders
100626,Hypertension,common,Vascular disorders
100626,Blood pressure increased,common,Vascular disorders
100626,Blood pressure systolic increased,common,Vascular disorders
100626,Essential hypertension,common,Vascular disorders
100626,Hypertensive crisis,common,Vascular disorders
100626,Pleural effusion,very common,"Respiratory, thoracic and mediastinal disorders"
100626,Dyspnoea,very common,"Respiratory, thoracic and mediastinal disorders"
100626,Cough,very common,"Respiratory, thoracic and mediastinal disorders"
100626,Pulmonary hypertension,common,"Respiratory, thoracic and mediastinal disorders"
100626,Pulmonary arterial hypertension,common,"Respiratory, thoracic and mediastinal disorders"
100626,Pulmonary arterial pressure increased,common,"Respiratory, thoracic and mediastinal disorders"
100626,Respiratory failure,common,"Respiratory, thoracic and mediastinal disorders"
100626,Acute pulmonary oedema,uncommon,"Respiratory, thoracic and mediastinal disorders"
100626,Pulmonary oedema,uncommon,"Respiratory, thoracic and mediastinal disorders"
100626,Interstitial lung disease,not known,"Respiratory, thoracic and mediastinal disorders"
100626,Diarrhoea,very common,Gastrointestinal disorders
100626,Vomiting,very common,Gastrointestinal disorders
100626,Nausea,very common,Gastrointestinal disorders
100626,Abdominal pain,very common,Gastrointestinal disorders
100626,Abdominal discomfort,very common,Gastrointestinal disorders
100626,Abdominal pain lower,very common,Gastrointestinal disorders
100626,Abdominal pain upper,very common,Gastrointestinal disorders
100626,Abdominal tenderness,very common,Gastrointestinal disorders
100626,Gastrointestinal pain,very common,Gastrointestinal disorders
100626,Gastrointestinal haemorrhage,common,Gastrointestinal disorders
100626,Anal haemorrhage,common,Gastrointestinal disorders
100626,Gastric haemorrhage,common,Gastrointestinal disorders
100626,Intestinal haemorrhage,common,Gastrointestinal disorders
100626,Lower gastrointestinal haemorrhage,common,Gastrointestinal disorders
100626,Rectal haemorrhage,common,Gastrointestinal disorders
100626,Upper gastrointestinal haemorrhage,common,Gastrointestinal disorders
100626,Pancreatitis,common,Gastrointestinal disorders
100626,Pancreatitis acute,common,Gastrointestinal disorders
100626,Gastritis,common,Gastrointestinal disorders
100626,Hepatotoxicity,common,Hepatobiliary disorders
100626,Hepatitis,common,Hepatobiliary disorders
100626,Hepatitis toxic,common,Hepatobiliary disorders
100626,Liver disorder,common,Hepatobiliary disorders
100626,Hepatic function abnormal,common,Hepatobiliary disorders
100626,Hepatic enzyme increased,common,Hepatobiliary disorders
100626,Liver function test abnormal,common,Hepatobiliary disorders
100626,Liver function test increased,common,Hepatobiliary disorders
100626,Transaminases increased,common,Hepatobiliary disorders
100626,Liver injury,uncommon,Hepatobiliary disorders
100626,Drug-induced liver injury,uncommon,Hepatobiliary disorders
100626,Hepatocellular injury,uncommon,Hepatobiliary disorders
100626,Rash,very common,Skin and subcutaneous tissue disorders
100626,Rash macular,very common,Skin and subcutaneous tissue disorders
100626,Rash maculo‑papular,very common,Skin and subcutaneous tissue disorders
100626,Rash papular,very common,Skin and subcutaneous tissue disorders
100626,Rash pruritic,very common,Skin and subcutaneous tissue disorders
100626,Pruritus,very common,Skin and subcutaneous tissue disorders
100626,Photosensitivity reaction,common,Skin and subcutaneous tissue disorders
100626,Polymorphic light eruption,common,Skin and subcutaneous tissue disorders
100626,Urticaria,common,Skin and subcutaneous tissue disorders
100626,Acne,common,Skin and subcutaneous tissue disorders
100626,Erythema multiforme,uncommon,Skin and subcutaneous tissue disorders
100626,Exfoliative rash,uncommon,Skin and subcutaneous tissue disorders
100626,Drug eruption,uncommon,Skin and subcutaneous tissue disorders
100626,Cutaneous vasculitis,uncommon,Skin and subcutaneous tissue disorders
100626,Stevens‑Johnson Syndrome,not known,Skin and subcutaneous tissue disorders
100626,Toxic epidermal necrolysis,not known,Skin and subcutaneous tissue disorders
100626,Arthralgia,very common,Musculoskeletal and connective tissue disorders
100626,Back pain,very common,Musculoskeletal and connective tissue disorders
100626,Myalgia,common,Musculoskeletal and connective tissue disorders
100626,Acute kidney injury,common,Renal and urinary disorders
100626,Renal failure,common,Renal and urinary disorders
100626,Renal impairment,common,Renal and urinary disorders
100626,Oedema,very common,General disorders and administration site conditions
100626,Eyelid oedema,very common,General disorders and administration site conditions
100626,Face oedema,very common,General disorders and administration site conditions
100626,Generalised oedema,very common,General disorders and administration site conditions
100626,Localised oedema,very common,General disorders and administration site conditions
100626,Oedema peripheral,very common,General disorders and administration site conditions
100626,Periorbital oedema,very common,General disorders and administration site conditions
100626,Periorbital swelling,very common,General disorders and administration site conditions
100626,Peripheral swelling,very common,General disorders and administration site conditions
100626,Swelling,very common,General disorders and administration site conditions
100626,Swelling of eyelid,very common,General disorders and administration site conditions
100626,Pyrexia,very common,General disorders and administration site conditions
100626,Fatigue,very common,General disorders and administration site conditions
100626,Asthenia,very common,General disorders and administration site conditions
100626,Malaise,very common,General disorders and administration site conditions
100626,Chest pain,common,General disorders and administration site conditions
100626,Chest discomfort,common,General disorders and administration site conditions
100626,Pain,common,General disorders and administration site conditions
100626,Lipase increased,very common,Investigations
100626,Hyperlipasaemia,very common,Investigations
100626,Alanine aminotransferase increased,very common,Investigations
100626,Alanine aminotransferase abnormal,very common,Investigations
100626,Aspartate aminotransferase increased,very common,Investigations
100626,Blood creatinine increased,very common,Investigations
100626,Electrocardiogram QT prolonged,common,Investigations
100626,Long QT syndrome,common,Investigations
100626,Amylase increased,common,Investigations
100626,Hyperamylasaemia,common,Investigations
100626,Blood creatine phosphokinase increased,common,Investigations
100626,Gamma‑glutamyltransferase increased,common,Investigations
100626,Blood bilirubin increased,common,Investigations
100626,Hyperbilirubinaemia,common,Investigations
100626,Bilirubin conjugated increased,common,Investigations
100626,Blood bilirubin unconjugated increased,common,Investigations
100689,Agranulocytosis,very rare,Blood and lymphatic system disorders
100689,Leucopenia,very rare,Blood and lymphatic system disorders
100689,Neutropenia,very rare,Blood and lymphatic system disorders
100689,Pancytopenia,very rare,Blood and lymphatic system disorders
100689,Thrombocytopenia,very rare,Blood and lymphatic system disorders
100689,"Hypersensitivity reactions (Anaphylaxis, Angioneurotic oedema, Bronchospasm)",very rare,Immune system disorders
100689,Loss of appetite (anorexia),uncommon,Metabolism and nutrition disorders
100689,Agitation,very rare,Psychiatric disorders
100689,Anxiety disorder,very rare,Psychiatric disorders
100689,Confusion,very rare,Psychiatric disorders
100689,Depression,very rare,Psychiatric disorders
100689,Disorientation,very rare,Psychiatric disorders
100689,Hallucination,very rare,Psychiatric disorders
100689,Insomnia,very rare,Psychiatric disorders
100689,Reduced libido,very rare,Psychiatric disorders
100689,Headache,common,Nervous system disorders
100689,Dizziness,common,Nervous system disorders
100689,Taste disorder,uncommon,Nervous system disorders
100689,Somnolence,rare,Nervous system disorders
100689,Grand mal seizures (particularly in patients with impaired renal function),very rare,Nervous system disorders
100689,Paraesthesia,very rare,Nervous system disorders
100689,Convulsions,very rare,Nervous system disorders
100689,Atrioventricular block (with H 2 -receptor antagonists administered intravenously),very rare,Cardiac disorders
100689,Arrhythmias,very rare,Cardiac disorders
100689,QT prolongation (especially in patients with impaired renal function),very rare,Cardiac disorders
100689,"Interstitial pneumonia, sometimes fatal",very rare,"Respiratory, thoracic and mediastinal disorders"
100689,Constipation,common,Gastrointestinal disorders
100689,Diarrhoea,common,Gastrointestinal disorders
100689,Nausea and/ or vomiting,uncommon,Gastrointestinal disorders
100689,Abdominal discomfort or distension,uncommon,Gastrointestinal disorders
100689,Flatulence,uncommon,Gastrointestinal disorders
100689,Dry mouth,uncommon,Gastrointestinal disorders
100689,Cholestatic jaundice,very rare,Hepatobiliary disorders
100689,Hepatitis,very rare,Hepatobiliary disorders
100689,Liver enzyme abnormalities,very rare,Hepatobiliary disorders
100689,Rash,uncommon,Skin and subcutaneous tissue disorders
100689,Pruritus,uncommon,Skin and subcutaneous tissue disorders
100689,Urticaria,uncommon,Skin and subcutaneous tissue disorders
100689,Alopecia,very rare,Skin and subcutaneous tissue disorders
100689,Stevens-Johnson syndrome / Toxic epidermal necrolysis (sometimes fatal),very rare,Skin and subcutaneous tissue disorders
100689,Arthralgia,very rare,Musculoskeletal and connective tissue disorders
100689,Muscle cramps,very rare,Musculoskeletal and connective tissue disorders
100689,Impotence,very rare,Reproductive system and breast disorders
100689,Fatigue,uncommon,General disorders and administration site conditions
100689,Chest tighness,very rare,General disorders and administration site conditions
100689,"Increase in laboratory values (transaminases, gamma GT, alkaline phosphatase, bilirubin).",rare,Investigations
100689,gynecomastia,rare,Not known
100725,somnolence,very common,Nervous system disorders
100725,sedation,very common,Nervous system disorders
100725,dry mouth,very common,Gastrointestinal disorders
100725,weight increased,very common,Metabolism and nutrition disorders
100725,increase in appetite,very common,Metabolism and nutrition disorders
100725,dizziness,very common,Nervous system disorders
100725,fatigue,very common,General disorders and administration site conditions
100725,Stevens-Johnson syndrome (SJS),not known,Skin and subcutaneous tissue disorders
100725,toxic epidermal necrolysis (TEN),not known,Skin and subcutaneous tissue disorders
100725,drug reaction with eosinophilia and systemic symptoms (DRESS),not known,Skin and subcutaneous tissue disorders
100725,bullous dermatitis,not known,Skin and subcutaneous tissue disorders
100725,erythema multiforme,not known,Skin and subcutaneous tissue disorders
100725,"Bone marrow depression (granulocytopenia, agranulocytosis, aplastic anaemia, thrombocytopenia)",not known,Blood and the lymphatic system disorders
100725,Eosinophilia,not known,Blood and the lymphatic system disorders
100725,Inappropriate antidiuretic hormone secretion,not known,Endocrine disorders
100725,Hyperprolactinemia (and related symptoms galactorrhea and gynecomastia),not known,Endocrine disorders
100725,Hyponatraemia,not known,Metabolism and nutrition disorders
100725,Abnormal dreams,common,Psychiatric disorders
100725,Confusion,common,Psychiatric disorders
100725,Anxiety,common,Psychiatric disorders
100725,Insomnia,common,Psychiatric disorders
100725,Nightmares,uncommon,Psychiatric disorders
100725,Mania,uncommon,Psychiatric disorders
100725,Agitation,uncommon,Psychiatric disorders
100725,Hallucinations,uncommon,Psychiatric disorders
100725,"Psychomotor restlessness (incl. akathisia, hyperkinesia)",uncommon,Psychiatric disorders
100725,Lethargy,uncommon,Nervous system disorders
100725,Tremor,uncommon,Nervous system disorders
100725,Amnesia,uncommon,Nervous system disorders
100725,Paraesthesia,uncommon,Nervous system disorders
100725,Restless legs,uncommon,Nervous system disorders
100725,Syncope,uncommon,Nervous system disorders
100725,Orthostatic hypotension,common,Vascular disorders
100725,Hypotension,common,Vascular disorders
100725,Nausea,common,Gastrointestinal disorders
100725,Diarrhea,common,Gastrointestinal disorders
100725,Vomiting,common,Gastrointestinal disorders
100725,Constipation,common,Gastrointestinal disorders
100725,Oral hypo-aesthesia,uncommon,Gastrointestinal disorders
100725,Pancreatitis,uncommon,Gastrointestinal disorders
100725,Mouth oedema,uncommon,Gastrointestinal disorders
100725,Increased salivation,uncommon,Gastrointestinal disorders
100725,Elevations in serum transaminase activities,rare,Hepatobiliary disorders
100725,Exanthema,common,Skin and subcutaneous tissue disorders
100725,Arthralgia,uncommon,Musculoskeletal and connective tissue disorders
100725,Myalgia,uncommon,Musculoskeletal and connective tissue disorders
100725,Back pain,uncommon,Musculoskeletal and connective tissue disorders
100725,Rhabdomyolysis,rare,Musculoskeletal and connective tissue disorders
100725,Urinary retention,not known,Renal and urinary disorders
100725,Priapism,not known,Reproductive system and breast disorders
100725,Oedema peripheral,common,General disorders and administration site conditions
100725,Generalised oedema,not known,General disorders and administration site conditions
100725,Localised oedema,not known,General disorders and administration site conditions
100725,Increased creatine kinase,not known,Investigations
100725,Suicidal ideation,rare,Psychiatric disorders
100725,Suicidal behaviour,rare,Psychiatric disorders
100725,Somnambulism,rare,Psychiatric disorders
100725,Convulsions (insults),rare,Nervous system disorders
100725,Serotonin syndrome,rare,Nervous system disorders
100725,Oral paraesthesia,rare,Nervous system disorders
100725,Dysarthria,rare,Nervous system disorders
100725,Weight gain,common,Metabolism and nutrition disorders
100725,Urticaria,common,Skin and subcutaneous tissue disorders
100725,Hypertriglyceridaemia,common,Metabolism and nutrition disorders
100999,constipation,common,Gastrointestinal Disorders
100999,flatulence,common,Gastrointestinal Disorders
100999,headache,common,Nervous System Disorders
100999,nausea,common,Gastrointestinal Disorders
100999,Hypersensitivity reaction,rare,Immune System Disorders
100999,Anaphylactic reaction,rare,Immune System Disorders
100999,Anaphylactic shock,rare,Immune System Disorders
100999,Anaphylactoid reaction,rare,Immune System Disorders
100999,Dizziness,uncommon,Nervous System Disorders
100999,Somnolence,uncommon,Nervous System Disorders
100999,Loss of consciousness,rare,Nervous System Disorders
100999,Stupor,rare,Nervous System Disorders
100999,Depressed level of consciousness,rare,Nervous System Disorders
100999,Hypertonia,rare,Nervous System Disorders
100999,Coordination abnormality,rare,Nervous System Disorders
100999,Miosis,rare,Eye Disorders
100999,Abdominal pain,uncommon,Gastrointestinal Disorders
100999,Abdominal discomfort,uncommon,Gastrointestinal Disorders
100999,Dry mouth,uncommon,Gastrointestinal Disorders
100999,Abdominal pain upper,uncommon,Gastrointestinal Disorders
100999,Vomiting,uncommon,Gastrointestinal Disorders
100999,Dyspepsia,uncommon,Gastrointestinal Disorders
100999,Ileus,rare,Gastrointestinal Disorders
100999,paralytic ileus,rare,Gastrointestinal Disorders
100999,Megacolon,rare,Gastrointestinal Disorders
100999,toxic megacolon,rare,Gastrointestinal Disorders
100999,Abdominal distension,rare,Gastrointestinal Disorders
100999,Acute pancreatitis,rare,Gastrointestinal Disorders
100999,Rash,rare,Skin and Subcutaneous Tissue Disorders
100999,Bullous eruption,rare,Skin and Subcutaneous Tissue Disorders
100999,Stevens-Johnson syndrome,rare,Skin and Subcutaneous Tissue Disorders
100999,Toxic epidermal necrolysis,rare,Skin and Subcutaneous Tissue Disorders
100999,Erythema multiforme,rare,Skin and Subcutaneous Tissue Disorders
100999,Angioedema,rare,Skin and Subcutaneous Tissue Disorders
100999,Urticaria,rare,Skin and Subcutaneous Tissue Disorders
100999,Pruritus,rare,Skin and Subcutaneous Tissue Disorders
100999,Urinary retention,rare,Renal and Urinary Disorders
100999,Fatigue,rare,General Disorders and Administration Site Conditions
101803,nausea,very common,Gastrointestinal disorders
101803,dry mouth,very common,Gastrointestinal disorders
101803,headache,very common,Nervous system disorders
101803,sweating (including night sweats),very common,General disorders and administration site conditions
101803,Agranulocytosis*,rare,Blood and lymphatic system disorders
101803,Aplastic anaemia*,rare,Blood and lymphatic system disorders
101803,Pancytopaenia*,rare,Blood and lymphatic system disorders
101803,Neutropaenia*,rare,Blood and lymphatic system disorders
101803,Thrombocytopaenia*,very rare,Blood and lymphatic system disorders
101803,Anaphylactic reaction*,rare,Immune system disorders
101803,Inappropriate antidiuretic hormone secretion*,rare,Endocrine disorders
101803,Blood prolactin increased*,rare,Endocrine disorders
101803,Hyponatraemia*,rare,Metabolism and nutrition disorders
101803,Confusional state*,common,Psychiatric disorders
101803,Depersonalization*,common,Psychiatric disorders
101803,Abnormal dreams,common,Psychiatric disorders
101803,Nervousness,common,Psychiatric disorders
101803,Libido decreased,common,Psychiatric disorders
101803,Agitation*,common,Psychiatric disorders
101803,Anorgasmia,common,Psychiatric disorders
101803,Mania,uncommon,Psychiatric disorders
101803,Hypomania,uncommon,Psychiatric disorders
101803,Hallucination,uncommon,Psychiatric disorders
101803,Derealization,uncommon,Psychiatric disorders
101803,Abnormal orgasm,uncommon,Psychiatric disorders
101803,Bruxism*,uncommon,Psychiatric disorders
101803,Apathy,uncommon,Psychiatric disorders
101803,Delirium*,rare,Psychiatric disorders
101803,Suicidal ideation and suicidal behaviours a,not known,Psychiatric disorders
101803,Aggression b,not known,Psychiatric disorders
101803,Dizziness,common,Nervous system disorders
101803,Sedation,common,Nervous system disorders
101803,Akathisia*,uncommon,Nervous system disorders
101803,Tremor,uncommon,Nervous system disorders
101803,Paraesthesia,uncommon,Nervous system disorders
101803,Dysgeusia,uncommon,Nervous system disorders
101803,Syncope,uncommon,Nervous system disorders
101803,Myoclonus,uncommon,Nervous system disorders
101803,Balance disorder *,uncommon,Nervous system disorders
101803,Coordination abnormal*,uncommon,Nervous system disorders
101803,Dyskinaesia*,uncommon,Nervous system disorders
101803,Neuroleptic Malignant Syndrome (NMS)*,very rare,Nervous system disorders
101803,Serotonin syndrome*,very rare,Nervous system disorders
101803,Convulsion,rare,Nervous system disorders
101803,Dystonia*,rare,Nervous system disorders
101803,Tardive dyskinaesia*,very rare,Nervous system disorders
101803,Visual impairment,uncommon,Eye disorders
101803,"Accommodation disorder, including vision blurred",uncommon,Eye disorders
101803,Mydriasis,uncommon,Eye disorders
101803,Angle-closure glaucoma*,rare,Eye disorders
101803,Tinnitus*,uncommon,Ear and labyrinth disorders
101803,Vertigo,uncommon,Ear and labyrinth disorders
101803,Tachycardia,common,Cardiac disorders
101803,Palpitations*,common,Cardiac disorders
101803,Torsade de pointes*,very rare,Cardiac disorders
101803,Ventricular tachycardia*,very rare,Cardiac disorders
101803,Ventricular fibrillation,very rare,Cardiac disorders
101803,Electrocardiogram QT prolonged*,very rare,Cardiac disorders
101803,Stress cardiomyopathy (takotsubo cardiomyopathy)*,very rare,Cardiac disorders
101803,Hypertension,common,Vascular disorders
101803,Hot flush,common,Vascular disorders
101803,Orthostatic hypotension,uncommon,Vascular disorders
101803,Hypotension*,uncommon,Vascular disorders
101803,Dyspnoea*,common,"Respiratory, thoracic and mediastinal disorders"
101803,Yawning,common,"Respiratory, thoracic and mediastinal disorders"
101803,Interstitial lung disease*,rare,"Respiratory, thoracic and mediastinal disorders"
101803,Pulmonary eosinophilia*,rare,"Respiratory, thoracic and mediastinal disorders"
101803,Constipation,common,Gastrointestinal disorders
101803,Diarrhoea*,common,Gastrointestinal disorders
101803,Vomiting,common,Gastrointestinal disorders
101803,Gastrointestinal haemorrhage,rare,Gastrointestinal disorders
101803,Pancreatitis*,rare,Gastrointestinal disorders
101803,Liver function test abnormal*,uncommon,Hepatobiliary disorders
101803,Hepatitis*,rare,Hepatobiliary disorders
101803,Hyperhidrosis* (including night sweats),common,Skin and subcutaneous tissue disorders
101803,Rash,common,Skin and subcutaneous tissue disorders
101803,Pruritus*,common,Skin and subcutaneous tissue disorders
101803,Urticaria*,common,Skin and subcutaneous tissue disorders
101803,Alopecia*,common,Skin and subcutaneous tissue disorders
101803,Ecchymosis,common,Skin and subcutaneous tissue disorders
101803,Angioedema*,common,Skin and subcutaneous tissue disorders
101803,Photosensitivity reaction,common,Skin and subcutaneous tissue disorders
101803,Stevens-Johnson syndrome*,rare,Skin and subcutaneous tissue disorders
101803,Toxic epidermal necrolysis*,rare,Skin and subcutaneous tissue disorders
101803,Erythema multiforme*,rare,Skin and subcutaneous tissue disorders
101803,Hypertonia,uncommon,Musculoskeletal and connective tissue disorders
101803,Rhabdomyolysis*,rare,Musculoskeletal and connective tissue disorders
101803,"Urinary hesitation), Urinary retention, Pollakiuria*",common,Renal and urinary disorders
101803,Urinary incontinence*,uncommon,Renal and urinary disorders
101803,Menorrhagia*,uncommon,Reproductive system and breast disorders
101803,Metrorrhagia*,uncommon,Reproductive system and breast disorders
101803,Erectile dysfunction,uncommon,Reproductive system and breast disorders
101803,Ejaculation disorder,uncommon,Reproductive system and breast disorders
101803,Postpartum haemorrhage #,very rare,Reproductive system and breast disorders
101803,Fatigue,common,General disorders and administration site conditions
101803,Asthenia,common,General disorders and administration site conditions
101803,Chills*,common,General disorders and administration site conditions
101803,Mucosal haemorrhage*,rare,General disorders and administration site conditions
101803,Weight decreased,common,Investigations
101803,Weight increased,common,Investigations
101803,Blood cholesterol increased,common,Investigations
101803,Bleeding time prolonged*,rare,Investigations
101803,Insomnia,very common,Psychiatric disorders
101803,Decreased appetite,common,Metabolism and nutrition disorders
101979,lymphopenia,very common,Blood and lymphatic system disorders
101979,herpes zoster,common,Infections and infestations
101979,Oral herpes,common,Infections and infestations
101979,Tuberculosis,very rare,Infections and infestations
101979,Decrease in neutrophil count,common,Blood and lymphatic system disorders
101979,Hypersensitivity*,common,Immune system disorders
101979,pruritus,common,Immune system disorders
101979,urticaria,common,Immune system disorders
101979,rash,common,Immune system disorders
101979,angio-oedema,rare,Immune system disorders
101979,Liver Injury*,uncommon,Hepatobiliary disorders
101979,Rash,common,Skin and subcutaneous tissue disorders
101979,alopecia,common,Skin and subcutaneous tissue disorders
101979,Malignancies,not known,
