product_id,adr_term,frequency,soc,meddra_code,icd_code,meddra_preferred_term
120,pyelonephritis,uncommon,Infections and infestations,10037596,N16,pyelonephritis
120,infection,uncommon,Infections and infestations,10021789,N39.0,infection
120,pharyngitis,uncommon,Infections and infestations,10034835,J02.0,pharyngitis
120,eosinophilia,uncommon,Blood and lymphatic system disorders,10014950,D72.1,eosinophilia
120,hypothyroidism,uncommon,Endocrine disorders,10021114,E03.9,hypothyroidism
120,hyperkalaemia,common,Metabolism and nutrition disorders,10020646,E87.5,hyperkalaemia
120,hypercholesterolaemia,uncommon,Metabolism and nutrition disorders,10020603,E78.0,hypercholesterolaemia
120,hyponatraemia,uncommon,Metabolism and nutrition disorders,10021036,E87.1,hyponatraemia
120,dehydration,uncommon,Metabolism and nutrition disorders,10012174,E86.0,dehydration
120,hypertriglyceridaemia,uncommon,Metabolism and nutrition disorders,10020869,UNKNOWN,hypertriglyceridaemia
120,insomnia,common,Psychiatric disorders,10022437,G47.0,insomnia
120,syncope,uncommon,Nervous system disorders,10042772,R55,syncope
120,dizziness,uncommon,Nervous system disorders,10013573,R42,dizziness
120,headache,uncommon,Nervous system disorders,10019211,R51,headache
120,hypoaesthesia,uncommon,Nervous system disorders,10020937,R20.1,hypoaesthesia
120,left ventricular failure,common,Cardiac disorders,10024119,I50.1,left ventricular failure
120,atrial fibrillation,uncommon,Cardiac disorders,10003658,I48.0,atrial fibrillation
120,tachycardia,uncommon,Cardiac disorders,10043071,R00.0,tachycardia
120,hypotension,common,Vascular disorders,10021097,I95,hypotension
120,arterial thrombosis limb,uncommon,Vascular disorders,10003180,UNKNOWN,arterial thrombosis limb
120,orthostatic hypotension,uncommon,Vascular disorders,10031127,I95.1,orthostatic hypotension
120,cough,common,"Respiratory, thoracic and mediastinal disorders",10011224,R05,cough
120,diarrhoea,common,Gastrointestinal disorders,10012735,K59.1,diarrhoea
120,nausea,common,Gastrointestinal disorders,10028813,R11.0,nausea
120,constipation,common,Gastrointestinal disorders,10010774,K59.0,constipation
120,vomiting,common,Gastrointestinal disorders,10047700,R11.1,vomiting
120,flatulence,uncommon,Gastrointestinal disorders,10016766,R14.3,flatulence
120,rash,common,Skin and subcutaneous tissue disorders,10037844,R21,rash
120,pruritus,common,Skin and subcutaneous tissue disorders,10037087,L29,pruritus
120,angioedema,uncommon,Skin and subcutaneous tissue disorders,10002424,T78.3,angioedema
120,hyperhidrosis,uncommon,Skin and subcutaneous tissue disorders,10020642,R61,hyperhidrosis
120,muscle spasms,common,Musculoskeletal and connective tissue disorders,10028334,M62.83,muscle spasms
120,back pain,common,Musculoskeletal and connective tissue disorders,10003988,M54.9,back pain
120,musculoskeletal pain,uncommon,Musculoskeletal and connective tissue disorders,10028391,UNKNOWN,musculoskeletal pain
120,renal impairment,common,Renal and urinary disorders,10062237,N25,renal impairment
120,cholecystitis,uncommon,Hepatobiliary disorders,10008612,K81,cholecystitis
120,gynaecomastia,uncommon,Reproductive system and breast disorders,10018800,N62,gynaecomastia
120,asthenia,common,General disorders and administration site conditions,10003549,R53.1,asthenia
120,malaise,common,General disorders and administration site conditions,10025482,R53.81,malaise
120,blood urea increased,common,Investigations,10005851,UNKNOWN,blood urea increased
120,blood creatinine increased,common,Investigations,10005483,UNKNOWN,blood creatinine increased
120,epidermal growth factor receptor decreased,uncommon,Investigations,10065124,UNKNOWN,epidermal growth factor receptor decreased
120,blood glucose increased,uncommon,Investigations,10005557,UNKNOWN,blood glucose increased
120,stroke,not known,Not known,10042244,I63.9,stroke
503,Hypersensitivity,uncommon,Immune system disorders,10020751,T78.40,Hypersensitivity
503,Decreased appetite up to loss of appetite,common,Metabolism and nutrition disorders,0,UNKNOWN,Decreased appetite up to loss of appetite
503,Insomnia,common,Psychiatric disorders,10022437,G47.0,Insomnia
503,Abnormal thinking,uncommon,Psychiatric disorders,10000182,UNKNOWN,Abnormal thinking
503,Anxiety,uncommon,Psychiatric disorders,10002855,F41.1,Anxiety
503,Confusional state,uncommon,Psychiatric disorders,10010305,F05,Confusional state
503,Libido decreased,uncommon,Psychiatric disorders,10024419,R68.82,Libido decreased
503,Nervousness,uncommon,Psychiatric disorders,10029216,R45.0,Nervousness
503,Restlessness,uncommon,Psychiatric disorders,10038743,G25.81,Restlessness
503,Euphoric mood,not known,Psychiatric disorders,10015535,UNKNOWN,Euphoric mood
503,Hallucination,not known,Psychiatric disorders,10019063,R44.3,Hallucination
503,Nightmares,not known,Psychiatric disorders,10029414,F51.5,Nightmares
503,Aggression,not known,Psychiatric disorders,10001488,D48.11,Aggression
503,Drug dependence,not known,Psychiatric disorders,10013663,P96.1,Drug dependence
503,Dizziness,common,Nervous system disorders,10013573,R42,Dizziness
503,Headache,common,Nervous system disorders,10019211,R51,Headache
503,Somnolence,common,Nervous system disorders,10041349,R40.0,Somnolence
503,Convulsions,uncommon,Nervous system disorders,10010914,G40.909,Convulsions
503,Disturbance in attention,uncommon,Nervous system disorders,10013496,UNKNOWN,Disturbance in attention
503,Dysgeusia,uncommon,Nervous system disorders,10013911,R43.2,Dysgeusia
503,Speech disorder,uncommon,Nervous system disorders,10041466,F80.9,Speech disorder
503,Syncope,uncommon,Nervous system disorders,10042772,R55,Syncope
503,Tremor,uncommon,Nervous system disorders,10044565,R25.1,Tremor
503,Lethargy,uncommon,Nervous system disorders,10024264,R53.83,Lethargy
503,Paraesthesia,not known,Nervous system disorders,10033775,R20.2,Paraesthesia
503,Sedation,not known,Nervous system disorders,10039897,Z92.83,Sedation
503,Visual impairment,uncommon,Eye disorders,10047571,H54.7,Visual impairment
503,Vertigo,common,Ear and labyrinth disorders,10047340,H81.0,Vertigo
503,Angina pectoris,uncommon,Cardiac disorders,10002383,I20,Angina pectoris
503,Palpitations,uncommon,Cardiac disorders,10033557,R00.2,Palpitations
503,Tachycardia,rare,Cardiac disorders,10043071,R00.0,Tachycardia
503,Hot flush,common,Vascular disorders,10060800,UNKNOWN,Hot flush
503,Blood pressure decreased,uncommon,Vascular disorders,10005734,I95,Blood pressure decreased
503,Blood pressure increased,uncommon,Vascular disorders,10005750,UNKNOWN,Blood pressure increased
503,Dyspnoea,uncommon,"Respiratory, thoracic and mediastinal disorders",10013968,R06.0,Dyspnoea
503,Rhinorrhoea,uncommon,"Respiratory, thoracic and mediastinal disorders",10039101,UNKNOWN,Rhinorrhoea
503,Cough,uncommon,"Respiratory, thoracic and mediastinal disorders",10011224,R05,Cough
503,Yawning,rare,"Respiratory, thoracic and mediastinal disorders",10048232,UNKNOWN,Yawning
503,Respiratory depression,not known,"Respiratory, thoracic and mediastinal disorders",10038678,P28.9,Respiratory depression
503,Central sleep apnoea syndrome,not known,"Respiratory, thoracic and mediastinal disorders",10007975,UNKNOWN,Central sleep apnoea syndrome
503,Abdominal pain,common,Gastrointestinal disorders,10000081,R10.9,Abdominal pain
503,Constipation,common,Gastrointestinal disorders,10010774,K59.0,Constipation
503,Diarrhoea,common,Gastrointestinal disorders,10012735,K59.1,Diarrhoea
503,Dry mouth,common,Gastrointestinal disorders,10013781,R68.2,Dry mouth
503,Dyspepsia,common,Gastrointestinal disorders,10013946,R10.13,Dyspepsia
503,Vomiting,common,Gastrointestinal disorders,10047700,R11.1,Vomiting
503,Nausea,common,Gastrointestinal disorders,10028813,R11.0,Nausea
503,Flatulence,common,Gastrointestinal disorders,10016766,R14.3,Flatulence
503,Abdominal distension,uncommon,Gastrointestinal disorders,10000060,R14.0,Abdominal distension
503,Tooth disorder,rare,Gastrointestinal disorders,10044034,K08.9,Tooth disorder
503,Eructation,not known,Gastrointestinal disorders,10015137,R14.2,Eructation
503,Hepatic enzymes increased,uncommon,Hepatobiliary disorders,10019662,UNKNOWN,Hepatic enzymes increased
503,Biliary colic,uncommon,Hepatobiliary disorders,10004663,UNKNOWN,Biliary colic
503,Pruritus,common,Skin and subcutaneous tissue disorders,10037087,L29,Pruritus
503,Skin reactions,common,Skin and subcutaneous tissue disorders,10040935,R76.11,Skin reactions
503,Hyperhidrosis,common,Skin and subcutaneous tissue disorders,10020642,R61,Hyperhidrosis
503,Muscle spasms,uncommon,Musculoskeletal and connective tissue disorders,10028334,M62.83,Muscle spasms
503,Muscle twitching,uncommon,Musculoskeletal and connective tissue disorders,10028347,R25.3,Muscle twitching
503,Myalgia,uncommon,Musculoskeletal and connective tissue disorders,10028411,M79.1,Myalgia
503,Micturition urgency,uncommon,Renal and urinary disorders,10027566,R39.15,Micturition urgency
503,Urinary retention,not known,Renal and urinary disorders,10046555,R33,Urinary retention
503,Erectile dysfunction,not known,Reproductive system and breast disorders,10061461,N52,Erectile dysfunction
503,Amenorrhoea,not known,Reproductive system and breast disorders,10001928,N91.2,Amenorrhoea
503,Asthenia,common,General disorders and administration site conditions,10003549,R53.1,Asthenia
503,Fatigue,common,General disorders and administration site conditions,10016256,R53.83,Fatigue
503,Chest pain,uncommon,General disorders and administration site conditions,10008479,I20.9,Chest pain
503,Chills,uncommon,General disorders and administration site conditions,10008531,R68.83,Chills
503,Malaise,uncommon,General disorders and administration site conditions,10025482,R53.81,Malaise
503,Pain,uncommon,General disorders and administration site conditions,10033371,R52,Pain
503,Peripheral oedema,uncommon,General disorders and administration site conditions,10034611,UNKNOWN,Peripheral oedema
503,Thirst,uncommon,General disorders and administration site conditions,10043458,R63.1,Thirst
503,Drug withdrawal syndrome,not known,General disorders and administration site conditions,10013754,P96.1,Drug withdrawal syndrome
503,Weight decreased,uncommon,Investigations,10047895,D68.020,Weight decreased
503,Weight increased,rare,Investigations,10047899,UNKNOWN,Weight increased
503,Injuries from accidents,uncommon,"Injury, poisoning and procedural complications",0,UNKNOWN,Injuries from accidents
503,Respiratory depression,rare,Infections and infestations,10038678,P28.9,Respiratory depression
503,Anaphylactic reaction,not known,Immune system disorders,10002198,T78.2,Anaphylactic reaction
503,Dehydration,uncommon,Metabolism and nutrition disorders,10012174,E86.0,Dehydration
503,Increased appetite,rare,Metabolism and nutrition disorders,10021654,UNKNOWN,Increased appetite
503,Altered mood and personality change,common,Psychiatric disorders,10027940,UNKNOWN,Altered mood and personality change
503,Decreased activity,common,Psychiatric disorders,10011953,UNKNOWN,Decreased activity
503,Psychomotor hyperactivity,common,Psychiatric disorders,10037211,UNKNOWN,Psychomotor hyperactivity
503,Agitation,uncommon,Psychiatric disorders,10001497,R45.1,Agitation
503,Perception disturbances,uncommon,Psychiatric disorders,10082213,UNKNOWN,Perception disturbances
503,Concentration impaired,uncommon,Nervous system disorders,10010249,UNKNOWN,Concentration impaired
503,Migraine,uncommon,Nervous system disorders,10027599,G43,Migraine
503,Hypertonia,uncommon,Nervous system disorders,10020852,P94.1,Hypertonia
503,Involuntary muscle contractions,uncommon,Nervous system disorders,10028293,UNKNOWN,Involuntary muscle contractions
503,Hypoaesthesia,uncommon,Nervous system disorders,10020937,R20.1,Hypoaesthesia
503,Abnormal coordination,uncommon,Nervous system disorders,10010947,R27.9,Abnormal coordination
503,Hyperalgesia,not known,Nervous system disorders,10020573,UNKNOWN,Hyperalgesia
503,Hearing impaired,uncommon,Ear and labyrinth disorders,10019245,Q16,Hearing impaired
503,Vasodilatation,uncommon,Vascular disorders,10047141,UNKNOWN,Vasodilatation
503,Dysphonia,uncommon,"Respiratory, thoracic and mediastinal disorders",10013952,R49.0,Dysphonia
503,Hiccups,common,Gastrointestinal disorders,10020039,R06.6,Hiccups
503,Dysphagia,uncommon,Gastrointestinal disorders,10013950,R13.1,Dysphagia
503,Ileus,uncommon,Gastrointestinal disorders,10021328,K56.0,Ileus
503,Mouth ulceration,uncommon,Gastrointestinal disorders,10028034,UNKNOWN,Mouth ulceration
503,Stomatitis,uncommon,Gastrointestinal disorders,10042128,B37.0,Stomatitis
503,Melaena,rare,Gastrointestinal disorders,10027141,K92.1,Melaena
503,Gingival bleeding,rare,Gastrointestinal disorders,10018276,UNKNOWN,Gingival bleeding
503,Dental caries,not known,Gastrointestinal disorders,10012318,K02,Dental caries
503,Cholestasis,not known,Hepatobiliary disorders,10008635,O26.64,Cholestasis
503,Sphincter of Oddi dysfunction,not known,Hepatobiliary disorders,10066424,UNKNOWN,Sphincter of Oddi dysfunction
503,Dry skin,uncommon,Skin and subcutaneous tissue disorders,10013786,L85.3,Dry skin
503,Urticaria,rare,Skin and subcutaneous tissue disorders,10046735,L50,Urticaria
503,Dysuria,common,Renal and urinary disorders,10013990,R30.0,Dysuria
503,Hypogonadism,uncommon,Reproductive system and breast disorders,10058359,E29.1,Hypogonadism
503,Oedema,uncommon,General disorders and administration site conditions,10030095,R60.9,Oedema
503,Drug withdrawal syndrome neonatal,not known,General disorders and administration site conditions,10013756,P96.1,Drug withdrawal syndrome neonatal
503,Drug tolerance,not known,General disorders and administration site conditions,10052804,UNKNOWN,Drug tolerance
503,Hypersensitivity,not known,Immune system disorders,10020751,T78.40,Hypersensitivity
503,Decreased appetite up to loss of appetite,common,Metabolism and nutrition disorders,0,UNKNOWN,Decreased appetite up to loss of appetite
503,Insomnia,common,Psychiatric disorders,10022437,G47.0,Insomnia
503,Depression,common,Psychiatric disorders,10012378,F31.9,Depression
503,Libido decreased,uncommon,Psychiatric disorders,10024419,R68.82,Libido decreased
503,Sleep attacks,uncommon,Psychiatric disorders,10040981,UNKNOWN,Sleep attacks
503,Abnormal thinking,not known,Psychiatric disorders,10000182,UNKNOWN,Abnormal thinking
503,Anxiety,not known,Psychiatric disorders,10002855,F41.1,Anxiety
503,Confusional state,not known,Psychiatric disorders,10010305,F05,Confusional state
503,Nervousness,not known,Psychiatric disorders,10029216,R45.0,Nervousness
503,Restlessness,not known,Psychiatric disorders,10038743,G25.81,Restlessness
503,Euphoric mood,not known,Psychiatric disorders,10015535,UNKNOWN,Euphoric mood
503,Hallucination,not known,Psychiatric disorders,10019063,R44.3,Hallucination
503,Nightmares,not known,Psychiatric disorders,10029414,F51.5,Nightmares
503,Drug dependence,not known,Psychiatric disorders,10013663,P96.1,Drug dependence
503,Aggression,not known,Psychiatric disorders,10001488,D48.11,Aggression
503,Headache,very common,Nervous system disorders,10019211,R51,Headache
503,Somnolence,very common,Nervous system disorders,10041349,R40.0,Somnolence
503,Dizziness,common,Nervous system disorders,10013573,R42,Dizziness
503,Disturbance in attention,common,Nervous system disorders,10013496,UNKNOWN,Disturbance in attention
503,Tremor,common,Nervous system disorders,10044565,R25.1,Tremor
503,Paraesthesia,common,Nervous system disorders,10033775,R20.2,Paraesthesia
503,Dysgeusia,uncommon,Nervous system disorders,10013911,R43.2,Dysgeusia
503,Convulsions,not known,Nervous system disorders,10010914,G40.909,Convulsions
503,Sedation,not known,Nervous system disorders,10039897,Z92.83,Sedation
503,Speech disorder,not known,Nervous system disorders,10041466,F80.9,Speech disorder
503,Syncope,not known,Nervous system disorders,10042772,R55,Syncope
503,Lethargy,not known,Nervous system disorders,10024264,R53.83,Lethargy
503,Visual impairment,common,Eye disorders,10047571,H54.7,Visual impairment
503,Vertigo,common,Ear and labyrinth disorders,10047340,H81.0,Vertigo
503,Angina pectoris,not known,Cardiac disorders,10002383,I20,Angina pectoris
503,Palpitations,not known,Cardiac disorders,10033557,R00.2,Palpitations
503,Tachycardia,not known,Cardiac disorders,10043071,R00.0,Tachycardia
503,Hot flush,common,Vascular disorders,10060800,UNKNOWN,Hot flush
503,Blood pressure decreased,common,Vascular disorders,10005734,I95,Blood pressure decreased
503,Blood pressure increased,common,Vascular disorders,10005750,UNKNOWN,Blood pressure increased
503,Dyspnoea,uncommon,"Respiratory, thoracic and mediastinal disorders",10013968,R06.0,Dyspnoea
503,Cough,not known,"Respiratory, thoracic and mediastinal disorders",10011224,R05,Cough
503,Rhinorrhoea,not known,"Respiratory, thoracic and mediastinal disorders",10039101,UNKNOWN,Rhinorrhoea
503,Respiratory depression,not known,"Respiratory, thoracic and mediastinal disorders",10038678,P28.9,Respiratory depression
503,Yawning,not known,"Respiratory, thoracic and mediastinal disorders",10048232,UNKNOWN,Yawning
503,Constipation,very common,Gastrointestinal disorders,10010774,K59.0,Constipation
503,Nausea,very common,Gastrointestinal disorders,10028813,R11.0,Nausea
503,Abdominal pain,common,Gastrointestinal disorders,10000081,R10.9,Abdominal pain
503,Dry mouth,common,Gastrointestinal disorders,10013781,R68.2,Dry mouth
503,Vomiting,common,Gastrointestinal disorders,10047700,R11.1,Vomiting
503,Flatulence,uncommon,Gastrointestinal disorders,10016766,R14.3,Flatulence
503,Abdominal distension,not known,Gastrointestinal disorders,10000060,R14.0,Abdominal distension
503,Diarrhoea,not known,Gastrointestinal disorders,10012735,K59.1,Diarrhoea
503,Dyspepsia,not known,Gastrointestinal disorders,10013946,R10.13,Dyspepsia
503,Eructation,not known,Gastrointestinal disorders,10015137,R14.2,Eructation
503,Tooth disorder,not known,Gastrointestinal disorders,10044034,K08.9,Tooth disorder
503,"Hepatic enzymes increased (alanine aminotransferase increased, gamma-glutamyltransferase increased)",common,Hepatobiliary disorders,10060795,UNKNOWN,"Hepatic enzymes increased (alanine aminotransferase increased, gamma-glutamyltransferase increased)"
503,Biliary colic,not known,Hepatobiliary disorders,10004663,UNKNOWN,Biliary colic
503,Hyperhidrosis,very common,Skin and subcutaneous tissue disorders,10020642,R61,Hyperhidrosis
503,Pruritus,common,Skin and subcutaneous tissue disorders,10037087,L29,Pruritus
503,Skin reactions,common,Skin and subcutaneous tissue disorders,10040935,R76.11,Skin reactions
503,Muscle spasms,not known,Musculoskeletal and connective tissue disorders,10028334,M62.83,Muscle spasms
503,Muscle twitching,not known,Musculoskeletal and connective tissue disorders,10028347,R25.3,Muscle twitching
503,Myalgia,not known,Musculoskeletal and connective tissue disorders,10028411,M79.1,Myalgia
503,Micturition urgency,not known,Renal and urinary disorders,10027566,R39.15,Micturition urgency
503,Urinary retention,not known,Renal and urinary disorders,10046555,R33,Urinary retention
503,Erectile dysfunction,uncommon,Reproductive system and breast disorders,10061461,N52,Erectile dysfunction
503,Asthenia,very common,General disorders and administration site conditions,10003549,R53.1,Asthenia
503,Fatigue,very common,General disorders and administration site conditions,10016256,R53.83,Fatigue
503,Chest pain,common,General disorders and administration site conditions,10008479,I20.9,Chest pain
503,Chills,common,General disorders and administration site conditions,10008531,R68.83,Chills
503,Thirst,common,General disorders and administration site conditions,10043458,R63.1,Thirst
503,Pain,uncommon,General disorders and administration site conditions,10033371,R52,Pain
503,Peripheral oedema,uncommon,General disorders and administration site conditions,10034611,UNKNOWN,Peripheral oedema
503,Drug withdrawal syndrome,not known,General disorders and administration site conditions,10013754,P96.1,Drug withdrawal syndrome
503,Malaise,not known,General disorders and administration site conditions,10025482,R53.81,Malaise
503,Weight decreased,not known,Investigation,10047895,D68.020,Weight decreased
503,Weight increased,not known,Investigation,10047899,UNKNOWN,Weight increased
503,Injuries from accidents,uncommon,"Injury, poisoning and procedural complications",0,UNKNOWN,Injuries from accidents
1945,Transient stinging and burning,common,Eye disorders,0,UNKNOWN,Transient stinging and burning
1945,local irritation,rare,Not known,10024771,UNKNOWN,local irritation
2602,renal dysfunction,very common,Renal and urinary disorders,10050335,N25,renal dysfunction
2602,tremor,very common,Nervous system disorders,10044565,R25.1,tremor
2602,hirsutism,very common,Skin and subcutaneous tissue disorders,10020112,L68.0,hirsutism
2602,hypertension,very common,Vascular disorders,10020772,I10,hypertension
2602,diarrhoea,common,Gastrointestinal disorders,10012735,K59.1,diarrhoea
2602,anorexia,common,Metabolism and nutrition disorders,10002646,R63.0,anorexia
2602,nausea,common,Gastrointestinal disorders,10028813,R11.0,nausea
2602,vomiting,common,Gastrointestinal disorders,10047700,R11.1,vomiting
2602,hyperlipidaemia,very common,Metabolism and nutrition disorders,10062060,E78.5,hyperlipidaemia
2602,hyperglycaemia,common,Metabolism and nutrition disorders,10020635,R73.9,hyperglycaemia
2602,hyperuricaemia,common,Metabolism and nutrition disorders,10020903,E79.0,hyperuricaemia
2602,hyperkalaemia,common,Metabolism and nutrition disorders,10020646,E87.5,hyperkalaemia
2602,hypomagnesaemia,common,Metabolism and nutrition disorders,10021027,P71.2,hypomagnesaemia
2602,headache,very common,Nervous system disorders,10019211,R51,headache
2602,convulsions,common,Nervous system disorders,10010914,G40.909,convulsions
2602,paraesthesia,common,Nervous system disorders,10033775,R20.2,paraesthesia
2602,encephalopathy including Posterior Reversible Encephalopathy Syndrome (PRES),uncommon,Nervous system disorders,10014625,UNKNOWN,encephalopathy including Posterior Reversible Encephalopathy Syndrome (PRES)
2602,"signs and symptoms such as convulsions, confusion, disorientation, decreased responsiveness, agitation, insomnia, visual disturbances, cortical blindness, coma, paresis and cerebellar ataxia",uncommon,Nervous system disorders,0,UNKNOWN,"signs and symptoms such as convulsions, confusion, disorientation, decreased responsiveness, agitation, insomnia, visual disturbances, cortical blindness, coma, paresis and cerebellar ataxia"
2602,motor polyneuropathy,rare,Nervous system disorders,10078252,UNKNOWN,motor polyneuropathy
2602,"optic disc oedema, including papilloedema, with possible visual impairment secondary to benign intracranial hypertension",very rare,Nervous system disorders,10092579,UNKNOWN,optic disc oedema
2602,migraine,not known,Nervous system disorders,10027599,G43,migraine
2602,hearing impairment,not known,Ear and labyrinth disorders,10019245,Q16,hearing impairment
2602,flushing,common,Vascular disorders,10016825,R23.2,flushing
2602,abdominal discomfort/pain,common,Gastrointestinal disorders,10000059,UNKNOWN,abdominal discomfort
2602,gingival hyperplasia,common,Gastrointestinal disorders,10018283,UNKNOWN,gingival hyperplasia
2602,peptic ulcer,common,Gastrointestinal disorders,10034341,K27,peptic ulcer
2602,pancreatitis,rare,Gastrointestinal disorders,10033645,K85.9,pancreatitis
2602,hepatic function abnormal,common,Hepatobiliary disorders,10019670,UNKNOWN,hepatic function abnormal
2602,"hepatotoxicity and liver injury including cholestasis, jaundice, hepatitis and liver failure",not known,Hepatobiliary disorders,10019851,UNKNOWN,hepatotoxicity
2602,acne,common,Skin and subcutaneous tissue disorders,10000496,L70,acne
2602,hypertrichosis,common,Skin and subcutaneous tissue disorders,10020864,L68,hypertrichosis
2602,allergic rashes,uncommon,Skin and subcutaneous tissue disorders,10001717,UNKNOWN,allergic rashes
2602,myalgia,common,Musculoskeletal and connective tissue disorders,10028411,M79.1,myalgia
2602,muscle cramps,common,Musculoskeletal and connective tissue disorders,10028295,UNKNOWN,muscle cramps
2602,muscle weakness,rare,Musculoskeletal and connective tissue disorders,10028350,M62.81,muscle weakness
2602,myopathy,rare,Musculoskeletal and connective tissue disorders,10028641,G72.49,myopathy
2602,pain of lower extremities,not known,Musculoskeletal and connective tissue disorders,10033473,I83.81,pain of lower extremities
2602,menstrual disturbances,rare,Reproductive system and breast disorders,10027329,UNKNOWN,menstrual disturbances
2602,gynaecomastia,rare,Reproductive system and breast disorders,10018800,N62,gynaecomastia
2602,pyrexia,common,General disorders and administration site conditions,10037660,R50.9,pyrexia
2602,fatigue,common,General disorders and administration site conditions,10016256,R53.83,fatigue
2602,oedema,uncommon,General disorders and administration site conditions,10030095,R60.9,oedema
2602,weight increase,uncommon,General disorders and administration site conditions,10047898,UNKNOWN,weight increase
2602,"infections (viral, bacterial, fungal, parasitic)",not known,Infections and infestations,10021789,UNKNOWN,infection
2602,lymphomas or lymphoproliferative disorders and other malignancies,not known,"Neoplasms benign, malignant and unspecified",10025310,UNKNOWN,lymphoma
2602,thrombotic microangiopathy,not known,Blood and lymphatic system disorders,10043645,M31.1,thrombotic microangiopathy
2602,thrombotic thrombocytopenic purpura,not known,Blood and lymphatic system disorders,10043648,M31.19,thrombotic thrombocytopenic purpura
2602,Leucopenia,common,Blood and lymphatic system disorders,10024283,D72.819,Leucopenia
2602,Thrombocytopenia,uncommon,Blood and lymphatic system disorders,10043554,D69.6,Thrombocytopenia
2602,anaemia,uncommon,Blood and lymphatic system disorders,10002034,D64.9,anaemia
2602,Haemolytic uraemic syndrome,rare,Blood and lymphatic system disorders,10018932,D59.3,Haemolytic uraemic syndrome
2602,microangiopathic haemolytic anaemia,rare,Blood and lymphatic system disorders,10027527,D59.4,microangiopathic haemolytic anaemia
2648,Positive antinuclear antibodies unassociated with disease,very common,Immune system disorders,0,UNKNOWN,Positive antinuclear antibodies unassociated with disease
2648,"Hypersensitivity (rash, pruritus, angioedema and dyspnoea)",common,Immune system disorders,10020751,UNKNOWN,"Hypersensitivity (rash, pruritus, angioedema and dyspnoea)"
2648,Hyperkalaemia,not known,Blood and the lymphatic system disorders,10020646,E87.5,Hyperkalaemia
2648,Thrombocytopenia,not known,Blood and the lymphatic system disorders,10043554,D69.6,Thrombocytopenia
2648,Depressed mood and lethargy,not known,Psychiatric disorders,10012374,UNKNOWN,Depressed mood and lethargy
2648,Hallucinations,not known,Psychiatric disorders,10019077,R44.3,Hallucinations
2648,Psychoses,not known,Psychiatric disorders,10011717,F29,Psychoses
2648,Confusion,not known,Psychiatric disorders,10010300,R41.0,Confusion
2648,Sleep disturbances,not known,Psychiatric disorders,10040991,F01.A18,Sleep disturbances
2648,Nightmares,not known,Psychiatric disorders,10029414,F51.5,Nightmares
2648,Dizziness,common,Nervous system disorders,10013573,R42,Dizziness
2648,Tremor,very rare,Nervous system disorders,10044565,R25.1,Tremor
2648,Headache,not known,Nervous system disorders,10019211,R51,Headache
2648,Tiredness,not known,Nervous system disorders,10043890,R53.83,Tiredness
2648,Impaired vision,not known,Eye disorders,10079312,H54.6,Impaired vision
2648,Dry eyes,not known,Eye disorders,10013778,UNKNOWN,Dry eyes
2648,Heart failure,common,Cardiac disorders,10019279,I50,Heart failure
2648,Bradycardia,rare,Cardiac disorders,10006093,R00.1,Bradycardia
2648,Heart block,very rare,Cardiac disorders,10019252,I44.2,Heart block
2648,Hypotension,not known,Cardiac disorders,10021097,I95,Hypotension
2648,Exacerbation of the symptoms of Raynaud's Syndrome,very rare,Vascular disorders,0,UNKNOWN,Exacerbation of the symptoms of Raynaud's Syndrome
2648,Ankle oedema,not known,Vascular disorders,10002546,UNKNOWN,Ankle oedema
2648,increase of an existing intermittent claudication,not known,Vascular disorders,0,UNKNOWN,increase of an existing intermittent claudication
2648,postural hypotension,not known,Vascular disorders,10036433,I95.1,postural hypotension
2648,Cold or cyanotic extremities,not known,Vascular disorders,10009851,UNKNOWN,Cold or cyanotic extremities
2648,Bronchospasm,uncommon,"Respiratory, thoracic and mediastinal disorders",10006482,J45.990,Bronchospasm
2648,Nasal congestion,not known,"Respiratory, thoracic and mediastinal disorders",10028735,R09.81,Nasal congestion
2648,Interstitial lung disease,not known,"Respiratory, thoracic and mediastinal disorders",10022611,J84.115,Interstitial lung disease
2648,Epigastric pain,not known,Gastrointestinal disorders,10015026,R10.13,Epigastric pain
2648,Nausea,not known,Gastrointestinal disorders,10028813,R11.0,Nausea
2648,Vomiting,not known,Gastrointestinal disorders,10047700,R11.1,Vomiting
2648,Diarrhoea,not known,Gastrointestinal disorders,10012735,K59.1,Diarrhoea
2648,Raised liver function tests,common,Hepatobiliary disorders,10048557,UNKNOWN,Raised liver function tests
2648,Jaundice (both hepatocellular and cholestatic),very rare,Hepatobiliary disorders,10023126,UNKNOWN,Jaundice (both hepatocellular and cholestatic)
2648,Hepatitis,very rare,Hepatobiliary disorders,10019717,K75.9,Hepatitis
2648,Hepatic necrosis,very rare,Hepatobiliary disorders,10019692,K71.1,Hepatic necrosis
2648,Tingling sensation in scalp,common,Skin and subcutaneous tissue disorders,0,UNKNOWN,Tingling sensation in scalp
2648,Sweating,not known,Skin and subcutaneous tissue disorders,10042661,R61,Sweating
2648,reversible lichenoid rash,not known,Skin and subcutaneous tissue disorders,0,UNKNOWN,reversible lichenoid rash
2648,paraesthesia of the extremities,not known,Skin and subcutaneous tissue disorders,0,UNKNOWN,paraesthesia of the extremities
2648,photosensitivity reactions,not known,Skin and subcutaneous tissue disorders,10034972,UNKNOWN,photosensitivity reactions
2648,systemic lupus erythematous,not known,Skin and subcutaneous tissue disorders,0,UNKNOWN,systemic lupus erythematous
2648,exacerbation of psoriasis,not known,Skin and subcutaneous tissue disorders,10015581,UNKNOWN,exacerbation of psoriasis
2648,reversible alopecia,not known,Skin and subcutaneous tissue disorders,10001763,UNKNOWN,reversible alopecia
2648,toxic myopathy,very rare,Musculoskeletal and connective tissue disorders,10044237,G72.2,toxic myopathy
2648,Cramps,not known,Musculoskeletal and connective tissue disorders,10011293,T67.2,Cramps
2648,Difficulty in micturition,common,Renal and urinary disorders,10012793,R30.0,Difficulty in micturition
2648,Acute retention of urine,not known,Renal and urinary disorders,10001055,UNKNOWN,Acute retention of urine
2648,Ejaculatory failure,common,Reproductive system and breast disorders,0,UNKNOWN,Ejaculatory failure
2648,erectile dysfunction,common,Reproductive system and breast disorders,10061461,N52,erectile dysfunction
2648,Nipple pain,not known,Reproductive system and breast disorders,10029421,UNKNOWN,Nipple pain
2648,Raynaud's phenomenon of the nipple,not known,Reproductive system and breast disorders,10085324,UNKNOWN,Raynaud's phenomenon of the nipple
2648,Drug fever,common,General disorders and administration site conditions,10013697,R50.2,Drug fever
2648,Masking of the symptoms of thyrotoxicosis or hypoglycaemia,not known,General disorders and administration site conditions,0,UNKNOWN,Masking of the symptoms of thyrotoxicosis or hypoglycaemia
3815,leucopenia,uncommon,Blood and lymphatic system disorders,10024283,D72.819,leucopenia
3815,bone marrow depression,rare,Blood and lymphatic system disorders,10005986,D61.9,bone marrow depression
3815,aplastic anemia,rare,Blood and lymphatic system disorders,10002969,D61.9,aplastic anemia
3815,agranulocytosis,rare,Blood and lymphatic system disorders,10001507,D70,agranulocytosis
3815,pancytopenia,rare,Blood and lymphatic system disorders,10033661,D61.81,pancytopenia
3815,neutropenia,rare,Blood and lymphatic system disorders,10029354,D70,neutropenia
3815,thrombocytopenia,very rare,Blood and lymphatic system disorders,10043554,D69.6,thrombocytopenia
3815,anaphylactic reactions,rare,Immune system disorders,10002198,T78.2,anaphylactic reactions
3815,hypersensitivity,rare,Immune system disorders,10020751,T78.40,hypersensitivity
3815,weight increased,common,Endocrine disorders,10047899,UNKNOWN,weight increased
3815,hypothyroidism,uncommon,Endocrine disorders,10021114,E03.9,hypothyroidism
3815,hyponatraemia,common,Metabolism and nutrition disorders,10021036,E87.1,hyponatraemia
3815,Inappropriate ADH secretion like syndrome,rare,Metabolism and nutrition disorders,0,UNKNOWN,Inappropriate ADH secretion like syndrome
3815,agitation,common,Psychiatric disorders,10001497,R45.1,agitation
3815,affect lability,common,Psychiatric disorders,10054196,UNKNOWN,affect lability
3815,confusional state,common,Psychiatric disorders,10010305,F05,confusional state
3815,depression,common,Psychiatric disorders,10012378,F31.9,depression
3815,apathy,common,Psychiatric disorders,10002942,R45.3,apathy
3815,somnolence,very common,Nervous system disorders,10041349,R40.0,somnolence
3815,headache,very common,Nervous system disorders,10019211,R51,headache
3815,dizziness,very common,Nervous system disorders,10013573,R42,dizziness
3815,ataxia,common,Nervous system disorders,10003591,R27.0,ataxia
3815,tremor,common,Nervous system disorders,10044565,R25.1,tremor
3815,nystagmus,common,Nervous system disorders,10029864,H55.0,nystagmus
3815,disturbance in attention,common,Nervous system disorders,10013496,UNKNOWN,disturbance in attention
3815,amnesia,common,Nervous system disorders,10001949,R41.3,amnesia
3815,Speech disorders,common,Nervous system disorders,10041466,F80.0,Speech disorders
3815,diplopia,very common,Eye disorders,10013036,H53.2,diplopia
3815,vision blurred,common,Eye disorders,10047513,UNKNOWN,vision blurred
3815,visual disturbance,common,Eye disorders,10047543,H53.9,visual disturbance
3815,vertigo,common,Ear and labyrinth disorders,10047340,H81.0,vertigo
3815,atrioventricular block,very rare,Cardiac disorders,10003671,I44.2,atrioventricular block
3815,arrhythmia,very rare,Cardiac disorders,10003119,I49.9,arrhythmia
3815,hypertension,uncommon,Vascular disorders,10020772,I10,hypertension
3815,vomiting,very common,Gastrointestinal disorders,10047700,R11.1,vomiting
3815,nausea,very common,Gastrointestinal disorders,10028813,R11.0,nausea
3815,diarrhoea,common,Gastrointestinal disorders,10012735,K59.1,diarrhoea
3815,abdominal pain,common,Gastrointestinal disorders,10000081,R10.9,abdominal pain
3815,constipation,common,Gastrointestinal disorders,10010774,K59.0,constipation
3815,pancreatitis,very rare,Gastrointestinal disorders,10033645,K85.9,pancreatitis
3815,hepatitis,very rare,Hepato-biliary disorders,10019717,K75.9,hepatitis
3815,rash,common,Skin and subcutaneous tissue disorders,10037844,R21,rash
3815,alopecia,common,Skin and subcutaneous tissue disorders,10001760,L65.9,alopecia
3815,acne,common,Skin and subcutaneous tissue disorders,10000496,L70,acne
3815,urticaria,uncommon,Skin and subcutaneous tissue disorders,10046735,L50,urticaria
3815,Drug Rash with Eosinophilia and Systemic Symptoms (DRESS),uncommon,Skin and subcutaneous tissue disorders,10058919,UNKNOWN,Drug Rash with Eosinophilia and Systemic Symptoms (DRESS)
3815,Acute Generalized Exanthematous Pustulosis (AGEP),uncommon,Skin and subcutaneous tissue disorders,10048799,UNKNOWN,Acute Generalized Exanthematous Pustulosis (AGEP)
3815,Stevens-Johnson syndrome,very rare,Skin and subcutaneous tissue disorders,10042033,L51.1,Stevens-Johnson syndrome
3815,toxic epidermal necrolysis (Lyell's syndrome),very rare,Skin and subcutaneous tissue disorders,10044223,UNKNOWN,toxic epidermal necrolysis (Lyell's syndrome)
3815,angioedema,very rare,Skin and subcutaneous tissue disorders,10002424,T78.3,angioedema
3815,erythema multiforme,very rare,Skin and subcutaneous tissue disorders,10015218,L51,erythema multiforme
3815,decreased bone mineral density,rare,"Musculoskeletal, connective tissue and bone disorders",0,UNKNOWN,decreased bone mineral density
3815,osteopenia,rare,"Musculoskeletal, connective tissue and bone disorders",10049088,UNKNOWN,osteopenia
3815,osteoporosis,rare,"Musculoskeletal, connective tissue and bone disorders",10031282,M81.0,osteoporosis
3815,fractures,rare,"Musculoskeletal, connective tissue and bone disorders",10017322,T14.8,fractures
3815,systemic lupus erythematosus,very rare,"Musculoskeletal, connective tissue and bone disorders",10042945,M32.9,systemic lupus erythematosus
3815,fatigue,very common,General disorders and administration site conditions,10016256,R53.83,fatigue
3815,asthenia,common,General disorders and administration site conditions,10003549,R53.1,asthenia
3815,hepatic enzymes increased,uncommon,Investigations,10019662,UNKNOWN,hepatic enzymes increased
3815,blood alkaline phosphatase increased,uncommon,Investigations,10059570,UNKNOWN,blood alkaline phosphatase increased
3815,decrease in T4,rare,Investigations,10043062,UNKNOWN,decrease in T4
3815,Fall,uncommon,"Injury, poisoning and procedural complications",10016173,W19,Fall
3887,nasopharyngitis,common,Infections and infestations,10028810,J00,nasopharyngitis
3887,anaemia,very rare,Blood and lymphatic system disorders,10002034,D64.9,anaemia
3887,leucopenia,very rare,Blood and lymphatic system disorders,10024283,D72.819,leucopenia
3887,thrombocytopenia,very rare,Blood and lymphatic system disorders,10043554,D69.6,thrombocytopenia
3887,thrombocytopenic purpura,very rare,Blood and lymphatic system disorders,10043561,D69.3,thrombocytopenic purpura
3887,pancytopenia,very rare,Blood and lymphatic system disorders,10033661,D61.81,pancytopenia
3887,hypersensitivity reactions,uncommon,Immune system disorders,10020756,M36.4,hypersensitivity reactions
3887,angioneurotic oedema,uncommon,Immune system disorders,10002473,T78.3,angioneurotic oedema
3887,anaphylactic reactions,uncommon,Immune system disorders,10002198,T78.2,anaphylactic reactions
3887,auricular swelling,uncommon,Immune system disorders,10003800,UNKNOWN,auricular swelling
3887,bullous conditions,uncommon,Immune system disorders,10006555,UNKNOWN,bullous conditions
3887,exfoliative conditions,uncommon,Immune system disorders,10015664,L49.0,exfoliative conditions
3887,urticarias,uncommon,Immune system disorders,10046736,L50,urticarias
3887,pruritus,uncommon,Immune system disorders,10037087,L29,pruritus
3887,rashes,uncommon,Immune system disorders,10046760,R21,rashes
3887,eruptions,uncommon,Immune system disorders,10013687,R21,eruptions
3887,anorexia,common,Metabolism and nutrition disorders,10002646,R63.0,anorexia
3887,decreased appetite,common,Metabolism and nutrition disorders,10061428,UNKNOWN,decreased appetite
3887,moderately reduced weight and height gain during prolonged use in children,common,Metabolism and nutrition disorders,0,UNKNOWN,moderately reduced weight and height gain during prolonged use in children
3887,insomnia,very common,Psychiatric disorders,10022437,G47.0,insomnia
3887,nervousness,very common,Psychiatric disorders,10029216,R45.0,nervousness
3887,affect lability,common,Psychiatric disorders,10054196,UNKNOWN,affect lability
3887,aggression,common,Psychiatric disorders,10001488,D48.11,aggression
3887,agitation,common,Psychiatric disorders,10001497,R45.1,agitation
3887,anxiety,common,Psychiatric disorders,10002855,F41.1,anxiety
3887,depression,common,Psychiatric disorders,10012378,F31.9,depression
3887,irritability,common,Psychiatric disorders,10022998,K58,irritability
3887,abnormal behaviour,common,Psychiatric disorders,10061422,UNKNOWN,abnormal behaviour
3887,bruxism,common,Psychiatric disorders,10006514,G47.63,bruxism
3887,psychotic disorders,rare,Psychiatric disorders,10061920,F24,psychotic disorders
3887,auditory hallucinations,rare,Psychiatric disorders,10003785,R44.0,auditory hallucinations
3887,visual hallucinations,rare,Psychiatric disorders,10047570,R44.1,visual hallucinations
3887,tactile hallucinations,rare,Psychiatric disorders,10019074,UNKNOWN,tactile hallucinations
3887,anger,rare,Psychiatric disorders,10002368,R45.4,anger
3887,suicidal ideation,rare,Psychiatric disorders,10042458,R45.851,suicidal ideation
3887,mood altered,rare,Psychiatric disorders,10027940,R45.86,mood altered
3887,mood swings,rare,Psychiatric disorders,10027951,R45.86,mood swings
3887,restlessness,rare,Psychiatric disorders,10038743,G25.81,restlessness
3887,tearfulness,rare,Psychiatric disorders,10043169,K62.81,tearfulness
3887,tics,rare,Psychiatric disorders,10043849,G50.0,tics
3887,worsening of pre-existing tics or Tourette's syndrome,rare,Psychiatric disorders,0,UNKNOWN,worsening of pre-existing tics or Tourette's syndrome
3887,hypervigilance,rare,Psychiatric disorders,10048533,UNKNOWN,hypervigilance
3887,sleep disorder,rare,Psychiatric disorders,10040984,G47.9,sleep disorder
3887,mania,rare,Psychiatric disorders,10026749,F30.9,mania
3887,disorientation,rare,Psychiatric disorders,10013395,R41.0,disorientation
3887,libido disorder,rare,Psychiatric disorders,10061221,UNKNOWN,libido disorder
3887,obsessive-compulsive disorder,rare,Psychiatric disorders,10029898,F42,obsessive-compulsive disorder
3887,trichotillomania,rare,Psychiatric disorders,10044629,F63.3,trichotillomania
3887,dermatillomania,rare,Psychiatric disorders,10065701,UNKNOWN,dermatillomania
3887,suicidal attempt,rare,Psychiatric disorders,10042464,T14.91,suicidal attempt
3887,completed suicide,rare,Psychiatric disorders,10010144,UNKNOWN,completed suicide
3887,transient depressed mood,rare,Psychiatric disorders,0,UNKNOWN,transient depressed mood
3887,abnormal thinking,rare,Psychiatric disorders,10000182,UNKNOWN,abnormal thinking
3887,apathy,rare,Psychiatric disorders,10002942,R45.3,apathy
3887,delusions,rare,Psychiatric disorders,10012260,F12.250,delusions
3887,thought disturbances,rare,Psychiatric disorders,10043434,UNKNOWN,thinking disturbances
3887,confusional state,rare,Psychiatric disorders,10010305,F05,confusional state
3887,dependence,rare,Psychiatric disorders,10012335,F10.2,dependence
3887,logorrhoea,rare,Psychiatric disorders,10024796,UNKNOWN,logorrhoea
3887,headache,very common,Nervous system disorders,10019211,R51,headache
3887,dizziness,common,Nervous system disorders,10013573,R42,dizziness
3887,dyskinesia,common,Nervous system disorders,10013916,G24,dyskinesia
3887,psychomotor hyperactivity,common,Nervous system disorders,10037211,UNKNOWN,psychomotor hyperactivity
3887,somnolence,common,Nervous system disorders,10041349,R40.0,somnolence
3887,sedation,common,Nervous system disorders,10039897,Z92.83,sedation
3887,tremor,uncommon,Nervous system disorders,10044565,R25.1,tremor
3887,convulsions,very rare,Nervous system disorders,10010914,G40.909,convulsions
3887,choreo-athetoid movements,very rare,Nervous system disorders,0,UNKNOWN,choreo-athetoid movements
3887,reversible ischaemic neurological deficit,very rare,Nervous system disorders,10050496,UNKNOWN,reversible ischaemic neurological deficit
3887,neuroleptic malignant syndrome,very rare,Nervous system disorders,10029282,G21.0,neuroleptic malignant syndrome
3887,cerebrovascular disorders,rare,Nervous system disorders,10008196,I68.8,cerebrovascular disorders
3887,vasculitis,rare,Nervous system disorders,10047115,D69.0,vasculitis
3887,cerebral haemorrhages,rare,Nervous system disorders,10008111,P10.1,cerebral haemorrhages
3887,cerebrovascular accidents,rare,Nervous system disorders,10008190,I63.9,cerebrovascular accidents
3887,cerebral arteritis,rare,Nervous system disorders,10008087,I68.2,cerebral arteritis
3887,cerebral occlusion,rare,Nervous system disorders,10008089,I66,cerebral occlusion
3887,grand mal convulsions,rare,Nervous system disorders,10010918,UNKNOWN,grand mal convulsions
3887,migraine,rare,Nervous system disorders,10027599,G43,migraine
3887,dysphemia,rare,Nervous system disorders,10054964,UNKNOWN,dysphemia
3887,diplopia,uncommon,Eye disorders,10013036,H53.2,diplopia
3887,blurred vision,rare,Eye disorders,10005886,UNKNOWN,blurred vision
3887,dry eye,rare,Eye disorders,10013774,H04.12,dry eye
3887,difficulties in visual accommodation,rare,Eye disorders,0,UNKNOWN,difficulties in visual accommodation
3887,mydriasis,rare,Eye disorders,10028521,H57.04,mydriasis
3887,visual disturbance,rare,Eye disorders,10047543,H53.9,visual disturbance
3887,increased intraocular pressure,rare,Eye disorders,10021667,UNKNOWN,increased intraocular pressure
3887,glaucoma,rare,Eye disorders,10018304,H40,glaucoma
3887,arrhythmia,common,Cardiac disorders,10003119,I49.9,arrhythmia
3887,tachycardia,common,Cardiac disorders,10043071,R00.0,tachycardia
3887,palpitations,common,Cardiac disorders,10033557,R00.2,palpitations
3887,chest pain,common,Cardiac disorders,10008479,I20.9,chest pain
3887,angina pectoris,common,Cardiac disorders,10002383,I20,angina pectoris
3887,cardiac arrest,rare,Cardiac disorders,10007515,I46,cardiac arrest
3887,myocardial infarction,rare,Cardiac disorders,10028596,I21,myocardial infarction
3887,supraventricular tachycardia,uncommon,Cardiac disorders,10042604,I47.1,supraventricular tachycardia
3887,bradycardia,uncommon,Cardiac disorders,10006093,R00.1,bradycardia
3887,ventricular extrasystoles,uncommon,Cardiac disorders,10047289,I49.3,ventricular extrasystoles
3887,extrasystoles,uncommon,Cardiac disorders,10015856,I49.49,extrasystoles
3887,hypertension,common,Vascular disorders,10020772,I10,hypertension
3887,cerebral arteritis,very rare,Vascular disorders,10008087,I68.2,cerebral arteritis
3887,cerebral occlusion,very rare,Vascular disorders,10008089,I66,cerebral occlusion
3887,peripheral coldness,not known,Vascular disorders,10034568,UNKNOWN,peripheral coldness
3887,Raynaud's phenomenon,not known,Vascular disorders,10037912,I73.0,Raynaud's phenomenon
3887,contusion,very rare,Vascular disorders,10050584,T14.8,contusion
3887,cough,common,"Respiratory, thoracic and mediastinal disorders",10011224,R05,cough
3887,pharyngolaryngeal pain,uncommon,"Respiratory, thoracic and mediastinal disorders",10034844,UNKNOWN,pharyngolaryngeal pain
3887,dyspnoea,uncommon,"Respiratory, thoracic and mediastinal disorders",10013968,R06.0,dyspnoea
3887,Epistaxis,not known,"Respiratory, thoracic and mediastinal disorders",10015090,R04.0,Epistaxis
3887,abdominal pain,common,Gastrointestinal disorders,10000081,R10.9,abdominal pain
3887,diarrhea,common,Gastrointestinal disorders,10012727,R19.7,diarrhea
3887,nausea,common,Gastrointestinal disorders,10028813,R11.0,nausea
3887,stomach discomfort,common,Gastrointestinal disorders,10042101,UNKNOWN,stomach discomfort
3887,vomiting,common,Gastrointestinal disorders,10047700,R11.1,vomiting
3887,dry mouth,common,Gastrointestinal disorders,10013781,R68.2,dry mouth
3887,constipation,common,Gastrointestinal disorders,10010774,K59.0,constipation
3887,hepatic enzyme elevations,uncommon,Hepatobiliary disorders,0,UNKNOWN,hepatic enzyme elevations
3887,abnormal liver function,very rare,Hepatobiliary disorders,10024690,R94.5,abnormal liver function
3887,hepatic coma,very rare,Hepatobiliary disorders,10019644,B19.9,hepatic coma
3887,alopecia,common,Skin and subcutaneous tissue disorders,10001760,L65.9,alopecia
3887,pruritus,uncommon,Skin and subcutaneous tissue disorders,10037087,L29,pruritus
3887,rash,uncommon,Skin and subcutaneous tissue disorders,10037844,R21,rash
3887,urticaria,uncommon,Skin and subcutaneous tissue disorders,10046735,L50,urticaria
3887,angioneurotic oedema,rare,Skin and subcutaneous tissue disorders,10002473,T78.3,angioneurotic oedema
3887,bullous conditions,rare,Skin and subcutaneous tissue disorders,10006555,UNKNOWN,bullous conditions
3887,exfoliative conditions,rare,Skin and subcutaneous tissue disorders,10015664,L49.0,exfoliative conditions
3887,hyperhidrosis,rare,Skin and subcutaneous tissue disorders,10020642,R61,hyperhidrosis
3887,macular rash,rare,Skin and subcutaneous tissue disorders,10025418,UNKNOWN,macular rash
3887,erythema,rare,Skin and subcutaneous tissue disorders,10015150,L53.9,erythema
3887,erythema multiforme,rare,Skin and subcutaneous tissue disorders,10015218,L51,erythema multiforme
3887,exfoliative dermatitis,rare,Skin and subcutaneous tissue disorders,10015665,L26,exfoliative dermatitis
3887,fixed drug eruption,rare,Skin and subcutaneous tissue disorders,10016740,UNKNOWN,fixed drug eruption
3887,arthralgia,common,Musculoskeletal and connective tissue disorders,10003239,M26.62,arthralgia
3887,myalgia,uncommon,Musculoskeletal and connective tissue disorders,10028411,M79.1,myalgia
3887,muscle twitching,very rare,Musculoskeletal and connective tissue disorders,10028347,R25.3,muscle twitching
3887,muscle cramps,very rare,Musculoskeletal and connective tissue disorders,10028295,UNKNOWN,muscle cramps
3887,trismus,very rare,Musculoskeletal and connective tissue disorders,10044684,UNKNOWN,trismus
3887,haematuria,uncommon,Renal and urinary disorders,10018867,R31,haematuria
3887,incontinence,not known,Renal and urinary disorders,10021639,R15,incontinence
3887,gynaecomastia,rare,Reproductive system and breast disorders,10018800,N62,gynaecomastia
3887,priapism,very rare,Reproductive system and breast disorders,10036661,N48.3,priapism
3887,erection increased and prolonged,not known,Reproductive system and breast disorders,10015120,UNKNOWN,erection increased
3887,erectile dysfunction,not known,Reproductive system and breast disorders,10061461,N52,erectile dysfunction
3887,pyrexia,common,General disorders and administration site conditions,10037660,R50.9,pyrexia
3887,growth retardation,common,General disorders and administration site conditions,10053759,P05.9,growth retardation
3887,chest pain,uncommon,General disorders and administration site conditions,10008479,I20.9,chest pain
3887,fatigue,uncommon,General disorders and administration site conditions,10016256,R53.83,fatigue
3887,sudden cardiac death,very rare,General disorders and administration site conditions,10049418,Z82.41,sudden cardiac death
3887,chest discomfort,uncommon,General disorders and administration site conditions,10008469,UNKNOWN,chest discomfort
3887,hyperpyrexia,not known,General disorders and administration site conditions,10020741,R50.9,hyperpyrexia
3887,changes in blood pressure and heart rate,common,Investigations,10008393,UNKNOWN,change in blood pressure
3887,weight decreased,common,Investigations,10047895,D68.020,weight decreased
3887,cardiac murmur,uncommon,Investigations,10007586,R01.1,cardiac murmur
3887,hepatic enzyme increased,very rare,Investigations,10060795,UNKNOWN,hepatic enzyme increased
3887,blood alkaline phosphatase increased,uncommon,Investigations,10059570,UNKNOWN,blood alkaline phosphatase increased
3887,blood bilirubin increased,uncommon,Investigations,10005364,UNKNOWN,blood bilirubin increased
3887,platelet count decreased,uncommon,Investigations,10035528,UNKNOWN,platelet count decreased
3887,white blood count abnormal,uncommon,Investigations,10047940,UNKNOWN,white blood count abnormal
3904,"Hypersensitivity / anaphylactoid reaction (e.g. shock*, hypotension, pharyngolaryngeal edema, urticaria, face edema, rhinitis, conjunctivitis, abdominal pain, hypoesthesia, sneezing, cough, pallor)",not known,Immune system disorders,10020751,UNKNOWN,"Hypersensitivity / anaphylactoid reaction (e.g. shock*, hypotension, pharyngolaryngeal edema, urticaria, face edema, rhinitis, conjunctivitis, abdominal pain, hypoesthesia, sneezing, cough, pallor)"
3904,Headache,common,Nervous system disorders,10019211,R51,Headache
3904,Vertigo,uncommon,Nervous system disorders,10047340,H81.0,Vertigo
3904,Dizziness,common,Nervous system disorders,10013573,R42,Dizziness
3904,Dysgeusia,uncommon,Nervous system disorders,10013911,R43.2,Dysgeusia
3904,Paresthesia,uncommon,Nervous system disorders,10033987,R20.2,Paresthesia
3904,Parosmia,uncommon,Nervous system disorders,10034018,R43.1,Parosmia
3904,Tremor,rare,Nervous system disorders,10044565,R25.1,Tremor
3904,Akathisia,rare,Nervous system disorders,10001540,G25.71,Akathisia
3904,Restlessness,rare,Nervous system disorders,10038743,G25.81,Restlessness
3904,Bundle branch block,rare,Cardiac disorders,10006578,I45.4,Bundle branch block
3904,Palpitation,rare,Cardiac disorders,10033556,R00.2,Palpitation
3904,Tachycardia,rare,Cardiac disorders,10043071,R00.0,Tachycardia
3904,Blood pressure increased,common,Vascular disorders,10005750,UNKNOWN,Blood pressure increased
3904,Flushing,uncommon,Vascular disorders,10016825,R23.2,Flushing
3904,"Respiratory disorders (Dyspnea*, Respiratory distress)",rare,"Respiratory, thoracic and mediastinal disorders",10038683,UNKNOWN,"Respiratory disorders (Dyspnea*, Respiratory distress)"
3904,Nausea,common,Gastrointestinal disorders,10028813,R11.0,Nausea
3904,Vomiting,uncommon,Gastrointestinal disorders,10047700,R11.1,Vomiting
3904,Dry mouth,uncommon,Gastrointestinal disorders,10013781,R68.2,Dry mouth
3904,Oral discomfort,uncommon,Gastrointestinal disorders,10030973,UNKNOWN,Oral discomfort
3904,Salivary hypersecretion,uncommon,Gastrointestinal disorders,10039424,K11.7,Salivary hypersecretion
3904,Rash,uncommon,Skin and subcutaneous tissue disorders,10037844,R21,Rash
3904,Pruritus**,uncommon,Skin and subcutaneous tissue disorders,10037087,L29,Pruritus**
3904,Maculopapular rash,rare,Skin and subcutaneous tissue disorders,10025424,UNKNOWN,Maculopapular rash
3904,Hyperhidrosis,rare,Skin and subcutaneous tissue disorders,10020642,R61,Hyperhidrosis
3904,Back pain,common,Musculoskeletal and connective tissue disorders,10003988,M54.9,Back pain
3904,Chest pain,uncommon,General disorders and administration site conditions,10008479,I20.9,Chest pain
3904,Injection site reactions (various kinds)***,uncommon,General disorders and administration site conditions,10022095,UNKNOWN,Injection site reactions (various kinds)***
3904,Feeling hot,common,General disorders and administration site conditions,10016334,UNKNOWN,Feeling hot
3904,Chills,common,General disorders and administration site conditions,10008531,R68.83,Chills
3904,Fatigue,common,General disorders and administration site conditions,10016256,R53.83,Fatigue
3904,Feeling abnormal,common,General disorders and administration site conditions,10016322,UNKNOWN,Feeling abnormal
3904,Discomfort,rare,General disorders and administration site conditions,10013082,H53.14,Discomfort
3904,Malaise,rare,General disorders and administration site conditions,10025482,R53.81,Malaise
3904,Delayed allergoid reactions,rare,not known,0,UNKNOWN,Delayed allergoid reactions
4732,dizziness,common,Nervous system disorders,10013573,R42,dizziness
4732,headache,common,Nervous system disorders,10019211,R51,headache
4732,paraesthesia,common,Nervous system disorders,10033775,R20.2,paraesthesia
4732,vertigo,common,Nervous system disorders,10047340,H81.0,vertigo
4732,visual disturbances,common,Eye disorders,10047545,H53,visual disturbances
4732,tinnitus,common,Ear and labyrinth disorders,10043882,H93.1,tinnitus
4732,hypotension (and effects related to hypotension),common,Vascular disorders,10021097,UNKNOWN,hypotension
4732,cough,common,"Respiratory, thoracic and mediastinal disorders",10011224,R05,cough
4732,dyspnoea,common,"Respiratory, thoracic and mediastinal disorders",10013968,R06.0,dyspnoea
4732,abdominal pain,common,Gastro-intestinal disorders,10000081,R10.9,abdominal pain
4732,constipation,common,Gastro-intestinal disorders,10010774,K59.0,constipation
4732,diarrhoea,common,Gastro-intestinal disorders,10012735,K59.1,diarrhoea
4732,dysgeusia,common,Gastro-intestinal disorders,10013911,R43.2,dysgeusia
4732,dyspepsia,common,Gastro-intestinal disorders,10013946,R10.13,dyspepsia
4732,nausea,common,Gastro-intestinal disorders,10028813,R11.0,nausea
4732,vomiting,common,Gastro-intestinal disorders,10047700,R11.1,vomiting
4732,prurit,common,Skin and subcutaneous tissue disorders,10037884,O26.86,prurit
4732,rash,common,Skin and subcutaneous tissue disorders,10037844,R21,rash
4732,muscle cramps,common,Musculoskeletal and connective tissue disorders,10028295,UNKNOWN,muscle cramps
4732,asthenia,common,General disorders and administration site conditions,10003549,R53.1,asthenia
4732,Eosinophilia,uncommon,Blood and lymphatic system disorders,10014950,D72.1,Eosinophilia
4732,Agranulocytosis or pancytopenia,very rare,Blood and lymphatic system disorders,10001507,UNKNOWN,Agranulocytosis or pancytopenia
4732,Haemoglobin decreased and haematocrit decreased,very rare,Blood and lymphatic system disorders,10018884,UNKNOWN,Haemoglobin decreased and haematocrit decreased
4732,Leucopenia/neutropenia,very rare,Blood and lymphatic system disorders,10024384,UNKNOWN,Leucopenia/neutropenia
4732,Haemolytic anaemia in patients with a congenital deficiency of G-6PDH,very rare,Blood and lymphatic system disorders,0,UNKNOWN,Haemolytic anaemia in patients with a congenital deficiency of G-6PDH
4732,Thrombocytopenia,very rare,Blood and lymphatic system disorders,10043554,D69.6,Thrombocytopenia
4732,Syndrome of inappropriate antidiuretic hormone secretion (SIADH),rare,Endocrine disorders,10087107,UNKNOWN,Syndrome of inappropriate antidiuretic hormone secretion (SIADH)
4732,Hypoglycaemia,uncommon,Metabolism and nutrition disorders,10020993,E16.2,Hypoglycaemia
4732,"Hyperkalaemia, reversible on discontinuation",uncommon,Metabolism and nutrition disorders,0,UNKNOWN,"Hyperkalaemia, reversible on discontinuation"
4732,Hyponatraemia,uncommon,Metabolism and nutrition disorders,10021036,E87.1,Hyponatraemia
4732,Mood disturbances,uncommon,Psychiatric disorders,10044434,O90.6,Mood disturbances
4732,Sleep disorder,uncommon,Psychiatric disorders,10040984,G47.9,Sleep disorder
4732,Depression,uncommon,Psychiatric disorders,10012378,F31.9,Depression
4732,Somnolence,uncommon,Nervous system disorders,10041349,R40.0,Somnolence
4732,Syncope,uncommon,Nervous system disorders,10042772,R55,Syncope
4732,Confusion,very rare,Nervous system disorders,10010300,R41.0,Confusion
4732,Palpitations,uncommon,Cardiac disorders,10033557,R00.2,Palpitations
4732,Tachycardia,uncommon,Cardiac disorders,10043071,R00.0,Tachycardia
4732,Angina pectoris,very rare,Cardiac disorders,10002383,I20,Angina pectoris
4732,Arrythmia,very rare,Cardiac disorders,10003119,I49.9,Arrythmia
4732,"Myocardial infarction, possibly secondary to excessive hypotension in high risk patients",very rare,Cardiac disorders,0,UNKNOWN,"Myocardial infarction, possibly secondary to excessive hypotension in high risk patients"
4732,Vasculitis,uncommon,Vascular disorders,10047115,D69.0,Vasculitis
4732,Flushing,rare,Vascular disorders,10016825,R23.2,Flushing
4732,Stroke possibly secondary to excessive hypotension in high-risk patients,very rare,Vascular disorders,0,UNKNOWN,Stroke possibly secondary to excessive hypotension in high-risk patients
4732,Raynaud's phenomenon,not known,,10037912,I73.0,Raynaud's phenomenon
4732,Bronchospasm,uncommon,"Respiratory, thoracic and mediastinal disorders",10006482,J45.990,Bronchospasm
4732,Eosinophilic pneumonia,very rare,"Respiratory, thoracic and mediastinal disorders",10014962,J82.81,Eosinophilic pneumonia
4732,Rhinitis,very rare,"Respiratory, thoracic and mediastinal disorders",10039083,J00,Rhinitis
4732,Dry mouth,uncommon,Gastro-intestinal disorders,10013781,R68.2,Dry mouth
4732,Pancreatitis,very rare,Gastro-intestinal disorders,10033645,K85.9,Pancreatitis
4732,Hepatitis either cytolitic or cholestatic,very rare,Hepato-biliary disorders,0,UNKNOWN,Hepatitis either cytolitic or cholestatic
4732,Urticaria,uncommon,Skin and subcutaneous tissue disorders,10046735,L50,Urticaria
4732,"Angioedema of face, extremities, lips, mucous membranes, tongue, glottis and/or larynx",uncommon,Skin and subcutaneous tissue disorders,0,UNKNOWN,"Angioedema of face, extremities, lips, mucous membranes, tongue, glottis and/or larynx"
4732,Photosensitivity reactions,uncommon,Skin and subcutaneous tissue disorders,10034972,UNKNOWN,Photosensitivity reactions
4732,Pemphigoid,uncommon,Skin and subcutaneous tissue disorders,10034277,L12,Pemphigoid
4732,Hyperhydrosis,uncommon,Skin and subcutaneous tissue disorders,0,UNKNOWN,Hyperhydrosis
4732,Psoriasis aggravation,rare,Skin and subcutaneous tissue disorders,10037154,UNKNOWN,Psoriasis aggravation
4732,Erythema multiforme,very rare,Skin and subcutaneous tissue disorders,10015218,L51,Erythema multiforme
4732,Arthralgia,uncommon,Musculoskeletal and connective tissue disorders,10003239,M26.62,Arthralgia
4732,Myalgia,uncommon,Musculoskeletal and connective tissue disorders,10028411,M79.1,Myalgia
4732,Renal insufficiency,uncommon,Renal and urinary disorders,10038474,N18.9,Renal insufficiency
4732,Anuria/Oliguria,rare,Renal and urinary disorders,10002847,R34,Anuria/Oliguria
4732,Acute renal failure,rare,Renal and urinary disorders,10001041,N17,Acute renal failure
4732,Erectile dysfunction,uncommon,Reproductive system and breast disorders,10061461,N52,Erectile dysfunction
4732,Chest pain,uncommon,General disorders and administration site conditions,10008479,I20.9,Chest pain
4732,Malaise,uncommon,General disorders and administration site conditions,10025482,R53.81,Malaise
4732,Oedema peripheral,uncommon,General disorders and administration site conditions,10030124,UNKNOWN,Oedema peripheral
4732,Pyrexia,uncommon,General disorders and administration site conditions,10037660,R50.9,Pyrexia
4732,Blood urea increased,uncommon,Investigations,10005851,UNKNOWN,Blood urea increased
4732,Blood creatinine increased,uncommon,Investigations,10005483,UNKNOWN,Blood creatinine increased
4732,Blood bilirubin increased,rare,Investigations,10005364,UNKNOWN,Blood bilirubin increased
4732,Hepatic enzyme increased,rare,Investigations,10060795,UNKNOWN,Hepatic enzyme increased
4732,Fall,uncommon,"Injury, poisoning and procedural complications",10016173,W19,Fall
6554,Local sensitivity,not known,Ear and labyrinth disorders,0,UNKNOWN,Local sensitivity
6554,Ototoxicity,not known,Ear and labyrinth disorders,10033109,H91.0,Ototoxicity
6554,Vestibular disorder,not known,Ear and labyrinth disorders,10047386,H81.9,Vestibular disorder
6554,Hearing loss,not known,Ear and labyrinth disorders,10019246,H91.9,Hearing loss
6554,Burning sensation,not known,Skin and subcutaneous tissue disorders,10006784,UNKNOWN,Burning sensation
6554,Stinging,not known,Skin and subcutaneous tissue disorders,10042066,W57,Stinging
6554,Itching (pruritus),not known,Skin and subcutaneous tissue disorders,10023084,UNKNOWN,Itching (pruritus)
6554,Dermatitis,not known,Skin and subcutaneous tissue disorders,10012431,L21,Dermatitis
6554,Vision blurred,not known,Eye disorders,10047513,UNKNOWN,Vision blurred
7484,somnolence,very common,nervous system disorders,10041349,R40.0,somnolence
7484,headache,common,nervous system disorders,10019211,R51,headache
7484,dizziness,common,nervous system disorders,10013573,R42,dizziness
7484,dry mouth,common,gastrointestinal disorders,10013781,R68.2,dry mouth
7484,withdrawal (discontinuation) symptoms,common,general disorders and administration site conditions,10073281,UNKNOWN,withdrawal symptom
7484,elevations in serum triglyceride levels,common,metabolism and nutritional disorders,0,UNKNOWN,elevations in serum triglyceride levels
7484,elevations in total cholesterol (predominantly LDL cholesterol),common,metabolism and nutritional disorders,0,UNKNOWN,elevations in total cholesterol (predominantly LDL cholesterol)
7484,decreases in HDL cholesterol,common,metabolism and nutritional disorders,10019185,UNKNOWN,decreases in HDL cholesterol
7484,weight gain,common,metabolism and nutritional disorders,10047896,R62.51,weight gain
7484,decreased haemoglobin,common,blood and lymphatic system disorders,10056184,UNKNOWN,decreased haemoglobin
7484,extrapyramidal symptoms,common,nervous system disorders,10015835,UNKNOWN,extrapyramidal symptoms
7484,Severe cutaneous adverse reactions (SCARs),not known,skin and subcutaneous tissue disorders,10085778,UNKNOWN,Severe cutaneous adverse reactions (SCARs)
7484,Stevens-Johnson syndrome (SJS),not known,skin and subcutaneous tissue disorders,10042033,UNKNOWN,Stevens-Johnson syndrome (SJS)
7484,toxic epidermal necrolysis (TEN),not known,skin and subcutaneous tissue disorders,10044223,UNKNOWN,toxic epidermal necrolysis (TEN)
7484,drug reaction with eosinophilia and systemic symptoms (DRESS),not known,skin and subcutaneous tissue disorders,10073508,UNKNOWN,drug reaction with eosinophilia and systemic symptoms (DRESS)
7484,Leucopenia,uncommon,blood and lymphatic system disorders,10024283,D72.819,Leucopenia
7484,decreased neutrophil count,uncommon,blood and lymphatic system disorders,10029366,UNKNOWN,decreased neutrophil count
7484,eosinophils increased,uncommon,blood and lymphatic system disorders,10014945,UNKNOWN,eosinophils increased
7484,Neutropenia,uncommon,blood and lymphatic system disorders,10029354,D70,Neutropenia
7484,Thrombocytopenia,uncommon,blood and lymphatic system disorders,10043554,D69.6,Thrombocytopenia
7484,Anaemia,uncommon,blood and lymphatic system disorders,10002034,D64.9,Anaemia
7484,platelet count decreased,uncommon,blood and lymphatic system disorders,10035528,UNKNOWN,platelet count decreased
7484,Agranulocytosis,rare,blood and lymphatic system disorders,10001507,D70,Agranulocytosis
7484,Hypersensitivity (including allergic skin reactions),uncommon,immune system disorders,10020751,UNKNOWN,Hypersensitivity (including allergic skin reactions)
7484,Anaphylactic reaction,very rare,immune system disorders,10002198,T78.2,Anaphylactic reaction
7484,Hyperprolactinemia,uncommon,endocrine disorders,10020739,E22.1,Hyperprolactinemia
7484,decreases in total T4,uncommon,endocrine disorders,0,UNKNOWN,decreases in total T4
7484,decreases in free T4,uncommon,endocrine disorders,10051884,UNKNOWN,decreases in free T4
7484,decreases in total T3,uncommon,endocrine disorders,0,UNKNOWN,decreases in total T3
7484,increases in TSH,uncommon,endocrine disorders,10044718,UNKNOWN,increases in TSH
7484,decreases in free T3,uncommon,endocrine disorders,0,UNKNOWN,decreases in free T3
7484,Hypothyroidism,uncommon,endocrine disorders,10021114,E03.9,Hypothyroidism
7484,Inappropriate antidiuretic hormone secretion,very rare,endocrine disorders,10053198,E22.2,Inappropriate antidiuretic hormone secretion
7484,Increased appetite,common,metabolism and nutritional disorders,10021654,UNKNOWN,Increased appetite
7484,blood glucose increased to hyper-glycaemic levels,common,metabolism and nutritional disorders,0,UNKNOWN,blood glucose increased to hyper-glycaemic levels
7484,Hyponatraemia,uncommon,metabolism and nutritional disorders,10021036,E87.1,Hyponatraemia
7484,Diabetes Mellitus,uncommon,metabolism and nutritional disorders,10012601,E08-E13,Diabetes Mellitus
7484,Exacerbation of pre-existing diabetes,uncommon,metabolism and nutritional disorders,0,UNKNOWN,Exacerbation of pre-existing diabetes
7484,Metabolic syndrome,rare,metabolism and nutritional disorders,10052066,E88.810,Metabolic syndrome
7484,Abnormal dreams and nightmares,common,psychiatric disorders,10000125,UNKNOWN,Abnormal dreams and nightmares
7484,Suicidal ideation and suicidal behaviour,common,psychiatric disorders,10042458,UNKNOWN,Suicidal ideation and suicidal behaviour
7484,Somnambulism and related reactions such as sleep talking and sleep related eating disorder,uncommon,psychiatric disorders,10041347,UNKNOWN,Somnambulism and related reactions such as sleep talking and sleep related eating disorder
7484,Dysarthria,uncommon,nervous system disorders,10013887,R47.1,Dysarthria
7484,Seizure,uncommon,nervous system disorders,10039906,G40.909,Seizure
7484,Restless legs syndrome,uncommon,nervous system disorders,10058920,G25.81,Restless legs syndrome
7484,Tardive dyskinesia,uncommon,nervous system disorders,10043118,G24.01,Tardive dyskinesia
7484,Syncope,uncommon,nervous system disorders,10042772,R55,Syncope
7484,Tachycardia,uncommon,cardiac disorders,10043071,R00.0,Tachycardia
7484,Palpitations,uncommon,cardiac disorders,10033557,R00.2,Palpitations
7484,QT prolongation,rare,cardiac disorders,10037705,UNKNOWN,QT prolongation
7484,Bradycardia,rare,cardiac disorders,10006093,R00.1,Bradycardia
7484,Cardiomyopathy,not known,cardiac disorders,10007636,I42,Cardiomyopathy
7484,Myocarditis,not known,cardiac disorders,10028606,I51.4,Myocarditis
7484,Vision blurred,uncommon,eye disorders,10047513,UNKNOWN,Vision blurred
7484,Orthostatic hypotension,common,vascular disorders,10031127,I95.1,Orthostatic hypotension
7484,Venous thromboembolism,rare,vascular disorders,10066899,UNKNOWN,Venous thromboembolism
7484,Dyspnoea,uncommon,"respiratory, thoracic and mediastinal disorders",10013968,R06.0,Dyspnoea
7484,Rhinitis,uncommon,"respiratory, thoracic and mediastinal disorders",10039083,J00,Rhinitis
7484,Constipation,common,gastrointestinal disorders,10010774,K59.0,Constipation
7484,dyspepsia,common,gastrointestinal disorders,10013946,R10.13,dyspepsia
7484,vomiting,common,gastrointestinal disorders,10047700,R11.1,vomiting
7484,Dysphagia,uncommon,gastrointestinal disorders,10013950,R13.1,Dysphagia
7484,Pancreatitis,rare,gastrointestinal disorders,10033645,K85.9,Pancreatitis
7484,Intestinal obstruction/ Ileus,rare,gastrointestinal disorders,10022687,K56,Intestinal obstruction/ Ileus
7484,Elevations in serum alanine aminotransferase (ALT),uncommon,hepato-biliary disorders,0,UNKNOWN,Elevations in serum alanine aminotransferase (ALT)
7484,Elevations in gamma-GT levels,uncommon,hepato-biliary disorders,0,UNKNOWN,Elevations in gamma-GT levels
7484,Elevations in serum aspartate aminotransferase (AST),uncommon,hepato-biliary disorders,0,UNKNOWN,Elevations in serum aspartate aminotransferase (AST)
7484,Jaundice,rare,hepato-biliary disorders,10023126,R17,Jaundice
7484,Hepatitis,rare,hepato-biliary disorders,10019717,K75.9,Hepatitis
7484,Angioedema,rare,skin and subcutaneous tissue disorders,10002424,T78.3,Angioedema
7484,Toxic Epidermal Necrolysis,not known,skin and subcutaneous tissue disorders,10044223,L51.2,Toxic Epidermal Necrolysis
7484,Erythema Multiforme,not known,skin and subcutaneous tissue disorders,10015218,L51,Erythema Multiforme
7484,Cutaneous vasculitis,not known,skin and subcutaneous tissue disorders,10011686,L95.9,Cutaneous vasculitis
7484,Rhabdomyolysis,very rare,musculoskeletal and connective tissue disorders,10039020,M62.82,Rhabdomyolysis
7484,Urinary retention,uncommon,renal and urinary disorders,10046555,R33,Urinary retention
7484,Drug withdrawal syndrome neonatal,very rare,"pregnancy, puerperium and perinatal conditions",10013756,P96.1,Drug withdrawal syndrome neonatal
7484,Sexual dysfunction,uncommon,reproductive system and breast disorders,10040477,R37,Sexual dysfunction
7484,Priapism,very rare,reproductive system and breast disorders,10036661,N48.3,Priapism
7484,galactorrhoea,very rare,reproductive system and breast disorders,10017600,O92.6,galactorrhoea
7484,breast swelling,very rare,reproductive system and breast disorders,10006312,UNKNOWN,breast swelling
7484,menstrual disorder,very rare,reproductive system and breast disorders,10027327,UNKNOWN,menstrual disorder
7484,Neuroleptic malignant syndrome,rare,general disorders and administration site conditions,10029282,G21.0,Neuroleptic malignant syndrome
7484,hypothermia,rare,general disorders and administration site conditions,10021113,T68,hypothermia
7484,Elevations in blood creatine phosphorkinase,uncommon,investigations,0,UNKNOWN,Elevations in blood creatine phosphorkinase
7700,nausea,common,gastrointestinal disorders,10028813,R11.0,nausea
7700,vomiting,common,gastrointestinal disorders,10047700,R11.1,vomiting
7700,constipation,common,gastrointestinal disorders,10010774,K59.0,constipation
7700,drowsiness,common,nervous system disorders,10013649,R40.0,drowsiness
7700,Hypersensitivity,not known,immune system disorders,10020751,T78.40,Hypersensitivity
7700,Anaphylactic reaction,not known,immune system disorders,10002198,T78.2,Anaphylactic reaction
7700,Anaphylactoid reaction,not known,immune system disorders,10002216,T78.0,Anaphylactoid reaction
7700,Confusion,uncommon,psychiatric disorders,10010300,R41.0,Confusion
7700,Insomnia,uncommon,psychiatric disorders,10022437,G47.0,Insomnia
7700,Agitation,uncommon,psychiatric disorders,10001497,R45.1,Agitation
7700,Euphoria,uncommon,psychiatric disorders,10015533,UNKNOWN,Euphoria
7700,Hallucinations,uncommon,psychiatric disorders,10019077,R44.3,Hallucinations
7700,Mood altered,uncommon,psychiatric disorders,10027940,R45.86,Mood altered
7700,Drug dependence,uncommon,psychiatric disorders,10013663,P96.1,Drug dependence
7700,Dysphoria,uncommon,psychiatric disorders,10013954,O90.6,Dysphoria
7700,Thinking disturbances,uncommon,psychiatric disorders,10043434,UNKNOWN,Thinking disturbances
7700,Dizziness,uncommon,nervous system disorders,10013573,R42,Dizziness
7700,Headache,uncommon,nervous system disorders,10019211,R51,Headache
7700,Hyperhidrosis,uncommon,nervous system disorders,10020642,R61,Hyperhidrosis
7700,Involuntary muscle contractions,uncommon,nervous system disorders,10028293,UNKNOWN,Involuntary muscle contractions
7700,Somnolence,uncommon,nervous system disorders,10041349,R40.0,Somnolence
7700,Convulsions,rare,nervous system disorders,10010914,G40.909,Convulsions
7700,Hypertonia,rare,nervous system disorders,10020852,P94.1,Hypertonia
7700,Myoclonus,rare,nervous system disorders,10028622,G25.3,Myoclonus
7700,Paraesthesia,rare,nervous system disorders,10033775,R20.2,Paraesthesia
7700,Syncope,rare,nervous system disorders,10042772,R55,Syncope
7700,Allodynia,rare,nervous system disorders,10053552,UNKNOWN,Allodynia
7700,Hyperalgesia,rare,nervous system disorders,10020573,UNKNOWN,Hyperalgesia
7700,Sleep apnoea syndrome,rare,nervous system disorders,10040979,G47.3,Sleep apnoea syndrome
7700,Visual impairment,not known,eye disorders,10047571,H54.7,Visual impairment
7700,Miosis,not known,eye disorders,10027646,H57.03,Miosis
7700,Vertigo,not known,ear and labyrinth disorders,10047340,H81.0,Vertigo
7700,Palpitations,not known,cardiac disorders,10033557,R00.2,Palpitations
7700,Bradycardia,not known,cardiac disorders,10006093,R00.1,Bradycardia
7700,Tachycardia,not known,cardiac disorders,10043071,R00.0,Tachycardia
7700,Facial flushing,not known,vascular disorders,10016046,UNKNOWN,Facial flushing
7700,Hypotension,not known,vascular disorders,10021097,I95,Hypotension
7700,Hypertension,not known,vascular disorders,10020772,I10,Hypertension
7700,Bronchospasm,not known,respiratory thoracic and mediastinal disorders,10006482,J45.990,Bronchospasm
7700,Pulmonary oedema,not known,respiratory thoracic and mediastinal disorders,10037423,J81,Pulmonary oedema
7700,Respiratory depression,not known,respiratory thoracic and mediastinal disorders,10038678,P28.9,Respiratory depression
7700,Cough decreased,not known,respiratory thoracic and mediastinal disorders,10011225,UNKNOWN,Cough decreased
7700,Abdominal pain,uncommon,gastrointestinal disorders,10000081,R10.9,Abdominal pain
7700,Anorexia,uncommon,gastrointestinal disorders,10002646,R63.0,Anorexia
7700,Dry mouth,uncommon,gastrointestinal disorders,10013781,R68.2,Dry mouth
7700,Vomiting,uncommon,gastrointestinal disorders,10047700,R11.1,Vomiting
7700,Dyspepsia,rare,gastrointestinal disorders,10013946,R10.13,Dyspepsia
7700,Ileus,rare,gastrointestinal disorders,10021328,K56.0,Ileus
7700,Taste perversion,rare,gastrointestinal disorders,10043137,R43.2,Taste perversion
7700,Increased hepatic enzymes,not known,hepatobiliary disorders,10019662,UNKNOWN,Increased hepatic enzymes
7700,Biliary pain,not known,hepatobiliary disorders,10004670,UNKNOWN,Biliary pain
7700,Exacerbation of pancreatitis,not known,hepatobiliary disorders,0,UNKNOWN,Exacerbation of pancreatitis
7700,Sphincter of Oddi dysfunction,not known,hepatobiliary disorders,10066424,UNKNOWN,Sphincter of Oddi dysfunction
7700,Rash,not known,skin and subcutaneous tissue disorders,10037844,R21,Rash
7700,Urticaria,not known,skin and subcutaneous tissue disorders,10046735,L50,Urticaria
7700,Urinary retention,not known,renal and urinary disorders,10046555,R33,Urinary retention
7700,Ureteric spasm,not known,renal and urinary disorders,10051958,UNKNOWN,Ureteric spasm
7700,Amenorrhoea,not known,reproductive system and breast disorders,10001928,N91.2,Amenorrhoea
7700,Decreased libido,not known,reproductive system and breast disorders,10024419,R68.82,Decreased libido
7700,Erectile dysfunction,not known,reproductive system and breast disorders,10061461,N52,Erectile dysfunction
7700,Asthenia,uncommon,general disorders and administration site conditions,10003549,R53.1,Asthenia
7700,Fatigue,uncommon,general disorders and administration site conditions,10016256,R53.83,Fatigue
7700,Malaise,uncommon,general disorders and administration site conditions,10025482,R53.81,Malaise
7700,Pruritus,uncommon,general disorders and administration site conditions,10037087,L29,Pruritus
7700,Peripheral oedema,not known,general disorders and administration site conditions,10034611,UNKNOWN,Peripheral oedema
7700,Drug withdrawal syndrome,not known,general disorders and administration site conditions,10013754,P96.1,Drug withdrawal syndrome
7700,Drug tolerance,not known,general disorders and administration site conditions,10052804,UNKNOWN,Drug tolerance
7700,Drug withdrawal (abstinence) syndrome neonatal,not known,general disorders and administration site conditions,10013756,UNKNOWN,Drug withdrawal (abstinence) syndrome neonatal
7708,Hypersensitivity,uncommon,Immune system disorders,10020751,T78.40,Hypersensitivity
7708,Decreased appetite up to loss of appetite,common,Metabolism and nutrition disorders,0,UNKNOWN,Decreased appetite up to loss of appetite
7708,Insomnia,common,Psychiatric disorders,10022437,G47.0,Insomnia
7708,Abnormal thinking,uncommon,Psychiatric disorders,10000182,UNKNOWN,Abnormal thinking
7708,Anxiety,uncommon,Psychiatric disorders,10002855,F41.1,Anxiety
7708,Confusional state,uncommon,Psychiatric disorders,10010305,F05,Confusional state
7708,Libido decreased,uncommon,Psychiatric disorders,10024419,R68.82,Libido decreased
7708,Nervousness,uncommon,Psychiatric disorders,10029216,R45.0,Nervousness
7708,Restlessness,uncommon,Psychiatric disorders,10038743,G25.81,Restlessness
7708,Euphoric mood,not known,Psychiatric disorders,10015535,UNKNOWN,Euphoric mood
7708,Hallucination,not known,Psychiatric disorders,10019063,R44.3,Hallucination
7708,Nightmares,not known,Psychiatric disorders,10029414,F51.5,Nightmares
7708,Aggression,not known,Psychiatric disorders,10001488,D48.11,Aggression
7708,Drug dependence,not known,Psychiatric disorders,10013663,P96.1,Drug dependence
7708,Dizziness,common,Nervous system disorders,10013573,R42,Dizziness
7708,Headache,common,Nervous system disorders,10019211,R51,Headache
7708,Somnolence,common,Nervous system disorders,10041349,R40.0,Somnolence
7708,Convulsions,uncommon,Nervous system disorders,10010914,G40.909,Convulsions
7708,Disturbance in attention,uncommon,Nervous system disorders,10013496,UNKNOWN,Disturbance in attention
7708,Dysgeusia,uncommon,Nervous system disorders,10013911,R43.2,Dysgeusia
7708,Speech disorder,uncommon,Nervous system disorders,10041466,F80.9,Speech disorder
7708,Syncope,uncommon,Nervous system disorders,10042772,R55,Syncope
7708,Tremor,uncommon,Nervous system disorders,10044565,R25.1,Tremor
7708,Lethargy,uncommon,Nervous system disorders,10024264,R53.83,Lethargy
7708,Paraesthesia,not known,Nervous system disorders,10033775,R20.2,Paraesthesia
7708,Sedation,not known,Nervous system disorders,10039897,Z92.83,Sedation
7708,Visual impairment,uncommon,Eye disorders,10047571,H54.7,Visual impairment
7708,Vertigo,common,Ear and labyrinth disorders,10047340,H81.0,Vertigo
7708,Angina pectoris,uncommon,Cardiac disorders,10002383,I20,Angina pectoris
7708,Palpitations,uncommon,Cardiac disorders,10033557,R00.2,Palpitations
7708,Tachycardia,rare,Cardiac disorders,10043071,R00.0,Tachycardia
7708,Hot flush,common,Vascular disorders,10060800,UNKNOWN,Hot flush
7708,Blood pressure decreased,uncommon,Vascular disorders,10005734,I95,Blood pressure decreased
7708,Blood pressure increased,uncommon,Vascular disorders,10005750,UNKNOWN,Blood pressure increased
7708,Dyspnoea,uncommon,"Respiratory, thoracic and mediastinal disorders",10013968,R06.0,Dyspnoea
7708,Rhinorrhoea,uncommon,"Respiratory, thoracic and mediastinal disorders",10039101,UNKNOWN,Rhinorrhoea
7708,Cough,uncommon,"Respiratory, thoracic and mediastinal disorders",10011224,R05,Cough
7708,Yawning,rare,"Respiratory, thoracic and mediastinal disorders",10048232,UNKNOWN,Yawning
7708,Respiratory depression,not known,"Respiratory, thoracic and mediastinal disorders",10038678,P28.9,Respiratory depression
7708,Central sleep apnoea syndrome,not known,"Respiratory, thoracic and mediastinal disorders",10007975,UNKNOWN,Central sleep apnoea syndrome
7708,Abdominal pain,common,Gastrointestinal disorders,10000081,R10.9,Abdominal pain
7708,Constipation,common,Gastrointestinal disorders,10010774,K59.0,Constipation
7708,Diarrhoea,common,Gastrointestinal disorders,10012735,K59.1,Diarrhoea
7708,Dry mouth,common,Gastrointestinal disorders,10013781,R68.2,Dry mouth
7708,Dyspepsia,common,Gastrointestinal disorders,10013946,R10.13,Dyspepsia
7708,Vomiting,common,Gastrointestinal disorders,10047700,R11.1,Vomiting
7708,Nausea,common,Gastrointestinal disorders,10028813,R11.0,Nausea
7708,Flatulence,common,Gastrointestinal disorders,10016766,R14.3,Flatulence
7708,Abdominal distension,uncommon,Gastrointestinal disorders,10000060,R14.0,Abdominal distension
7708,Tooth disorder,rare,Gastrointestinal disorders,10044034,K08.9,Tooth disorder
7708,Eructation,not known,Gastrointestinal disorders,10015137,R14.2,Eructation
7708,Hepatic enzymes increased,uncommon,Hepatobiliary disorders,10019662,UNKNOWN,Hepatic enzymes increased
7708,Biliary colic,uncommon,Hepatobiliary disorders,10004663,UNKNOWN,Biliary colic
7708,Pruritus,common,Skin and subcutaneous tissue disorders,10037087,L29,Pruritus
7708,Skin reactions,common,Skin and subcutaneous tissue disorders,10040935,R76.11,Skin reactions
7708,Hyperhidrosis,common,Skin and subcutaneous tissue disorders,10020642,R61,Hyperhidrosis
7708,Muscle spasms,uncommon,Musculoskeletal and connective tissue disorders,10028334,M62.83,Muscle spasms
7708,Muscle twitching,uncommon,Musculoskeletal and connective tissue disorders,10028347,R25.3,Muscle twitching
7708,Myalgia,uncommon,Musculoskeletal and connective tissue disorders,10028411,M79.1,Myalgia
7708,Micturition urgency,uncommon,Renal and urinary disorders,10027566,R39.15,Micturition urgency
7708,Urinary retention,not known,Renal and urinary disorders,10046555,R33,Urinary retention
7708,Erectile dysfunction,not known,Reproductive system and breast disorders,10061461,N52,Erectile dysfunction
7708,Amenorrhoea,not known,Reproductive system and breast disorders,10001928,N91.2,Amenorrhoea
7708,Asthenia,common,General disorders and administration site conditions,10003549,R53.1,Asthenia
7708,Fatigue,common,General disorders and administration site conditions,10016256,R53.83,Fatigue
7708,Chest pain,uncommon,General disorders and administration site conditions,10008479,I20.9,Chest pain
7708,Chills,uncommon,General disorders and administration site conditions,10008531,R68.83,Chills
7708,Malaise,uncommon,General disorders and administration site conditions,10025482,R53.81,Malaise
7708,Pain,uncommon,General disorders and administration site conditions,10033371,R52,Pain
7708,Peripheral oedema,uncommon,General disorders and administration site conditions,10034611,UNKNOWN,Peripheral oedema
7708,Thirst,uncommon,General disorders and administration site conditions,10043458,R63.1,Thirst
7708,Drug withdrawal syndrome,not known,General disorders and administration site conditions,10013754,P96.1,Drug withdrawal syndrome
7708,Weight decreased,uncommon,Investigations,10047895,D68.020,Weight decreased
7708,Weight increased,rare,Investigations,10047899,UNKNOWN,Weight increased
7708,Injuries from accidents,uncommon,"Injury, poisoning and procedural complications",0,UNKNOWN,Injuries from accidents
7708,Respiratory depression,rare,Infections and infestations,10038678,P28.9,Respiratory depression
7708,Anaphylactic reaction,not known,Immune system disorders,10002198,T78.2,Anaphylactic reaction
7708,Dehydration,uncommon,Metabolism and nutrition disorders,10012174,E86.0,Dehydration
7708,Increased appetite,rare,Metabolism and nutrition disorders,10021654,UNKNOWN,Increased appetite
7708,Altered mood and personality change,common,Psychiatric disorders,10027940,UNKNOWN,Altered mood and personality change
7708,Decreased activity,common,Psychiatric disorders,10011953,UNKNOWN,Decreased activity
7708,Psychomotor hyperactivity,common,Psychiatric disorders,10037211,UNKNOWN,Psychomotor hyperactivity
7708,Agitation,uncommon,Psychiatric disorders,10001497,R45.1,Agitation
7708,Perception disturbances,uncommon,Psychiatric disorders,10082213,UNKNOWN,Perception disturbances
7708,Hearing impaired,uncommon,Ear and labyrinth disorders,10019245,Q16,Hearing impaired
7708,Vasodilatation,uncommon,Vascular disorders,10047141,UNKNOWN,Vasodilatation
7708,Dysphonia,uncommon,"Respiratory, thoracic and mediastinal disorders",10013952,R49.0,Dysphonia
7708,Hiccups,common,Gastrointestinal disorders,10020039,R06.6,Hiccups
7708,Dysphagia,uncommon,Gastrointestinal disorders,10013950,R13.1,Dysphagia
7708,Ileus,uncommon,Gastrointestinal disorders,10021328,K56.0,Ileus
7708,Mouth ulceration,uncommon,Gastrointestinal disorders,10028034,UNKNOWN,Mouth ulceration
7708,Stomatitis,uncommon,Gastrointestinal disorders,10042128,B37.0,Stomatitis
7708,Melaena,rare,Gastrointestinal disorders,10027141,K92.1,Melaena
7708,Gingival bleeding,rare,Gastrointestinal disorders,10018276,UNKNOWN,Gingival bleeding
7708,Dental caries,not known,Gastrointestinal disorders,10012318,K02,Dental caries
7708,Cholestasis,not known,Hepatobiliary disorders,10008635,O26.64,Cholestasis
7708,Sphincter of Oddi dysfunction,not known,Hepatobiliary disorders,10066424,UNKNOWN,Sphincter of Oddi dysfunction
7708,Dry skin,uncommon,Skin and subcutaneous tissue disorders,10013786,L85.3,Dry skin
7708,Urticaria,rare,Skin and subcutaneous tissue disorders,10046735,L50,Urticaria
7708,Dysuria,common,Renal and urinary disorders,10013990,R30.0,Dysuria
7708,Hypogonadism,uncommon,Reproductive system and breast disorders,10058359,E29.1,Hypogonadism
7708,Oedema,uncommon,General disorders and administration site conditions,10030095,R60.9,Oedema
7708,Drug withdrawal syndrome neonatal,not known,General disorders and administration site conditions,10013756,P96.1,Drug withdrawal syndrome neonatal
7708,Drug tolerance,not known,General disorders and administration site conditions,10052804,UNKNOWN,Drug tolerance
7708,Hypersensitivity,not known,Immune system disorders,10020751,T78.40,Hypersensitivity
7708,Decreased appetite up to loss of appetite,common,Metabolism and nutrition disorders,0,UNKNOWN,Decreased appetite up to loss of appetite
7708,Insomnia,common,Psychiatric disorders,10022437,G47.0,Insomnia
7708,Depression,common,Psychiatric disorders,10012378,F31.9,Depression
7708,Libido decreased,uncommon,Psychiatric disorders,10024419,R68.82,Libido decreased
7708,Sleep attacks,uncommon,Psychiatric disorders,10040981,UNKNOWN,Sleep attacks
7708,Abnormal thinking,not known,Psychiatric disorders,10000182,UNKNOWN,Abnormal thinking
7708,Anxiety,not known,Psychiatric disorders,10002855,F41.1,Anxiety
7708,Confusional state,not known,Psychiatric disorders,10010305,F05,Confusional state
7708,Nervousness,not known,Psychiatric disorders,10029216,R45.0,Nervousness
7708,Restlessness,not known,Psychiatric disorders,10038743,G25.81,Restlessness
7708,Euphoric mood,not known,Psychiatric disorders,10015535,UNKNOWN,Euphoric mood
7708,Hallucination,not known,Psychiatric disorders,10019063,R44.3,Hallucination
7708,Nightmares,not known,Psychiatric disorders,10029414,F51.5,Nightmares
7708,Drug dependence,not known,Psychiatric disorders,10013663,P96.1,Drug dependence
7708,Aggression,not known,Psychiatric disorders,10001488,D48.11,Aggression
7708,Headache,very common,Nervous system disorders,10019211,R51,Headache
7708,Somnolence,very common,Nervous system disorders,10041349,R40.0,Somnolence
7708,Dizziness,common,Nervous system disorders,10013573,R42,Dizziness
7708,Disturbance in attention,common,Nervous system disorders,10013496,UNKNOWN,Disturbance in attention
7708,Tremor,common,Nervous system disorders,10044565,R25.1,Tremor
7708,Paraesthesia,common,Nervous system disorders,10033775,R20.2,Paraesthesia
7708,Dysgeusia,uncommon,Nervous system disorders,10013911,R43.2,Dysgeusia
7708,Convulsions,not known,Nervous system disorders,10010914,G40.909,Convulsions
7708,Sedation,not known,Nervous system disorders,10039897,Z92.83,Sedation
7708,Speech disorder,not known,Nervous system disorders,10041466,F80.9,Speech disorder
7708,Syncope,not known,Nervous system disorders,10042772,R55,Syncope
7708,Lethargy,not known,Nervous system disorders,10024264,R53.83,Lethargy
7708,Visual impairment,common,Eye disorders,10047571,H54.7,Visual impairment
7708,Vertigo,common,Ear and labyrinth disorders,10047340,H81.0,Vertigo
7708,Angina pectoris,not known,Cardiac disorders,10002383,I20,Angina pectoris
7708,Palpitations,not known,Cardiac disorders,10033557,R00.2,Palpitations
7708,Tachycardia,not known,Cardiac disorders,10043071,R00.0,Tachycardia
7708,Hot flush,common,Vascular disorders,10060800,UNKNOWN,Hot flush
7708,Blood pressure decreased,common,Vascular disorders,10005734,I95,Blood pressure decreased
7708,Blood pressure increased,common,Vascular disorders,10005750,UNKNOWN,Blood pressure increased
7708,Dyspnoea,uncommon,"Respiratory, thoracic and mediastinal disorders",10013968,R06.0,Dyspnoea
7708,Cough,not known,"Respiratory, thoracic and mediastinal disorders",10011224,R05,Cough
7708,Rhinorrhoea,not known,"Respiratory, thoracic and mediastinal disorders",10039101,UNKNOWN,Rhinorrhoea
7708,Respiratory depression,not known,"Respiratory, thoracic and mediastinal disorders",10038678,P28.9,Respiratory depression
7708,Yawning,not known,"Respiratory, thoracic and mediastinal disorders",10048232,UNKNOWN,Yawning
7708,Constipation,very common,Gastrointestinal disorders,10010774,K59.0,Constipation
7708,Nausea,very common,Gastrointestinal disorders,10028813,R11.0,Nausea
7708,Abdominal pain,common,Gastrointestinal disorders,10000081,R10.9,Abdominal pain
7708,Dry mouth,common,Gastrointestinal disorders,10013781,R68.2,Dry mouth
7708,Vomiting,common,Gastrointestinal disorders,10047700,R11.1,Vomiting
7708,Flatulence,uncommon,Gastrointestinal disorders,10016766,R14.3,Flatulence
7708,Abdominal distension,not known,Gastrointestinal disorders,10000060,R14.0,Abdominal distension
7708,Diarrhoea,not known,Gastrointestinal disorders,10012735,K59.1,Diarrhoea
7708,Dyspepsia,not known,Gastrointestinal disorders,10013946,R10.13,Dyspepsia
7708,Eructation,not known,Gastrointestinal disorders,10015137,R14.2,Eructation
7708,Tooth disorder,not known,Gastrointestinal disorders,10044034,K08.9,Tooth disorder
7708,"Hepatic enzymes increased (alanine aminotransferase increased, gamma-glutamyltransferase increased)",common,Hepatobiliary disorders,10060795,UNKNOWN,"Hepatic enzymes increased (alanine aminotransferase increased, gamma-glutamyltransferase increased)"
7708,Biliary colic,not known,Hepatobiliary disorders,10004663,UNKNOWN,Biliary colic
7708,Hyperhidrosis,very common,Skin and subcutaneous tissue disorders,10020642,R61,Hyperhidrosis
7708,Pruritus,common,Skin and subcutaneous tissue disorders,10037087,L29,Pruritus
7708,Skin reactions,common,Skin and subcutaneous tissue disorders,10040935,R76.11,Skin reactions
7708,Muscle spasms,not known,Musculoskeletal and connective tissue disorders,10028334,M62.83,Muscle spasms
7708,Muscle twitching,not known,Musculoskeletal and connective tissue disorders,10028347,R25.3,Muscle twitching
7708,Myalgia,not known,Musculoskeletal and connective tissue disorders,10028411,M79.1,Myalgia
7708,Micturition urgency,not known,Renal and urinary disorders,10027566,R39.15,Micturition urgency
7708,Urinary retention,not known,Renal and urinary disorders,10046555,R33,Urinary retention
7708,Erectile dysfunction,uncommon,Reproductive system and breast disorders,10061461,N52,Erectile dysfunction
7708,Asthenia,very common,General disorders and administration site conditions,10003549,R53.1,Asthenia
7708,Fatigue,very common,General disorders and administration site conditions,10016256,R53.83,Fatigue
7708,Chest pain,common,General disorders and administration site conditions,10008479,I20.9,Chest pain
7708,Chills,common,General disorders and administration site conditions,10008531,R68.83,Chills
7708,Thirst,common,General disorders and administration site conditions,10043458,R63.1,Thirst
7708,Pain,uncommon,General disorders and administration site conditions,10033371,R52,Pain
7708,Peripheral oedema,uncommon,General disorders and administration site conditions,10034611,UNKNOWN,Peripheral oedema
7708,Malaise,not known,General disorders and administration site conditions,10025482,R53.81,Malaise
7708,Asthenia,not known,General disorders and administration site conditions,10003549,R53.1,Asthenia
7708,Weight decreased,not known,Investigation,10047895,D68.020,Weight decreased
7708,Weight increased,not known,Investigation,10047899,UNKNOWN,Weight increased
7708,Injuries from accidents,uncommon,"Injury, poisoning and procedural complications",0,UNKNOWN,Injuries from accidents
7867,headache,common,Nervous system disorders,10019211,R51,headache
7867,diarrhoea,common,Gastrointestinal disorders,10012735,K59.1,diarrhoea
7867,abdominal pain,common,Gastrointestinal disorders,10000081,R10.9,abdominal pain
7867,asthenia,common,General disorders and administration site conditions,10003549,R53.1,asthenia
7867,flatulence,common,Gastrointestinal disorders,10016766,R14.3,flatulence
7867,rash,common,Skin and subcutaneous tissue disorders,10037844,R21,rash
7867,dry mouth,common,Gastrointestinal disorders,10013781,R68.2,dry mouth
7867,Infection,common,Infections and infestations,10021789,N39.0,Infection
7867,Insomnia,uncommon,Psychiatric disorders,10022437,G47.0,Insomnia
7867,Nervousness,uncommon,Psychiatric disorders,10029216,R45.0,Nervousness
7867,Depression,uncommon,Psychiatric disorders,10012378,F31.9,Depression
7867,Dizziness,uncommon,Nervous system disorders,10013573,R42,Dizziness
7867,Somnolence,uncommon,Nervous system disorders,10041349,R40.0,Somnolence
7867,Visual disturbance,rare,Eye disorders,10047543,H53.9,Visual disturbance
7867,Neutropenia,rare,Blood and the lymphatic system disorders,10029354,D70,Neutropenia
7867,Leucopenia,rare,Blood and the lymphatic system disorders,10024283,D72.819,Leucopenia
7867,Thrombocytopenia,rare,Blood and the lymphatic system disorders,10043554,D69.6,Thrombocytopenia
7867,Leucocytosis,rare,Blood and the lymphatic system disorders,10024279,D72.829,Leucocytosis
7867,Hypersensitivity,rare,Immune system disorders,10020751,T78.40,Hypersensitivity
7867,Anorexia,rare,Metabolism and nutrition disorders,10002646,R63.0,Anorexia
7867,Hyponatremia,rare,Metabolism and nutrition disorders,10021038,E87.1,Hyponatremia
7867,Hypomagnesaemia,rare,Metabolism and nutrition disorders,10021027,P71.2,Hypomagnesaemia
7867,Confusion,rare,Psychiatric disorders,10010300,R41.0,Confusion
7867,Peripheral Oedema,rare,Vascular disorders,10034611,UNKNOWN,Peripheral Oedema
7867,Cough,rare,"Respiratory, thoracic and mediastinal disorders",10011224,R05,Cough
7867,Pharyngitis,rare,"Respiratory, thoracic and mediastinal disorders",10034835,J02.0,Pharyngitis
7867,Rhinitis,rare,"Respiratory, thoracic and mediastinal disorders",10039083,J00,Rhinitis
7867,Bronchitis,rare,"Respiratory, thoracic and mediastinal disorders",10006451,J40,Bronchitis
7867,Sinusitis,rare,"Respiratory, thoracic and mediastinal disorders",10040753,J32,Sinusitis
7867,Dyspepsia,uncommon,Gastrointestinal disorders,10013946,R10.13,Dyspepsia
7867,Eructation,uncommon,Gastrointestinal disorders,10015137,R14.2,Eructation
7867,Gastritis,rare,Gastrointestinal disorders,10017853,K29.7,Gastritis
7867,Stomatitis,rare,Gastrointestinal disorders,10042128,B37.0,Stomatitis
7867,Taste disturbance,rare,Gastrointestinal disorders,10043132,R43,Taste disturbance
7867,Microscopic colitis,not known,Gastrointestinal disorders,10056979,K52.83,Microscopic colitis
7867,Hepatitis,rare,Hepato-biliary disorders,10019717,K75.9,Hepatitis
7867,Jaundice,rare,Hepato-biliary disorders,10023126,R17,Jaundice
7867,Hepatic encephalopathy,rare,Hepato-biliary disorders,10019660,K76.82,Hepatic encephalopathy
7867,Erythema,rare,Skin and subcutaneous tissue disorders,10015150,L53.9,Erythema
7867,Pruritus,rare,Skin and subcutaneous tissue disorders,10037087,L29,Pruritus
7867,Sweating,rare,Skin and subcutaneous tissue disorders,10042661,R61,Sweating
7867,Bullous reactions,rare,Skin and subcutaneous tissue disorders,0,UNKNOWN,Bullous reactions
7867,"Erythema multiforme, toxic epidermal necrolysis (TEN), Stevens-Johnson syndrome (SJS)",rare,Skin and subcutaneous tissue disorders,0,UNKNOWN,"Erythema multiforme, toxic epidermal necrolysis (TEN), Stevens-Johnson syndrome (SJS)"
7867,Subacute cutaneous lupus erythematosus,rare,Skin and subcutaneous tissue disorders,10057903,L93.1,Subacute cutaneous lupus erythematosus
7867,Non-specific pain,rare,Musculoskeletal connective tissue and bone disorders,0,UNKNOWN,Non-specific pain
7867,Back pain,rare,Musculoskeletal connective tissue and bone disorders,10003988,M54.9,Back pain
7867,Myalgia,rare,Musculoskeletal connective tissue and bone disorders,10028411,M79.1,Myalgia
7867,Leg cramps,rare,Musculoskeletal connective tissue and bone disorders,10024125,G47.62,Leg cramps
7867,Arthralgia,rare,Musculoskeletal connective tissue and bone disorders,10003239,M26.62,Arthralgia
7867,"Fracture of the hip, wrist or spine",rare,Musculoskeletal connective tissue and bone disorders,0,UNKNOWN,"Fracture of the hip, wrist or spine"
7867,Urinary tract infection,rare,Renal and urinary disorders,10046571,N39.0,Urinary tract infection
7867,Tubulointerstitial nephritis (with possible progression to renal failure),rare,Renal and urinary disorders,10048302,UNKNOWN,Tubulointerstitial nephritis (with possible progression to renal failure)
7867,Gynaecomastia,rare,Reproductive system and breast disorders,10018800,N62,Gynaecomastia
7867,Influenza like illness,rare,General disorders and administration site conditions,10022004,UNKNOWN,Influenza like illness
7867,Chest pain,rare,General disorders and administration site conditions,10008479,I20.9,Chest pain
7867,Chills,rare,General disorders and administration site conditions,10008531,R68.83,Chills
7867,Pyrexia,rare,General disorders and administration site conditions,10037660,R50.9,Pyrexia
7867,Increased hepatic enzymes,rare,Investigations,10019662,UNKNOWN,Increased hepatic enzymes
7867,Weight increased,rare,Investigations,10047899,UNKNOWN,Weight increased
8137,Bronchospasm,not known,Respiratory,10006482,J45.990,Bronchospasm
8137,Aseptic meningitis,rare,Nervous System,10003458,G03.0,Aseptic meningitis
8137,Renal impairment,not known,Renal and Urinary,10062237,N25,Renal impairment
8137,Renal tubular acidosis,not known,Renal and Urinary,10038535,N25.89,Renal tubular acidosis
8137,Hypokalaemia,not known,Electrolyte and Acid-Base Disorders,10021015,E87.6,Hypokalaemia
8137,Hepatic dysfunction,not known,Hepatic,10019657,UNKNOWN,Hepatic dysfunction
8137,Gastrointestinal bleeding,not known,Gastrointestinal,10017936,K92.2,Gastrointestinal bleeding
8137,Ulceration,not known,Gastrointestinal,10080913,L89,Ulceration
8137,Perforation,not known,Gastrointestinal,10076705,H72,Perforation
8137,Serious skin reactions,rare,Skin and Appendages,0,UNKNOWN,Serious skin reactions
8137,Exfoliative dermatitis,very rare,Skin and Appendages,10015665,L26,Exfoliative dermatitis
8137,Stevens-Johnson syndrome,very rare,Skin and Appendages,10042033,L51.1,Stevens-Johnson syndrome
8137,Toxic epidermal necrolysis,very rare,Skin and Appendages,10044223,L51.2,Toxic epidermal necrolysis
8137,Acute generalised exanthematous pustulosis (AGEP),not known,Skin and Appendages,10048799,UNKNOWN,Acute generalised exanthematous pustulosis (AGEP)
8137,Masking of symptoms of infection,not known,Infections,0,UNKNOWN,Masking of symptoms of infection
8137,Fluid retention,common,Cardiovascular,10016807,R60.9,Fluid retention
8137,Hypertension,common,Cardiovascular,10020772,I10,Hypertension
8137,Oedema,common,Cardiovascular,10030095,R60.9,Oedema
8137,Arterial thrombotic events,not known,Cardiovascular,20000082,UNKNOWN,Arterial thrombotic events
8137,Myocardial infarction,not known,Cardiovascular,10028596,I21,Myocardial infarction
8137,Stroke,not known,Cardiovascular,10042244,I63.9,Stroke
9280,hypersensitivity,uncommon,Immune system disorders,10020751,T78.40,hypersensitivity
9280,anaphylactic reaction,not known,Immune system disorders,10002198,T78.2,anaphylactic reaction
9280,anaphylactoid reaction,not known,Immune system disorders,10002216,T78.0,anaphylactoid reaction
9280,decreased appetite,common,Metabolism and nutrition disorders,10061428,UNKNOWN,decreased appetite
9280,dehydration,uncommon,Metabolism and nutrition disorders,10012174,E86.0,dehydration
9280,anxiety,common,Psychiatric disorders,10002855,F41.1,anxiety
9280,confusional state,common,Psychiatric disorders,10010305,F05,confusional state
9280,depression,common,Psychiatric disorders,10012378,F31.9,depression
9280,insomnia,common,Psychiatric disorders,10022437,G47.0,insomnia
9280,nervousness,common,Psychiatric disorders,10029216,R45.0,nervousness
9280,abnormal thinking,common,Psychiatric disorders,10000182,UNKNOWN,abnormal thinking
9280,abnormal dreams,common,Psychiatric disorders,10000125,UNKNOWN,abnormal dreams
9280,agitation,uncommon,Psychiatric disorders,10001497,R45.1,agitation
9280,affect lability,uncommon,Psychiatric disorders,10054196,UNKNOWN,affect lability
9280,euphoric mood,uncommon,Psychiatric disorders,10015535,UNKNOWN,euphoric mood
9280,hallucinations,uncommon,Psychiatric disorders,10019077,R44.3,hallucinations
9280,decreased libido,uncommon,Psychiatric disorders,10024419,R68.82,decreased libido
9280,disorientation,uncommon,Psychiatric disorders,10013395,R41.0,disorientation
9280,mood altered,uncommon,Psychiatric disorders,10027940,R45.86,mood altered
9280,restlessness,uncommon,Psychiatric disorders,10038743,G25.81,restlessness
9280,dysphoria,uncommon,Psychiatric disorders,10013954,O90.6,dysphoria
9280,aggression,not known,Psychiatric disorders,10001488,D48.11,aggression
9280,drug dependence,not known,Psychiatric disorders,10013663,P96.1,drug dependence
9280,somnolence,very common,Nervous system disorders,10041349,R40.0,somnolence
9280,dizziness,very common,Nervous system disorders,10013573,R42,dizziness
9280,headache,very common,Nervous system disorders,10019211,R51,headache
9280,tremor,common,Nervous system disorders,10044565,R25.1,tremor
9280,lethargy,common,Nervous system disorders,10024264,R53.83,lethargy
9280,sedation,common,Nervous system disorders,10039897,Z92.83,sedation
9280,amnesia,uncommon,Nervous system disorders,10001949,R41.3,amnesia
9280,convulsion,uncommon,Nervous system disorders,10010904,G40.909,convulsion
9280,hypertonia,uncommon,Nervous system disorders,10020852,P94.1,hypertonia
9280,hypoaesthesia,uncommon,Nervous system disorders,10020937,R20.1,hypoaesthesia
9280,involuntary muscle contractions,uncommon,Nervous system disorders,10028293,UNKNOWN,involuntary muscle contractions
9280,speech disorder,uncommon,Nervous system disorders,10041466,F80.9,speech disorder
9280,syncope,uncommon,Nervous system disorders,10042772,R55,syncope
9280,paraesthesia,uncommon,Nervous system disorders,10033775,R20.2,paraesthesia
9280,dysgeusia,uncommon,Nervous system disorders,10013911,R43.2,dysgeusia
9280,hypotonia,uncommon,Nervous system disorders,10021118,P94.2,hypotonia
9280,hyperalgesia,not known,Nervous system disorders,10020573,UNKNOWN,hyperalgesia
9280,visual impairment,uncommon,Eye disorders,10047571,H54.7,visual impairment
9280,miosis,uncommon,Eye disorders,10027646,H57.03,miosis
9280,vertigo,uncommon,Ear and labyrinth disorders,10047340,H81.0,vertigo
9280,palpitations,uncommon,Cardiac disorders,10033557,R00.2,palpitations
9280,supraventricular tachycardia,uncommon,Cardiac disorders,10042604,I47.1,supraventricular tachycardia
9280,vasodilatation,uncommon,Vascular disorders,10047141,UNKNOWN,vasodilatation
9280,facial flushing,uncommon,Vascular disorders,10016046,UNKNOWN,facial flushing
9280,hypotension,rare,Vascular disorders,10021097,I95,hypotension
9280,orthostatic hypotension,rare,Vascular disorders,10031127,I95.1,orthostatic hypotension
9280,dyspnoea,common,"Respiratory, thoracic and mediastinal disorders",10013968,R06.0,dyspnoea
9280,bronchospasm,common,"Respiratory, thoracic and mediastinal disorders",10006482,J45.990,bronchospasm
9280,cough decreased,common,"Respiratory, thoracic and mediastinal disorders",10011225,UNKNOWN,cough decreased
9280,respiratory depression,uncommon,"Respiratory, thoracic and mediastinal disorders",10038678,P28.9,respiratory depression
9280,hiccups,uncommon,"Respiratory, thoracic and mediastinal disorders",10020039,R06.6,hiccups
9280,central sleep apnoea syndrome,not known,"Respiratory, thoracic and mediastinal disorders",10007975,UNKNOWN,central sleep apnoea syndrome
9280,constipation,very common,Gastrointestinal disorders,10010774,K59.0,constipation
9280,nausea,very common,Gastrointestinal disorders,10028813,R11.0,nausea
9280,vomiting,very common,Gastrointestinal disorders,10047700,R11.1,vomiting
9280,abdominal pain,common,Gastrointestinal disorders,10000081,R10.9,abdominal pain
9280,diarrhoea,common,Gastrointestinal disorders,10012735,K59.1,diarrhoea
9280,dry mouth,common,Gastrointestinal disorders,10013781,R68.2,dry mouth
9280,dyspepsia,common,Gastrointestinal disorders,10013946,R10.13,dyspepsia
9280,dysphagia,uncommon,Gastrointestinal disorders,10013950,R13.1,dysphagia
9280,flatulence,uncommon,Gastrointestinal disorders,10016766,R14.3,flatulence
9280,eructation,uncommon,Gastrointestinal disorders,10015137,R14.2,eructation
9280,ileus,uncommon,Gastrointestinal disorders,10021328,K56.0,ileus
9280,gastritis,uncommon,Gastrointestinal disorders,10017853,K29.7,gastritis
9280,dental caries,not known,Gastrointestinal disorders,10012318,K02,dental caries
9280,increased hepatic enzymes,uncommon,Hepatobiliary disorders,10019662,UNKNOWN,increased hepatic enzymes
9280,biliary colic,uncommon,Hepatobiliary disorders,10004663,UNKNOWN,biliary colic
9280,cholestasis,not known,Hepatobiliary disorders,10008635,O26.64,cholestasis
9280,spasm of sphincter of Oddi,not known,Hepatobiliary disorders,10041397,K83.4,spasm of sphincter of Oddi
9280,pruritus,very common,Skin and subcutaneous tissue disorders,10037087,L29,pruritus
9280,rash,common,Skin and subcutaneous tissue disorders,10037844,R21,rash
9280,hyperhidrosis,common,Skin and subcutaneous tissue disorders,10020642,R61,hyperhidrosis
9280,dry skin,uncommon,Skin and subcutaneous tissue disorders,10013786,L85.3,dry skin
9280,exfoliative dermatitis,uncommon,Skin and subcutaneous tissue disorders,10015665,L26,exfoliative dermatitis
9280,urticaria,rare,Skin and subcutaneous tissue disorders,10046735,L50,urticaria
9280,urinary retention,uncommon,Renal and urinary disorders,10046555,R33,urinary retention
9280,ureteral spasm,uncommon,Renal and urinary disorders,10051958,UNKNOWN,ureteral spasm
9280,erectile dysfunction,uncommon,Reproductive system and breast disorders,10061461,N52,erectile dysfunction
9280,hypogonadism,uncommon,Reproductive system and breast disorders,10058359,E29.1,hypogonadism
9280,amenorrhoea,not known,Reproductive system and breast disorders,10001928,N91.2,amenorrhoea
9280,asthenia,common,General disorders and administration site conditions,10003549,R53.1,asthenia
9280,fatigue,common,General disorders and administration site conditions,10016256,R53.83,fatigue
9280,malaise,uncommon,General disorders and administration site conditions,10025482,R53.81,malaise
9280,oedema,uncommon,General disorders and administration site conditions,10030095,R60.9,oedema
9280,peripheral oedema,uncommon,General disorders and administration site conditions,10034611,UNKNOWN,peripheral oedema
9280,thirst,uncommon,General disorders and administration site conditions,10043458,R63.1,thirst
9280,pyrexia,uncommon,General disorders and administration site conditions,10037660,R50.9,pyrexia
9280,chills,uncommon,General disorders and administration site conditions,10008531,R68.83,chills
9280,drug withdrawal syndrome neonatal,not known,General disorders and administration site conditions,10013756,P96.1,drug withdrawal syndrome neonatal
9280,opioid tolerance,not known,General disorders and administration site conditions,0,UNKNOWN,opioid tolerance
9280,opioid withdrawal syndrome,not known,General disorders and administration site conditions,0,UNKNOWN,opioid withdrawal syndrome
9321,Hypersensitivity,not known,Immune System Disorders,10020751,T78.40,Hypersensitivity
9321,Abdominal pain,not known,Gastrointestinal Disorders,10000081,R10.9,Abdominal pain
9321,Dyspepsia,not known,Gastrointestinal Disorders,10013946,R10.13,Dyspepsia
9321,Renal impairment,not known,Renal and Urinary Disorders,10062237,N25,Renal impairment
9321,Application site reaction,not known,General Disorders and Administration Site conditions,10003055,UNKNOWN,Application site reaction
9321,Severe cutaneous adverse reactions (SCARs),very rare,Skin and subcutaneous tissue disorders,10085778,UNKNOWN,Severe cutaneous adverse reactions (SCARs)
9321,Erythema multiforme,not known,Skin and subcutaneous tissue disorders,10015218,L51,Erythema multiforme
9321,Exfoliative dermatitis,not known,Skin and subcutaneous tissue disorders,10015665,L26,Exfoliative dermatitis
9321,Stevens-Johnson syndrome,not known,Skin and subcutaneous tissue disorders,10042033,L51.1,Stevens-Johnson syndrome
9321,Toxic epidermal necrolysis,not known,Skin and subcutaneous tissue disorders,10044223,L51.2,Toxic epidermal necrolysis
9321,Photosensitivity reactions,not known,Skin and subcutaneous tissue disorders,10034972,UNKNOWN,Photosensitivity reactions
9321,Drug reaction with eosinophilia and systemic symptoms (DRESS syndrome),not known,Skin and subcutaneous tissue disorders,10073508,UNKNOWN,Drug reaction with eosinophilia and systemic symptoms (DRESS syndrome)
9321,Acute generalised exanthematous pustulosis (AGEP),not known,Skin and subcutaneous tissue disorders,10048799,UNKNOWN,Acute generalised exanthematous pustulosis (AGEP)
9321,non-specific allergic reaction,not known,Immune System Disorders,0,UNKNOWN,non-specific allergic reaction
9321,anaphylaxis,not known,Immune System Disorders,10002218,T78.2,anaphylaxis
9321,asthma,not known,Respiratory System Disorders,10003553,J45,asthma
9321,aggravated asthma,not known,Respiratory System Disorders,10003554,UNKNOWN,aggravated asthma
9321,bronchospasm,not known,Respiratory System Disorders,10006482,J45.990,bronchospasm
9321,dyspnoea,not known,Respiratory System Disorders,10013968,R06.0,dyspnoea
9321,rashes,not known,Skin and subcutaneous tissue disorders,10046760,R21,rashes
9321,urticaria,not known,Skin and subcutaneous tissue disorders,10046735,L50,urticaria
9321,purpura,not known,Skin and subcutaneous tissue disorders,10037549,D69.3,purpura
9321,angioedema,not known,Skin and subcutaneous tissue disorders,10002424,T78.3,angioedema
9321,exfoliative and bullous dermatoses,not known,Skin and subcutaneous tissue disorders,0,UNKNOWN,exfoliative and bullous dermatoses
9321,pruritus,not known,Skin and subcutaneous tissue disorders,10037087,L29,pruritus
9715,Oropharyngeal candidiasis,common,INFECTIONS AND INFESTATIONS,10050346,UNKNOWN,Oropharyngeal candidiasis
9715,Immediate and delayed hypersensitivity reactions,rare,IMMUNE SYSTEM DISORDERS,0,UNKNOWN,Immediate and delayed hypersensitivity reactions
9715,Angioneurotic oedema,rare,IMMUNE SYSTEM DISORDERS,10002473,T78.3,Angioneurotic oedema
9715,Anaphylactic reaction,rare,IMMUNE SYSTEM DISORDERS,10002198,T78.2,Anaphylactic reaction
9715,Signs and symptoms of systemic corticosteroid effects,rare,ENDOCRINE DISORDERS,0,UNKNOWN,Signs and symptoms of systemic corticosteroid effects
9715,Adrenal suppression,rare,ENDOCRINE DISORDERS,10001382,UNKNOWN,Adrenal suppression
9715,Growth retardation,rare,ENDOCRINE DISORDERS,10053759,P05.9,Growth retardation
9715,Depression,uncommon,PSYCHIATRIC DISORDERS,10012378,F31.9,Depression
9715,Anxiety,uncommon,PSYCHIATRIC DISORDERS,10002855,F41.1,Anxiety
9715,Restlessness,rare,PSYCHIATRIC DISORDERS,10038743,G25.81,Restlessness
9715,Nervousness,rare,PSYCHIATRIC DISORDERS,10029216,R45.0,Nervousness
9715,Behavioural changes,rare,PSYCHIATRIC DISORDERS,0,UNKNOWN,Behavioural changes
9715,Sleep disorders,unknown,PSYCHIATRIC DISORDERS,10040991,G47,Sleep disorders
9715,Psychomotor hyperactivity,unknown,PSYCHIATRIC DISORDERS,10037211,UNKNOWN,Psychomotor hyperactivity
9715,Aggression,unknown,PSYCHIATRIC DISORDERS,10001488,D48.11,Aggression
9715,Tremor,uncommon,NERVOUS SYSTEM DISORDERS,10044565,R25.1,Tremor
9715,Cataract,uncommon,EYE DISORDERS,10007739,H26.9,Cataract
9715,"Vision, blurred",uncommon,EYE DISORDERS,10047513,UNKNOWN,"Vision, blurred"
9715,Glaucoma,unknown,EYE DISORDERS,10018304,H40,Glaucoma
9715,Hoarseness,common,"RESPIRATORY, THORACIC AND MEDIASTINAL DISORDERS",10020201,R49.0,Hoarseness
9715,Cough,common,"RESPIRATORY, THORACIC AND MEDIASTINAL DISORDERS",10011224,R05,Cough
9715,Throat irritation,common,"RESPIRATORY, THORACIC AND MEDIASTINAL DISORDERS",10043521,UNKNOWN,Throat irritation
9715,Bronchospasm,rare,"RESPIRATORY, THORACIC AND MEDIASTINAL DISORDERS",10006482,J45.990,Bronchospasm
9715,Dysphonia,rare,"RESPIRATORY, THORACIC AND MEDIASTINAL DISORDERS",10013952,R49.0,Dysphonia
9715,Oral mucosal irritation,common,GASTROINTESTINAL DISORDERS,10058474,UNKNOWN,Oral mucosal irritation
9715,Urticaria,rare,SKIN AND SUBCUTANEOUS TISSUE DISORDERS,10046735,L50,Urticaria
9715,Rash,rare,SKIN AND SUBCUTANEOUS TISSUE DISORDERS,10037844,R21,Rash
9715,Dermatitis,rare,SKIN AND SUBCUTANEOUS TISSUE DISORDERS,10012431,L21,Dermatitis
9715,Pruritus,rare,SKIN AND SUBCUTANEOUS TISSUE DISORDERS,10037087,L29,Pruritus
9715,Erythema,rare,SKIN AND SUBCUTANEOUS TISSUE DISORDERS,10015150,L53.9,Erythema
9715,Bruising,rare,SKIN AND SUBCUTANEOUS TISSUE DISORDERS,10006504,P12.3,Bruising
9715,Muscle spasm,uncommon,"MUSCULOSKELETAL, CONNECTIVE TISSUE AND BONE DISORDERS",10028333,M62.83,Muscle spasm
9715,Bone density decreased,very rare,"MUSCULOSKELETAL, CONNECTIVE TISSUE AND BONE DISORDERS",10049470,UNKNOWN,Bone density decreased
9765,signs and symptoms of systemic allergic reactions,not known,Immune system disorders,0,UNKNOWN,signs and symptoms of systemic allergic reactions
9765,angioedema,not known,Immune system disorders,10002424,T78.3,angioedema
9765,urticaria,not known,Immune system disorders,10046735,L50,urticaria
9765,pruritus,not known,Immune system disorders,10037087,L29,pruritus
9765,rash,not known,Immune system disorders,10037844,R21,rash
9765,anaphylaxis,not known,Immune system disorders,10002218,T78.2,anaphylaxis
9765,signs and symptoms of allergic reactions,not known,Immune system disorders,0,UNKNOWN,signs and symptoms of allergic reactions
9765,hypoglycaemia,not known,Metabolism and nutrition disorders,10020993,E16.2,hypoglycaemia
9765,depression,not known,Psychiatric disorders,10012378,F31.9,depression
9765,insomnia,not known,Psychiatric disorders,10022437,G47.0,insomnia
9765,nightmares,not known,Psychiatric disorders,10029414,F51.5,nightmares
9765,memory loss,not known,Psychiatric disorders,10027176,R41.3,memory loss
9765,hallucination,not known,Psychiatric disorders,10019063,R44.3,hallucination
9765,headache,uncommon,Nervous system disorders,10019211,R51,headache
9765,dizziness,uncommon,Nervous system disorders,10013573,R42,dizziness
9765,paraesthesia,uncommon,Nervous system disorders,10033775,R20.2,paraesthesia
9765,syncope,uncommon,Nervous system disorders,10042772,R55,syncope
9765,increase in signs and symptoms of myasthenia gravis,uncommon,Nervous system disorders,0,UNKNOWN,increase in signs and symptoms of myasthenia gravis
9765,decreased libido,uncommon,Nervous system disorders,10024419,R68.82,decreased libido
9765,cerebrovascular accident,uncommon,Nervous system disorders,10008190,I63.9,cerebrovascular accident
9765,cerebral ischaemia,uncommon,Nervous system disorders,10008120,P91.0,cerebral ischaemia
9765,burning and stinging,common,Eye disorders,10006634,UNKNOWN,burn
9765,conjunctival injection,common,Eye disorders,10010723,G44.051,conjunctival injection
9765,blurred vision,common,Eye disorders,10005886,UNKNOWN,blurred vision
9765,corneal erosion,common,Eye disorders,10011013,UNKNOWN,corneal erosion
9765,ocular itching,common,Eye disorders,10030048,UNKNOWN,ocular itching
9765,tearing,common,Eye disorders,10015591,K62.81,tearing
9765,eyelid inflammation,uncommon,Eye disorders,10045959,H01.9,eyelid inflammation
9765,eyelid irritation,uncommon,Eye disorders,10057385,UNKNOWN,eyelid irritation
9765,iridocyclitis,uncommon,Eye disorders,10022941,H20,iridocyclitis
9765,irritation including redness,uncommon,Eye disorders,0,UNKNOWN,irritation including redness
9765,pain,uncommon,Eye disorders,10033371,R52,pain
9765,eyelid crusting,uncommon,Eye disorders,10052132,UNKNOWN,eyelid crusting
9765,transient myopia,uncommon,Eye disorders,10028652,UNKNOWN,transient myopia
9765,corneal oedema,uncommon,Eye disorders,10011033,H18.2,corneal oedema
9765,ocular hypotony,uncommon,Eye disorders,0,H44.42,ocular hypotony
9765,choroidal detachment,uncommon,Eye disorders,10008783,H31.4,choroidal detachment
9765,foreign body sensation in eye,uncommon,Eye disorders,10088943,UNKNOWN,foreign body sensation in eye
9765,signs and symptoms of ocular irritation,common,Eye disorders,0,UNKNOWN,signs and symptoms of ocular irritation
9765,blepharitis,common,Eye disorders,10005148,H01.0,blepharitis
9765,keratitis,common,Eye disorders,10023332,H16,keratitis
9765,decreased corneal sensitivity,common,Eye disorders,10011046,UNKNOWN,decreased corneal sensitivity
9765,dry eyes,common,Eye disorders,10013778,UNKNOWN,dry eyes
9765,visual disturbances,rare,Eye disorders,10047545,H53,visual disturbances
9765,refractive changes,rare,Eye disorders,10044400,UNKNOWN,refractive changes
9765,ptosis,rare,Eye disorders,10037272,H02.4,ptosis
9765,diplopia,rare,Eye disorders,10013036,H53.2,diplopia
9765,itching,rare,Eye disorders,10023084,L29.9,itching
9765,redness,rare,Eye disorders,10038198,R71,redness
9765,tinnitus,rare,Ear and labyrinth disorders,10043882,H93.1,tinnitus
9765,palpitations,uncommon,Cardiac disorders,10033557,R00.2,palpitations
9765,tachycardia,uncommon,Cardiac disorders,10043071,R00.0,tachycardia
9765,bradycardia,common,Cardiac disorders,10006093,R00.1,bradycardia
9765,chest pain,common,Cardiac disorders,10008479,I20.9,chest pain
9765,arrhythmia,common,Cardiac disorders,10003119,I49.9,arrhythmia
9765,congestive heart failure,common,Cardiac disorders,10010684,I50.9,congestive heart failure
9765,cardiac arrest,common,Cardiac disorders,10007515,I46,cardiac arrest
9765,heart block,common,Cardiac disorders,10019252,I44.2,heart block
9765,atrioventricular block,rare,Cardiac disorders,10003671,I44.2,atrioventricular block
9765,cardiac failure,rare,Cardiac disorders,10007554,P29.0,cardiac failure
9765,hypertension,uncommon,Vascular disorders,10020772,I10,hypertension
9765,hypotension,common,Vascular disorders,10021097,I95,hypotension
9765,claudication,common,Vascular disorders,10009240,I73.9,claudication
9765,Raynaud's phenomenon,common,Vascular disorders,10037912,I73.0,Raynaud's phenomenon
9765,cold hands and feet,common,Vascular disorders,10009861,UNKNOWN,cold hands & feet
9765,sinusitis,common,"Respiratory, thoracic, and mediastinal disorders",10040753,J32,sinusitis
9765,shortness of breath,rare,"Respiratory, thoracic, and mediastinal disorders",10040604,R06.02,shortness of breath
9765,respiratory failure,rare,"Respiratory, thoracic, and mediastinal disorders",10038695,J96.9,respiratory failure
9765,rhinitis,rare,"Respiratory, thoracic, and mediastinal disorders",10039083,J00,rhinitis
9765,bronchospasm,rare,"Respiratory, thoracic, and mediastinal disorders",10006482,J45.990,bronchospasm
9765,epistaxis,uncommon,"Respiratory, thoracic, and mediastinal disorders",10015090,R04.0,epistaxis
9765,dyspnoea,uncommon,"Respiratory, thoracic, and mediastinal disorders",10013968,R06.0,dyspnoea
9765,dyspnoea,common,"Respiratory, thoracic, and mediastinal disorders",10013968,R06.0,dyspnoea
9765,bronchospasm,common,"Respiratory, thoracic, and mediastinal disorders",10006482,J45.990,bronchospasm
9765,cough,common,"Respiratory, thoracic, and mediastinal disorders",10011224,R05,cough
9765,dysgeusia,common,Gastrointestinal disorders,10013911,R43.2,dysgeusia
9765,nausea,uncommon,Gastrointestinal disorders,10028813,R11.0,nausea
9765,throat irritation,uncommon,Gastrointestinal disorders,10043521,UNKNOWN,throat irritation
9765,dry mouth,uncommon,Gastrointestinal disorders,10013781,R68.2,dry mouth
9765,diarrhoea,common,Gastrointestinal disorders,10012735,K59.1,diarrhoea
9765,abdominal pain,common,Gastrointestinal disorders,10000081,R10.9,abdominal pain
9765,vomiting,common,Gastrointestinal disorders,10047700,R11.1,vomiting
9765,contact dermatitis,rare,Skin and subcutaneous tissue disorders,10010790,L25,contact dermatitis
9765,Stevens-Johnson syndrome,rare,Skin and subcutaneous tissue disorders,10042033,L51.1,Stevens-Johnson syndrome
9765,toxic epidermal necrolysis,rare,Skin and subcutaneous tissue disorders,10044223,L51.2,toxic epidermal necrolysis
9765,rash,uncommon,Skin and subcutaneous tissue disorders,10037844,R21,rash
9765,alopecia,rare,Skin and subcutaneous tissue disorders,10001760,L65.9,alopecia
9765,psoriasiform rash,rare,Skin and subcutaneous tissue disorders,10065980,L22,psoriasiform rash
9765,exacerbation of psoriasis,rare,Skin and subcutaneous tissue disorders,10015581,UNKNOWN,exacerbation of psoriasis
9765,skin rash,common,Skin and subcutaneous tissue disorders,10040913,R21,skin rash
9765,systemic lupus erythematosus,rare,Musculoskeletal and connective tissue disorders,10042945,M32.9,systemic lupus erythematosus
9765,myalgia,rare,Musculoskeletal and connective tissue disorders,10028411,M79.1,myalgia
9765,urolithiasis,rare,Renal and urinary disorders,10046707,N20-N23,urolithiasis
9765,Peyronie's disease,rare,Reproductive system and breast disorders,10034765,N48.6,Peyronie's disease
9765,decreased libido,rare,Reproductive system and breast disorders,10024419,R68.82,decreased libido
9765,sexual dysfunction,rare,Reproductive system and breast disorders,10040477,R37,sexual dysfunction
9765,asthenia/ fatigue,uncommon,General disorders and administration site conditions,10003549,UNKNOWN,asthenia
10060,Asthenia,very common,General disorders and administration site conditions,10003549,R53.1,Asthenia
10060,Nausea,very common,Gastrointestinal disorders,10028813,R11.0,Nausea
10060,Abnormal liver function tests,very common,Hepato-biliary disorders,10000158,R94.5,Abnormal liver function tests
10060,Anaemia,uncommon,Blood and lymphatic system disorders,10002034,D64.9,Anaemia
10060,Severe neutropenia,uncommon,Blood and lymphatic system disorders,0,UNKNOWN,Severe neutropenia
10060,Anaphylactoid reaction,uncommon,Immune system disorders,10002216,T78.0,Anaphylactoid reaction
10060,Angioedema,uncommon,Immune system disorders,10002424,T78.3,Angioedema
10060,Headache,uncommon,Nervous system disorders,10019211,R51,Headache
10060,Dizziness,uncommon,Nervous system disorders,10013573,R42,Dizziness
10060,Oral paraesthesia,uncommon,Nervous system disorders,10057372,UNKNOWN,Oral paraesthesia
10060,Somnolence,uncommon,Nervous system disorders,10041349,R40.0,Somnolence
10060,Tachycardia,uncommon,Cardiac disorders,10043071,R00.0,Tachycardia
10060,Interstitial lung disease,uncommon,"Respiratory, thoracic and mediastinal disorders",10022611,J84.115,Interstitial lung disease
10060,Diarrhoea,common,Gastrointestinal disorders,10012735,K59.1,Diarrhoea
10060,Abdominal pain,common,Gastrointestinal disorders,10000081,R10.9,Abdominal pain
10060,Vomiting,common,Gastrointestinal disorders,10047700,R11.1,Vomiting
10060,Pancreatitis,uncommon,Gastrointestinal disorders,10033645,K85.9,Pancreatitis
10060,Hepatitis,not known,Hepato-biliary disorders,10019717,K75.9,Hepatitis
10060,Rash,uncommon,Skin and subcutaneous tissue disorders,10037844,R21,Rash
10060,Pain,common,General disorders and administration site conditions,10033371,R52,Pain
10309,Nasopharyngitis,common,Infections and infestations,10028810,J00,Nasopharyngitis
10309,Neutropaenia,uncommon,Blood and lymphatic system disorders,10029354,D70,Neutropaenia
10309,Hypersensitivity,uncommon,Immune system disorders,10020751,T78.40,Hypersensitivity
10309,Angioedema,rare,Immune system disorders,10002424,T78.3,Angioedema
10309,allergic reaction,rare,Immune system disorders,10001718,T78.40,allergic reaction
10309,Appetite increased,common,Metabolism and nutrition disorders,10021654,UNKNOWN,Appetite increased
10309,Anorexia,uncommon,Metabolism and nutrition disorders,10002646,R63.0,Anorexia
10309,hypoglycaemia,uncommon,Metabolism and nutrition disorders,10020993,E16.2,hypoglycaemia
10309,Euphoric mood,common,Psychiatric disorders,10015535,UNKNOWN,Euphoric mood
10309,confusion,common,Psychiatric disorders,10010300,R41.0,confusion
10309,irritability,common,Psychiatric disorders,10022998,K58,irritability
10309,disorientation,common,Psychiatric disorders,10013395,R41.0,disorientation
10309,insomnia,common,Psychiatric disorders,10022437,G47.0,insomnia
10309,libido decreased,common,Psychiatric disorders,10024419,R68.82,libido decreased
10309,Hallucination,uncommon,Psychiatric disorders,10019063,R44.3,Hallucination
10309,panic attack,uncommon,Psychiatric disorders,10033664,F41.0,panic attack
10309,restlessness,uncommon,Psychiatric disorders,10038743,G25.81,restlessness
10309,agitation,uncommon,Psychiatric disorders,10001497,R45.1,agitation
10309,depression,uncommon,Psychiatric disorders,10012378,F31.9,depression
10309,depressed mood,uncommon,Psychiatric disorders,10012374,F43.21,depressed mood
10309,elevated mood,uncommon,Psychiatric disorders,10014483,UNKNOWN,elevated mood
10309,aggression,uncommon,Psychiatric disorders,10001488,D48.11,aggression
10309,mood swings,uncommon,Psychiatric disorders,10027951,R45.86,mood swings
10309,depersonalisation,uncommon,Psychiatric disorders,10012357,F48.1,depersonalisation
10309,word finding difficulty,uncommon,Psychiatric disorders,10067711,UNKNOWN,word finding difficulty
10309,abnormal dreams,uncommon,Psychiatric disorders,10000125,UNKNOWN,abnormal dreams
10309,libido increased,uncommon,Psychiatric disorders,10024421,UNKNOWN,libido increased
10309,anorgasmia,uncommon,Psychiatric disorders,10002652,UNKNOWN,anorgasmia
10309,apathy,uncommon,Psychiatric disorders,10002942,R45.3,apathy
10309,Disinhibition,rare,Psychiatric disorders,10013142,F94.2,Disinhibition
10309,suicidal behaviour,rare,Psychiatric disorders,10065604,UNKNOWN,suicidal behaviour
10309,suicidal ideation,rare,Psychiatric disorders,10042458,R45.851,suicidal ideation
10309,Drug dependence,not known,Psychiatric disorders,10013663,P96.1,Drug dependence
10309,Dizziness,very common,Nervous system disorders,10013573,R42,Dizziness
10309,somnolence,very common,Nervous system disorders,10041349,R40.0,somnolence
10309,headache,very common,Nervous system disorders,10019211,R51,headache
10309,Ataxia,common,Nervous system disorders,10003591,R27.0,Ataxia
10309,coordination abnormal,common,Nervous system disorders,10010947,R27.9,coordination abnormal
10309,tremor,common,Nervous system disorders,10044565,R25.1,tremor
10309,dysarthria,common,Nervous system disorders,10013887,R47.1,dysarthria
10309,amnesia,common,Nervous system disorders,10001949,R41.3,amnesia
10309,memory impairment,common,Nervous system disorders,10027175,UNKNOWN,memory impairment
10309,disturbance in attention,common,Nervous system disorders,10013496,UNKNOWN,disturbance in attention
10309,paraesthesia,common,Nervous system disorders,10033775,R20.2,paraesthesia
10309,hypoaesthesia,common,Nervous system disorders,10020937,R20.1,hypoaesthesia
10309,sedation,common,Nervous system disorders,10039897,Z92.83,sedation
10309,balance disorder,common,Nervous system disorders,10049848,E87.4,balance disorder
10309,lethargy,common,Nervous system disorders,10024264,R53.83,lethargy
10309,Syncope,uncommon,Nervous system disorders,10042772,R55,Syncope
10309,stupor,uncommon,Nervous system disorders,10042264,R40.1,stupor
10309,myoclonus,uncommon,Nervous system disorders,10028622,G25.3,myoclonus
10309,loss of consciousness,uncommon,Nervous system disorders,10024855,S06.0XA,loss of consciousness
10309,psychomotor hyperactivity,uncommon,Nervous system disorders,10037211,UNKNOWN,psychomotor hyperactivity
10309,dyskinesia,uncommon,Nervous system disorders,10013916,G24,dyskinesia
10309,dizziness postural,uncommon,Nervous system disorders,10013578,UNKNOWN,dizziness postural
10309,intention tremor,uncommon,Nervous system disorders,10022520,G25.2,intention tremor
10309,nystagmus,uncommon,Nervous system disorders,10029864,H55.0,nystagmus
10309,cognitive disorder,uncommon,Nervous system disorders,10057668,G31.84,cognitive disorder
10309,mental impairment,uncommon,Nervous system disorders,10027374,F71.9,mental impairment
10309,speech disorder,uncommon,Nervous system disorders,10041466,F80.9,speech disorder
10309,hyporeflexia,uncommon,Nervous system disorders,10021089,UNKNOWN,hyporeflexia
10309,hyperaesthesia,uncommon,Nervous system disorders,10020568,R20.3,hyperaesthesia
10309,burning sensation,uncommon,Nervous system disorders,10006784,UNKNOWN,burning sensation
10309,ageusia,uncommon,Nervous system disorders,10001480,UNKNOWN,ageusia
10309,malaise,uncommon,Nervous system disorders,10025482,R53.81,malaise
10309,Convulsions,rare,Nervous system disorders,10010914,G40.909,Convulsions
10309,parosmia,rare,Nervous system disorders,10034018,R43.1,parosmia
10309,hypokinesia,rare,Nervous system disorders,10021021,UNKNOWN,hypokinesia
10309,dysgraphia,rare,Nervous system disorders,10058319,UNKNOWN,dysgraphia
10309,parkinsonism,rare,Nervous system disorders,10034010,G20,parkinsonism
10309,Vision blurred,common,Eye disorders,10047513,UNKNOWN,Vision blurred
10309,diplopia,common,Eye disorders,10013036,H53.2,diplopia
10309,Peripheral vision loss,uncommon,Eye disorders,0,UNKNOWN,Peripheral vision loss
10309,visual disturbance,uncommon,Eye disorders,10047543,H53.9,visual disturbance
10309,eye swelling,uncommon,Eye disorders,10015967,UNKNOWN,eye swelling
10309,visual field defect,uncommon,Eye disorders,10047555,H53.4,visual field defect
10309,visual acuity reduced,uncommon,Eye disorders,10047531,UNKNOWN,visual acuity reduced
10309,eye pain,uncommon,Eye disorders,10015958,H57.10,eye pain
10309,asthenopia,uncommon,Eye disorders,10003552,H53.14,asthenopia
10309,photopsia,uncommon,Eye disorders,10034962,UNKNOWN,photopsia
10309,dry eye,uncommon,Eye disorders,10013774,H04.12,dry eye
10309,lacrimation increased,uncommon,Eye disorders,10023644,H04.2,lacrimation increased
10309,eye irritation,uncommon,Eye disorders,10015946,UNKNOWN,eye irritation
10309,Vision loss,rare,Eye disorders,10047522,H54.61,Vision loss
10309,keratitis,rare,Eye disorders,10023332,H16,keratitis
10309,oscillopsia,rare,Eye disorders,10052087,UNKNOWN,oscillopsia
10309,altered visual depth perception,rare,Eye disorders,10053549,UNKNOWN,altered visual depth perception
10309,mydriasis,rare,Eye disorders,10028521,H57.04,mydriasis
10309,strabismus,rare,Eye disorders,10042159,H50.9,strabismus
10309,visual brightness,rare,Eye disorders,10049155,UNKNOWN,visual brightness
10309,Vertigo,common,Ear and labyrinth disorders,10047340,H81.0,Vertigo
10309,Hyperacusis,uncommon,Ear and labyrinth disorders,10020559,H93.23,Hyperacusis
10309,Tachycardia,uncommon,Cardiac disorders,10043071,R00.0,Tachycardia
10309,atrioventricular block first degree,uncommon,Cardiac disorders,10003674,I44.0,atrioventricular block first degree
10309,sinus bradycardia,uncommon,Cardiac disorders,10040741,R00.1,sinus bradycardia
10309,congestive heart failure,uncommon,Cardiac disorders,10010684,I50.9,congestive heart failure
10309,QT prolongation,rare,Cardiac disorders,10037705,UNKNOWN,QT prolongation
10309,sinus tachycardia,rare,Cardiac disorders,10040752,I47.11,sinus tachycardia
10309,sinus arrhythmia,rare,Cardiac disorders,10040739,UNKNOWN,sinus arrhythmia
10309,Hypotension,uncommon,Vascular disorders,10021097,I95,Hypotension
10309,hypertension,uncommon,Vascular disorders,10020772,I10,hypertension
10309,hot flushes,uncommon,Vascular disorders,10020408,UNKNOWN,hot flushes
10309,flushing,uncommon,Vascular disorders,10016825,R23.2,flushing
10309,peripheral coldness,uncommon,Vascular disorders,10034568,UNKNOWN,peripheral coldness
10309,Dyspnoea,uncommon,"Respiratory, thoracic and mediastinal disorders",10013968,R06.0,Dyspnoea
10309,epistaxis,uncommon,"Respiratory, thoracic and mediastinal disorders",10015090,R04.0,epistaxis
10309,cough,uncommon,"Respiratory, thoracic and mediastinal disorders",10011224,R05,cough
10309,nasal congestion,uncommon,"Respiratory, thoracic and mediastinal disorders",10028735,R09.81,nasal congestion
10309,rhinitis,uncommon,"Respiratory, thoracic and mediastinal disorders",10039083,J00,rhinitis
10309,snoring,uncommon,"Respiratory, thoracic and mediastinal disorders",10041235,R06.83,snoring
10309,nasal dryness,uncommon,"Respiratory, thoracic and mediastinal disorders",10028740,UNKNOWN,nasal dryness
10309,Pulmonary oedema,rare,"Respiratory, thoracic and mediastinal disorders",10037423,J81,Pulmonary oedema
10309,throat tightness,rare,"Respiratory, thoracic and mediastinal disorders",10043528,UNKNOWN,throat tightness
10309,Respiratory depression,not known,"Respiratory, thoracic and mediastinal disorders",10038678,P28.9,Respiratory depression
10309,Vomiting,common,Gastrointestinal disorders,10047700,R11.1,Vomiting
10309,nausea,common,Gastrointestinal disorders,10028813,R11.0,nausea
10309,constipation,common,Gastrointestinal disorders,10010774,K59.0,constipation
10309,diarrhoea,common,Gastrointestinal disorders,10012735,K59.1,diarrhoea
10309,flatulence,common,Gastrointestinal disorders,10016766,R14.3,flatulence
10309,abdominal distension,common,Gastrointestinal disorders,10000060,R14.0,abdominal distension
10309,dry mouth,common,Gastrointestinal disorders,10013781,R68.2,dry mouth
10309,Gastrooesophageal reflux disease,uncommon,Gastrointestinal disorders,10017885,K21.9,Gastrooesophageal reflux disease
10309,salivary hypersecretion,uncommon,Gastrointestinal disorders,10039424,K11.7,salivary hypersecretion
10309,hypoaesthesia oral,uncommon,Gastrointestinal disorders,10057371,UNKNOWN,hypoaesthesia oral
10309,Ascites,rare,Gastrointestinal disorders,10003445,R18,Ascites
10309,pancreatitis,rare,Gastrointestinal disorders,10033645,K85.9,pancreatitis
10309,swollen tongue,rare,Gastrointestinal disorders,10042727,UNKNOWN,swollen tongue
10309,dysphagia,rare,Gastrointestinal disorders,10013950,R13.1,dysphagia
10309,Elevated liver enzymes,uncommon,Hepatobiliary disorders,10014481,O14.2,Elevated liver enzymes
10309,Jaundice,rare,Hepatobiliary disorders,10023126,R17,Jaundice
10309,Hepatic failure,very rare,Hepatobiliary disorders,10019663,K72.9,Hepatic failure
10309,hepatitis,very rare,Hepatobiliary disorders,10019717,K75.9,hepatitis
10309,Rash papular,uncommon,Skin and subcutaneous tissue disorders,10037876,UNKNOWN,Rash papular
10309,urticaria,uncommon,Skin and subcutaneous tissue disorders,10046735,L50,urticaria
10309,hyperhidrosis,uncommon,Skin and subcutaneous tissue disorders,10020642,R61,hyperhidrosis
10309,pruritus,uncommon,Skin and subcutaneous tissue disorders,10037087,L29,pruritus
10309,Toxic epidermal necrolysis,rare,Skin and subcutaneous tissue disorders,10044223,L51.2,Toxic epidermal necrolysis
10309,Stevens‑Johnson syndrome,rare,Skin and subcutaneous tissue disorders,10042033,L51.1,Stevens‑Johnson syndrome
10309,cold sweat,rare,Skin and subcutaneous tissue disorders,10009866,UNKNOWN,cold sweat
10309,Muscle cramp,common,Musculoskeletal and connective tissue disorders,10028294,UNKNOWN,Muscle cramp
10309,arthralgia,common,Musculoskeletal and connective tissue disorders,10003239,M26.62,arthralgia
10309,back pain,common,Musculoskeletal and connective tissue disorders,10003988,M54.9,back pain
10309,pain in limb,common,Musculoskeletal and connective tissue disorders,10033447,M79.609,pain in limb
10309,cervical spasm,common,Musculoskeletal and connective tissue disorders,10048315,O62.4,cervical spasm
10309,Joint swelling,uncommon,Musculoskeletal and connective tissue disorders,10023232,UNKNOWN,Joint swelling
10309,myalgia,uncommon,Musculoskeletal and connective tissue disorders,10028411,M79.1,myalgia
10309,muscle twitching,uncommon,Musculoskeletal and connective tissue disorders,10028347,R25.3,muscle twitching
10309,neck pain,uncommon,Musculoskeletal and connective tissue disorders,10028836,M54.2,neck pain
10309,muscle stiffness,uncommon,Musculoskeletal and connective tissue disorders,10028339,UNKNOWN,muscle stiffness
10309,Rhabdomyolysis,rare,Musculoskeletal and connective tissue disorders,10039020,M62.82,Rhabdomyolysis
10309,Urinary incontinence,uncommon,Renal and urinary disorders,10046543,R32,Urinary incontinence
10309,dysuria,uncommon,Renal and urinary disorders,10013990,R30.0,dysuria
10309,Renal failure,rare,Renal and urinary disorders,10038435,N18.9,Renal failure
10309,oliguria,rare,Renal and urinary disorders,10030302,R34,oliguria
10309,urinary retention,rare,Renal and urinary disorders,10046555,R33,urinary retention
10309,Erectile dysfunction,common,Reproductive system and breast disorders,10061461,N52,Erectile dysfunction
10309,Sexual dysfunction,uncommon,Reproductive system and breast disorders,10040477,R37,Sexual dysfunction
10309,ejaculation delayed,uncommon,Reproductive system and breast disorders,10014325,F52.32,ejaculation delayed
10309,dysmenorrhoea,uncommon,Reproductive system and breast disorders,10013935,N94.6,dysmenorrhoea
10309,breast pain,uncommon,Reproductive system and breast disorders,10006298,N64.4,breast pain
10309,Amenorrhoea,rare,Reproductive system and breast disorders,10001928,N91.2,Amenorrhoea
10309,breast discharge,rare,Reproductive system and breast disorders,10006223,N64.52,breast discharge
10309,breast enlargement,rare,Reproductive system and breast disorders,10006242,N62,breast enlargement
10309,gynaecomastia,rare,Reproductive system and breast disorders,10018800,N62,gynaecomastia
10309,Oedema peripheral,common,General disorders and administration site conditions,10030124,UNKNOWN,Oedema peripheral
10309,oedema,common,General disorders and administration site conditions,10030095,R60.9,oedema
10309,gait abnormal,common,General disorders and administration site conditions,10017573,R26,gait abnormal
10309,fall,common,General disorders and administration site conditions,10016173,W19,fall
10309,feeling drunk,common,General disorders and administration site conditions,10016330,UNKNOWN,feeling drunk
10309,feeling abnormal,common,General disorders and administration site conditions,10016322,UNKNOWN,feeling abnormal
10309,fatigue,common,General disorders and administration site conditions,10016256,R53.83,fatigue
10309,Generalised oedema,uncommon,General disorders and administration site conditions,10018092,R60.1,Generalised oedema
10309,face oedema,uncommon,General disorders and administration site conditions,10016029,UNKNOWN,face oedema
10309,chest tightness,uncommon,General disorders and administration site conditions,10008492,UNKNOWN,chest tightness
10309,pain,uncommon,General disorders and administration site conditions,10033371,R52,pain
10309,pyrexia,uncommon,General disorders and administration site conditions,10037660,R50.9,pyrexia
10309,thirst,uncommon,General disorders and administration site conditions,10043458,R63.1,thirst
10309,chills,uncommon,General disorders and administration site conditions,10008531,R68.83,chills
10309,asthenia,uncommon,General disorders and administration site conditions,10003549,R53.1,asthenia
10309,Weight increased,common,Investigations,10047899,UNKNOWN,Weight increased
10309,Blood creatine phosphokinase increased,uncommon,Investigations,10005470,UNKNOWN,Blood creatine phosphokinase increased
10309,blood glucose increased,uncommon,Investigations,10005557,UNKNOWN,blood glucose increased
10309,platelet count decreased,uncommon,Investigations,10035528,UNKNOWN,platelet count decreased
10309,blood creatinine increased,uncommon,Investigations,10005483,UNKNOWN,blood creatinine increased
10309,blood potassium decreased,uncommon,Investigations,10005724,UNKNOWN,blood potassium decreased
10309,weight decreased,uncommon,Investigations,10047895,D68.020,weight decreased
10309,White blood cell count decreased,rare,Investigations,10047942,D72.819,White blood cell count decreased
10334,headache,common,Nervous system disorders,10019211,R51,headache
10334,abdominal pain,common,Gastro-intestinal disorders,10000081,R10.9,abdominal pain
10334,decreased appetite,common,Metabolism and nutrition disorders,10061428,UNKNOWN,decreased appetite
10334,nausea,common,Gastro-intestinal disorders,10028813,R11.0,nausea
10334,vomiting,common,Gastro-intestinal disorders,10047700,R11.1,vomiting
10334,somnolence,common,Nervous system disorders,10041349,R40.0,somnolence
10334,increases in heart rate,not known,Cardiac disorders,10019303,UNKNOWN,heart rate increased
10334,increases in systolic blood pressure,not known,Vascular disorders,10005760,UNKNOWN,blood pressure systolic increased
10334,increases in diastolic blood pressure,not known,Vascular disorders,10005739,UNKNOWN,blood pressure diastolic increased
10334,orthostatic hypotension,uncommon,Vascular disorders,10031127,I95.1,orthostatic hypotension
10334,syncope,uncommon,Nervous system disorders,10042772,R55,syncope
10334,growth retardation,not known,Not applicable,10053759,P05.9,growth retardation
10334,irritability,common,Psychiatric disorders,10022998,K58,irritability
10334,Mood swings,common,Psychiatric disorders,10027951,R45.86,Mood swings
10334,Insomnia,common,Psychiatric disorders,10022437,G47.0,Insomnia
10334,Agitation,common,Psychiatric disorders,10001497,R45.1,Agitation
10334,Anxiety,common,Psychiatric disorders,10002855,F41.1,Anxiety
10334,Depression,common,Psychiatric disorders,10012378,F31.9,Depression
10334,Tics,common,Psychiatric disorders,10043849,G50.0,Tics
10334,suicide-related events,rare,Psychiatric disorders,0,UNKNOWN,suicide-related events
10334,Aggression,rare,Psychiatric disorders,10001488,D48.11,Aggression
10334,Hostility,rare,Psychiatric disorders,10020400,R45.5,Hostility
10334,Emotional lability,rare,Psychiatric disorders,10014555,R45.86,Emotional lability
10334,Psychosis,rare,Psychiatric disorders,10037234,F25.9,Psychosis
10334,Bruxism,rare,Psychiatric disorders,10006514,G47.63,Bruxism
10334,dizziness,uncommon,Nervous system disorders,10013573,R42,dizziness
10334,tremor,uncommon,Nervous system disorders,10044565,R25.1,tremor
10334,migraine,uncommon,Nervous system disorders,10027599,G43,migraine
10334,paraesthesia,uncommon,Nervous system disorders,10033775,R20.2,paraesthesia
10334,hypoaesthesia,uncommon,Nervous system disorders,10020937,R20.1,hypoaesthesia
10334,seizure,rare,Nervous system disorders,10039906,G40.909,seizure
10334,mydriasis,uncommon,Eye disorders,10028521,H57.04,mydriasis
10334,Vision blurred,uncommon,Eye disorders,10047513,UNKNOWN,Vision blurred
10334,palpitations,uncommon,Cardiac disorders,10033557,R00.2,palpitations
10334,sinus tachycardia,uncommon,Cardiac disorders,10040752,I47.11,sinus tachycardia
10334,QT-interval prolongation,uncommon,Cardiac disorders,10037703,UNKNOWN,QT-interval prolongation
10334,Raynaudʼs phenomenon,rare,Vascular disorders,10037912,UNKNOWN,Raynaudʼs phenomenon
10334,Dyspnoea,rare,"Respiratory, thoracic and mediastinal disorders",10013968,R06.0,Dyspnoea
10334,Constipation,common,Gastro-intestinal disorders,10010774,K59.0,Constipation
10334,Dyspepsia,common,Gastro-intestinal disorders,10013946,R10.13,Dyspepsia
10334,Blood bilirubin increased,rare,Hepatobiliary disorders,10005364,UNKNOWN,Blood bilirubin increased
10334,Abnormal/increased liver function tests,rare,Hepatobiliary disorders,0,UNKNOWN,Abnormal/increased liver function tests
10334,Jaundice,rare,Hepatobiliary disorders,10023126,R17,Jaundice
10334,Hepatitis,rare,Hepatobiliary disorders,10019717,K75.9,Hepatitis
10334,Liver injury,rare,Hepatobiliary disorders,10067125,S36.11,Liver injury
10334,Acute hepatic failure,rare,Hepatobiliary disorders,10000804,K72.0,Acute hepatic failure
10334,Dermatitis,common,Skin and subcutaneous tissue disorders,10012431,L21,Dermatitis
10334,Pruritus,common,Skin and subcutaneous tissue disorders,10037087,L29,Pruritus
10334,Rash,common,Skin and subcutaneous tissue disorders,10037844,R21,Rash
10334,Hyperhidrosis,rare,Skin and subcutaneous tissue disorders,10020642,R61,Hyperhidrosis
10334,Allergic reactions,rare,Skin and subcutaneous tissue disorders,10082135,T78.40,Allergic reactions
10334,Urinary hesitation,rare,Renal and urinary disorders,10046542,R39.11,Urinary hesitation
10334,Urinary retention,rare,Renal and urinary disorders,10046555,R33,Urinary retention
10334,Priapism,rare,Reproductive system and breast disorders,10036661,N48.3,Priapism
10334,Male genital pain,rare,Reproductive system and breast disorders,10025505,UNKNOWN,Male genital pain
10334,Fatigue,common,General disorders and administration site conditions,10016256,R53.83,Fatigue
10334,Lethargy,common,General disorders and administration site conditions,10024264,R53.83,Lethargy
10334,Chest pain,common,General disorders and administration site conditions,10008479,I20.9,Chest pain
10334,Asthenia,uncommon,General disorders and administration site conditions,10003549,R53.1,Asthenia
10334,Weight decreased,common,Metabolism and nutrition disorders,10047895,D68.020,Weight decreased
10334,Appetite decreased,common,Metabolism and nutrition disorders,10061428,UNKNOWN,Appetite decreased
10334,Libido decreased,uncommon,Psychiatric disorders,10024419,R68.82,Libido decreased
10334,Sleep disorder,uncommon,Psychiatric disorders,10040984,G47.9,Sleep disorder
10334,Dry mouth,common,Gastro-intestinal disorders,10013781,R68.2,Dry mouth
10334,Flatulence,common,Gastro-intestinal disorders,10016766,R14.3,Flatulence
10334,Dysuria,uncommon,Renal and urinary disorders,10013990,R30.0,Dysuria
10334,Pollakuria,uncommon,Renal and urinary disorders,0,UNKNOWN,Pollakuria
10334,Micturation urgency,uncommon,Renal and urinary disorders,0,UNKNOWN,Micturation urgency
10334,Flushing,uncommon,Vascular disorders,10016825,R23.2,Flushing
10334,Hot flush,uncommon,Vascular disorders,10060800,UNKNOWN,Hot flush
10334,Peripheral coldness,rare,Vascular disorders,10034568,UNKNOWN,Peripheral coldness
10334,Muscle spasms,rare,Musculo-skeletal and connective tissue disorders,10028334,M62.83,Muscle spasms
10334,Excoriation,uncommon,Skin and subcutaneous tissue disorders,10049796,L98.1,Excoriation
10334,Enuresis,uncommon,Renal and urinary disorders,10014928,R32,Enuresis
10334,Conjunctivitis,uncommon,Eye disorders,10010741,H10,Conjunctivitis
10334,Early morning awakening,uncommon,Psychiatric disorders,10014046,UNKNOWN,Early morning awakening
10419,Drowsiness/sleepiness,very common,Not specified,10013649,UNKNOWN,Drowsiness/sleepiness
10419,headache,very common,Not specified,10019211,R51,headache
10419,dizziness/disorientation,very common,Not specified,10013573,UNKNOWN,dizziness
10419,Drowsiness,common,Not specified,10013649,R40.0,Drowsiness
10419,headache,common,Not specified,10019211,R51,headache
10419,dizziness,common,Not specified,10013573,R42,dizziness
10419,nausea,common,Not specified,10028813,R11.0,nausea
10419,herpes zoster,rare,Infections and infestations,10019974,B02,herpes zoster
10419,leucopenia,rare,Blood and lymphatic system disorders,10024283,D72.819,leucopenia
10419,thrombocytopenia,rare,Blood and lymphatic system disorders,10043554,D69.6,thrombocytopenia
10419,hypersensitivity reaction,rare,Immune system disorders,10020756,J39.3,hypersensitivity reaction
10419,hypertriglyceridaemia,rare,Metabolism and nutrition disorders,10020869,UNKNOWN,hypertriglyceridaemia
10419,hyperglycaemia,rare,Metabolism and nutrition disorders,10020635,R73.9,hyperglycaemia
10419,irritability,uncommon,Psychiatric disorders,10022998,K58,irritability
10419,nervousness,uncommon,Psychiatric disorders,10029216,R45.0,nervousness
10419,restlessness,uncommon,Psychiatric disorders,10038743,G25.81,restlessness
10419,abnormal dreams,uncommon,Psychiatric disorders,10000125,UNKNOWN,abnormal dreams
10419,anxiety,uncommon,Psychiatric disorders,10002855,F41.1,anxiety
10419,mood altered,uncommon,Psychiatric disorders,10027940,R45.86,mood altered
10419,aggressive behaviour,uncommon,Psychiatric disorders,10001490,UNKNOWN,aggressive behaviour
10419,disorientation,uncommon,Psychiatric disorders,10013395,R41.0,disorientation
10419,libido increased,uncommon,Psychiatric disorders,10024421,UNKNOWN,libido increased
10419,depressed mood,uncommon,Psychiatric disorders,10012374,F43.21,depressed mood
10419,depression,uncommon,Psychiatric disorders,10012378,F31.9,depression
10419,headache,uncommon,Nervous system disorders,10019211,R51,headache
10419,somnolence,uncommon,Nervous system disorders,10041349,R40.0,somnolence
10419,migraine,uncommon,Nervous system disorders,10027599,G43,migraine
10419,lethargy,uncommon,Nervous system disorders,10024264,R53.83,lethargy
10419,psychomotor hyperactivity,uncommon,Nervous system disorders,10037211,UNKNOWN,psychomotor hyperactivity
10419,dizziness,uncommon,Nervous system disorders,10013573,R42,dizziness
10419,syncope (fainting),rare,Nervous system disorders,10042772,UNKNOWN,syncope
10419,memory impairment,rare,Nervous system disorders,10027175,UNKNOWN,memory impairment
10419,restless legs syndrome,rare,Nervous system disorders,10058920,G25.81,restless legs syndrome
10419,disturbance in attention,rare,Nervous system disorders,10013496,UNKNOWN,disturbance in attention
10419,poor quality sleep,rare,Nervous system disorders,10062519,UNKNOWN,poor quality sleep
10419,paraesthesia,rare,Nervous system disorders,10033775,R20.2,paraesthesia
10419,drowsiness,very rare,Nervous system disorders,10013649,R40.0,drowsiness
10419,sedation,very rare,Nervous system disorders,10039897,Z92.83,sedation
10419,visual acuity reduced,rare,Eye disorders,10047531,UNKNOWN,visual acuity reduced
10419,vision blurred,rare,Eye disorders,10047513,UNKNOWN,vision blurred
10419,lacrimation increased,rare,Eye disorders,10023644,H04.2,lacrimation increased
10419,vertigo positional,rare,Ear and labyrinth disorders,10047348,UNKNOWN,vertigo positional
10419,vertigo,rare,Ear and labyrinth disorders,10047340,H81.0,vertigo
10419,angina pectoris,rare,Cardiac disorders,10002383,I20,angina pectoris
10419,palpitations,rare,Cardiac disorders,10033557,R00.2,palpitations
10419,hypertension,uncommon,Vascular disorders,10020772,I10,hypertension
10419,hot flushes,uncommon,Vascular disorders,10020408,UNKNOWN,hot flushes
10419,abdominal pain,uncommon,Gastrointestinal disorders,10000081,R10.9,abdominal pain
10419,upper abdominal pain,uncommon,Gastrointestinal disorders,10046272,R10.10,upper abdominal pain
10419,dyspepsia,uncommon,Gastrointestinal disorders,10013946,R10.13,dyspepsia
10419,oral ulcers,uncommon,Gastrointestinal disorders,10045372,K12.31,oral ulcers
10419,dry mouth,uncommon,Gastrointestinal disorders,10013781,R68.2,dry mouth
10419,nausea,uncommon,Gastrointestinal disorders,10028813,R11.0,nausea
10419,gastroesophageal reflux disease,rare,Gastrointestinal disorders,10066874,K21.9,gastroesophageal reflux disease
10419,gastrointestinal disorder,rare,Gastrointestinal disorders,10017944,Z13.811,gastrointestinal disorder
10419,oral mucosal blistering,rare,Gastrointestinal disorders,10030995,UNKNOWN,oral mucosal blistering
10419,tongue ulceration,rare,Gastrointestinal disorders,10043991,K14.0,tongue ulceration
10419,gastrointestinal upset,rare,Gastrointestinal disorders,10018028,UNKNOWN,gastrointestinal upset
10419,vomiting,rare,Gastrointestinal disorders,10047700,R11.1,vomiting
10419,bowel sounds abnormal,rare,Gastrointestinal disorders,10006057,R19.1,bowel sounds abnormal
10419,flatulence,rare,Gastrointestinal disorders,10016766,R14.3,flatulence
10419,salivary hypersecretion,rare,Gastrointestinal disorders,10039424,K11.7,salivary hypersecretion
10419,halitosis,rare,Gastrointestinal disorders,10019058,R19.6,halitosis
10419,gastritis,rare,Gastrointestinal disorders,10017853,K29.7,gastritis
10419,dermatitis,uncommon,Skin and subcutaneous tissue disorders,10012431,L21,dermatitis
10419,night sweats,uncommon,Skin and subcutaneous tissue disorders,10029410,R61,night sweats
10419,pruritus,uncommon,Skin and subcutaneous tissue disorders,10037087,L29,pruritus
10419,rash,uncommon,Skin and subcutaneous tissue disorders,10037844,R21,rash
10419,dry skin,uncommon,Skin and subcutaneous tissue disorders,10013786,L85.3,dry skin
10419,eczema,rare,Skin and subcutaneous tissue disorders,10014184,L30.9,eczema
10419,erythema,rare,Skin and subcutaneous tissue disorders,10015150,L53.9,erythema
10419,hand dermatitis,rare,Skin and subcutaneous tissue disorders,10058898,UNKNOWN,hand dermatitis
10419,psoriasis,rare,Skin and subcutaneous tissue disorders,10037153,L40,psoriasis
10419,rash generalised,rare,Skin and subcutaneous tissue disorders,10037858,UNKNOWN,rash generalised
10419,rash pruritic,rare,Skin and subcutaneous tissue disorders,10037884,L28.2,rash pruritic
10419,nail disorder,rare,Skin and subcutaneous tissue disorders,10028694,L60.9,nail disorder
10419,tongue edema,rare,Skin and subcutaneous tissue disorders,10043955,UNKNOWN,tongue edema
10419,edema of the oral mucosa,rare,Skin and subcutaneous tissue disorders,0,UNKNOWN,edema of the oral mucosa
10419,pain in extremity,uncommon,Musculoskeletal and connective tissue disorders,10033425,M79.6,pain in extremity
10419,arthritis,rare,Musculoskeletal and connective tissue disorders,10003246,M06.9,arthritis
10419,muscle spasms,rare,Musculoskeletal and connective tissue disorders,10028334,M62.83,muscle spasms
10419,neck pain,rare,Musculoskeletal and connective tissue disorders,10028836,M54.2,neck pain
10419,night cramps,rare,Musculoskeletal and connective tissue disorders,10029408,UNKNOWN,night cramps
10419,glycosuria,rare,Renal and urinary disorders,10018473,R81,glycosuria
10419,proteinuria,rare,Renal and urinary disorders,10037032,R80,proteinuria
10419,polyuria,rare,Renal and urinary disorders,10036142,R35,polyuria
10419,haematuria,rare,Renal and urinary disorders,10018867,R31,haematuria
10419,menopausal symptoms,uncommon,Reproductive system and breast disorders,10027304,E28.310,menopausal symptoms
10419,priapism,rare,Reproductive system and breast disorders,10036661,N48.3,priapism
10419,prostatitis,rare,Reproductive system and breast disorders,10036978,N41.9,prostatitis
10419,galactorrhoea,rare,Reproductive system and breast disorders,10017600,O92.6,galactorrhoea
10419,chest pain,uncommon,General disorders and administration site conditions,10008479,I20.9,chest pain
10419,malaise,uncommon,General disorders and administration site conditions,10025482,R53.81,malaise
10419,fatigue,uncommon,General disorders and administration site conditions,10016256,R53.83,fatigue
10419,pain,uncommon,General disorders and administration site conditions,10033371,R52,pain
10419,thirst,uncommon,General disorders and administration site conditions,10043458,R63.1,thirst
10419,liver function test abnormal,uncommon,Laboratory and other examinations,10024690,R94.5,liver function test abnormal
10419,weight increased,uncommon,Laboratory and other examinations,10047899,UNKNOWN,weight increased
10419,hepatic enzyme increased,rare,Laboratory and other examinations,10060795,UNKNOWN,hepatic enzyme increased
10419,blood electrolytes abnormal,rare,Laboratory and other examinations,10061014,UNKNOWN,blood electrolytes abnormal
10419,laboratory test,rare,Laboratory and other examinations,10059938,UNKNOWN,laboratory test
10419,headache,not known,Not specified,10019211,R51,headache
10419,hyperactivity,not known,Not specified,10020558,F90,hyperactivity
10419,abdominal pain,not known,Not specified,10000081,R10.9,abdominal pain
10555,Gram positive (mucocutaneous) bacterial infection,very rare,Infections,10053021,UNKNOWN,Gram positive (mucocutaneous) bacterial infection
10555,Thrombocytopenia,common,Blood and lymphatic system disorders,10043554,D69.6,Thrombocytopenia
10555,Anaemia,common,Blood and lymphatic system disorders,10002034,D64.9,Anaemia
10555,Thrombocytosis,common,Blood and lymphatic system disorders,10043563,D75.83,Thrombocytosis
10555,red blood cell sedimentation rate increased,common,Blood and lymphatic system disorders,10049187,R70.0,red blood cell sedimentation rate increased
10555,Neutropenia,rare,Blood and lymphatic system disorders,10029354,D70,Neutropenia
10555,Lymphadenopathy,not known,Blood and lymphatic system disorders,10025197,R59.1,Lymphadenopathy
10555,Anaphylactic reactions,rare,Immune system disorders,10002198,T78.2,Anaphylactic reactions
10555,hypersensitivity,rare,Immune system disorders,10020751,T78.40,hypersensitivity
10555,allergic skin reaction,rare,Immune system disorders,10001729,UNKNOWN,allergic skin reaction
10555,Diabetes mellitus,very rare,Metabolism and nutrition disorders,10012601,E08-E13,Diabetes mellitus
10555,hyperuricaemia,very rare,Metabolism and nutrition disorders,10020903,E79.0,hyperuricaemia
10555,Aggressive tendencies,rare,Psychiatric disorders,0,UNKNOWN,Aggressive tendencies
10555,anxiety,rare,Psychiatric disorders,10002855,F41.1,anxiety
10555,mood alterations,rare,Psychiatric disorders,10027940,R45.86,mood alterations
10555,Psychotic disorder,rare,Psychiatric disorders,10061920,F24,Psychotic disorder
10555,abnormal behaviour,rare,Psychiatric disorders,10061422,UNKNOWN,abnormal behaviour
10555,Depression,rare,Psychiatric disorders,10012378,F31.9,Depression
10555,depression aggravated,rare,Psychiatric disorders,10012379,UNKNOWN,depression aggravated
10555,suicide,rare,Psychiatric disorders,10042462,T14.91,suicide
10555,suicide attempt,rare,Psychiatric disorders,10042464,T14.91,suicide attempt
10555,suicidal ideation,rare,Psychiatric disorders,10042458,R45.851,suicidal ideation
10555,Headache,common,Nervous system disorders,10019211,R51,Headache
10555,Benign intracranial hypertension,very rare,Nervous system disorders,10004277,G93.2,Benign intracranial hypertension
10555,convulsions,very rare,Nervous system disorders,10010914,G40.909,convulsions
10555,drowsiness,very rare,Nervous system disorders,10013649,R40.0,drowsiness
10555,dizziness,very rare,Nervous system disorders,10013573,R42,dizziness
10555,Blepharitis,common,Eye disorders,10005148,H01.0,Blepharitis
10555,conjunctivitis,common,Eye disorders,10010741,H10,conjunctivitis
10555,dry eye,common,Eye disorders,10013774,H04.12,dry eye
10555,eye irritation,common,Eye disorders,10015946,UNKNOWN,eye irritation
10555,Papilloedema,very rare,Eye disorders,10033712,H47.1,Papilloedema
10555,cataract,very rare,Eye disorders,10007739,H26.9,cataract
10555,colour blindness (colour vision deficiencies),very rare,Eye disorders,10010050,UNKNOWN,colour blindness
10555,contact lens intolerance,very rare,Eye disorders,10010804,UNKNOWN,contact lens intolerance
10555,corneal opacity,very rare,Eye disorders,10011035,H17.1,corneal opacity
10555,decreased night vision,very rare,Eye disorders,10011974,UNKNOWN,decreased night vision
10555,keratitis,very rare,Eye disorders,10023332,H16,keratitis
10555,photophobia,very rare,Eye disorders,10034960,H53.14,photophobia
10555,visual disturbances,very rare,Eye disorders,10047545,H53,visual disturbances
10555,blurred vision,very rare,Eye disorders,10005886,UNKNOWN,blurred vision
10555,Hearing impaired,very rare,Ear and labyrinth disorders,10019245,Q16,Hearing impaired
10555,Vasculitis,very rare,Vascular disorders,10047115,D69.0,Vasculitis
10555,Nasopharyngitis,common,"Respiratory, thoracic and mediastinal disorders",10028810,J00,Nasopharyngitis
10555,epistaxis,common,"Respiratory, thoracic and mediastinal disorders",10015090,R04.0,epistaxis
10555,nasal dryness,common,"Respiratory, thoracic and mediastinal disorders",10028740,UNKNOWN,nasal dryness
10555,Bronchospasm,very rare,"Respiratory, thoracic and mediastinal disorders",10006482,J45.990,Bronchospasm
10555,hoarseness,very rare,"Respiratory, thoracic and mediastinal disorders",10020201,R49.0,hoarseness
10555,Inflammatory bowel disease,very rare,Gastrointestinal disorders,10021972,K50-K52,Inflammatory bowel disease
10555,colitis,very rare,Gastrointestinal disorders,10009887,K51,colitis
10555,ileitis,very rare,Gastrointestinal disorders,10021312,K52.9,ileitis
10555,pancreatitis,very rare,Gastrointestinal disorders,10033645,K85.9,pancreatitis
10555,gastrointestinal haemorrhage,very rare,Gastrointestinal disorders,10017955,K92.2,gastrointestinal haemorrhage
10555,haemorrhagic diarrhoea,very rare,Gastrointestinal disorders,10019007,UNKNOWN,haemorrhagic diarrhoea
10555,nausea,very rare,Gastrointestinal disorders,10028813,R11.0,nausea
10555,dry throat,very rare,Gastrointestinal disorders,10013789,UNKNOWN,dry throat
10555,Transaminase increased,common,Hepatobiliary disorders,10044344,UNKNOWN,Transaminase increased
10555,Hepatitis,very rare,Hepatobiliary disorders,10019717,K75.9,Hepatitis
10555,Pruritus,common,Skin and subcutaneous tissues disorders,10037087,L29,Pruritus
10555,rash erythematous,common,Skin and subcutaneous tissues disorders,10037855,UNKNOWN,rash erythematous
10555,dermatitis,common,Skin and subcutaneous tissues disorders,10012431,L21,dermatitis
10555,cheilitis,common,Skin and subcutaneous tissues disorders,10008417,K13.0,cheilitis
10555,dry skin,common,Skin and subcutaneous tissues disorders,10013786,L85.3,dry skin
10555,localised exfoliation,common,Skin and subcutaneous tissues disorders,10024772,UNKNOWN,localised exfoliation
10555,skin fragility (risk of frictional trauma),common,Skin and subcutaneous tissues disorders,10040851,UNKNOWN,skin fragility
10555,Alopecia,rare,Skin and subcutaneous tissues disorders,10001760,L65.9,Alopecia
10555,Acne fulminans,very rare,Skin and subcutaneous tissues disorders,10049141,UNKNOWN,Acne fulminans
10555,acne aggravated (acne flare),very rare,Skin and subcutaneous tissues disorders,10000498,UNKNOWN,acne aggravated
10555,erythema (facial),very rare,Skin and subcutaneous tissues disorders,10015212,UNKNOWN,erythema (facial)
10555,exanthema,very rare,Skin and subcutaneous tissues disorders,10015587,B08.2,exanthema
10555,hair disorders,very rare,Skin and subcutaneous tissues disorders,10019037,UNKNOWN,hair disorders
10555,hirsutism,very rare,Skin and subcutaneous tissues disorders,10020112,L68.0,hirsutism
10555,nail dystrophy,very rare,Skin and subcutaneous tissues disorders,10028698,L60.3,nail dystrophy
10555,paronychia,very rare,Skin and subcutaneous tissues disorders,10034016,L03.0,paronychia
10555,photosensitivity reaction,very rare,Skin and subcutaneous tissues disorders,10034972,UNKNOWN,photosensitivity reaction
10555,pyogenic granuloma,very rare,Skin and subcutaneous tissues disorders,10037649,L98.0,pyogenic granuloma
10555,skin hyperpigmentation,very rare,Skin and subcutaneous tissues disorders,10040865,UNKNOWN,skin hyperpigmentation
10555,sweating increased,very rare,Skin and subcutaneous tissues disorders,10042667,R61,sweating increased
10555,Erythema multiforme,very rare,Skin and subcutaneous tissues disorders,10015218,L51,Erythema multiforme
10555,Stevens-Johnson Syndrome,very rare,Skin and subcutaneous tissues disorders,10042033,L51.1,Stevens-Johnson Syndrome
10555,toxic epidermal necrolysis,very rare,Skin and subcutaneous tissues disorders,10044223,L51.2,toxic epidermal necrolysis
10555,Arthralgia,common,Musculo-skeletal and connective tissue disorders,10003239,M26.62,Arthralgia
10555,myalgia,common,Musculo-skeletal and connective tissue disorders,10028411,M79.1,myalgia
10555,back pain,common,Musculo-skeletal and connective tissue disorders,10003988,M54.9,back pain
10555,Arthritis,rare,Musculo-skeletal and connective tissue disorders,10003246,M06.9,Arthritis
10555,calcinosis (calcification of ligaments and tendons),rare,Musculo-skeletal and connective tissue disorders,10006938,UNKNOWN,calcinosis
10555,epiphyses premature fusion,rare,Musculo-skeletal and connective tissue disorders,10015078,UNKNOWN,epiphyses premature fusion
10555,exostosis,rare,Musculo-skeletal and connective tissue disorders,10015688,M27.8,exostosis
10555,hyperostosis,rare,Musculo-skeletal and connective tissue disorders,10020698,M48.1,hyperostosis
10555,reduced bone density,rare,Musculo-skeletal and connective tissue disorders,0,UNKNOWN,reduced bone density
10555,tendonitis,rare,Musculo-skeletal and connective tissue disorders,10043255,M77.9,tendonitis
10555,Rhabdomyolysis,very rare,Musculo-skeletal and connective tissue disorders,10039020,M62.82,Rhabdomyolysis
10555,sacroiliitis,very rare,Musculo-skeletal and connective tissue disorders,10039361,M46.1,sacroiliitis
10555,Glomerulonephritis,very rare,Renal and urinary disorders,10018364,N08,Glomerulonephritis
10555,Urethritis,very rare,Renal and urinary disorders,10046480,N34.1,Urethritis
10555,Sexual dysfunction including erectile dysfunction and decreased libido,very rare,Reproductive system and breast disorders,10040477,UNKNOWN,Sexual dysfunction including erectile dysfunction and decreased libido
10555,gynaecomastia,very rare,Reproductive system and breast disorders,10018800,N62,gynaecomastia
10555,vulvovaginal dryness,very rare,Reproductive system and breast disorders,10047791,UNKNOWN,vulvovaginal dryness
10555,orgasm abnormal,very rare,Reproductive system and breast disorders,10031085,F52.3,orgasm abnormal
10555,genital hypoaesthesia,very rare,Reproductive system and breast disorders,10068912,UNKNOWN,genital hypoaesthesia
10555,Granulation tissue (increased formation of),very rare,General disorders and administration site conditions,10018675,UNKNOWN,Granulation tissue (increased formation of)
10555,malaise,very rare,General disorders and administration site conditions,10025482,R53.81,malaise
10555,Blood triglycerides increased,common,Investigations,10005839,UNKNOWN,Blood triglycerides increased
10555,high density lipoprotein decreased,common,Investigations,10020060,UNKNOWN,high density lipoprotein decreased
10555,Blood cholesterol increased,common,Investigations,10005425,UNKNOWN,Blood cholesterol increased
10555,blood glucose increased,common,Investigations,10005557,UNKNOWN,blood glucose increased
10555,haematuria,rare,Investigations,10018867,R31,haematuria
10555,proteinuria,rare,Investigations,10037032,R80,proteinuria
10555,Blood creatine phosphokinase increased,very rare,Investigations,10005470,UNKNOWN,Blood creatine phosphokinase increased
10560,infusion site erythema,common,General disorders and administration site conditions,10048634,UNKNOWN,infusion site erythema
10560,infusion site pain,common,General disorders and administration site conditions,10053483,UNKNOWN,infusion site pain
10560,fatigue,common,General disorders and administration site conditions,10016256,R53.83,fatigue
10560,back pain,common,Musculoskeletal and connective tissue disorders,10003988,M54.9,back pain
10560,Hypersensitivity or allergic reactions,rare,Not known,10020751,UNKNOWN,Hypersensitivity or allergic reactions
10560,angioedema,rare,Not known,10002424,T78.3,angioedema
10560,burning and stinging at the infusion site,rare,Not known,10006634,UNKNOWN,burn
10560,chills,rare,Not known,10008531,R68.83,chills
10560,flushing,rare,Not known,10016825,R23.2,flushing
10560,generalised urticaria,rare,Not known,10074035,UNKNOWN,generalised urticaria
10560,headache,rare,Not known,10019211,R51,headache
10560,hives,rare,Not known,10020197,L50,hives
10560,hypotension,rare,Not known,10021097,I95,hypotension
10560,lethargy,rare,Not known,10024264,R53.83,lethargy
10560,nausea,rare,Not known,10028813,R11.0,nausea
10560,restlessness,rare,Not known,10038743,G25.81,restlessness
10560,tachycardia,rare,Not known,10043071,R00.0,tachycardia
10560,tightness of the chest,rare,Not known,10008492,UNKNOWN,chest tightness
10560,tingling,rare,Not known,10043876,R20.2,tingling
10560,vomiting,rare,Not known,10047700,R11.1,vomiting
10560,wheezing,rare,Not known,10047924,R06.2,wheezing
10560,severe anaphylaxis,rare,Not known,0,UNKNOWN,severe anaphylaxis
10560,shock,rare,Not known,10040560,R57.9,shock
10560,Hypersensitivity reactions,not known,Not known,10020756,M36.4,Hypersensitivity reactions
10560,allergic reactions,not known,Not known,10082135,T78.40,allergic reactions
10560,anaphylaxis,not known,Not known,10002218,T78.2,anaphylaxis
10755,Nasopharyngitis,common,Infections and infestations,10028810,J00,Nasopharyngitis
10755,Neutropenia,uncommon,Blood and lymphatic system disorders,10029354,D70,Neutropenia
10755,Hypersensitivity,uncommon,Immune system disorders,10020751,T78.40,Hypersensitivity
10755,Angioedema,rare,Immune system disorders,10002424,T78.3,Angioedema
10755,allergic reaction,rare,Immune system disorders,10001718,T78.40,allergic reaction
10755,Appetite increased,common,Metabolism and nutrition disorders,10021654,UNKNOWN,Appetite increased
10755,Anorexia,uncommon,Metabolism and nutrition disorders,10002646,R63.0,Anorexia
10755,hypoglycaemia,uncommon,Metabolism and nutrition disorders,10020993,E16.2,hypoglycaemia
10755,Euphoric mood,common,Psychiatric disorders,10015535,UNKNOWN,Euphoric mood
10755,confusion,common,Psychiatric disorders,10010300,R41.0,confusion
10755,irritability,common,Psychiatric disorders,10022998,K58,irritability
10755,disorientation,common,Psychiatric disorders,10013395,R41.0,disorientation
10755,insomnia,common,Psychiatric disorders,10022437,G47.0,insomnia
10755,libido decreased,common,Psychiatric disorders,10024419,R68.82,libido decreased
10755,Hallucination,uncommon,Psychiatric disorders,10019063,R44.3,Hallucination
10755,panic attack,uncommon,Psychiatric disorders,10033664,F41.0,panic attack
10755,restlessness,uncommon,Psychiatric disorders,10038743,G25.81,restlessness
10755,agitation,uncommon,Psychiatric disorders,10001497,R45.1,agitation
10755,depression,uncommon,Psychiatric disorders,10012378,F31.9,depression
10755,depressed mood,uncommon,Psychiatric disorders,10012374,F43.21,depressed mood
10755,elevated mood,uncommon,Psychiatric disorders,10014483,UNKNOWN,elevated mood
10755,aggression,uncommon,Psychiatric disorders,10001488,D48.11,aggression
10755,mood swings,uncommon,Psychiatric disorders,10027951,R45.86,mood swings
10755,depersonalisation,uncommon,Psychiatric disorders,10012357,F48.1,depersonalisation
10755,word finding difficulty,uncommon,Psychiatric disorders,10067711,UNKNOWN,word finding difficulty
10755,abnormal dreams,uncommon,Psychiatric disorders,10000125,UNKNOWN,abnormal dreams
10755,libido increased,uncommon,Psychiatric disorders,10024421,UNKNOWN,libido increased
10755,anorgasmia,uncommon,Psychiatric disorders,10002652,UNKNOWN,anorgasmia
10755,apathy,uncommon,Psychiatric disorders,10002942,R45.3,apathy
10755,Disinhibition,rare,Psychiatric disorders,10013142,F94.2,Disinhibition
10755,suicidal behavior,rare,Psychiatric disorders,10065607,Z91.51,suicidal behavior
10755,suicidal ideation,rare,Psychiatric disorders,10042458,R45.851,suicidal ideation
10755,Drug dependence,not known,Psychiatric disorders,10013663,P96.1,Drug dependence
10755,Dizziness,very common,Nervous system disorders,10013573,R42,Dizziness
10755,somnolence,very common,Nervous system disorders,10041349,R40.0,somnolence
10755,headache,very common,Nervous system disorders,10019211,R51,headache
10755,Ataxia,common,Nervous system disorders,10003591,R27.0,Ataxia
10755,coordination abnormal,common,Nervous system disorders,10010947,R27.9,coordination abnormal
10755,tremor,common,Nervous system disorders,10044565,R25.1,tremor
10755,dysarthria,common,Nervous system disorders,10013887,R47.1,dysarthria
10755,amnesia,common,Nervous system disorders,10001949,R41.3,amnesia
10755,memory impairment,common,Nervous system disorders,10027175,UNKNOWN,memory impairment
10755,disturbance in attention,common,Nervous system disorders,10013496,UNKNOWN,disturbance in attention
10755,paraesthesia,common,Nervous system disorders,10033775,R20.2,paraesthesia
10755,hypoaesthesia,common,Nervous system disorders,10020937,R20.1,hypoaesthesia
10755,sedation,common,Nervous system disorders,10039897,Z92.83,sedation
10755,balance disorder,common,Nervous system disorders,10049848,E87.4,balance disorder
10755,lethargy,common,Nervous system disorders,10024264,R53.83,lethargy
10755,Syncope,uncommon,Nervous system disorders,10042772,R55,Syncope
10755,stupor,uncommon,Nervous system disorders,10042264,R40.1,stupor
10755,myoclonus,uncommon,Nervous system disorders,10028622,G25.3,myoclonus
10755,loss of consciousness,uncommon,Nervous system disorders,10024855,S06.0XA,loss of consciousness
10755,psychomotor hyperactivity,uncommon,Nervous system disorders,10037211,UNKNOWN,psychomotor hyperactivity
10755,dyskinesia,uncommon,Nervous system disorders,10013916,G24,dyskinesia
10755,dizziness postural,uncommon,Nervous system disorders,10013578,UNKNOWN,dizziness postural
10755,intention tremor,uncommon,Nervous system disorders,10022520,G25.2,intention tremor
10755,nystagmus,uncommon,Nervous system disorders,10029864,H55.0,nystagmus
10755,cognitive disorder,uncommon,Nervous system disorders,10057668,G31.84,cognitive disorder
10755,mental impairment,uncommon,Nervous system disorders,10027374,F71.9,mental impairment
10755,speech disorder,uncommon,Nervous system disorders,10041466,F80.9,speech disorder
10755,hyporeflexia,uncommon,Nervous system disorders,10021089,UNKNOWN,hyporeflexia
10755,hyperaesthesia,uncommon,Nervous system disorders,10020568,R20.3,hyperaesthesia
10755,burning sensation,uncommon,Nervous system disorders,10006784,UNKNOWN,burning sensation
10755,ageusia,uncommon,Nervous system disorders,10001480,UNKNOWN,ageusia
10755,malaise,uncommon,Nervous system disorders,10025482,R53.81,malaise
10755,Convulsions,rare,Nervous system disorders,10010914,G40.909,Convulsions
10755,parosmia,rare,Nervous system disorders,10034018,R43.1,parosmia
10755,hypokinesia,rare,Nervous system disorders,10021021,UNKNOWN,hypokinesia
10755,dysgraphia,rare,Nervous system disorders,10058319,UNKNOWN,dysgraphia
10755,parkinsonism,rare,Nervous system disorders,10034010,G20,parkinsonism
10755,Vision blurred,common,Eye disorders,10047513,UNKNOWN,Vision blurred
10755,diplopia,common,Eye disorders,10013036,H53.2,diplopia
10755,Peripheral vision loss,uncommon,Eye disorders,0,UNKNOWN,Peripheral vision loss
10755,visual disturbance,uncommon,Eye disorders,10047543,H53.9,visual disturbance
10755,eye swelling,uncommon,Eye disorders,10015967,UNKNOWN,eye swelling
10755,visual field defect,uncommon,Eye disorders,10047555,H53.4,visual field defect
10755,visual acuity reduced,uncommon,Eye disorders,10047531,UNKNOWN,visual acuity reduced
10755,eye pain,uncommon,Eye disorders,10015958,H57.10,eye pain
10755,asthenopia,uncommon,Eye disorders,10003552,H53.14,asthenopia
10755,photopsia,uncommon,Eye disorders,10034962,UNKNOWN,photopsia
10755,dry eye,uncommon,Eye disorders,10013774,H04.12,dry eye
10755,lacrimation increased,uncommon,Eye disorders,10023644,H04.2,lacrimation increased
10755,eye irritation,uncommon,Eye disorders,10015946,UNKNOWN,eye irritation
10755,Vision loss,rare,Eye disorders,10047522,H54.61,Vision loss
10755,keratitis,rare,Eye disorders,10023332,H16,keratitis
10755,oscillopsia,rare,Eye disorders,10052087,UNKNOWN,oscillopsia
10755,altered visual depth perception,rare,Eye disorders,10053549,UNKNOWN,altered visual depth perception
10755,mydriasis,rare,Eye disorders,10028521,H57.04,mydriasis
10755,strabismus,rare,Eye disorders,10042159,H50.9,strabismus
10755,visual brightness,rare,Eye disorders,10049155,UNKNOWN,visual brightness
10755,Vertigo,common,Ear and labyrinth disorders,10047340,H81.0,Vertigo
10755,Hyperacusis,uncommon,Ear and labyrinth disorders,10020559,H93.23,Hyperacusis
10755,Tachycardia,uncommon,Cardiac disorders,10043071,R00.0,Tachycardia
10755,atrioventricular block first degree,uncommon,Cardiac disorders,10003674,I44.0,atrioventricular block first degree
10755,sinus bradycardia,uncommon,Cardiac disorders,10040741,R00.1,sinus bradycardia
10755,congestive heart failure,uncommon,Cardiac disorders,10010684,I50.9,congestive heart failure
10755,QT prolongation,rare,Cardiac disorders,10037705,UNKNOWN,QT prolongation
10755,sinus tachycardia,rare,Cardiac disorders,10040752,I47.11,sinus tachycardia
10755,sinus arrhythmia,rare,Cardiac disorders,10040739,UNKNOWN,sinus arrhythmia
10755,Hypotension,uncommon,Vascular disorders,10021097,I95,Hypotension
10755,hypertension,uncommon,Vascular disorders,10020772,I10,hypertension
10755,hot flushes,uncommon,Vascular disorders,10020408,UNKNOWN,hot flushes
10755,flushing,uncommon,Vascular disorders,10016825,R23.2,flushing
10755,peripheral coldness,uncommon,Vascular disorders,10034568,UNKNOWN,peripheral coldness
10755,Dyspnoea,uncommon,"Respiratory, thoracic and mediastinal disorders",10013968,R06.0,Dyspnoea
10755,epistaxis,uncommon,"Respiratory, thoracic and mediastinal disorders",10015090,R04.0,epistaxis
10755,cough,uncommon,"Respiratory, thoracic and mediastinal disorders",10011224,R05,cough
10755,nasal congestion,uncommon,"Respiratory, thoracic and mediastinal disorders",10028735,R09.81,nasal congestion
10755,rhinitis,uncommon,"Respiratory, thoracic and mediastinal disorders",10039083,J00,rhinitis
10755,snoring,uncommon,"Respiratory, thoracic and mediastinal disorders",10041235,R06.83,snoring
10755,nasal dryness,uncommon,"Respiratory, thoracic and mediastinal disorders",10028740,UNKNOWN,nasal dryness
10755,Pulmonary oedema,rare,"Respiratory, thoracic and mediastinal disorders",10037423,J81,Pulmonary oedema
10755,throat tightness,rare,"Respiratory, thoracic and mediastinal disorders",10043528,UNKNOWN,throat tightness
10755,Respiratory depression,not known,"Respiratory, thoracic and mediastinal disorders",10038678,P28.9,Respiratory depression
10755,Vomiting,common,Gastrointestinal disorders,10047700,R11.1,Vomiting
10755,nausea,common,Gastrointestinal disorders,10028813,R11.0,nausea
10755,constipation,common,Gastrointestinal disorders,10010774,K59.0,constipation
10755,diarrhoea,common,Gastrointestinal disorders,10012735,K59.1,diarrhoea
10755,flatulence,common,Gastrointestinal disorders,10016766,R14.3,flatulence
10755,abdominal distension,common,Gastrointestinal disorders,10000060,R14.0,abdominal distension
10755,dry mouth,common,Gastrointestinal disorders,10013781,R68.2,dry mouth
10755,Gastrooesophageal reflux disease,uncommon,Gastrointestinal disorders,10017885,K21.9,Gastrooesophageal reflux disease
10755,salivary hypersecretion,uncommon,Gastrointestinal disorders,10039424,K11.7,salivary hypersecretion
10755,hypoaesthesia oral,uncommon,Gastrointestinal disorders,10057371,UNKNOWN,hypoaesthesia oral
10755,Ascites,rare,Gastrointestinal disorders,10003445,R18,Ascites
10755,pancreatitis,rare,Gastrointestinal disorders,10033645,K85.9,pancreatitis
10755,swollen tongue,rare,Gastrointestinal disorders,10042727,UNKNOWN,swollen tongue
10755,dysphagia,rare,Gastrointestinal disorders,10013950,R13.1,dysphagia
10755,Elevated liver enzymes,uncommon,Hepatobiliary disorders,10014481,O14.2,Elevated liver enzymes
10755,Jaundice,rare,Hepatobiliary disorders,10023126,R17,Jaundice
10755,Hepatic failure,very rare,Hepatobiliary disorders,10019663,K72.9,Hepatic failure
10755,hepatitis,very rare,Hepatobiliary disorders,10019717,K75.9,hepatitis
10755,Rash papular,uncommon,Skin and subcutaneous tissue disorders,10037876,UNKNOWN,Rash papular
10755,urticaria,uncommon,Skin and subcutaneous tissue disorders,10046735,L50,urticaria
10755,hyperhidrosis,uncommon,Skin and subcutaneous tissue disorders,10020642,R61,hyperhidrosis
10755,pruritus,uncommon,Skin and subcutaneous tissue disorders,10037087,L29,pruritus
10755,Toxic epidermal necrolysis,rare,Skin and subcutaneous tissue disorders,10044223,L51.2,Toxic epidermal necrolysis
10755,Stevens Johnson syndrome,rare,Skin and subcutaneous tissue disorders,10042030,L51.1,Stevens Johnson syndrome
10755,cold sweat,rare,Skin and subcutaneous tissue disorders,10009866,UNKNOWN,cold sweat
10755,Muscle cramp,common,Musculoskeletal and connective tissue disorders,10028294,UNKNOWN,Muscle cramp
10755,arthralgia,common,Musculoskeletal and connective tissue disorders,10003239,M26.62,arthralgia
10755,back pain,common,Musculoskeletal and connective tissue disorders,10003988,M54.9,back pain
10755,pain in limb,common,Musculoskeletal and connective tissue disorders,10033447,M79.609,pain in limb
10755,cervical spasm,common,Musculoskeletal and connective tissue disorders,10048315,O62.4,cervical spasm
10755,Joint swelling,uncommon,Musculoskeletal and connective tissue disorders,10023232,UNKNOWN,Joint swelling
10755,myalgia,uncommon,Musculoskeletal and connective tissue disorders,10028411,M79.1,myalgia
10755,muscle twitching,uncommon,Musculoskeletal and connective tissue disorders,10028347,R25.3,muscle twitching
10755,neck pain,uncommon,Musculoskeletal and connective tissue disorders,10028836,M54.2,neck pain
10755,muscle stiffness,uncommon,Musculoskeletal and connective tissue disorders,10028339,UNKNOWN,muscle stiffness
10755,Rhabdomyolysis,rare,Musculoskeletal and connective tissue disorders,10039020,M62.82,Rhabdomyolysis
10755,Urinary incontinence,uncommon,Renal and urinary disorders,10046543,R32,Urinary incontinence
10755,dysuria,uncommon,Renal and urinary disorders,10013990,R30.0,dysuria
10755,Renal failure,rare,Renal and urinary disorders,10038435,N18.9,Renal failure
10755,oliguria,rare,Renal and urinary disorders,10030302,R34,oliguria
10755,urinary retention,rare,Renal and urinary disorders,10046555,R33,urinary retention
10755,Erectile dysfunction,common,Reproductive system and breast disorders,10061461,N52,Erectile dysfunction
10755,Sexual dysfunction,uncommon,Reproductive system and breast disorders,10040477,R37,Sexual dysfunction
10755,ejaculation delayed,uncommon,Reproductive system and breast disorders,10014325,F52.32,ejaculation delayed
10755,dysmenorrhoea,uncommon,Reproductive system and breast disorders,10013935,N94.6,dysmenorrhoea
10755,breast pain,uncommon,Reproductive system and breast disorders,10006298,N64.4,breast pain
10755,Amenorrhoea,rare,Reproductive system and breast disorders,10001928,N91.2,Amenorrhoea
10755,breast discharge,rare,Reproductive system and breast disorders,10006223,N64.52,breast discharge
10755,breast enlargement,rare,Reproductive system and breast disorders,10006242,N62,breast enlargement
10755,gynaecomastia,rare,Reproductive system and breast disorders,10018800,N62,gynaecomastia
10755,Oedema peripheral,common,General disorders and administration site conditions,10030124,UNKNOWN,Oedema peripheral
10755,oedema,common,General disorders and administration site conditions,10030095,R60.9,oedema
10755,gait abnormal,common,General disorders and administration site conditions,10017573,R26,gait abnormal
10755,fall,common,General disorders and administration site conditions,10016173,W19,fall
10755,feeling drunk,common,General disorders and administration site conditions,10016330,UNKNOWN,feeling drunk
10755,feeling abnormal,common,General disorders and administration site conditions,10016322,UNKNOWN,feeling abnormal
10755,fatigue,common,General disorders and administration site conditions,10016256,R53.83,fatigue
10755,Generalised oedema,uncommon,General disorders and administration site conditions,10018092,R60.1,Generalised oedema
10755,face oedema,uncommon,General disorders and administration site conditions,10016029,UNKNOWN,face oedema
10755,chest tightness,uncommon,General disorders and administration site conditions,10008492,UNKNOWN,chest tightness
10755,pain,uncommon,General disorders and administration site conditions,10033371,R52,pain
10755,pyrexia,uncommon,General disorders and administration site conditions,10037660,R50.9,pyrexia
10755,thirst,uncommon,General disorders and administration site conditions,10043458,R63.1,thirst
10755,chills,uncommon,General disorders and administration site conditions,10008531,R68.83,chills
10755,asthenia,uncommon,General disorders and administration site conditions,10003549,R53.1,asthenia
10755,Weight increased,common,Investigations,10047899,UNKNOWN,Weight increased
10755,Blood creatine phosphokinase increased,uncommon,Investigations,10005470,UNKNOWN,Blood creatine phosphokinase increased
10755,blood glucose increased,uncommon,Investigations,10005557,UNKNOWN,blood glucose increased
10755,platelet count decreased,uncommon,Investigations,10035528,UNKNOWN,platelet count decreased
10755,blood creatinine increased,uncommon,Investigations,10005483,UNKNOWN,blood creatinine increased
10755,blood potassium decreased,uncommon,Investigations,10005724,UNKNOWN,blood potassium decreased
10755,weight decreased,uncommon,Investigations,10047895,D68.020,weight decreased
10755,White blood cell count decreased,rare,Investigations,10047942,D72.819,White blood cell count decreased
11053,somnolence,very common,not known,10041349,R40.0,somnolence
11053,weight gain,very common,Metabolism and nutrition disorders,10047896,R62.51,weight gain
11053,eosinophilia,common,Blood and the lymphatic system disorders,10014950,D72.1,eosinophilia
11053,elevated prolactin,common,not known,0,UNKNOWN,elevated prolactin
11053,cholesterol,common,Metabolism and nutrition disorders,10008650,E78.6,cholesterol
11053,glucose,common,Metabolism and nutrition disorders,10018414,D55.0,glucose
11053,triglyceride levels,common,Metabolism and nutrition disorders,0,UNKNOWN,triglyceride levels
11053,glucosuria,uncommon,not known,10068405,R81,glucosuria
11053,increased appetite,uncommon,Metabolism and nutrition disorders,10021654,UNKNOWN,increased appetite
11053,dizziness,uncommon,Nervous system disorders,10013573,R42,dizziness
11053,akathisia,uncommon,Nervous system disorders,10001540,G25.71,akathisia
11053,parkinsonism,uncommon,Nervous system disorders,10034010,G20,parkinsonism
11053,dyskinesia,uncommon,Nervous system disorders,10013916,G24,dyskinesia
11053,orthostatic hypotension,uncommon,Vascular disorders,10031127,I95.1,orthostatic hypotension
11053,anticholinergic effects,uncommon,not known,10090930,T44.3X5,anticholinergic effects
11053,transient asymptomatic elevations of hepatic aminotransferases,uncommon,Hepatobiliary disorders,0,UNKNOWN,transient asymptomatic elevations of hepatic aminotransferases
11053,rash,uncommon,Skin and subcutaneous tissue disorders,10037844,R21,rash
11053,asthenia,uncommon,General disorders and administration site conditions,10003549,R53.1,asthenia
11053,fatigue,uncommon,General disorders and administration site conditions,10016256,R53.83,fatigue
11053,pyrexia,uncommon,General disorders and administration site conditions,10037660,R50.9,pyrexia
11053,arthralgia,uncommon,Musculoskeletal and connective tissue disorders,10003239,M26.62,arthralgia
11053,increased alkaline phosphatase,uncommon,Investigations,10001679,UNKNOWN,increased alkaline phosphatase
11053,high gamma glutamyltransferase,uncommon,Investigations,10017691,UNKNOWN,high gamma glutamyltransferase
11053,high uric acid,uncommon,Investigations,10050450,UNKNOWN,high uric acid
11053,high creatine phosphokinase,uncommon,Investigations,0,UNKNOWN,high creatine phosphokinase
11053,oedema,uncommon,General disorders and administration site conditions,10030095,R60.9,oedema
11053,leukopenia,common,Blood and the lymphatic system disorders,10024384,D72.819,leukopenia
11053,neutropenia,common,Blood and the lymphatic system disorders,10029354,D70,neutropenia
11053,thrombocytopenia,rare,Blood and the lymphatic system disorders,10043554,D69.6,thrombocytopenia
11053,hypersensitivity,rare,Immune system disorders,10020751,T78.40,hypersensitivity
11053,Development or exacerbation of diabetes,rare,Metabolism and nutrition disorders,0,UNKNOWN,Development or exacerbation of diabetes
11053,hypothermia,rare,Metabolism and nutrition disorders,10021113,T68,hypothermia
11053,seizures,rare,Nervous system disorders,10039910,G40.909,seizures
11053,dystonia,rare,Nervous system disorders,10013983,G24,dystonia
11053,tardive dyskinesia,rare,Nervous system disorders,10043118,G24.01,tardive dyskinesia
11053,amnesia,rare,Nervous system disorders,10001949,R41.3,amnesia
11053,dysarthria,rare,Nervous system disorders,10013887,R47.1,dysarthria
11053,stuttering,rare,Nervous system disorders,10042267,F80.81,stuttering
11053,restless legs syndrome,rare,Nervous system disorders,10058920,G25.81,restless legs syndrome
11053,neuroleptic malignant syndrome,rare,Nervous system disorders,10029282,G21.0,neuroleptic malignant syndrome
11053,discontinuation symptoms,rare,not known,0,UNKNOWN,discontinuation symptoms
11053,bradycardia,rare,Cardiac disorders,10006093,R00.1,bradycardia
11053,QT c prolongation,rare,Cardiac disorders,0,UNKNOWN,QT c prolongation
11053,ventricular tachycardia/fibrillation,rare,Cardiac disorders,10047302,UNKNOWN,ventricular tachycardia
11053,sudden death,rare,Cardiac disorders,10042434,Z82.41,sudden death
11053,thromboembolism,rare,Vascular disorders,10043566,I27.24,thromboembolism
11053,epistaxis,rare,"Respiratory, thoracic and mediastinal disorders",10015090,R04.0,epistaxis
11053,"mild, transient anticholinergic effects",rare,Gastrointestinal disorders,0,UNKNOWN,"mild, transient anticholinergic effects"
11053,abdominal distension,rare,Gastrointestinal disorders,10000060,R14.0,abdominal distension
11053,salivary hypersecretion,rare,Gastrointestinal disorders,10039424,K11.7,salivary hypersecretion
11053,pancreatitis,rare,Gastrointestinal disorders,10033645,K85.9,pancreatitis
11053,hepatitis,rare,Hepatobiliary disorders,10019717,K75.9,hepatitis
11053,photosensitivity reaction,rare,Skin and subcutaneous tissue disorders,10034972,UNKNOWN,photosensitivity reaction
11053,alopecia,rare,Skin and subcutaneous tissue disorders,10001760,L65.9,alopecia
11053,Drug Reaction with Eosinophilia and Systemic Symptoms (DRESS),rare,not known,10073508,UNKNOWN,Drug Reaction with Eosinophilia and Systemic Symptoms (DRESS)
11053,rhabdomyolysis,rare,Musculoskeletal and connective tissue disorders,10039020,M62.82,rhabdomyolysis
11053,urinary incontinence,rare,Renal and urinary disorders,10046543,R32,urinary incontinence
11053,urinary retention,rare,Renal and urinary disorders,10046555,R33,urinary retention
11053,urinary hesitation,rare,Renal and urinary disorders,10046542,R39.11,urinary hesitation
11053,Drug withdrawal syndrome neonatal,rare,"Pregnancy, puerperium and perinatal conditions",10013756,P96.1,Drug withdrawal syndrome neonatal
11053,erectile dysfunction,rare,Reproductive system and breast disorders,10061461,N52,erectile dysfunction
11053,decreased libido,rare,Reproductive system and breast disorders,10024419,R68.82,decreased libido
11053,amenorrhea,rare,Reproductive system and breast disorders,10001927,N91.2,amenorrhea
11053,breast enlargement,rare,Reproductive system and breast disorders,10006242,N62,breast enlargement
11053,galactorrhea,rare,Reproductive system and breast disorders,10017592,O92.6,galactorrhea
11053,gynecomastia/breast enlargement,rare,Reproductive system and breast disorders,10018800,UNKNOWN,gynaecomastia
11053,priapism,rare,Reproductive system and breast disorders,10036661,N48.3,priapism
11053,elevated plasma prolactin levels,uncommon,Investigations,0,UNKNOWN,elevated plasma prolactin levels
11053,increased total bilirubin,rare,Investigations,10056806,UNKNOWN,increased total bilirubin
11053,abnormal gait,very common,not known,10000136,R26,abnormal gait
11053,falls,very common,not known,10016174,R29.6,falls
11053,pneumonia,common,not known,10035664,J13,pneumonia
11053,increased body temperature,common,not known,10005911,R50.9,increased body temperature
11053,lethargy,common,not known,10024264,R53.83,lethargy
11053,erythema,common,not known,10015150,L53.9,erythema
11053,visual hallucinations,common,not known,10047570,R44.1,visual hallucinations
11053,worsening of Parkinsonian symptomatology,very common,Nervous system disorders,0,UNKNOWN,worsening of Parkinsonian symptomatology
11053,hallucinations,very common,not known,10019077,R44.3,hallucinations
11509,anaphylactic reaction,not known,Immune system disorders,10002198,T78.2,anaphylactic reaction
11509,angioedema,not known,Immune system disorders,10002424,T78.3,angioedema
11509,skin reactions,not known,Immune system disorders,10040935,R76.11,skin reactions
11509,urticaria,not known,Immune system disorders,10046735,L50,urticaria
11509,rash,not known,Immune system disorders,10037844,R21,rash
11509,hypotension,common,Cardiac Disorders,10021097,I95,hypotension
11509,ST segment depression,common,Cardiac Disorders,10041892,UNKNOWN,ST segment depression
11509,sustained ventricular tachycardia,common,Cardiac Disorders,10060730,UNKNOWN,sustained ventricular tachycardia
11509,non-sustained ventricular tachycardia,common,Cardiac Disorders,10060731,UNKNOWN,non-sustained ventricular tachycardia
11509,AV block,common,Cardiac Disorders,10003846,I44.3,AV block
11509,bradycardia,uncommon,Cardiac Disorders,10006093,R00.1,bradycardia
11509,asystole,not known,Cardiac Disorders,10003586,I46,asystole
11509,Cardiac arrest,not known,Cardiac Disorders,10007515,I46,Cardiac arrest
11509,sinus tachycardia,not known,Cardiac Disorders,10040752,I47.11,sinus tachycardia
11509,atrial fibrillation,not known,Cardiac Disorders,10003658,I48.0,atrial fibrillation
11509,ventricular fibrillation,not known,Cardiac Disorders,10047290,I49.01,ventricular fibrillation
11509,Arteriospasm coronary,not known,Cardiac Disorders,10003225,UNKNOWN,Arteriospasm coronary
11509,myocardial infarction,not known,Cardiac Disorders,10028596,I21,myocardial infarction
11509,headache,very common,Nervous system disorders,10019211,R51,headache
11509,dizziness,common,Nervous system disorders,10013573,R42,dizziness
11509,light-headedness,common,Nervous system disorders,10024461,R42,light-headedness
11509,paraesthesia,common,Nervous system disorders,10033775,R20.2,paraesthesia
11509,tremor,rare,Nervous system disorders,10044565,R25.1,tremor
11509,drowsiness,rare,Nervous system disorders,10013649,R40.0,drowsiness
11509,loss of consciousness,not known,Nervous system disorders,10024855,S06.0XA,loss of consciousness
11509,syncope,not known,Nervous system disorders,10042772,R55,syncope
11509,convulsions,not known,Nervous system disorders,10010914,G40.909,convulsions
11509,blurred vision,rare,Eye disorders,10005886,UNKNOWN,blurred vision
11509,tinnitus,rare,Ear and labyrinth disorders,10043882,H93.1,tinnitus
11509,dyspnea,very common,"Respiratory, thoracic and mediastinal disorders",10013963,R06.0,dyspnea
11509,bronchospasm,rare,"Respiratory, thoracic and mediastinal disorders",10006482,J45.990,bronchospasm
11509,nasal congestion,rare,"Respiratory, thoracic and mediastinal disorders",10028735,R09.81,nasal congestion
11509,respiratory failure,very rare,"Respiratory, thoracic and mediastinal disorders",10038695,J96.9,respiratory failure
11509,apnea,not known,"Respiratory, thoracic and mediastinal disorders",10002972,G47.3,apnea
11509,respiratory arrest,not known,"Respiratory, thoracic and mediastinal disorders",10038669,R09.2,respiratory arrest
11509,abdominal discomfort,very common,Gastro-intestinal disorders,10000059,UNKNOWN,abdominal discomfort
11509,dry mouth,common,Gastro-intestinal disorders,10013781,R68.2,dry mouth
11509,metallic taste,uncommon,Gastro-intestinal disorders,10043135,UNKNOWN,metallic taste
11509,nausea,not known,Gastro-intestinal disorders,10028813,R11.0,nausea
11509,vomiting,not known,Gastro-intestinal disorders,10047700,R11.1,vomiting
11509,urinary urgency,rare,Renal and Urinary disorders,10046593,R39.15,urinary urgency
11509,flushing,very common,Vascular disorders,10016825,R23.2,flushing
11509,discomfort in the leg,uncommon,General disorders and administration site conditions,10054246,UNKNOWN,leg discomfort
11509,discomfort in the arm,uncommon,General disorders and administration site conditions,10049877,UNKNOWN,arm discomfort
11509,discomfort in the back,uncommon,General disorders and administration site conditions,10003982,UNKNOWN,back discomfort
11509,feeling of general discomfort,uncommon,General disorders and administration site conditions,0,UNKNOWN,feeling of general discomfort
11509,weakness,uncommon,General disorders and administration site conditions,10047862,R53.1,weakness
11509,pain,uncommon,General disorders and administration site conditions,10033371,R52,pain
11509,injection site reactions,very rare,General disorders and administration site conditions,10022097,UNKNOWN,injection site reactions
11509,nipple discomfort,rare,Reproductive system and breast disorders,0,UNKNOWN,nipple discomfort
11509,nervousness,uncommon,Psychiatric disorders,10029216,R45.0,nervousness
11509,chest pain or pressure,very common,General disorders and administration site conditions,10008479,UNKNOWN,chest pain
11509,feeling of thoracic constriction/oppression,very common,General disorders and administration site conditions,0,UNKNOWN,feeling of thoracic constriction/oppression
11509,throat discomfort,common,General disorders and administration site conditions,10081115,R07.0,throat discomfort
11509,neck discomfort,common,General disorders and administration site conditions,10028831,UNKNOWN,neck discomfort
11509,jaw discomfort,common,General disorders and administration site conditions,0,UNKNOWN,jaw discomfort
11509,sweating,uncommon,General disorders and administration site conditions,10042661,R61,sweating
11906,Nasopharyngitis,very common,Infections and infestations,10028810,J00,Nasopharyngitis
11906,Pharyngitis,common,Infections and infestations,10034835,J02.0,Pharyngitis
11906,Viral respiratory tract infection,common,Infections and infestations,10047482,UNKNOWN,Viral respiratory tract infection
11906,Urinary tract infection,common,Infections and infestations,10046571,N39.0,Urinary tract infection
11906,Herpes zoster,common,Infections and infestations,10019974,B02,Herpes zoster
11906,Herpes simplex,common,Infections and infestations,10019948,B00,Herpes simplex
11906,Progressive multifocal leukoencephalopathy,rare,Infections and infestations,10036807,A81.2,Progressive multifocal leukoencephalopathy
11906,Lymphopenia,very common,Blood and lymphatic system disorders,10025327,D72.810,Lymphopenia
11906,Hypersensitivity,uncommon,Immune system disorders,10020751,T78.40,Hypersensitivity
11906,Headache,common,Nervous system disorders,10019211,R51,Headache
11906,Macular oedema,uncommon,Eye disorders,10025415,UNKNOWN,Macular oedema
11906,Bradycardia,common,Cardiac disorders,10006093,R00.1,Bradycardia
11906,Hypertension,common,Vascular disorders,10020772,I10,Hypertension
11906,Orthostatic hypotension,common,Vascular disorders,10031127,I95.1,Orthostatic hypotension
11906,Alanine aminotransferase increased,common,Hepatobiliary disorders,10001551,UNKNOWN,Alanine aminotransferase increased
11906,Gamma-glutamyl transferase increased,common,Hepatobiliary disorders,0,UNKNOWN,Gamma-glutamyl transferase increased
11906,Blood bilirubin increased,common,Hepatobiliary disorders,10005364,UNKNOWN,Blood bilirubin increased
11906,Liver injury,rare,Hepatobiliary disorders,10067125,S36.11,Liver injury
11906,Peripheral oedema,common,General disorders and administration site conditions,10034611,UNKNOWN,Peripheral oedema
11906,Pulmonary function test abnormal,common,Investigations,10061602,R94.2,Pulmonary function test abnormal
11906,Serious opportunistic infections,not known,not known,0,UNKNOWN,Serious opportunistic infections
11906,Transient bradycardia,not known,not known,10085625,UNKNOWN,Transient bradycardia
13261,dizziness,common,Nervous system disorders,10013573,R42,dizziness
13261,fatigue,common,General disorders and administration site conditions,10016256,R53.83,fatigue
13261,dyspnoea,common,Cardiac disorders,10013968,R06.0,dyspnoea
13261,headache,common,Nervous system disorders,10019211,R51,headache
13261,fever,common,General disorders and administration site conditions,10016558,R50.9,fever
13261,excessive bradycardia,common,Cardiac disorders,0,UNKNOWN,excessive bradycardia
13261,hypotension,common,Cardiac disorders,10021097,I95,hypotension
13261,Bradycardia,common,Cardiac disorders,10006093,R00.1,Bradycardia
13261,chest pain,common,Cardiac disorders,10008479,I20.9,chest pain
13261,palpitations,common,Cardiac disorders,10033557,R00.2,palpitations
13261,oedema,common,Cardiac disorders,10030095,R60.9,oedema
13261,ECG abnormalities,common,Cardiac disorders,10000126,R94.31,ECG abnormalities
13261,arrhythmia,common,Cardiac disorders,10003119,I49.9,arrhythmia
13261,syncope,common,Cardiac disorders,10042772,R55,syncope
13261,cardiac failure,common,Cardiac disorders,10007554,P29.0,cardiac failure
13261,presyncope,common,Cardiac disorders,10036653,UNKNOWN,presyncope
13261,Rash,common,Skin and subcutaneous tissue disorders,10037844,R21,Rash
13261,Alopecia,not known,Skin and subcutaneous tissue disorders,10001760,L65.9,Alopecia
13261,Hyperhidrosis,not known,Skin and subcutaneous tissue disorders,10020642,R61,Hyperhidrosis
13261,Thrombocytopenia,not known,Blood and lymphatic system disorders,10043554,D69.6,Thrombocytopenia
13261,Nausea,common,Gastro-intestinal disorders,10028813,R11.0,Nausea
13261,vomiting,common,Gastro-intestinal disorders,10047700,R11.1,vomiting
13261,diarrhoea,common,Gastro-intestinal disorders,10012735,K59.1,diarrhoea
13261,dyspepsia,common,Gastro-intestinal disorders,10013946,R10.13,dyspepsia
13261,abdominal pain,common,Gastro-intestinal disorders,10000081,R10.9,abdominal pain
13261,flatulence,common,Gastro-intestinal disorders,10016766,R14.3,flatulence
13261,Muscle spasms,common,"Musculoskeletal, connective tissue and bone disorders",10028334,M62.83,Muscle spasms
13261,Asthenia,common,Nervous system disorders,10003549,R53.1,Asthenia
13261,light-headedness,common,Nervous system disorders,10024461,R42,light-headedness
13261,paraesthesia,common,Nervous system disorders,10033775,R20.2,paraesthesia
13261,dysgeusia,common,Nervous system disorders,10013911,R43.2,dysgeusia
13261,Sleep disorder,common,Psychiatric disorders,10040984,G47.9,Sleep disorder
13261,mood altered,common,Psychiatric disorders,10027940,R45.86,mood altered
13261,depression,common,Psychiatric disorders,10012378,F31.9,depression
13261,anxiety,common,Psychiatric disorders,10002855,F41.1,anxiety
13261,Sexual dysfunction,common,Reproductive system and breast disorders,10040477,R37,Sexual dysfunction
13261,Visual disturbances,common,Eye disorders,10047545,H53,Visual disturbances
13261,Hearing disturbances,common,Ear and labyrinth disorders,0,UNKNOWN,Hearing disturbances
13261,Pyrexia,common,General disorders and administration site conditions,10037660,R50.9,Pyrexia
13261,torsades de pointes,not known,Cardiac disorders,10044067,I47.21,torsades de pointes
13261,Proarrythmia,common,Cardiac disorders,0,UNKNOWN,Proarrythmia
13261,Fatigue,common,General disorders and administration site conditions,10016256,R53.83,Fatigue
13261,Bradycardia (<50 bpm),common,Cardiac disorders,10006093,UNKNOWN,Bradycardia (<50 bpm)
13261,Dyspnoea,common,Cardiac disorders,10013968,R06.0,Dyspnoea
13261,Asthenia,common,Nervous system disorders,10003549,R53.1,Asthenia
13261,Dizziness,common,Nervous system disorders,10013573,R42,Dizziness
13261,Cold and cyanotic extremities,not known,Not applicable,10009851,UNKNOWN,Cold and cyanotic extremities
13261,Raynaud's phenomenon,not known,Not applicable,10037912,I73.0,Raynaud's phenomenon
13261,increase in existing intermittent claudication,not known,Not applicable,0,UNKNOWN,increase in existing intermittent claudication
13261,dry eyes,not known,Not applicable,10013778,UNKNOWN,dry eyes
13596,Congenital malformations and developmental disorders,not known,Not Applicable,0,UNKNOWN,Congenital malformations and developmental disorders
13596,liver injury,common,Hepatobiliary disorders,10067125,S36.11,liver injury
13596,Severe liver damage,common,Hepatobiliary disorders,0,UNKNOWN,Severe liver damage
13596,hepatic failure,common,Hepatobiliary disorders,10019663,K72.9,hepatic failure
13596,increased liver enzymes,common,Hepatobiliary disorders,0,UNKNOWN,increased liver enzymes
13596,nausea,very common,Gastrointestinal disorders,10028813,R11.0,nausea
13596,vomiting,common,Gastrointestinal disorders,10047700,R11.1,vomiting
13596,gingival disorder,common,Gastrointestinal disorders,10018280,UNKNOWN,gingival disorder
13596,gingival hyperplasia,common,Gastrointestinal disorders,10018283,UNKNOWN,gingival hyperplasia
13596,stomatitis,common,Gastrointestinal disorders,10042128,B37.0,stomatitis
13596,gastralgia,common,Gastrointestinal disorders,10064906,UNKNOWN,gastralgia
13596,diarrhoea,common,Gastrointestinal disorders,10012735,K59.1,diarrhoea
13596,pancreatitis,uncommon,Gastrointestinal disorders,10033645,K85.9,pancreatitis
13596,tremor,very common,Nervous system disorders,10044565,R25.1,tremor
13596,extrapyramidal disorder,common,Nervous system disorders,10015832,G25.9,extrapyramidal disorder
13596,stupor,common,Nervous system disorders,10042264,R40.1,stupor
13596,somnolence,common,Nervous system disorders,10041349,R40.0,somnolence
13596,convulsion,common,Nervous system disorders,10010904,G40.909,convulsion
13596,memory impairment,common,Nervous system disorders,10027175,UNKNOWN,memory impairment
13596,headache,common,Nervous system disorders,10019211,R51,headache
13596,nystagmus,common,Nervous system disorders,10029864,H55.0,nystagmus
13596,dizziness,common,Nervous system disorders,10013573,R42,dizziness
13596,coma,uncommon,Nervous system disorders,10010071,R40.2,coma
13596,encephalopathy,uncommon,Nervous system disorders,10014625,G93.40,encephalopathy
13596,lethargy,uncommon,Nervous system disorders,10024264,R53.83,lethargy
13596,reversible parkinsonism,uncommon,Nervous system disorders,0,UNKNOWN,reversible parkinsonism
13596,ataxia,uncommon,Nervous system disorders,10003591,R27.0,ataxia
13596,paraesthesia,uncommon,Nervous system disorders,10033775,R20.2,paraesthesia
13596,aggravated convulsions,uncommon,Nervous system disorders,10010915,UNKNOWN,aggravated convulsions
13596,reversible dementia,rare,Nervous system disorders,0,UNKNOWN,reversible dementia
13596,reversible cerebral atrophy,rare,Nervous system disorders,0,UNKNOWN,reversible cerebral atrophy
13596,cognitive disorder,rare,Nervous system disorders,10057668,G31.84,cognitive disorder
13596,sedation,rare,Nervous system disorders,10039897,Z92.83,sedation
13596,hallucinations,rare,Psychiatric disorders,10019077,R44.3,hallucinations
13596,confusional state,common,Psychiatric disorders,10010305,F05,confusional state
13596,aggression,common,Psychiatric disorders,10001488,D48.11,aggression
13596,agitation,common,Psychiatric disorders,10001497,R45.1,agitation
13596,disturbance in attention,common,Psychiatric disorders,10013496,UNKNOWN,disturbance in attention
13596,abnormal behaviour,rare,Psychiatric disorders,10061422,UNKNOWN,abnormal behaviour
13596,psychomotor hyperactivity,rare,Psychiatric disorders,10037211,UNKNOWN,psychomotor hyperactivity
13596,learning disorder,rare,Psychiatric disorders,10061265,F81.9,learning disorder
13596,hyponatraemia,common,Metabolic and nutrition disorders,10021036,E87.1,hyponatraemia
13596,weight increased,common,Metabolic and nutrition disorders,10047899,UNKNOWN,weight increased
13596,hyperammonaemia,rare,Metabolic and nutrition disorders,10020575,E72.20,hyperammonaemia
13596,obesity,rare,Metabolic and nutrition disorders,10029883,E66.9,obesity
13596,hypocarnitinaemia,not known,Metabolic and nutrition disorders,10073952,UNKNOWN,hypocarnitinaemia
13596,Syndrome of Inappropriate Secretion of ADH (SIADH),uncommon,Endocrine disorders,0,UNKNOWN,Syndrome of Inappropriate Secretion of ADH (SIADH)
13596,hyperandrogenism,uncommon,Endocrine disorders,10065597,UNKNOWN,hyperandrogenism
13596,hirsutism,uncommon,Endocrine disorders,10020112,L68.0,hirsutism
13596,virilism,uncommon,Endocrine disorders,10047486,E25,virilism
13596,acne,uncommon,Endocrine disorders,10000496,L70,acne
13596,male pattern alopecia,uncommon,Endocrine disorders,0,UNKNOWN,male pattern alopecia
13596,androgen increase,uncommon,Endocrine disorders,10002265,UNKNOWN,androgen increase
13596,hypothyroidism,rare,Endocrine disorders,10021114,E03.9,hypothyroidism
13596,anaemia,common,Blood and lymphatic system disorders,10002034,D64.9,anaemia
13596,thrombocytopenia,common,Blood and lymphatic system disorders,10043554,D69.6,thrombocytopenia
13596,pancytopenia,uncommon,Blood and lymphatic system disorders,10033661,D61.81,pancytopenia
13596,leucopenia,uncommon,Blood and lymphatic system disorders,10024283,D72.819,leucopenia
13596,bone marrow failure,rare,Blood and lymphatic system disorders,10065553,T86.02,bone marrow failure
13596,pure red cell aplasia,rare,Blood and lymphatic system disorders,10002965,D61.01,pure red cell aplasia
13596,agranulocytosis,rare,Blood and lymphatic system disorders,10001507,D70,agranulocytosis
13596,anaemia macrocytic,rare,Blood and lymphatic system disorders,10002064,UNKNOWN,anaemia macrocytic
13596,macrocytosis,rare,Blood and lymphatic system disorders,10025382,UNKNOWN,macrocytosis
13596,hypersensitivity,common,Skin and subcutaneous tissue disorders,10020751,T78.40,hypersensitivity
13596,transient and/or dose related alopecia,common,Skin and subcutaneous tissue disorders,0,UNKNOWN,transient and/or dose related alopecia
13596,nail and nail bed disorders,common,Skin and subcutaneous tissue disorders,0,UNKNOWN,nail and nail bed disorders
13596,angioedema,uncommon,Skin and subcutaneous tissue disorders,10002424,T78.3,angioedema
13596,rash,uncommon,Skin and subcutaneous tissue disorders,10037844,R21,rash
13596,hair disorder,uncommon,Skin and subcutaneous tissue disorders,10019037,UNKNOWN,hair disorder
13596,abnormal hair texture,uncommon,Skin and subcutaneous tissue disorders,10019049,UNKNOWN,abnormal hair texture
13596,hair colour changes,uncommon,Skin and subcutaneous tissue disorders,10019030,UNKNOWN,hair colour changes
13596,abnormal hair growth,uncommon,Skin and subcutaneous tissue disorders,10000147,UNKNOWN,abnormal hair growth
13596,toxic epidermal necrolysis,rare,Skin and subcutaneous tissue disorders,10044223,L51.2,toxic epidermal necrolysis
13596,Stevens-Johnson syndrome,rare,Skin and subcutaneous tissue disorders,10042033,L51.1,Stevens-Johnson syndrome
13596,erythema multiforme,rare,Skin and subcutaneous tissue disorders,10015218,L51,erythema multiforme
13596,Drug Rash with Eosinophilia and Systemic Symptoms (DRESS) syndrome,rare,Skin and subcutaneous tissue disorders,10062948,UNKNOWN,Drug Rash with Eosinophilia and Systemic Symptoms (DRESS) syndrome
13596,dysmenorrhea,common,Reproductive system and breast disorders,10013934,N94.6,dysmenorrhea
13596,amenorrhea,uncommon,Reproductive system and breast disorders,10001927,N91.2,amenorrhea
13596,polycystic ovaries,rare,Reproductive system and breast disorders,10036049,E28.2,polycystic ovaries
13596,male infertility,rare,Reproductive system and breast disorders,10021929,N46,male infertility
13596,gynaecomastia,very rarely,Reproductive system and breast disorders,10018800,N62,gynaecomastia
13596,haemorrhage,common,Vascular disorders,10055798,K92.2,haemorrhage
13596,vasculitis,uncommon,Vascular disorders,10047115,D69.0,vasculitis
13596,diplopia,rare,Eye disorders,10013036,H53.2,diplopia
13596,deafness,common,Ear and labyrinth disorders,10011878,H91.9,deafness
13596,urinary incontinence,common,Renal and urinary disorders,10046543,R32,urinary incontinence
13596,renal failure,uncommon,Renal and urinary disorders,10038435,N18.9,renal failure
13596,enuresis,rare,Renal and urinary disorders,10014928,R32,enuresis
13596,tubulointerstitial nephritis,rare,Renal and urinary disorders,10048302,N10-N16.9,tubulointerstitial nephritis
13596,reversible Fanconi syndrome,rare,Renal and urinary disorders,0,UNKNOWN,reversible Fanconi syndrome
13596,hypothermia,uncommon,General disorders and administration site conditions,10021113,T68,hypothermia
13596,non-severe peripheral oedema,uncommon,General disorders and administration site conditions,0,UNKNOWN,non-severe peripheral oedema
13596,bone mineral density decreased,uncommon,Musculoskeletal and connective tissue disorders,0,UNKNOWN,bone mineral density decreased
13596,osteopenia,uncommon,Musculoskeletal and connective tissue disorders,10049088,UNKNOWN,osteopenia
13596,osteoporosis,uncommon,Musculoskeletal and connective tissue disorders,10031282,M81.0,osteoporosis
13596,fractures,uncommon,Musculoskeletal and connective tissue disorders,10017322,T14.8,fractures
13596,systemic lupus erythematosus,rare,Musculoskeletal and connective tissue disorders,10042945,M32.9,systemic lupus erythematosus
13596,rhabdomyolysis,rare,Musculoskeletal and connective tissue disorders,10039020,M62.82,rhabdomyolysis
13596,pleural effusion,uncommon,"Respiratory, thoracic and mediastinal disorder",10035598,J90,pleural effusion
13596,coagulation factors decreased,rare,Investigations,10009789,UNKNOWN,coagulation factors decreased
13596,abnormal coagulation tests,rare,Investigations,10063557,UNKNOWN,abnormal coagulation tests
13596,myelodysplastic syndrome,rare,"Neoplasms benign, malignant and unspecified",10028533,D46.9,myelodysplastic syndrome
13596,acquired Pelger-Huet anomaly,unknown,"Neoplasms benign, malignant and unspecified",0,UNKNOWN,acquired Pelger-Huet anomaly
13659,psychiatric disorders,not known,Psychiatric disorders,10037175,Z72.811,psychiatric disorders
13659,nervous system disorders,not known,Nervous system disorders,10029205,G98.8,nervous system disorders
13659,gastrointestinal disorders,not known,Gastrointestinal disorders,10017947,Z13.811,gastrointestinal disorders
13659,Severe skin reactions,not known,Skin and subcutaneous tissue disorders,0,UNKNOWN,Severe skin reactions
13659,Stevens-Johnson syndrome,not known,Skin and subcutaneous tissue disorders,10042033,L51.1,Stevens-Johnson syndrome
13659,erythema multiforme,not known,Skin and subcutaneous tissue disorders,10015218,L51,erythema multiforme
13659,neuropsychiatric adverse reactions,not known,Psychiatric disorders,0,UNKNOWN,neuropsychiatric adverse reactions
13659,severe depression,not known,Psychiatric disorders,0,F33.3,severe depression
13659,death by suicide,not known,Psychiatric disorders,0,UNKNOWN,death by suicide
13659,psychosis-like behaviour,not known,Psychiatric disorders,0,UNKNOWN,psychosis-like behaviour
13659,seizures,not known,Nervous system disorders,10039910,G40.909,seizures
13659,severe hepatic events,not known,Hepatobiliary disorders,20000007,UNKNOWN,severe hepatic events
13659,pancreatitis,not known,Gastrointestinal disorders,10033645,K85.9,pancreatitis
13659,lactic acidosis,not known,Metabolism and nutrition disorders,10023676,E87.20,lactic acidosis
13659,renal impairment,rare,Renal and urinary disorders,10062237,N25,renal impairment
13659,renal failure,rare,Renal and urinary disorders,10038435,N18.9,renal failure
13659,proximal renal tubulopathy,uncommon,Renal and urinary disorders,0,UNKNOWN,proximal renal tubulopathy
13659,Fanconi syndrome,uncommon,Renal and urinary disorders,10016219,E72.09,Fanconi syndrome
13659,bone abnormalities,not known,Musculoskeletal and connective tissue disorders,10005954,UNKNOWN,bone abnormalities
13659,fractures,not known,Musculoskeletal and connective tissue disorders,10017322,T14.8,fractures
13659,severe acute exacerbations of hepatitis,not known,Hepatobiliary disorders,0,UNKNOWN,severe acute exacerbations of hepatitis
13659,anorexia,common,Gastrointestinal disorders,10002646,R63.0,anorexia
13659,dry mouth,uncommon,Nervous system disorders,10013781,R68.2,dry mouth
13659,increased appetite,uncommon,Gastrointestinal disorders,10021654,UNKNOWN,increased appetite
13659,libido decreased,uncommon,Reproductive system and breast disorders,10024419,R68.82,libido decreased
13659,myalgia,uncommon,Musculoskeletal and connective tissue disorders,10028411,M79.1,myalgia
13659,neutropenia,common,Blood and lymphatic system disorders,10029354,D70,neutropenia
13659,anaemia,uncommon,Blood and lymphatic system disorders,10002034,D64.9,anaemia
13659,allergic reaction,common,Immune system disorders,10001718,T78.40,allergic reaction
13659,hypersensitivity,uncommon,Immune system disorders,10020751,T78.40,hypersensitivity
13659,hypophosphataemia,very common,Metabolism and nutrition disorders,10021058,UNKNOWN,hypophosphataemia
13659,hypertriglyceridaemia,common,Metabolism and nutrition disorders,10020869,UNKNOWN,hypertriglyceridaemia
13659,hyperglycaemia,common,Metabolism and nutrition disorders,10020635,R73.9,hyperglycaemia
13659,hypercholesterolaemia,uncommon,Metabolism and nutrition disorders,10020603,E78.0,hypercholesterolaemia
13659,hypokalaemia,uncommon,Metabolism and nutrition disorders,10021015,E87.6,hypokalaemia
13659,lactic acidosis,rare,Metabolism and nutrition disorders,10023676,E87.20,lactic acidosis
13659,depression,common,Psychiatric disorders,10012378,F31.9,depression
13659,anxiety,common,Psychiatric disorders,10002855,F41.1,anxiety
13659,abnormal dreams,common,Psychiatric disorders,10000125,UNKNOWN,abnormal dreams
13659,insomnia,common,Psychiatric disorders,10022437,G47.0,insomnia
13659,suicide attempt,uncommon,Psychiatric disorders,10042464,T14.91,suicide attempt
13659,suicide ideation,uncommon,Psychiatric disorders,10042458,R45.851,suicide ideation
13659,psychosis,uncommon,Psychiatric disorders,10037234,F25.9,psychosis
13659,mania,uncommon,Psychiatric disorders,10026749,F30.9,mania
13659,paranoia,uncommon,Psychiatric disorders,10033864,F22,paranoia
13659,hallucination,uncommon,Psychiatric disorders,10019063,R44.3,hallucination
13659,euphoric mood,uncommon,Psychiatric disorders,10015535,UNKNOWN,euphoric mood
13659,affect lability,uncommon,Psychiatric disorders,10054196,UNKNOWN,affect lability
13659,confusional state,uncommon,Psychiatric disorders,10010305,F05,confusional state
13659,catatonia,uncommon,Psychiatric disorders,10007776,F20.2,catatonia
13659,aggression,uncommon,Psychiatric disorders,10001488,D48.11,aggression
13659,completed suicide,rare,Psychiatric disorders,10010144,UNKNOWN,completed suicide
13659,delusion,rare,Psychiatric disorders,10012239,F12.250,delusion
13659,neurosis,rare,Psychiatric disorders,10029333,F60.9,neurosis
13659,headache,very common,Nervous system disorders,10019211,R51,headache
13659,dizziness,very common,Nervous system disorders,10013573,R42,dizziness
13659,cerebellar coordination and balance disturbances,common,Nervous system disorders,0,UNKNOWN,cerebellar coordination and balance disturbances
13659,somnolence,common,Nervous system disorders,10041349,R40.0,somnolence
13659,disturbance in attention,common,Nervous system disorders,10013496,UNKNOWN,disturbance in attention
13659,convulsions,uncommon,Nervous system disorders,10010914,G40.909,convulsions
13659,amnesia,uncommon,Nervous system disorders,10001949,R41.3,amnesia
13659,thinking abnormal,uncommon,Nervous system disorders,10043431,UNKNOWN,thinking abnormal
13659,ataxia,uncommon,Nervous system disorders,10003591,R27.0,ataxia
13659,coordination abnormal,uncommon,Nervous system disorders,10010947,R27.9,coordination abnormal
13659,agitation,uncommon,Nervous system disorders,10001497,R45.1,agitation
13659,tremor,uncommon,Nervous system disorders,10044565,R25.1,tremor
13659,vision blurred,uncommon,Eye disorders,10047513,UNKNOWN,vision blurred
13659,tinnitus,uncommon,Ear and labyrinth disorders,10043882,H93.1,tinnitus
13659,vertigo,uncommon,Ear and labyrinth disorders,10047340,H81.0,vertigo
13659,flushing,uncommon,Vascular disorders,10016825,R23.2,flushing
13659,diarrhoea,very common,Gastrointestinal disorders,10012735,K59.1,diarrhoea
13659,nausea,very common,Gastrointestinal disorders,10028813,R11.0,nausea
13659,vomiting,common,Gastrointestinal disorders,10047700,R11.1,vomiting
13659,abdominal pain,common,Gastrointestinal disorders,10000081,R10.9,abdominal pain
13659,elevated amylase,common,Gastrointestinal disorders,0,UNKNOWN,elevated amylase
13659,elevated serum lipase,common,Gastrointestinal disorders,0,UNKNOWN,elevated serum lipase
13659,dyspepsia,common,Gastrointestinal disorders,10013946,R10.13,dyspepsia
13659,elevated aspartate aminotransferase (AST),common,Hepatobiliary disorders,0,UNKNOWN,elevated aspartate aminotransferase (AST)
13659,elevated alanine aminotransferase (ALT),common,Hepatobiliary disorders,0,UNKNOWN,elevated alanine aminotransferase (ALT)
13659,elevated gamma- glutamyltransferase (GGT),common,Hepatobiliary disorders,0,UNKNOWN,elevated gamma- glutamyltransferase (GGT)
13659,hepatitis acute,uncommon,Hepatobiliary disorders,10019727,B17.9,hepatitis acute
13659,hepatic failure,rare,Hepatobiliary disorders,10019663,K72.9,hepatic failure
13659,hepatic steatosis,rare,Hepatobiliary disorders,10019708,UNKNOWN,hepatic steatosis
13659,rash,very common,Skin and subcutaneous tissue disorders,10037844,R21,rash
13659,pruritus,common,Skin and subcutaneous tissue disorders,10037087,L29,pruritus
13659,vesiculobullous rash,common,Skin and subcutaneous tissue disorders,10047381,UNKNOWN,vesiculobullous rash
13659,pustular rash,common,Skin and subcutaneous tissue disorders,10037576,UNKNOWN,pustular rash
13659,maculopapular rash,common,Skin and subcutaneous tissue disorders,10025424,UNKNOWN,maculopapular rash
13659,urticaria,common,Skin and subcutaneous tissue disorders,10046735,L50,urticaria
13659,skin discolouration,common,Skin and subcutaneous tissue disorders,10040829,UNKNOWN,skin discolouration
13659,Stevens-Johnson syndrome,uncommon,Skin and subcutaneous tissue disorders,10042033,L51.1,Stevens-Johnson syndrome
13659,erythema multiforme,uncommon,Skin and subcutaneous tissue disorders,10015218,L51,erythema multiforme
13659,angioedema,uncommon,Skin and subcutaneous tissue disorders,10002424,T78.3,angioedema
13659,photoallergic dermatitis,rare,Skin and subcutaneous tissue disorders,0,UNKNOWN,photoallergic dermatitis
13659,elevated creatine kinase,very common,Musculoskeletal and connective tissue disorders,0,UNKNOWN,elevated creatine kinase
13659,rhabdomyolysis,uncommon,Musculoskeletal and connective tissue disorders,10039020,M62.82,rhabdomyolysis
13659,muscular weakness,uncommon,Musculoskeletal and connective tissue disorders,10028372,UNKNOWN,muscular weakness
13659,osteomalacia,rare,Musculoskeletal and connective tissue disorders,10031250,E55.0,osteomalacia
13659,myopathy,rare,Musculoskeletal and connective tissue disorders,10028641,G72.49,myopathy
13659,increased creatinine,uncommon,Renal and urinary disorders,10040233,UNKNOWN,increased creatinine
13659,proteinuria,uncommon,Renal and urinary disorders,10037032,R80,proteinuria
13659,renal failure,rare,Renal and urinary disorders,10038435,N18.9,renal failure
13659,acute tubular necrosis,rare,Renal and urinary disorders,10001099,N17.0,acute tubular necrosis
13659,nephritis,rare,Renal and urinary disorders,10029117,N08,nephritis
13659,nephrogenic diabetes insipidus,rare,Renal and urinary disorders,10029147,N25.1,nephrogenic diabetes insipidus
13659,gynaecomastia,uncommon,Reproductive system and breast disorders,10018800,N62,gynaecomastia
13659,asthenia,very common,General disorders and administration site conditions,10003549,R53.1,asthenia
13659,fatigue,common,General disorders and administration site conditions,10016256,R53.83,fatigue
13659,pain,common,General disorders and administration site conditions,10033371,R52,pain
13689,diarrhoea,common,Gastrointestinal disorders,10012735,K59.1,diarrhoea
13689,nausea,common,Gastrointestinal disorders,10028813,R11.0,nausea
13689,skin rash,common,Skin and subcutaneous tissue disorders,10040913,R21,skin rash
13689,Mucocutaneous candidiasis,very rare,Infections and infestations,10028080,UNKNOWN,Mucocutaneous candidiasis
13689,Reversible leucopenia (including severe neutropenia or agranulocytosis),very rare,Blood and lymphatic system disorders,0,UNKNOWN,Reversible leucopenia (including severe neutropenia or agranulocytosis)
13689,reversible thrombocytopenia,very rare,Blood and lymphatic system disorders,0,UNKNOWN,reversible thrombocytopenia
13689,haemolytic anaemia,very rare,Blood and lymphatic system disorders,10018916,D55-D59.9,haemolytic anaemia
13689,Prolongation of bleeding time,very rare,Blood and lymphatic system disorders,0,UNKNOWN,Prolongation of bleeding time
13689,prothrombin time,very rare,Blood and lymphatic system disorders,10037056,R79.1,prothrombin time
13689,Severe allergic reactions,very rare,Immune system disorders,0,UNKNOWN,Severe allergic reactions
13689,angioneurotic oedema,very rare,Immune system disorders,10002473,T78.3,angioneurotic oedema
13689,anaphylaxis,very rare,Immune system disorders,10002218,T78.2,anaphylaxis
13689,serum sickness,very rare,Immune system disorders,10040400,T80.6,serum sickness
13689,hypersensitivity vasculitis,very rare,Immune system disorders,10020764,M31.0,hypersensitivity vasculitis
13689,Jarisch-Herxheimer reaction,not known,Immune system disorders,10023125,UNKNOWN,Jarisch-Herxheimer reaction
13689,Hyperkinesia,very rare,Nervous system disorders,10020651,UNKNOWN,Hyperkinesia
13689,dizziness,very rare,Nervous system disorders,10013573,R42,dizziness
13689,convulsions,very rare,Nervous system disorders,10010914,G40.909,convulsions
13689,Aseptic meningitis,not known,Nervous system disorders,10003458,G03.0,Aseptic meningitis
13689,Vomiting,uncommon,Gastrointestinal disorders,10047700,R11.1,Vomiting
13689,Drug-induced enterocolitis syndrome,not known,Gastrointestinal disorders,10085361,UNKNOWN,Drug-induced enterocolitis syndrome
13689,Antibiotic associated colitis (including pseudomembraneous colitis and haemorrhagic colitis),very rare,Gastrointestinal disorders,10052815,UNKNOWN,Antibiotic associated colitis (including pseudomembraneous colitis and haemorrhagic colitis)
13689,Black hairy tongue,very rare,Gastrointestinal disorders,10004974,K14.3,Black hairy tongue
13689,Hepatitis,very rare,Hepatobiliary disorders,10019717,K75.9,Hepatitis
13689,cholestatic jaundice,very rare,Hepatobiliary disorders,10008640,UNKNOWN,cholestatic jaundice
13689,A moderate rise in AST and/or ALT,very rare,Hepatobiliary disorders,0,UNKNOWN,A moderate rise in AST and/or ALT
13689,Urticaria,uncommon,Skin and subcutaneous tissue disorders,10046735,L50,Urticaria
13689,pruritus,uncommon,Skin and subcutaneous tissue disorders,10037087,L29,pruritus
13689,Linear IgA disease,not known,Skin and subcutaneous tissue disorders,10024515,UNKNOWN,Linear IgA disease
13689,erythema multiforme,very rare,Skin and subcutaneous tissue disorders,10015218,L51,erythema multiforme
13689,Stevens-Johnson syndrome,very rare,Skin and subcutaneous tissue disorders,10042033,L51.1,Stevens-Johnson syndrome
13689,toxic epidermal necrolysis,very rare,Skin and subcutaneous tissue disorders,10044223,L51.2,toxic epidermal necrolysis
13689,bullous and exfoliative dermatitis,very rare,Skin and subcutaneous tissue disorders,0,UNKNOWN,bullous and exfoliative dermatitis
13689,acute generalised exanthematous pustulosis (AGEP),very rare,Skin and subcutaneous tissue disorders,10048799,UNKNOWN,acute generalised exanthematous pustulosis (AGEP)
13689,drug reaction with eosinophilia and systemic symptoms (DRESS),very rare,Skin and subcutaneous tissue disorders,10073508,UNKNOWN,drug reaction with eosinophilia and systemic symptoms (DRESS)
13689,Interstitial nephritis,very rare,Renal and urinary tract disorders,10029134,N12,Interstitial nephritis
13689,Crystalluria (including acute renal injury),not known,Renal and urinary tract disorders,10011509,UNKNOWN,Crystalluria (including acute renal injury)
13689,Kounis syndrome,not known,Cardiac disorders,10069167,UNKNOWN,Kounis syndrome
13742,Dry mouth,very common,Gastrointestinal disorders,10013781,R68.2,Dry mouth
13742,Urinary retention,uncommon,Renal and urinary disorders,10046555,R33,Urinary retention
13742,Urinary tract infection,uncommon,Infections and infestations,10046571,N39.0,Urinary tract infection
13742,Insomnia,common,Psychiatric disorders,10022437,G47.0,Insomnia
13742,Dizziness,common,Nervous system disorders,10013573,R42,Dizziness
13742,Headache,common,Nervous system disorders,10019211,R51,Headache
13742,Dry eye,common,Eye disorders,10013774,H04.12,Dry eye
13742,Tachycardia,uncommon,Cardiac disorders,10043071,R00.0,Tachycardia
13742,Palpitations,uncommon,Cardiac disorders,10033557,R00.2,Palpitations
13742,Dry throat,common,"Respiratory, thoracic and mediastinal disorders",10013789,UNKNOWN,Dry throat
13742,Abdominal pain,common,Gastrointestinal disorders,10000081,R10.9,Abdominal pain
13742,Diarrhoea,common,Gastrointestinal disorders,10012735,K59.1,Diarrhoea
13742,Dyspepsia,common,Gastrointestinal disorders,10013946,R10.13,Dyspepsia
13742,Constipation,common,Gastrointestinal disorders,10010774,K59.0,Constipation
13742,Nausea,common,Gastrointestinal disorders,10028813,R11.0,Nausea
13742,Abdominal discomfort,uncommon,Gastrointestinal disorders,10000059,UNKNOWN,Abdominal discomfort
13742,Flatulence,uncommon,Gastrointestinal disorders,10016766,R14.3,Flatulence
13742,Gastroesophageal reflux,uncommon,Gastrointestinal disorders,10017924,UNKNOWN,Gastroesophageal reflux
13742,ALT increased,uncommon,Hepatobiliary disorders,10001845,UNKNOWN,ALT increased
13742,GGT increased,uncommon,Hepatobiliary disorders,10056910,UNKNOWN,GGT increased
13742,Rash,uncommon,Skin and subcutaneous tissue disorders,10037844,R21,Rash
13742,Dry skin,uncommon,Skin and subcutaneous tissue disorders,10013786,L85.3,Dry skin
13742,Pruritus,uncommon,Skin and subcutaneous tissue disorders,10037087,L29,Pruritus
13742,Angioedema,rare,Skin and subcutaneous tissue disorders,10002424,T78.3,Angioedema
13742,Urticaria,rare,Skin and subcutaneous tissue disorders,10046735,L50,Urticaria
13742,Dysuria,uncommon,Renal and urinary disorders,10013990,R30.0,Dysuria
13742,Urinary retention (including feeling of residual urine; micturition disorder),uncommon,Renal and urinary disorders,10046555,UNKNOWN,Urinary retention (including feeling of residual urine; micturition disorder)
13742,Urinary hesitation,uncommon,Renal and urinary disorders,10046542,R39.11,Urinary hesitation
13742,Fatigue,common,General disorders and administration site conditions,10016256,R53.83,Fatigue
13742,Confusional state,uncommon,Psychiatric disorders,10010305,F05,Confusional state
13742,Dysgeusia,uncommon,Nervous system disorders,10013911,R43.2,Dysgeusia
13742,Somnolence,uncommon,Nervous system disorders,10041349,R40.0,Somnolence
13742,Blurred vision,uncommon,Eye disorders,10005886,UNKNOWN,Blurred vision
13742,Vertigo,uncommon,Ear and labyrinth disorders,10047340,H81.0,Vertigo
13742,Pharyngolaryngeal pain,uncommon,"Respiratory, thoracic and mediastinal disorders",10034844,UNKNOWN,Pharyngolaryngeal pain
13742,Cough,uncommon,"Respiratory, thoracic and mediastinal disorders",10011224,R05,Cough
13742,Nasal dryness,uncommon,"Respiratory, thoracic and mediastinal disorders",10028740,UNKNOWN,Nasal dryness
13742,Hypoaesthesia oral,uncommon,Gastrointestinal disorders,10057371,UNKNOWN,Hypoaesthesia oral
13936,"application site reaction (including rash, erythema, pruritus, dermatitis, dryness, and skin irritation)",common,General disorders and administration site conditions,10003055,UNKNOWN,application site reaction
13936,rash,not known,General disorders and administration site conditions,10037844,R21,rash
13936,erythema,not known,General disorders and administration site conditions,10015150,L53.9,erythema
13936,pruritus,not known,General disorders and administration site conditions,10037087,L29,pruritus
13936,dermatitis,not known,General disorders and administration site conditions,10012431,L21,dermatitis
13936,dryness,not known,General disorders and administration site conditions,10030974,K11.7,dryness
13936,skin irritation,not known,General disorders and administration site conditions,10040880,L24.4,skin irritation
13936,Blood triglycerides increased/hypertriglyceridaemia,uncommon,Investigations,10005839,UNKNOWN,Blood triglycerides increased/hypertriglyceridaemia
13936,PSA increased,uncommon,Investigations,10037102,R97.2,PSA increased
13936,haematocrit increased,uncommon,Investigations,10018840,UNKNOWN,haematocrit increased
13936,Haemoglobin increased,uncommon,Investigations,10018888,UNKNOWN,Haemoglobin increased
13936,Hypertension,uncommon,Vascular disorders,10020772,I10,Hypertension
13936,Headache,uncommon,Nervous System Disorder,10019211,R51,Headache
13936,Polycythaemia,not known,Blood and lymphatic system disorders,10036051,D45,Polycythaemia
13936,anaemia,not known,Blood and lymphatic system disorders,10002034,D64.9,anaemia
13936,Insomnia,not known,Psychiatric disorders,10022437,G47.0,Insomnia
13936,depression,not known,Psychiatric disorders,10012378,F31.9,depression
13936,anxiety,not known,Psychiatric disorders,10002855,F41.1,anxiety
13936,aggression,not known,Psychiatric disorders,10001488,D48.11,aggression
13936,nervousness,not known,Psychiatric disorders,10029216,R45.0,nervousness
13936,hostility,not known,Psychiatric disorders,10020400,R45.5,hostility
13936,dizziness,not known,Nervous system disorders,10013573,R42,dizziness
13936,paraesthesia,not known,Nervous system disorders,10033775,R20.2,paraesthesia
13936,Hot flushes (vasodilation),not known,Vascular disorders,10060800,UNKNOWN,Hot flushes (vasodilation)
13936,deep vein thrombosis,not known,Vascular disorders,10051055,I82.40,deep vein thrombosis
13936,Dyspnoea,not known,"Respiratory, thoracic and mediastinal disorders",10013968,R06.0,Dyspnoea
13936,sleep apnoea,not known,"Respiratory, thoracic and mediastinal disorders",10040977,G47.3,sleep apnoea
13936,Nausea,not known,Gastrointestinal disorders,10028813,R11.0,Nausea
13936,acne,not known,Skin and subcutaneous tissue disorders,10000496,L70,acne
13936,seborrhoea,not known,Skin and subcutaneous tissue disorders,10039792,L21.0,seborrhoea
13936,balding (alopecia),not known,Skin and subcutaneous tissue disorders,0,UNKNOWN,balding (alopecia)
13936,sweating,not known,Skin and subcutaneous tissue disorders,10042661,R61,sweating
13936,hypertrichosis,not known,Skin and subcutaneous tissue disorders,10020864,L68,hypertrichosis
13936,Musculoskeletal pain,not known,Musculoskeletal and connective tissue disorders,10028391,UNKNOWN,Musculoskeletal pain
13936,muscle cramps,not known,Musculoskeletal and connective tissue disorders,10028295,UNKNOWN,muscle cramps
13936,Urination impaired,not known,Renal and urinary disorders,10046601,UNKNOWN,Urination impaired
13936,urinary tract obstruction,not known,Renal and urinary disorders,10061574,N13.9,urinary tract obstruction
13936,Gynaecomastia,not known,Reproductive system and breast disorders,10018800,N62,Gynaecomastia
13936,erection increased,not known,Reproductive system and breast disorders,10015120,UNKNOWN,erection increased
13936,testis disorder,not known,Reproductive system and breast disorders,10043361,N44,testis disorder
13936,oligospermia,not known,Reproductive system and breast disorders,10030300,N46.1,oligospermia
13936,benign prostatic hyperplasia,not known,Reproductive system and breast disorders,10004446,N40,benign prostatic hyperplasia
13936,libido changes,not known,Reproductive system and breast disorders,0,UNKNOWN,libido changes
13936,Asthenia,not known,General disorders and administration site conditions,10003549,R53.1,Asthenia
13936,malaise,not known,General disorders and administration site conditions,10025482,R53.81,malaise
13936,hypersensitivity reactions,not known,General disorders and administration site conditions,10020756,M36.4,hypersensitivity reactions
13936,Weight increase,not known,Investigations,10047898,UNKNOWN,Weight increase
13936,elevated PSA,not known,Investigations,10014484,R97.20,elevated PSA
13936,elevated haematocrit,not known,Investigations,0,UNKNOWN,elevated haematocrit
13936,red blood cell count increased or elevated haemoglobin,not known,Investigations,10038155,UNKNOWN,red blood cell count increased
13936,"Electrolyte changes (retention of sodium, chloride, potassium, calcium, inorganic phosphate and water)",not known,Metabolism and nutrition disorders,0,UNKNOWN,"Electrolyte changes (retention of sodium, chloride, potassium, calcium, inorganic phosphate and water)"
13936,Jaundice and liver function test abnormalities,not known,Hepatobiliary disorders,10023126,UNKNOWN,Jaundice and liver function test abnormalities
14210,nasopharyngitis,common,Infections and infestations,10028810,J00,nasopharyngitis
14210,influenza,common,Infections and infestations,10022000,J11.1,influenza
14210,hypersensitivity,rare,Immune system disorders,10020751,T78.40,hypersensitivity
14210,headache,common,Nervous system disorders,10019211,R51,headache
14210,syncope,common,Nervous system disorders,10042772,R55,syncope
14210,orthostatic hypotension,common,Vascular disorders,10031127,I95.1,orthostatic hypotension
14210,oedema,common,Not known,10030095,R60.9,oedema
14210,pitting oedema,common,Not known,10035076,UNKNOWN,pitting oedema
14210,facial oedema,common,Not known,0,UNKNOWN,facial oedema
14210,oedema peripheral,common,Not known,10030124,UNKNOWN,oedema peripheral
14210,fatigue,common,General disorders and administration site conditions,10016256,R53.83,fatigue
14210,flushing,common,Vascular disorders,10016825,R23.2,flushing
14210,asthenia,common,General disorders and administration site conditions,10003549,R53.1,asthenia
14210,hot flush,common,General disorders and administration site conditions,10060800,UNKNOWN,hot flush
14210,Haemoglobin and in haematocrit decreased,not known,Blood and lymphatic system disorders,10018876,UNKNOWN,Haemoglobin and in haematocrit decreased
14210,Leukopenia,very rare,Blood and lymphatic system disorders,10024384,D72.819,Leukopenia
14210,Neutropenia,not known,Blood and lymphatic system disorders,10029354,D70,Neutropenia
14210,"Thrombocytopenia, sometimes with purpura",very rare,Blood and lymphatic system disorders,0,UNKNOWN,"Thrombocytopenia, sometimes with purpura"
14210,Hyperglycaemia,very rare,Metabolism and nutrition disorders,10020635,R73.9,Hyperglycaemia
14210,Hyponatraemia,uncommon,Metabolism and nutrition disorders,10021036,E87.1,Hyponatraemia
14210,Depression,uncommon,Psychiatric disorders,10012378,F31.9,Depression
14210,Anxiety,rare,Psychiatric disorders,10002855,F41.1,Anxiety
14210,Insomnia / sleep disorders,uncommon,Psychiatric disorders,10040986,G47.0,Insomnia / sleep disorders
14210,Mood swings,uncommon,Psychiatric disorders,10027951,R45.86,Mood swings
14210,Confusion,rare,Psychiatric disorders,10010300,R41.0,Confusion
14210,Coordination abnormal,uncommon,Nervous system disorders,10010947,R27.9,Coordination abnormal
14210,Dizziness,common,Nervous system disorders,10013573,R42,Dizziness
14210,Dizziness postural,uncommon,Nervous system disorders,10013578,UNKNOWN,Dizziness postural
14210,Dysgeusia,uncommon,Nervous system disorders,10013911,R43.2,Dysgeusia
14210,Extrapyramidal disorder,not known,Nervous system disorders,10015832,G25.9,Extrapyramidal disorder
14210,Paraesthesia,uncommon,Nervous system disorders,10033775,R20.2,Paraesthesia
14210,"Peripheral neuropathy, neuropathy",very rare,Nervous system disorders,10029331,G90.0,"Peripheral neuropathy, neuropathy"
14210,Somnolence,uncommon,Nervous system disorders,10041349,R40.0,Somnolence
14210,Syncope,uncommon,Nervous system disorders,10042772,R55,Syncope
14210,Tremor,uncommon,Nervous system disorders,10044565,R25.1,Tremor
14210,Hypoesthesia,uncommon,Nervous system disorders,10020976,R20.1,Hypoesthesia
14210,Visual disturbance,rare,Eye disorders,10047543,H53.9,Visual disturbance
14210,Visual impairment,uncommon,Eye disorders,10047571,H54.7,Visual impairment
14210,Tinnitus,rare,Ear and labyrinth disorders,10043882,H93.1,Tinnitus
14210,Vertigo,uncommon,Ear and labyrinth disorders,10047340,H81.0,Vertigo
14210,Palpitations,uncommon,Cardiac disorders,10033557,R00.2,Palpitations
14210,Tachycardia,uncommon,Cardiac disorders,10043071,R00.0,Tachycardia
14210,"Arrhythmias (including bradycardia, ventricular tachycardia, and atrial fibrillation)",very rare,Cardiac disorders,10003119,UNKNOWN,"Arrhythmias (including bradycardia, ventricular tachycardia, and atrial fibrillation)"
14210,Myocardial infarction,very rare,Cardiac disorders,10028596,I21,Myocardial infarction
14210,Hypotension,rare,Vascular disorders,10021097,I95,Hypotension
14210,Vasculitis,very rare,Vascular disorders,10047115,D69.0,Vasculitis
14210,Cough,uncommon,"Respiratory, thoracic and mediastinal disorders",10011224,R05,Cough
14210,Dyspnoea,uncommon,"Respiratory, thoracic and mediastinal disorders",10013968,R06.0,Dyspnoea
14210,Pharyngolaryngeal pain,uncommon,"Respiratory, thoracic and mediastinal disorders",10034844,UNKNOWN,Pharyngolaryngeal pain
14210,Rhinitis,uncommon,"Respiratory, thoracic and mediastinal disorders",10039083,J00,Rhinitis
14210,"Abdominal discomfort, abdominal pain upper",uncommon,Gastrointestinal disorders,0,UNKNOWN,"Abdominal discomfort, abdominal pain upper"
14210,Change of bowel habit,uncommon,Gastrointestinal disorders,10008399,R19.4,Change of bowel habit
14210,Constipation,uncommon,Gastrointestinal disorders,10010774,K59.0,Constipation
14210,Diarrhoea,uncommon,Gastrointestinal disorders,10012735,K59.1,Diarrhoea
14210,Dry mouth,uncommon,Gastrointestinal disorders,10013781,R68.2,Dry mouth
14210,Dyspepsia,uncommon,Gastrointestinal disorders,10013946,R10.13,Dyspepsia
14210,Gastritis,very rare,Gastrointestinal disorders,10017853,K29.7,Gastritis
14210,Gingival hyperplasia,very rare,Gastrointestinal disorders,10018283,UNKNOWN,Gingival hyperplasia
14210,Intestinal angioedema,very rare,Gastrointestinal disorders,10076229,UNKNOWN,Intestinal angioedema
14210,Nausea,uncommon,Gastrointestinal disorders,10028813,R11.0,Nausea
14210,Pancreatitis,very rare,Gastrointestinal disorders,10033645,K85.9,Pancreatitis
14210,Vomiting,uncommon,Gastrointestinal disorders,10047700,R11.1,Vomiting
14210,"Liver function test abnormal, including blood bilirubin increase",very rare,Hepatobiliary disorders,10024690,UNKNOWN,"Liver function test abnormal, including blood bilirubin increase"
14210,Hepatitis,very rare,Hepatobiliary disorders,10019717,K75.9,Hepatitis
14210,"Intrahepatic cholestasis, jaundice",very rare,Hepatobiliary disorders,0,UNKNOWN,"Intrahepatic cholestasis, jaundice"
14210,Alopecia,uncommon,Skin and subcutaneous tissue disorders,10001760,L65.9,Alopecia
14210,Angioedema,very rare,Skin and subcutaneous tissue disorders,10002424,T78.3,Angioedema
14210,Dermatitis bullous,not known,Skin and subcutaneous tissue disorders,10012441,L10-L14.9,Dermatitis bullous
14210,Erythema,uncommon,Skin and subcutaneous tissue disorders,10015150,L53.9,Erythema
14210,Erythema multiforme,very rare,Skin and subcutaneous tissue disorders,10015218,L51,Erythema multiforme
14210,Exanthema,rare,Skin and subcutaneous tissue disorders,10015587,B08.2,Exanthema
14210,Hyperhidrosis,rare,Skin and subcutaneous tissue disorders,10020642,R61,Hyperhidrosis
14210,Photosensitivity reaction,uncommon,Skin and subcutaneous tissue disorders,10034972,UNKNOWN,Photosensitivity reaction
14210,Pruritus,rare,Skin and subcutaneous tissue disorders,10037087,L29,Pruritus
14210,Purpura,uncommon,Skin and subcutaneous tissue disorders,10037549,D69.3,Purpura
14210,Rash,uncommon,Skin and subcutaneous tissue disorders,10037844,R21,Rash
14210,Skin discolouration,uncommon,Skin and subcutaneous tissue disorders,10040829,UNKNOWN,Skin discolouration
14210,Urticaria and other forms of rash,very rare,Skin and subcutaneous tissue disorders,10046735,UNKNOWN,Urticaria and other forms of rash
14210,Exfoliative dermatitis,very rare,Skin and subcutaneous tissue disorders,10015665,L26,Exfoliative dermatitis
14210,Stevens-Johnson syndrome,very rare,Skin and subcutaneous tissue disorders,10042033,L51.1,Stevens-Johnson syndrome
14210,Quincke oedema,very rare,Skin and subcutaneous tissue disorders,10037734,T78.3,Quincke oedema
14210,Toxic epidermal necrolysis,not known,Skin and subcutaneous tissue disorders,10044223,L51.2,Toxic epidermal necrolysis
14210,Arthralgia,uncommon,Musculoskeletal and connective tissue disorders,10003239,M26.62,Arthralgia
14210,Back pain,uncommon,Musculoskeletal and connective tissue disorders,10003988,M54.9,Back pain
14210,Joint swelling,uncommon,Musculoskeletal and connective tissue disorders,10023232,UNKNOWN,Joint swelling
14210,Muscle spasm,rare,Musculoskeletal and connective tissue disorders,10028333,M62.83,Muscle spasm
14210,Myalgia,not known,Musculoskeletal and connective tissue disorders,10028411,M79.1,Myalgia
14210,Ankle swelling,common,Musculoskeletal and connective tissue disorders,10002553,UNKNOWN,Ankle swelling
14210,Sensation of heaviness,rare,Musculoskeletal and connective tissue disorders,10040000,UNKNOWN,Sensation of heaviness
14210,Blood creatinine increased,not known,Renal and urinary disorders,10005483,UNKNOWN,Blood creatinine increased
14210,Micturition disorder,uncommon,Renal and urinary disorders,10027561,UNKNOWN,Micturition disorder
14210,Nocturia,uncommon,Renal and urinary disorders,10029446,R35.1,Nocturia
14210,Pollakiuria,rare,Renal and urinary disorders,10036018,R35.0,Pollakiuria
14210,Polyuria,rare,Renal and urinary disorders,10036142,R35,Polyuria
14210,Renal failure and impairment,not known,Renal and urinary disorders,10038443,UNKNOWN,Renal failure and impairment
14210,Impotence,uncommon,Reproductive system and breast disorders,10021550,N52.9,Impotence
14210,Erectile dysfunction,rare,Reproductive system and breast disorders,10061461,N52,Erectile dysfunction
14210,Gynaecomastia,uncommon,Reproductive system and breast disorders,10018800,N62,Gynaecomastia
14210,Asthenia,common,General disorders and administration site conditions,10003549,R53.1,Asthenia
14210,"Discomfort, malaise",uncommon,General disorders and administration site conditions,0,UNKNOWN,"Discomfort, malaise"
14210,Non cardiac chest pain,uncommon,General disorders and administration site conditions,10062501,UNKNOWN,Non cardiac chest pain
14210,Pain,uncommon,General disorders and administration site conditions,10033371,R52,Pain
14210,Blood potassium increased,not known,Investigations,10005725,UNKNOWN,Blood potassium increased
14210,Weight increase,uncommon,Investigations,10047898,UNKNOWN,Weight increase
14210,Weight decrease,uncommon,Investigations,10047893,D68.020,Weight decrease
14563,headache,common,Nervous system disorders,10019211,R51,headache
14563,abdominal pain,common,Gastrointestinal disorders,10000081,R10.9,abdominal pain
14563,upper respiratory infection,very common,Infections and infestations,10046300,J06.9,upper respiratory infection
14563,increased bleeding tendency,rare,Blood and lymphatic system disorders,0,UNKNOWN,increased bleeding tendency
14563,thrombocytopenia,very rare,Blood and lymphatic system disorders,10043554,D69.6,thrombocytopenia
14563,hypersensitivity reactions including anaphylaxis,uncommon,Immune system disorders,10020756,UNKNOWN,hypersensitivity reaction
14563,hepatic eosinophilic infiltration,very rare,Immune system disorders,10064668,UNKNOWN,hepatic eosinophilic infiltration
14563,dream abnormalities including nightmares,uncommon,Psychiatric disorders,0,UNKNOWN,dream abnormalities including nightmares
14563,insomnia,uncommon,Psychiatric disorders,10022437,G47.0,insomnia
14563,somnambulism,uncommon,Psychiatric disorders,10041347,F51.3,somnambulism
14563,anxiety,uncommon,Psychiatric disorders,10002855,F41.1,anxiety
14563,agitation including aggressive behaviour or hostility,uncommon,Psychiatric disorders,10001497,UNKNOWN,agitation
14563,depression,uncommon,Psychiatric disorders,10012378,F31.9,depression
14563,"psychomotor hyperactivity (including irritability, restlessness, tremor",uncommon,Psychiatric disorders,0,UNKNOWN,"psychomotor hyperactivity (including irritability, restlessness, tremor"
14563,disturbance in attention,rare,Psychiatric disorders,10013496,UNKNOWN,disturbance in attention
14563,memory impairment,rare,Psychiatric disorders,10027175,UNKNOWN,memory impairment
14563,tic,rare,Psychiatric disorders,10043833,G50.0,tic
14563,hallucinations,very rare,Psychiatric disorders,10019077,R44.3,hallucinations
14563,disorientation,very rare,Psychiatric disorders,10013395,R41.0,disorientation
14563,suicidal thinking and behaviour (suicidality),very rare,Psychiatric disorders,0,UNKNOWN,suicidal thinking and behaviour (suicidality)
14563,obsessive-compulsive symptoms,very rare,Psychiatric disorders,10068758,UNKNOWN,obsessive-compulsive symptoms
14563,dysphemia,very rare,Psychiatric disorders,10054964,UNKNOWN,dysphemia
14563,dizziness,uncommon,Nervous system disorders,10013573,R42,dizziness
14563,drowsiness,uncommon,Nervous system disorders,10013649,R40.0,drowsiness
14563,paraesthesia/hypoesthesia,uncommon,Nervous system disorders,10033775,UNKNOWN,paraesthesia
14563,seizure,uncommon,Nervous system disorders,10039906,G40.909,seizure
14563,palpitations,rare,Cardiac disorders,10033557,R00.2,palpitations
14563,epistaxis,uncommon,"Respiratory, thoracic and mediastinal disorders",10015090,R04.0,epistaxis
14563,Churg-Strauss Syndrome (CSS),very rare,"Respiratory, thoracic and mediastinal disorders",10009164,UNKNOWN,Churg-Strauss Syndrome (CSS)
14563,pulmonary eosinophilia,very rare,"Respiratory, thoracic and mediastinal disorders",10037382,J82.89,pulmonary eosinophilia
14563,diarrhoea,common,Gastrointestinal disorders,10012735,K59.1,diarrhoea
14563,nausea,common,Gastrointestinal disorders,10028813,R11.0,nausea
14563,vomiting,common,Gastrointestinal disorders,10047700,R11.1,vomiting
14563,dry mouth,uncommon,Gastrointestinal disorders,10013781,R68.2,dry mouth
14563,dyspepsia,uncommon,Gastrointestinal disorders,10013946,R10.13,dyspepsia
14563,"elevated levels of serum transaminases (ALT, AST)",common,Hepatobiliary disorders,0,UNKNOWN,"elevated levels of serum transaminases (ALT, AST)"
14563,"hepatitis (including cholestatic, hepatocellular and mixed-pattern liver injury)",very rare,Hepatobiliary disorders,10019717,UNKNOWN,hepatitis
14563,rash,common,Skin and subcutaneous tissue disorders,10037844,R21,rash
14563,bruising,uncommon,Skin and subcutaneous tissue disorders,10006504,P12.3,bruising
14563,urticaria,uncommon,Skin and subcutaneous tissue disorders,10046735,L50,urticaria
14563,pruritus,uncommon,Skin and subcutaneous tissue disorders,10037087,L29,pruritus
14563,angiooedema,rare,Skin and subcutaneous tissue disorders,10002424,UNKNOWN,angioedema
14563,erythema nodosum,very rare,Skin and subcutaneous tissue disorders,10015226,L52,erythema nodosum
14563,erythema multiforme,very rare,Skin and subcutaneous tissue disorders,10015218,L51,erythema multiforme
14563,arthralgia,uncommon,Musculoskeletal and connective tissue disorders,10003239,M26.62,arthralgia
14563,myalgia,uncommon,Musculoskeletal and connective tissue disorders,10028411,M79.1,myalgia
14563,muscular cramps,uncommon,Musculoskeletal and connective tissue disorders,0,UNKNOWN,muscular cramps
14563,enuresis,uncommon,Renal and urinary disorders,10014928,R32,enuresis
14563,pyrexia,common,General disorders and administration site conditions,10037660,R50.9,pyrexia
14563,asthenia/fatigue,uncommon,General disorders and administration site conditions,10003549,UNKNOWN,asthenia
14563,malaise,uncommon,General disorders and administration site conditions,10025482,R53.81,malaise
14563,oedema,uncommon,General disorders and administration site conditions,10030095,R60.9,oedema
14749,Hypersensitivity,rare,Immune system disorders,10020751,T78.40,Hypersensitivity
14749,Headache,common,Nervous system disorders,10019211,R51,Headache
14749,Dizziness,uncommon,Nervous system disorders,10013573,R42,Dizziness
14749,Somnolence,uncommon,Nervous system disorders,10041349,R40.0,Somnolence
14749,Syncope,uncommon,Nervous system disorders,10042772,R55,Syncope
14749,Tachycardia,common,Cardiac disorders,10043071,R00.0,Tachycardia
14749,Palpitations,common,Cardiac disorders,10033557,R00.2,Palpitations
14749,Angina pectoris,rare,Cardiac disorders,10002383,I20,Angina pectoris
14749,Flushing,common,Vascular disorders,10016825,R23.2,Flushing
14749,Hypotension,uncommon,Vascular disorders,10021097,I95,Hypotension
14749,Dyspepsia,uncommon,Gastrointestinal disorders,10013946,R10.13,Dyspepsia
14749,Nausea,uncommon,Gastrointestinal disorders,10028813,R11.0,Nausea
14749,Abdominal pain upper,uncommon,Gastrointestinal disorders,10000087,R10.10,Abdominal pain upper
14749,Vomiting,uncommon,Gastrointestinal disorders,10047700,R11.1,Vomiting
14749,Diarrhoea,uncommon,Gastrointestinal disorders,10012735,K59.1,Diarrhoea
14749,Gingival hypertrophy,not known,Gastrointestinal disorders,10018284,UNKNOWN,Gingival hypertrophy
14749,Peritoneal cloudy effluent,not known,Gastrointestinal disorders,10067011,R88.0,Peritoneal cloudy effluent
14749,Serum transaminase increased,rare,Hepatobiliary disorders,10040421,UNKNOWN,Serum transaminase increased
14749,Rash,uncommon,Skin and subcutaneous tissue disorders,10037844,R21,Rash
14749,Pruritus,uncommon,Skin and subcutaneous tissue disorders,10037087,L29,Pruritus
14749,Urticaria,rare,Skin and subcutaneous tissue disorders,10046735,L50,Urticaria
14749,Angioedema,rare,Skin and subcutaneous tissue disorders,10002424,T78.3,Angioedema
14749,Myalgia,uncommon,Musculoskeletal and connective tissue disorders,10028411,M79.1,Myalgia
14749,Polyuria,uncommon,Renal and urinary disorders,10036142,R35,Polyuria
14749,Pollakiuria,uncommon,Renal and urinary disorders,10036018,R35.0,Pollakiuria
14749,Oedema peripheral,common,General disorders and administration site conditions,10030124,UNKNOWN,Oedema peripheral
14749,Asthenia,uncommon,General disorders and administration site conditions,10003549,R53.1,Asthenia
14749,Fatigue,uncommon,General disorders and administration site conditions,10016256,R53.83,Fatigue
14749,Chest pain,uncommon,General disorders and administration site conditions,10008479,I20.9,Chest pain
14749,Myocardial infarction,very rare,not known,10028596,I21,Myocardial infarction
14799,Dry mouth,common,Gastrointestinal disorders,10013781,R68.2,Dry mouth
14799,Constipation,common,Gastrointestinal disorders,10010774,K59.0,Constipation
14799,Dyspepsia,common,Gastrointestinal disorders,10013946,R10.13,Dyspepsia
14799,Dizziness,common,Nervous system disorders,10013573,R42,Dizziness
14799,Vision blurred,common,Eye disorders,10047513,UNKNOWN,Vision blurred
14799,Fatigue,common,General disorders and administration site conditions,10016256,R53.83,Fatigue
14799,Ejaculation disorders including retrograde ejaculation and ejaculation failure,common,Reproductive system and breast disorders,10014326,UNKNOWN,Ejaculation disorders including retrograde ejaculation and ejaculation failure
14799,Acute urinary retention,uncommon,Renal and urinary disorders,0,UNKNOWN,Acute urinary retention
14799,Urinary tract infection,uncommon,Infections and infestations,10046571,N39.0,Urinary tract infection
14799,Cystitis,uncommon,Infections and infestations,10011781,N30,Cystitis
14799,Anaphylactic reaction,not known,Immune system disorders,10002198,T78.2,Anaphylactic reaction
14799,Decreased appetite,not known,Metabolism and nutrition disorders,10061428,UNKNOWN,Decreased appetite
14799,Hyperkalaemia,not known,Metabolism and nutrition disorders,10020646,E87.5,Hyperkalaemia
14799,Hallucination,very rare,Psychiatric disorders,10019063,R44.3,Hallucination
14799,Confusional state,very rare,Psychiatric disorders,10010305,F05,Confusional state
14799,Delirium,not known,Psychiatric disorders,10012218,R41.0,Delirium
14799,Somnolence,uncommon,Nervous system disorders,10041349,R40.0,Somnolence
14799,Dysgeusia,uncommon,Nervous system disorders,10013911,R43.2,Dysgeusia
14799,Headache,uncommon,Nervous system disorders,10019211,R51,Headache
14799,Syncope,rare,Nervous system disorders,10042772,R55,Syncope
14799,Intraoperative Floppy Iris Syndrome (IFIS),not known,Eye disorders,10065999,H21.81,Intraoperative Floppy Iris Syndrome (IFIS)
14799,Dry eyes,uncommon,Eye disorders,10013778,UNKNOWN,Dry eyes
14799,Glaucoma,not known,Eye disorders,10018304,H40,Glaucoma
14799,Visual impairment,not known,Eye disorders,10047571,H54.7,Visual impairment
14799,Palpitations,not known,Cardiac disorders,10033557,R00.2,Palpitations
14799,Torsade de Pointes,not known,Cardiac disorders,10044066,I47.21,Torsade de Pointes
14799,Electrocardiogram QT prolongation,not known,Cardiac disorders,10014387,UNKNOWN,Electrocardiogram QT prolongation
14799,Atrial fibrillation,not known,Cardiac disorders,10003658,I48.0,Atrial fibrillation
14799,Arrhythmia,not known,Cardiac disorders,10003119,I49.9,Arrhythmia
14799,Tachycardia,not known,Cardiac disorders,10043071,R00.0,Tachycardia
14799,Orthostatic hypotension,uncommon,Vascular disorders,10031127,I95.1,Orthostatic hypotension
14799,Rhinitis,uncommon,"Respiratory, thoracic and mediastinal disorders",10039083,J00,Rhinitis
14799,Nasal dryness,uncommon,"Respiratory, thoracic and mediastinal disorders",10028740,UNKNOWN,Nasal dryness
14799,Dyspnoea,not known,"Respiratory, thoracic and mediastinal disorders",10013968,R06.0,Dyspnoea
14799,Dysphonia,not known,"Respiratory, thoracic and mediastinal disorders",10013952,R49.0,Dysphonia
14799,Epistaxis,not known,"Respiratory, thoracic and mediastinal disorders",10015090,R04.0,Epistaxis
14799,Dry throat,uncommon,Gastrointestinal disorders,10013789,UNKNOWN,Dry throat
14799,Vomiting,rare,Gastrointestinal disorders,10047700,R11.1,Vomiting
14799,Colonic obstruction,rare,Gastrointestinal disorders,10010000,K59.81,Colonic obstruction
14799,Faecal impaction,rare,Gastrointestinal disorders,10016087,K56.41,Faecal impaction
14799,Ileus,not known,Gastrointestinal disorders,10021328,K56.0,Ileus
14799,Abdominal discomfort,not known,Gastrointestinal disorders,10000059,UNKNOWN,Abdominal discomfort
14799,Liver disorder,not known,Hepatobiliary disorders,10024670,K71.8,Liver disorder
14799,Liver function test abnormal,not known,Hepatobiliary disorders,10024690,R94.5,Liver function test abnormal
14799,Pruritus,uncommon,Skin and subcutaneous tissue disorders,10037087,L29,Pruritus
14799,Dry skin,uncommon,Skin and subcutaneous tissue disorders,10013786,L85.3,Dry skin
14799,Rash,uncommon,Skin and subcutaneous tissue disorders,10037844,R21,Rash
14799,Urticaria,very rare,Skin and subcutaneous tissue disorders,10046735,L50,Urticaria
14799,Angioedema,very rare,Skin and subcutaneous tissue disorders,10002424,T78.3,Angioedema
14799,Stevens-Johnson syndrome,very rare,Skin and subcutaneous tissue disorders,10042033,L51.1,Stevens-Johnson syndrome
14799,Erythema multiforme,very rare,Skin and subcutaneous tissue disorders,10015218,L51,Erythema multiforme
14799,Exfoliative dermatitis,not known,Skin and subcutaneous tissue disorders,10015665,L26,Exfoliative dermatitis
14799,Muscular weakness,not known,Musculoskeletal and connective tissue disorders,10028372,UNKNOWN,Muscular weakness
14799,Urinary retention,uncommon,Renal and urinary disorders,10046555,R33,Urinary retention
14799,Difficulty in micturition,uncommon,Renal and urinary disorders,10012793,R30.0,Difficulty in micturition
14799,Renal impairment,not known,Renal and urinary disorders,10062237,N25,Renal impairment
14799,Priapism,very rare,Reproductive system and breast disorders,10036661,N48.3,Priapism
14799,Peripheral oedema,uncommon,General disorders and administration site conditions,10034611,UNKNOWN,Peripheral oedema
14799,Asthenia,uncommon,General disorders and administration site conditions,10003549,R53.1,Asthenia
14804,acute-on-chronic renal failure,very rare,Renal and urinary disorders,10000952,UNKNOWN,acute-on-chronic renal failure
14804,acute renal failure,very rare,Renal and urinary disorders,10001041,N17,acute renal failure
14804,anaphylactic or anaphylactoid shock,very rare,Immune system disorders,0,UNKNOWN,anaphylactic or anaphylactoid shock
14804,hypersensitivity reaction followed by cardiac reactions (Kounis' syndrome),very rare,Not known,0,UNKNOWN,hypersensitivity reaction followed by cardiac reactions (Kounis' syndrome)
14804,cardiac or cardio-respiratory arrest,very rare,Cardiac disorders,0,UNKNOWN,cardiac or cardio-respiratory arrest
14804,myocardial infarction,very rare,Cardiac disorders,10028596,I21,myocardial infarction
14804,dyspnoea,uncommon,"Respiratory, thoracic and mediastinal disorders",10013968,R06.0,dyspnoea
14804,rash,uncommon,Skin and subcutaneous system disorders,10037844,R21,rash
14804,erythema,uncommon,Skin and subcutaneous system disorders,10015150,L53.9,erythema
14804,urticaria,uncommon,Skin and subcutaneous system disorders,10046735,L50,urticaria
14804,pruritus,uncommon,Skin and subcutaneous system disorders,10037087,L29,pruritus
14804,skin reactions,uncommon,Skin and subcutaneous system disorders,10040935,R76.11,skin reactions
14804,angioneurotic oedema,uncommon,Skin and subcutaneous system disorders,10002473,T78.3,angioneurotic oedema
14804,hypotension,uncommon,Vascular disorders,10021097,I95,hypotension
14804,fever,uncommon,General disorders and administration site conditions,10016558,R50.9,fever
14804,laryngeal oedema,very rare,"Respiratory, thoracic and mediastinal disorders",10023845,J38.4,laryngeal oedema
14804,bronchospasm,very rare,"Respiratory, thoracic and mediastinal disorders",10006482,J45.990,bronchospasm
14804,pulmonary oedema,very rare,"Respiratory, thoracic and mediastinal disorders",10037423,J81,pulmonary oedema
14804,vasculitis,not known,Immune system disorders,10047115,D69.0,vasculitis
14804,SJS-like syndrome,not known,Skin and subcutaneous system disorders,0,UNKNOWN,SJS-like syndrome
14804,agitation,very rare,Psychiatric disorders,10001497,R45.1,agitation
14804,anxiety,very rare,Psychiatric disorders,10002855,F41.1,anxiety
14804,confusional state,not known,Nervous system disorders,10010305,F05,confusional state
14804,dizziness,rare,Nervous system disorders,10013573,R42,dizziness
14804,sensory abnormalities including taste disturbance,rare,Nervous system disorders,0,UNKNOWN,sensory abnormalities including taste disturbance
14804,paraesthesia,rare,Nervous system disorders,10033775,R20.2,paraesthesia
14804,parosmia,rare,Nervous system disorders,10034018,R43.1,parosmia
14804,cerebrovascular accident,very rare,Nervous system disorders,10008190,I63.9,cerebrovascular accident
14804,amnesia,very rare,Nervous system disorders,10001949,R41.3,amnesia
14804,syncope,very rare,Nervous system disorders,10042772,R55,syncope
14804,coma,not known,Nervous system disorders,10010071,R40.2,coma
14804,disturbance in consciousness,not known,Nervous system disorders,10013509,UNKNOWN,disturbance in consciousness
14804,seizures,not known,Nervous system disorders,10039910,G40.909,seizures
14804,transient contrast-induced encephalopathy caused by extravasation of contrast media,not known,Nervous system disorders,0,UNKNOWN,transient contrast-induced encephalopathy caused by extravasation of contrast media
14804,hallucination,not known,Nervous system disorders,10019063,R44.3,hallucination
14804,paralysis,not known,Nervous system disorders,10033799,G20,paralysis
14804,paresis,not known,Nervous system disorders,10033985,A52.17,paresis
14804,disorientation,not known,Nervous system disorders,10013395,R41.0,disorientation
14804,transient speech disorder,not known,Nervous system disorders,0,UNKNOWN,transient speech disorder
14804,aphasia,not known,Nervous system disorders,10002948,R47.01,aphasia
14804,dysarthria,not known,Nervous system disorders,10013887,R47.1,dysarthria
14804,Cortical blindness (transient),very rare,Eye disorders,10011166,UNKNOWN,Cortical blindness (transient)
14804,transient visual impairment,very rare,Eye disorders,10058711,UNKNOWN,transient visual impairment
14804,diplopia,very rare,Eye disorders,10013036,H53.2,diplopia
14804,blurred vision,very rare,Eye disorders,10005886,UNKNOWN,blurred vision
14804,eyelid oedema,very rare,Eye disorders,10015993,H02.84,eyelid oedema
14804,Arrhythmia,rare,Cardiac disorders,10003119,I49.9,Arrhythmia
14804,bradycardia,rare,Cardiac disorders,10006093,R00.1,bradycardia
14804,tachycardia,rare,Cardiac disorders,10043071,R00.0,tachycardia
14804,cardiac arrest,very rare,Cardiac disorders,10007515,I46,cardiac arrest
14804,palpitation,very rare,Cardiac disorders,10033556,R00.2,palpitation
14804,ventricular hypokinesia,not known,Cardiac disorders,10050510,UNKNOWN,ventricular hypokinesia
14804,myocardial ischaemia,not known,Cardiac disorders,10028600,I25.6,myocardial ischaemia
14804,conduction abnormalities,not known,Cardiac disorders,10029175,UNKNOWN,conduction abnormalities
14804,coronary artery thrombosis,not known,Cardiac disorders,10011091,I21,coronary artery thrombosis
14804,angina pectoris,not known,Cardiac disorders,10002383,I20,angina pectoris
14804,spasm of coronary arteries,not known,Cardiac disorders,10011088,I25.721,coronary artery spasm
14804,flushing,uncommon,Vascular disorders,10016825,R23.2,flushing
14804,hypertension,very rare,Vascular disorders,10020772,I10,hypertension
14804,ischaemia,very rare,Vascular disorders,10061255,I25.6,ischaemia
14804,arterial spasm,not known,Vascular disorders,10003175,I73.9,arterial spasm
14804,thrombosis,not known,Vascular disorders,10043607,K64,thrombosis
14804,thrombophlebitis,not known,Vascular disorders,10043570,I80,thrombophlebitis
14804,shock,not known,Vascular disorders,10040560,R57.9,shock
14804,cough,rare,"Respiratory, thoracic and mediastinal disorders",10011224,R05,cough
14804,sneezing,rare,"Respiratory, thoracic and mediastinal disorders",10041232,R06.7,sneezing
14804,throat irritation,very rare,"Respiratory, thoracic and mediastinal disorders",10043521,UNKNOWN,throat irritation
14804,pharyngeal oedema,very rare,"Respiratory, thoracic and mediastinal disorders",10034829,J39.2,pharyngeal oedema
14804,non-cardiogenic pulmonary oedema,not known,"Respiratory, thoracic and mediastinal disorders",10029538,UNKNOWN,non-cardiogenic pulmonary oedema
14804,respiratory arrest,not known,"Respiratory, thoracic and mediastinal disorders",10038669,R09.2,respiratory arrest
14804,respiratory failure,not known,"Respiratory, thoracic and mediastinal disorders",10038695,J96.9,respiratory failure
14804,throat tightness,not known,"Respiratory, thoracic and mediastinal disorders",10043528,UNKNOWN,throat tightness
14804,nausea,uncommon,Gastrointestinal disorders,10028813,R11.0,nausea
14804,vomiting,uncommon,Gastrointestinal disorders,10047700,R11.1,vomiting
14804,abdominal pain/discomfort,very rare,Gastrointestinal disorders,10000081,UNKNOWN,abdominal pain
14804,diarrhoea,very rare,Gastrointestinal disorders,10012735,K59.1,diarrhoea
14804,acute pancreatitis,not known,Gastrointestinal disorders,10000971,K85,acute pancreatitis
14804,pancreatitis aggravated,not known,Gastrointestinal disorders,10048365,UNKNOWN,pancreatitis aggravated
14804,salivary gland enlargement,not known,Gastrointestinal disorders,10039408,K11.1,salivary gland enlargement
14804,Rash or drug eruption,uncommon,Skin and subcutaneous system disorders,10037844,UNKNOWN,Rash or drug eruption
14804,Angioedema,very rare,Skin and subcutaneous system disorders,10002424,T78.3,Angioedema
14804,hyperhidrosis,very rare,Skin and subcutaneous system disorders,10020642,R61,hyperhidrosis
14804,Bullous or exfoliative dermatitis,not known,Skin and subcutaneous system disorders,0,UNKNOWN,Bullous or exfoliative dermatitis
14804,Stevens-Johnson syndrome,not known,Skin and subcutaneous system disorders,10042033,L51.1,Stevens-Johnson syndrome
14804,erythema multiforme,not known,Skin and subcutaneous system disorders,10015218,L51,erythema multiforme
14804,toxic epidermal necrolysis,not known,Skin and subcutaneous system disorders,10044223,L51.2,toxic epidermal necrolysis
14804,acute generalised exanthematous pustulosis,not known,Skin and subcutaneous system disorders,10048799,UNKNOWN,acute generalised exanthematous pustulosis
14804,drug rash with eosinophilia and systemic symptoms,not known,Skin and subcutaneous system disorders,10058919,D72.12,drug rash with eosinophilia and systemic symptoms
14804,dermatitis allergic,not known,Skin and subcutaneous system disorders,10012434,L23,dermatitis allergic
14804,Back pain,very rare,Musculoskeletal and connective tissue disorders,10003988,M54.9,Back pain
14804,muscle spasm,very rare,Musculoskeletal and connective tissue disorders,10028333,M62.83,muscle spasm
14804,Arthralgia,not known,Musculoskeletal and connective tissue disorders,10003239,M26.62,Arthralgia
14804,Acute kidney injury or nephropathy toxic (CIN),uncommon,Renal and urinary disorders,10069339,UNKNOWN,Acute kidney injury or nephropathy toxic (CIN)
14804,Increased blood creatinine,not known,Renal and urinary disorders,10005483,UNKNOWN,Increased blood creatinine
14804,Feeling hot,uncommon,General disorders and administration site conditions,10016334,UNKNOWN,Feeling hot
14804,chest pain,uncommon,General disorders and administration site conditions,10008479,I20.9,chest pain
14804,Pain and discomfort,rare,General disorders and administration site conditions,10033372,UNKNOWN,Pain and discomfort
14804,Shivering (chills),rare,General disorders and administration site conditions,10040558,UNKNOWN,Shivering (chills)
14804,Pyrexia,rare,General disorders and administration site conditions,10037660,R50.9,Pyrexia
14804,administration site reactions including extravasation,rare,General disorders and administration site conditions,10001315,UNKNOWN,administration site reaction
14804,feeling cold,rare,General disorders and administration site conditions,10016326,UNKNOWN,feeling cold
14804,"Asthenic conditions (e.g. malaise, fatigue)",very rare,General disorders and administration site conditions,10003550,UNKNOWN,"Asthenic conditions (e.g. malaise, fatigue)"
14804,face oedema,very rare,General disorders and administration site conditions,10016029,UNKNOWN,face oedema
14804,localised oedema,very rare,General disorders and administration site conditions,10048961,R60.0,localised oedema
14804,Iodism,not known,General disorders and administration site conditions,10022926,UNKNOWN,Iodism
14804,Meningeal irritation giving photophobia and meningism,not known,Nervous system disorders,0,UNKNOWN,Meningeal irritation giving photophobia and meningism
14804,frank chemical meningitis,not known,Nervous system disorders,0,UNKNOWN,frank chemical meningitis
14804,Hypersensitivity,uncommon,Immune system disorders,10020751,T78.40,Hypersensitivity
14804,Anaphylactic/anaphylactoid reactions,not known,Immune system disorders,0,UNKNOWN,Anaphylactic/anaphylactoid reactions
14804,Anaphylactic/anaphylactoid shock,not known,Immune system disorders,20000071,UNKNOWN,Anaphylactic/anaphylactoid shock
14804,Anaphylactic/anaphylactoid reaction including life-threatening or fatal anaphylaxis,not known,Immune system disorders,0,UNKNOWN,Anaphylactic/anaphylactoid reaction including life-threatening or fatal anaphylaxis
14804,Hyperthyroidism,not known,Endocrine disorders,10020850,E05.9,Hyperthyroidism
14804,transient hypothyroidism,not known,Endocrine disorders,0,UNKNOWN,transient hypothyroidism
14804,Headache (may be severe and lasting),uncommon,Nervous system disorders,10019211,UNKNOWN,Headache (may be severe and lasting)
14804,Shivering,not known,General disorders and administration site conditions,10040558,UNKNOWN,Shivering
14804,injection site reaction,not known,General disorders and administration site conditions,10022095,UNKNOWN,injection site reaction
14804,Vaginal haemorrhage,very common,Reproductive system and breast disorders,10046910,P54.6,Vaginal haemorrhage
14804,Injection site pain,common,General disorders and administration site conditions,10022086,UNKNOWN,Injection site pain
14804,Abdominal pain,common,Gastrointestinal disorders,10000081,R10.9,Abdominal pain
14804,Pyrexia,common,General disorders and administration site conditions,10037660,R50.9,Pyrexia
14804,Diarrhoea,common,Gastrointestinal disorders,10012735,K59.1,Diarrhoea
14804,Hypersensitivity,not known,Immune system disorders,10020751,T78.40,Hypersensitivity
14804,Headache,common,Nervous system disorders,10019211,R51,Headache
15886,aseptic meningitis,not known,Infections and Infestations,10003458,G03.0,aseptic meningitis
15886,pseudomembranous colitis,not known,Infections and Infestations,10037128,A04.7,pseudomembranous colitis
15886,leukopenia,common,Blood and lymphatic system disorders,10024384,D72.819,leukopenia
15886,thrombocytopenia,uncommon,Blood and lymphatic system disorders,10043554,D69.6,thrombocytopenia
15886,agranulocytosis,not known,Blood and lymphatic system disorders,10001507,D70,agranulocytosis
15886,aplastic anaemia,not known,Blood and lymphatic system disorders,10002967,D61.9,aplastic anaemia
15886,haemolytic anaemia,not known,Blood and lymphatic system disorders,10018916,D55-D59.9,haemolytic anaemia
15886,heinz body anaemia,not known,Blood and lymphatic system disorders,10002058,UNKNOWN,heinz body anaemia
15886,hypoprothrombinaemia,not known,Blood and lymphatic system disorders,10021085,D68.2,hypoprothrombinaemia
15886,lymphadenopathy,not known,Blood and lymphatic system disorders,10025197,R59.1,lymphadenopathy
15886,macrocytosis,not known,Blood and lymphatic system disorders,10025382,UNKNOWN,macrocytosis
15886,megaloblastic anaemia,not known,Blood and lymphatic system disorders,10074044,Y44.1,megaloblastic anaemia
15886,methaemoglobinaemina,not known,Blood and lymphatic system disorders,0,UNKNOWN,methaemoglobinaemina
15886,neutropenia,not known,Blood and lymphatic system disorders,10029354,D70,neutropenia
15886,pancytopenia,not known,Blood and lymphatic system disorders,10033661,D61.81,pancytopenia
15886,pseudomononucleosis,not known,Blood and lymphatic system disorders,10058008,UNKNOWN,pseudomononucleosis
15886,anaphylaxis,not known,Immune system disorders,10002218,T78.2,anaphylaxis
15886,polyarteritis nodosa,not known,Immune system disorders,10036024,M30.0,polyarteritis nodosa
15886,serum sickness,not known,Immune system disorders,10040400,T80.6,serum sickness
15886,folate deficiency,not known,Metabolism and nutrition system disorders,10016880,E53.8,folate deficiency
15886,insomnia,common,Psychiatric disorders,10022437,G47.0,insomnia
15886,depression,uncommon,Psychiatric disorders,10012378,F31.9,depression
15886,hallucinations,not known,Psychiatric disorders,10019077,R44.3,hallucinations
15886,dizziness,common,Nervous system disorders,10013573,R42,dizziness
15886,headache,common,Nervous system disorders,10019211,R51,headache
15886,taste disorders,common,Nervous system disorders,10043131,UNKNOWN,taste disorders
15886,convulsions,uncommon,Nervous system disorders,10010914,G40.909,convulsions
15886,aseptic meningitis,not known,Nervous system disorders,10003458,G03.0,aseptic meningitis
15886,ataxia,not known,Nervous system disorders,10003591,R27.0,ataxia
15886,encephalopathy,not known,Nervous system disorders,10014625,G93.40,encephalopathy
15886,peripheral neuropathy,not known,Nervous system disorders,10080342,G90.0,peripheral neuropathy
15886,smell disorders,not known,Nervous system disorders,20000046,UNKNOWN,smell disorders
15886,tinnitus,common,Ear and labyrinth disorders,10043882,H93.1,tinnitus
15886,vertigo,uncommon,Ear and labyrinth disorders,10047340,H81.0,vertigo
15886,allergic myocarditis,not known,Cardiac disorders,10001715,UNKNOWN,allergic myocarditis
15886,cyanosis,not known,Cardiac disorders,10011703,R23.0,cyanosis
15886,pericarditis,not known,Cardiac disorders,10034484,I30,pericarditis
15886,vasculitis,uncommon,Vascular disorders,10047115,D69.0,vasculitis
15886,pallor,not known,Vascular disorders,10033546,R23.1,pallor
15886,cough,common,"Respiratory, thoracic and mediastinal disorders",10011224,R05,cough
15886,dyspnoea,uncommon,"Respiratory, thoracic and mediastinal disorders",10013968,R06.0,dyspnoea
15886,fibrosing alveolitis,not known,"Respiratory, thoracic and mediastinal disorders",10016640,J84.112,fibrosing alveolitis
15886,eosinophilic infiltration,not known,"Respiratory, thoracic and mediastinal disorders",10078757,UNKNOWN,eosinophilic infiltration
15886,interstitial lung disease,not known,"Respiratory, thoracic and mediastinal disorders",10022611,J84.115,interstitial lung disease
15886,oropharyngeal pain,not known,"Respiratory, thoracic and mediastinal disorders",10068319,UNKNOWN,oropharyngeal pain
15886,gastric distress,very common,Gastrointestinal disorders,0,UNKNOWN,gastric distress
15886,nausea,very common,Gastrointestinal disorders,10028813,R11.0,nausea
15886,abdominal pain,common,Gastrointestinal disorders,10000081,R10.9,abdominal pain
15886,diarrhoea,common,Gastrointestinal disorders,10012735,K59.1,diarrhoea
15886,vomiting,common,Gastrointestinal disorders,10047700,R11.1,vomiting
15886,stomatitis,common,Gastrointestinal disorders,10042128,B37.0,stomatitis
15886,aggravation of ulcerative colitis,not known,Gastrointestinal disorders,0,UNKNOWN,aggravation of ulcerative colitis
15886,pancreatitis,not known,Gastrointestinal disorders,10033645,K85.9,pancreatitis
15886,parotitis,not known,Gastrointestinal disorders,10034038,K11.2,parotitis
15886,jaundice,uncommon,Hepatobiliary disorders,10023126,R17,jaundice
15886,hepatic failure,not known,Hepatobiliary disorders,10019663,K72.9,hepatic failure
15886,hepatitis fulminant,not known,Hepatobiliary disorders,10019772,K72,hepatitis fulminant
15886,hepatitis,not known,Hepatobiliary disorders,10019717,K75.9,hepatitis
15886,hepatitis cholestatic,not known,Hepatobiliary disorders,10019754,UNKNOWN,hepatitis cholestatic
15886,cholestasis,not known,Hepatobiliary disorders,10008635,O26.64,cholestasis
15886,pruritus,common,Skin and subcutaneous tissue disorders,10037087,L29,pruritus
15886,purpura,common,Skin and subcutaneous tissue disorders,10037549,D69.3,purpura
15886,alopecia,uncommon,Skin and subcutaneous tissue disorders,10001760,L65.9,alopecia
15886,urticaria,uncommon,Skin and subcutaneous tissue disorders,10046735,L50,urticaria
15886,drug rash with eosinophilia and systemic symptoms (DRESS),not known,Skin and subcutaneous tissue disorders,10058919,UNKNOWN,drug rash with eosinophilia and systemic symptoms (DRESS)
15886,epidermal necrolysis (Lyell's syndrome),not known,Skin and subcutaneous tissue disorders,10014986,UNKNOWN,epidermal necrolysis (Lyell's syndrome)
15886,Stevens-Johnson syndrome,not known,Skin and subcutaneous tissue disorders,10042033,L51.1,Stevens-Johnson syndrome
15886,exanthema,not known,Skin and subcutaneous tissue disorders,10015587,B08.2,exanthema
15886,exfoliative dermatitis,not known,Skin and subcutaneous tissue disorders,10015665,L26,exfoliative dermatitis
15886,angioedema,not known,Skin and subcutaneous tissue disorders,10002424,T78.3,angioedema
15886,toxic pustuloderma,not known,Skin and subcutaneous tissue disorders,10044246,UNKNOWN,toxic pustuloderma
15886,lichen planus,not known,Skin and subcutaneous tissue disorders,10024429,L43,lichen planus
15886,photosensitvity,not known,Skin and subcutaneous tissue disorders,0,UNKNOWN,photosensitvity
15886,erythema,not known,Skin and subcutaneous tissue disorders,10015150,L53.9,erythema
15886,arthralgia,common,Musculoskeletal and connective tissue disorders,10003239,M26.62,arthralgia
15886,system lupus erythematosus,not known,Musculoskeletal and connective tissue disorders,10042945,M32.9,system lupus erythematosus
15886,Sjogren's syndrome,not known,Musculoskeletal and connective tissue disorders,10040767,M35.0,Sjogren's syndrome
15886,proteinuria,common,Renal and urinary disorders,10037032,R80,proteinuria
15886,nephrotic syndrome,not known,Renal and urinary disorders,10029164,N04,nephrotic syndrome
15886,interstitial nephritis,not known,Renal and urinary disorders,10029134,N12,interstitial nephritis
15886,nephrolithiasis,not known,Renal and urinary disorders,10029148,N20.0,nephrolithiasis
15886,haematuria,not known,Renal and urinary disorders,10018867,R31,haematuria
15886,crystalluria,not known,Renal and urinary disorders,10011509,R82.998,crystalluria
15886,reversible oligospermia,not known,Reproductive system and breast disorders,0,UNKNOWN,reversible oligospermia
15886,fever,common,General disorders and administration site conditions,10016558,R50.9,fever
15886,facial edema,uncommon,General disorders and administration site conditions,0,UNKNOWN,facial edema
15886,yellow discoloration of skin and body fluids,not known,General disorders and administration site conditions,0,UNKNOWN,yellow discoloration of skin and body fluids
15886,elevation of liver enzymes,uncommon,Investigations,0,UNKNOWN,elevation of liver enzymes
15886,induction of autoantibodies,not known,Investigations,0,UNKNOWN,induction of autoantibodies
15960,flush,rare,Vascular disorders,10016825,R23.2,flush
15960,urticaria,rare,Skin and subcutaneous tissue disorders,10046735,L50,urticaria
15960,fever,rare,General disorders and administration site conditions,10016558,R50.9,fever
15960,nausea,rare,Gastrointestinal disorders,10028813,R11.0,nausea
15960,shock,very rare,not known,10040560,R57.9,shock
15960,anaphylactic shock,not known,Immune system disorders,10002199,T78.2,anaphylactic shock
15960,anaphylactic reaction,not known,Immune system disorders,10002198,T78.2,anaphylactic reaction
15960,hypersensitivity,not known,Immune system disorders,10020751,T78.40,hypersensitivity
15960,confusional state,not known,Psychiatric disorders,10010305,F05,confusional state
15960,headache,not known,Nervous system disorders,10019211,R51,headache
15960,tachycardia,not known,Cardiac disorders,10043071,R00.0,tachycardia
15960,bradycardia,not known,Cardiac disorders,10006093,R00.1,bradycardia
15960,hypotension,not known,Vascular disorders,10021097,I95,hypotension
15960,hypertension,not known,Vascular disorders,10020772,I10,hypertension
15960,dyspnoea,not known,"Respiratory, thoracic and mediastinal disorders",10013968,R06.0,dyspnoea
15960,urticaria,not known,Skin and subcutaneous tissue disorders,10046735,L50,urticaria
15960,angioneurotic oedema,not known,Skin and subcutaneous tissue disorders,10002473,T78.3,angioneurotic oedema
15960,rash,not known,Skin and subcutaneous tissue disorders,10037844,R21,rash
15960,erythema,not known,Skin and subcutaneous tissue disorders,10015150,L53.9,erythema
15960,hyperhidrosis,not known,Skin and subcutaneous tissue disorders,10020642,R61,hyperhidrosis
15960,pyrexia,not known,General disorders and administration site conditions,10037660,R50.9,pyrexia
15960,chills,not known,General disorders and administration site conditions,10008531,R68.83,chills
16018,Hypersentivity,uncommon,Immune system disorders,0,UNKNOWN,Hypersentivity
16018,Abdominal pain,uncommon,Gastrointestinal disorders,10000081,R10.9,Abdominal pain
16018,Dyspepsia,uncommon,Gastrointestinal disorders,10013946,R10.13,Dyspepsia
16018,Renal impairment,uncommon,Renal and urinary disorders,10062237,N25,Renal impairment
16018,Severe cutaneous adverse reactions (SCARs),very rare,Skin and subcutaneous tissue disorders,10085778,UNKNOWN,Severe cutaneous adverse reactions (SCARs)
16018,Erythema multiforme,very rare,Skin and subcutaneous tissue disorders,10015218,L51,Erythema multiforme
16018,Exfoliative dermatitis,very rare,Skin and subcutaneous tissue disorders,10015665,L26,Exfoliative dermatitis
16018,Stevens-Johnson syndrome,very rare,Skin and subcutaneous tissue disorders,10042033,L51.1,Stevens-Johnson syndrome
16018,Toxic epidermal necrolysis,very rare,Skin and subcutaneous tissue disorders,10044223,L51.2,Toxic epidermal necrolysis
16018,Photosensitivity reactions,not known,Skin and subcutaneous tissue disorders,10034972,UNKNOWN,Photosensitivity reactions
16018,Drug reaction with eosinophilia and systemic symptoms (DRESS syndrome),not known,Skin and subcutaneous tissue disorders,10073508,UNKNOWN,Drug reaction with eosinophilia and systemic symptoms (DRESS syndrome)
16018,Acute generalised exanthematous pustulosis (AGEP),not known,Skin and subcutaneous tissue disorders,10048799,UNKNOWN,Acute generalised exanthematous pustulosis (AGEP)
16018,non-specific allergic reaction,not known,Immune system disorders,0,UNKNOWN,non-specific allergic reaction
16018,anaphylaxis,not known,Immune system disorders,10002218,T78.2,anaphylaxis
16018,asthma,not known,Respiratory system disorders,10003553,J45,asthma
16018,aggravated asthma,not known,Respiratory system disorders,10003554,UNKNOWN,aggravated asthma
16018,brochospasm,not known,Respiratory system disorders,0,UNKNOWN,brochospasm
16018,dyspnoea,not known,Respiratory system disorders,10013968,R06.0,dyspnoea
16018,assorted skin disorders,not known,Skin and subcutaneous tissue disorders,0,UNKNOWN,assorted skin disorders
16018,rashes of various types,not known,Skin and subcutaneous tissue disorders,0,UNKNOWN,rashes of various types
16018,pruritis,not known,Skin and subcutaneous tissue disorders,0,UNKNOWN,pruritis
16018,urticaria,not known,Skin and subcutaneous tissue disorders,10046735,L50,urticaria
16018,purpura,not known,Skin and subcutaneous tissue disorders,10037549,D69.3,purpura
16018,angioedema,not known,Skin and subcutaneous tissue disorders,10002424,T78.3,angioedema
16018,bullous dermatoses,not known,Skin and subcutaneous tissue disorders,10012519,UNKNOWN,dermatosis bullous
16018,epidermal necrolysis,not known,Skin and subcutaneous tissue disorders,10014986,L51.2,epidermal necrolysis
16018,erythema multiforme,not known,Skin and subcutaneous tissue disorders,10015218,L51,erythema multiforme
100179,Candida infections including oral candidiasis,very common,Infections and infestations,10074170,UNKNOWN,Candida infections including oral candidiasis
100179,Upper respiratory tract infection,common,Infections and infestations,10046306,J06.9,Upper respiratory tract infection
100179,Sepsis,common,Infections and infestations,10040047,A41.9,Sepsis
100179,Influenza,common,Infections and infestations,10022000,J11.1,Influenza
100179,Urinary tract infection,common,Infections and infestations,10046571,N39.0,Urinary tract infection
100179,Cellulitis,common,Infections and infestations,10007882,L03.90,Cellulitis
100179,Neutropenia,very common,Blood and lymphatic disorders,10029354,D70,Neutropenia
100179,Anaemia,common,Blood and lymphatic disorders,10002034,D64.9,Anaemia
100179,Thrombocytopenia,common,Blood and lymphatic disorders,10043554,D69.6,Thrombocytopenia
100179,Leukopenia,uncommon,Blood and lymphatic disorders,10024384,D72.819,Leukopenia
100179,Pancytopenia,uncommon,Blood and lymphatic disorders,10033661,D61.81,Pancytopenia
100179,Bone marrow failure,uncommon,Blood and lymphatic disorders,10065553,T86.02,Bone marrow failure
100179,Aplastic anaemia,rare,Blood and lymphatic disorders,10002967,D61.9,Aplastic anaemia
100179,Agranulocytosis,rare,Blood and lymphatic disorders,10001507,D70,Agranulocytosis
100179,Granulocytopenia,rare,Blood and lymphatic disorders,10018687,UNKNOWN,Granulocytopenia
100179,Hypersensitivity,common,Immune system disorders,10020751,T78.40,Hypersensitivity
100179,Anaphylactic reaction,rare,Immune system disorders,10002198,T78.2,Anaphylactic reaction
100179,Decreased appetite,very common,Metabolic and nutrition disorders,10061428,UNKNOWN,Decreased appetite
100179,Weight decreased,common,Metabolic and nutrition disorders,10047895,D68.020,Weight decreased
100179,Depression,common,Psychiatric disorders,10012378,F31.9,Depression
100179,Confusional state,uncommon,Psychiatric disorders,10010305,F05,Confusional state
100179,Anxiety,uncommon,Psychiatric disorders,10002855,F41.1,Anxiety
100179,Agitation,uncommon,Psychiatric disorders,10001497,R45.1,Agitation
100179,Psychotic disorder,uncommon,Psychiatric disorders,10061920,F24,Psychotic disorder
100179,Thinking abnormal,uncommon,Psychiatric disorders,10043431,UNKNOWN,Thinking abnormal
100179,Hallucinations,uncommon,Psychiatric disorders,10019077,R44.3,Hallucinations
100179,Headache,very common,Nervous system disorders,10019211,R51,Headache
100179,Insomnia,common,Nervous system disorders,10022437,G47.0,Insomnia
100179,Neuropathy peripheral,uncommon,Nervous system disorders,10029331,G90.0,Neuropathy peripheral
100179,Dizziness,uncommon,Nervous system disorders,10013573,R42,Dizziness
100179,Paraesthesia,uncommon,Nervous system disorders,10033775,R20.2,Paraesthesia
100179,Hypoaesthesia,uncommon,Nervous system disorders,10020937,R20.1,Hypoaesthesia
100179,Seizure,uncommon,Nervous system disorders,10039906,G40.909,Seizure
100179,Dysgeusia (taste disturbance),uncommon,Nervous system disorders,10013911,UNKNOWN,Dysgeusia (taste disturbance)
100179,Tremor,uncommon,Nervous system disorders,10044565,R25.1,Tremor
100179,Visual impairment,common,Eye disorders,10047571,H54.7,Visual impairment
100179,Retinal detachment,uncommon,Eye disorders,10038848,H33.2,Retinal detachment
100179,Vitreous floaters,uncommon,Eye disorders,10047654,H43.39,Vitreous floaters
100179,Eye pain,uncommon,Eye disorders,10015958,H57.10,Eye pain
100179,Conjunctivitis,uncommon,Eye disorders,10010741,H10,Conjunctivitis
100179,Macular oedema,uncommon,Eye disorders,10025415,UNKNOWN,Macular oedema
100179,Ear pain,common,Ear and labyrinth disorders,10014020,H92.0,Ear pain
100179,Deafness,uncommon,Ear and labyrinth disorders,10011878,H91.9,Deafness
100179,Arrhythmia,uncommon,Cardiac disorders,10003119,I49.9,Arrhythmia
100179,Hypotension,common,Vascular disorders,10021097,I95,Hypotension
100179,Cough,very common,"Respiratory, thoracic and mediastinal disorders",10011224,R05,Cough
100179,Dyspnoea,uncommon,"Respiratory, thoracic and mediastinal disorders",10013968,R06.0,Dyspnoea
100179,Diarrhoea,very common,Gastrointestinal disorders,10012735,K59.1,Diarrhoea
100179,Nausea,uncommon,Gastrointestinal disorders,10028813,R11.0,Nausea
100179,Vomiting,uncommon,Gastrointestinal disorders,10047700,R11.1,Vomiting
100179,Abdominal pain,uncommon,Gastrointestinal disorders,10000081,R10.9,Abdominal pain
100179,Dyspepsia,common,Gastrointestinal disorders,10013946,R10.13,Dyspepsia
100179,Flatulence,uncommon,Gastrointestinal disorders,10016766,R14.3,Flatulence
100179,Abdominal pain upper,uncommon,Gastrointestinal disorders,10000087,R10.10,Abdominal pain upper
100179,Constipation,uncommon,Gastrointestinal disorders,10010774,K59.0,Constipation
100179,Mouth ulceration,uncommon,Gastrointestinal disorders,10028034,UNKNOWN,Mouth ulceration
100179,Dysphagia,uncommon,Gastrointestinal disorders,10013950,R13.1,Dysphagia
100179,Abdominal distention,uncommon,Gastrointestinal disorders,10000060,UNKNOWN,Abdominal distention
100179,Pancreatitis,uncommon,Gastrointestinal disorders,10033645,K85.9,Pancreatitis
100179,Blood alkaline phosphatase increased,common,Hepato-biliary disorders,10059570,UNKNOWN,Blood alkaline phosphatase increased
100179,Hepatic function abnormal,uncommon,Hepato-biliary disorders,10019670,UNKNOWN,Hepatic function abnormal
100179,Aspartate aminotransferase increased,uncommon,Hepato-biliary disorders,10003481,UNKNOWN,Aspartate aminotransferase increased
100179,Alanine aminotransferase increased,uncommon,Hepato-biliary disorders,10001551,UNKNOWN,Alanine aminotransferase increased
100179,Dermatitis,very common,Skin and subcutaneous tissues disorders,10012431,L21,Dermatitis
100179,Night sweats,common,Skin and subcutaneous tissues disorders,10029410,R61,Night sweats
100179,Pruritus,uncommon,Skin and subcutaneous tissues disorders,10037087,L29,Pruritus
100179,Rash,uncommon,Skin and subcutaneous tissues disorders,10037844,R21,Rash
100179,Alopecia,uncommon,Skin and subcutaneous tissues disorders,10001760,L65.9,Alopecia
100179,Dry skin,uncommon,Skin and subcutaneous tissues disorders,10013786,L85.3,Dry skin
100179,Urticaria,uncommon,Skin and subcutaneous tissues disorders,10046735,L50,Urticaria
100179,Back pain,common,Musculoskeletal and connective tissue disorders,10003988,M54.9,Back pain
100179,Myalgia,uncommon,Musculoskeletal and connective tissue disorders,10028411,M79.1,Myalgia
100179,Arthralgia,uncommon,Musculoskeletal and connective tissue disorders,10003239,M26.62,Arthralgia
100179,Muscle spasms,uncommon,Musculoskeletal and connective tissue disorders,10028334,M62.83,Muscle spasms
100179,Renal impairment,common,Renal and urinary disorders,10062237,N25,Renal impairment
100179,Creatinine clearance renal decreased,common,Renal and urinary disorders,10011372,UNKNOWN,Creatinine clearance renal decreased
100179,Blood creatinine increased,common,Renal and urinary disorders,10005483,UNKNOWN,Blood creatinine increased
100179,Renal failure,uncommon,Renal and urinary disorders,10038435,N18.9,Renal failure
100179,Haematuria,uncommon,Renal and urinary disorders,10018867,R31,Haematuria
100179,Infertility male,uncommon,Reproductive system and breast disorders,10021929,N46,Infertility male
100179,Pyrexia,very common,General disorders and administration site conditions,10037660,R50.9,Pyrexia
100179,Fatigue,common,General disorders and administration site conditions,10016256,R53.83,Fatigue
100179,Injection site reaction,common,General disorders and administration site conditions,10022095,UNKNOWN,Injection site reaction
100179,Pain,common,General disorders and administration site conditions,10033371,R52,Pain
100179,Chills,common,General disorders and administration site conditions,10008531,R68.83,Chills
100179,Malaise,common,General disorders and administration site conditions,10025482,R53.81,Malaise
100179,Asthenia,common,General disorders and administration site conditions,10003549,R53.1,Asthenia
100179,Chest pain,uncommon,General disorders and administration site conditions,10008479,I20.9,Chest pain
100626,Respiratory tract infection,very common,Infections and infestations,10062352,J22,Respiratory tract infection
100626,Lower respiratory tract infection,very common,Infections and infestations,10024968,J22,Lower respiratory tract infection
100626,Respiratory tract infection viral,very common,Infections and infestations,10062106,UNKNOWN,Respiratory tract infection viral
100626,Upper respiratory tract infection,very common,Infections and infestations,10046306,J06.9,Upper respiratory tract infection
100626,Viral upper respiratory tract infection,very common,Infections and infestations,10047482,UNKNOWN,Viral upper respiratory tract infection
100626,Nasopharyngitis,very common,Infections and infestations,10028810,J00,Nasopharyngitis
100626,Pneumonia,common,Infections and infestations,10035664,J13,Pneumonia
100626,Atypical pneumonia,common,Infections and infestations,10003757,UNKNOWN,Atypical pneumonia
100626,Pneumonia bacterial,common,Infections and infestations,10060946,J15.9,Pneumonia bacterial
100626,Pneumonia fungal,common,Infections and infestations,10061354,J17.2,Pneumonia fungal
100626,Pneumonia necrotising,common,Infections and infestations,10055672,UNKNOWN,Pneumonia necrotising
100626,Pneumonia streptococcal,common,Infections and infestations,10035735,G00.1,Pneumonia streptococcal
100626,Influenza,common,Infections and infestations,10022000,J11.1,Influenza
100626,Influenza H1N1,common,Infections and infestations,10069767,UNKNOWN,Influenza H1N1
100626,Bronchitis,common,Infections and infestations,10006451,J40,Bronchitis
100626,Tumour lysis syndrome,uncommon,"Neoplasms benign, malignant and unspecified",10045170,E88.3,Tumour lysis syndrome
100626,Thrombocytopenia,very common,Blood and lymphatic system disorders,10043554,D69.6,Thrombocytopenia
100626,Platelet count decreased,very common,Blood and lymphatic system disorders,10035528,UNKNOWN,Platelet count decreased
100626,Neutropenia,very common,Blood and lymphatic system disorders,10029354,D70,Neutropenia
100626,Neutrophil count decreased,very common,Blood and lymphatic system disorders,10029366,UNKNOWN,Neutrophil count decreased
100626,Anaemia,very common,Blood and lymphatic system disorders,10002034,D64.9,Anaemia
100626,haemoglobin decreased,very common,Blood and lymphatic system disorders,10018884,UNKNOWN,haemoglobin decreased
100626,Red blood cell count decreased,very common,Blood and lymphatic system disorders,10038153,UNKNOWN,Red blood cell count decreased
100626,Leukopenia,common,Blood and lymphatic system disorders,10024384,D72.819,Leukopenia
100626,White blood cell count decreased,common,Blood and lymphatic system disorders,10047942,D72.819,White blood cell count decreased
100626,Febrile neutropenia,uncommon,Blood and lymphatic system disorders,10016288,UNKNOWN,Febrile neutropenia
100626,Granulocytopenia,uncommon,Blood and lymphatic system disorders,10018687,UNKNOWN,Granulocytopenia
100626,Drug hypersensitivity,common,Immune system disorders,10013700,T88.7,Drug hypersensitivity
100626,Anaphylactic shock,uncommon,Immune system disorders,10002199,T78.2,Anaphylactic shock
100626,Decreased appetite,very common,Metabolism and nutrition disorders,10061428,UNKNOWN,Decreased appetite
100626,Dehydration,common,Metabolism and nutrition disorders,10012174,E86.0,Dehydration
100626,Hyperkalaemia,common,Metabolism and nutrition disorders,10020646,E87.5,Hyperkalaemia
100626,Blood potassium increased,common,Metabolism and nutrition disorders,10005725,UNKNOWN,Blood potassium increased
100626,Hypophosphataemia,common,Metabolism and nutrition disorders,10021058,UNKNOWN,Hypophosphataemia
100626,Blood phosphorus decreased,common,Metabolism and nutrition disorders,10049471,UNKNOWN,Blood phosphorus decreased
100626,Dizziness,very common,Nervous system disorders,10013573,R42,Dizziness
100626,Headache,very common,Nervous system disorders,10019211,R51,Headache
100626,Dysgeusia,common,Nervous system disorders,10013911,R43.2,Dysgeusia
100626,Tinnitus,common,Ear and labyrinth disorders,10043882,H93.1,Tinnitus
100626,Pericardial effusion,common,Cardiac disorders,10034474,I31.3,Pericardial effusion
100626,Pericarditis,uncommon,Cardiac disorders,10034484,I30,Pericarditis
100626,Hypertension,common,Vascular disorders,10020772,I10,Hypertension
100626,Blood pressure increased,common,Vascular disorders,10005750,UNKNOWN,Blood pressure increased
100626,Blood pressure systolic increased,common,Vascular disorders,10005760,UNKNOWN,Blood pressure systolic increased
100626,Essential hypertension,common,Vascular disorders,10015488,I10,Essential hypertension
100626,Hypertensive crisis,common,Vascular disorders,10020802,I16,Hypertensive crisis
100626,Pleural effusion,very common,"Respiratory, thoracic and mediastinal disorders",10035598,J90,Pleural effusion
100626,Dyspnoea,very common,"Respiratory, thoracic and mediastinal disorders",10013968,R06.0,Dyspnoea
100626,Cough,very common,"Respiratory, thoracic and mediastinal disorders",10011224,R05,Cough
100626,Pulmonary hypertension,common,"Respiratory, thoracic and mediastinal disorders",10037400,I27.20,Pulmonary hypertension
100626,Pulmonary arterial hypertension,common,"Respiratory, thoracic and mediastinal disorders",10064911,I27.0,Pulmonary arterial hypertension
100626,Pulmonary arterial pressure increased,common,"Respiratory, thoracic and mediastinal disorders",10037324,UNKNOWN,Pulmonary arterial pressure increased
100626,Respiratory failure,common,"Respiratory, thoracic and mediastinal disorders",10038695,J96.9,Respiratory failure
100626,Acute pulmonary oedema,uncommon,"Respiratory, thoracic and mediastinal disorders",10001029,J68.1,Acute pulmonary oedema
100626,Pulmonary oedema,uncommon,"Respiratory, thoracic and mediastinal disorders",10037423,J81,Pulmonary oedema
100626,Interstitial lung disease,not known,"Respiratory, thoracic and mediastinal disorders",10022611,J84.115,Interstitial lung disease
100626,Diarrhoea,very common,Gastrointestinal disorders,10012735,K59.1,Diarrhoea
100626,Vomiting,very common,Gastrointestinal disorders,10047700,R11.1,Vomiting
100626,Nausea,very common,Gastrointestinal disorders,10028813,R11.0,Nausea
100626,Abdominal pain,very common,Gastrointestinal disorders,10000081,R10.9,Abdominal pain
100626,Abdominal discomfort,very common,Gastrointestinal disorders,10000059,UNKNOWN,Abdominal discomfort
100626,Abdominal pain lower,very common,Gastrointestinal disorders,10000084,R10.30,Abdominal pain lower
100626,Abdominal pain upper,very common,Gastrointestinal disorders,10000087,R10.10,Abdominal pain upper
100626,Abdominal tenderness,very common,Gastrointestinal disorders,10000097,R10.81,Abdominal tenderness
100626,Gastrointestinal pain,very common,Gastrointestinal disorders,10017999,UNKNOWN,Gastrointestinal pain
100626,Gastrointestinal haemorrhage,common,Gastrointestinal disorders,10017955,K92.2,Gastrointestinal haemorrhage
100626,Anal haemorrhage,common,Gastrointestinal disorders,10049555,UNKNOWN,Anal haemorrhage
100626,Gastric haemorrhage,common,Gastrointestinal disorders,10017788,K25.0,Gastric haemorrhage
100626,Intestinal haemorrhage,common,Gastrointestinal disorders,10059175,K92.2,Intestinal haemorrhage
100626,Lower gastrointestinal haemorrhage,common,Gastrointestinal disorders,10050953,UNKNOWN,Lower gastrointestinal haemorrhage
100626,Rectal haemorrhage,common,Gastrointestinal disorders,10038063,P54.2,Rectal haemorrhage
100626,Upper gastrointestinal haemorrhage,common,Gastrointestinal disorders,10046274,UNKNOWN,Upper gastrointestinal haemorrhage
100626,Pancreatitis,common,Gastrointestinal disorders,10033645,K85.9,Pancreatitis
100626,Pancreatitis acute,common,Gastrointestinal disorders,10033647,K85,Pancreatitis acute
100626,Gastritis,common,Gastrointestinal disorders,10017853,K29.7,Gastritis
100626,Hepatotoxicity,common,Hepatobiliary disorders,10019851,UNKNOWN,Hepatotoxicity
100626,Hepatitis,common,Hepatobiliary disorders,10019717,K75.9,Hepatitis
100626,Hepatitis toxic,common,Hepatobiliary disorders,10019795,K71.4,Hepatitis toxic
100626,Liver disorder,common,Hepatobiliary disorders,10024670,K71.8,Liver disorder
100626,Hepatic function abnormal,common,Hepatobiliary disorders,10019670,UNKNOWN,Hepatic function abnormal
100626,Hepatic enzyme increased,common,Hepatobiliary disorders,10060795,UNKNOWN,Hepatic enzyme increased
100626,Liver function test abnormal,common,Hepatobiliary disorders,10024690,R94.5,Liver function test abnormal
100626,Liver function test increased,common,Hepatobiliary disorders,10077692,UNKNOWN,Liver function test increased
100626,Transaminases increased,common,Hepatobiliary disorders,10054889,UNKNOWN,Transaminases increased
100626,Liver injury,uncommon,Hepatobiliary disorders,10067125,S36.11,Liver injury
100626,Drug-induced liver injury,uncommon,Hepatobiliary disorders,10072268,UNKNOWN,Drug-induced liver injury
100626,Hepatocellular injury,uncommon,Hepatobiliary disorders,10019837,UNKNOWN,Hepatocellular injury
100626,Rash,very common,Skin and subcutaneous tissue disorders,10037844,R21,Rash
100626,Rash macular,very common,Skin and subcutaneous tissue disorders,10037867,UNKNOWN,Rash macular
100626,Rash maculo‑papular,very common,Skin and subcutaneous tissue disorders,10037868,UNKNOWN,Rash maculo‑papular
100626,Rash papular,very common,Skin and subcutaneous tissue disorders,10037876,UNKNOWN,Rash papular
100626,Rash pruritic,very common,Skin and subcutaneous tissue disorders,10037884,L28.2,Rash pruritic
100626,Pruritus,very common,Skin and subcutaneous tissue disorders,10037087,L29,Pruritus
100626,Photosensitivity reaction,common,Skin and subcutaneous tissue disorders,10034972,UNKNOWN,Photosensitivity reaction
100626,Polymorphic light eruption,common,Skin and subcutaneous tissue disorders,10036087,L56.4,Polymorphic light eruption
100626,Urticaria,common,Skin and subcutaneous tissue disorders,10046735,L50,Urticaria
100626,Acne,common,Skin and subcutaneous tissue disorders,10000496,L70,Acne
100626,Erythema multiforme,uncommon,Skin and subcutaneous tissue disorders,10015218,L51,Erythema multiforme
100626,Exfoliative rash,uncommon,Skin and subcutaneous tissue disorders,10064579,UNKNOWN,Exfoliative rash
100626,Drug eruption,uncommon,Skin and subcutaneous tissue disorders,10013687,L27.0,Drug eruption
100626,Cutaneous vasculitis,uncommon,Skin and subcutaneous tissue disorders,10011686,L95.9,Cutaneous vasculitis
100626,Stevens‑Johnson Syndrome,not known,Skin and subcutaneous tissue disorders,10042033,L51.1,Stevens‑Johnson Syndrome
100626,Toxic epidermal necrolysis,not known,Skin and subcutaneous tissue disorders,10044223,L51.2,Toxic epidermal necrolysis
100626,Arthralgia,very common,Musculoskeletal and connective tissue disorders,10003239,M26.62,Arthralgia
100626,Back pain,very common,Musculoskeletal and connective tissue disorders,10003988,M54.9,Back pain
100626,Myalgia,common,Musculoskeletal and connective tissue disorders,10028411,M79.1,Myalgia
100626,Acute kidney injury,common,Renal and urinary disorders,10069339,N17.9,Acute kidney injury
100626,Renal failure,common,Renal and urinary disorders,10038435,N18.9,Renal failure
100626,Renal impairment,common,Renal and urinary disorders,10062237,N25,Renal impairment
100626,Oedema,very common,General disorders and administration site conditions,10030095,R60.9,Oedema
100626,Eyelid oedema,very common,General disorders and administration site conditions,10015993,H02.84,Eyelid oedema
100626,Face oedema,very common,General disorders and administration site conditions,10016029,UNKNOWN,Face oedema
100626,Generalised oedema,very common,General disorders and administration site conditions,10018092,R60.1,Generalised oedema
100626,Localised oedema,very common,General disorders and administration site conditions,10048961,R60.0,Localised oedema
100626,Oedema peripheral,very common,General disorders and administration site conditions,10030124,UNKNOWN,Oedema peripheral
100626,Periorbital oedema,very common,General disorders and administration site conditions,10034545,UNKNOWN,Periorbital oedema
100626,Periorbital swelling,very common,General disorders and administration site conditions,10056647,UNKNOWN,Periorbital swelling
100626,Peripheral swelling,very common,General disorders and administration site conditions,10048959,UNKNOWN,Peripheral swelling
100626,Swelling,very common,General disorders and administration site conditions,10042674,R59,Swelling
100626,Swelling of eyelid,very common,General disorders and administration site conditions,10042690,UNKNOWN,Swelling of eyelid
100626,Pyrexia,very common,General disorders and administration site conditions,10037660,R50.9,Pyrexia
100626,Fatigue,very common,General disorders and administration site conditions,10016256,R53.83,Fatigue
100626,Asthenia,very common,General disorders and administration site conditions,10003549,R53.1,Asthenia
100626,Malaise,very common,General disorders and administration site conditions,10025482,R53.81,Malaise
100626,Chest pain,common,General disorders and administration site conditions,10008479,I20.9,Chest pain
100626,Chest discomfort,common,General disorders and administration site conditions,10008469,UNKNOWN,Chest discomfort
100626,Pain,common,General disorders and administration site conditions,10033371,R52,Pain
100626,Lipase increased,very common,Investigations,10024574,UNKNOWN,Lipase increased
100626,Hyperlipasaemia,very common,Investigations,10067725,UNKNOWN,Hyperlipasaemia
100626,Alanine aminotransferase increased,very common,Investigations,10001551,UNKNOWN,Alanine aminotransferase increased
100626,Alanine aminotransferase abnormal,very common,Investigations,10001547,UNKNOWN,Alanine aminotransferase abnormal
100626,Aspartate aminotransferase increased,very common,Investigations,10003481,UNKNOWN,Aspartate aminotransferase increased
100626,Blood creatinine increased,very common,Investigations,10005483,UNKNOWN,Blood creatinine increased
100626,Electrocardiogram QT prolonged,common,Investigations,10014387,UNKNOWN,Electrocardiogram QT prolonged
100626,Long QT syndrome,common,Investigations,10024803,I45.81,Long QT syndrome
100626,Amylase increased,common,Investigations,10002016,UNKNOWN,Amylase increased
100626,Hyperamylasaemia,common,Investigations,10062770,UNKNOWN,Hyperamylasaemia
100626,Blood creatine phosphokinase increased,common,Investigations,10005470,UNKNOWN,Blood creatine phosphokinase increased
100626,Gamma‑glutamyltransferase increased,common,Investigations,10017693,UNKNOWN,Gamma‑glutamyltransferase increased
100626,Blood bilirubin increased,common,Investigations,10005364,UNKNOWN,Blood bilirubin increased
100626,Hyperbilirubinaemia,common,Investigations,10020578,UNKNOWN,Hyperbilirubinaemia
100626,Bilirubin conjugated increased,common,Investigations,10004685,UNKNOWN,Bilirubin conjugated increased
100626,Blood bilirubin unconjugated increased,common,Investigations,10005370,UNKNOWN,Blood bilirubin unconjugated increased
100689,Agranulocytosis,very rare,Blood and lymphatic system disorders,10001507,D70,Agranulocytosis
100689,Leucopenia,very rare,Blood and lymphatic system disorders,10024283,D72.819,Leucopenia
100689,Neutropenia,very rare,Blood and lymphatic system disorders,10029354,D70,Neutropenia
100689,Pancytopenia,very rare,Blood and lymphatic system disorders,10033661,D61.81,Pancytopenia
100689,Thrombocytopenia,very rare,Blood and lymphatic system disorders,10043554,D69.6,Thrombocytopenia
100689,"Hypersensitivity reactions (Anaphylaxis, Angioneurotic oedema, Bronchospasm)",very rare,Immune system disorders,10020756,UNKNOWN,"Hypersensitivity reactions (Anaphylaxis, Angioneurotic oedema, Bronchospasm)"
100689,Loss of appetite (anorexia),uncommon,Metabolism and nutrition disorders,0,UNKNOWN,Loss of appetite (anorexia)
100689,Agitation,very rare,Psychiatric disorders,10001497,R45.1,Agitation
100689,Anxiety disorder,very rare,Psychiatric disorders,10057666,F41.1,Anxiety disorder
100689,Confusion,very rare,Psychiatric disorders,10010300,R41.0,Confusion
100689,Depression,very rare,Psychiatric disorders,10012378,F31.9,Depression
100689,Disorientation,very rare,Psychiatric disorders,10013395,R41.0,Disorientation
100689,Hallucination,very rare,Psychiatric disorders,10019063,R44.3,Hallucination
100689,Insomnia,very rare,Psychiatric disorders,10022437,G47.0,Insomnia
100689,Reduced libido,very rare,Psychiatric disorders,0,UNKNOWN,Reduced libido
100689,Headache,common,Nervous system disorders,10019211,R51,Headache
100689,Dizziness,common,Nervous system disorders,10013573,R42,Dizziness
100689,Taste disorder,uncommon,Nervous system disorders,10082490,UNKNOWN,Taste disorder
100689,Somnolence,rare,Nervous system disorders,10041349,R40.0,Somnolence
100689,Grand mal seizures (particularly in patients with impaired renal function),very rare,Nervous system disorders,10039909,UNKNOWN,Grand mal seizures (particularly in patients with impaired renal function)
100689,Paraesthesia,very rare,Nervous system disorders,10033775,R20.2,Paraesthesia
100689,Convulsions,very rare,Nervous system disorders,10010914,G40.909,Convulsions
100689,Atrioventricular block (with H 2 -receptor antagonists administered intravenously),very rare,Cardiac disorders,10003671,UNKNOWN,Atrioventricular block (with H 2 -receptor antagonists administered intravenously)
100689,Arrhythmias,very rare,Cardiac disorders,10007521,I49.9,Arrhythmias
100689,QT prolongation (especially in patients with impaired renal function),very rare,Cardiac disorders,0,UNKNOWN,QT prolongation (especially in patients with impaired renal function)
100689,"Interstitial pneumonia, sometimes fatal",very rare,"Respiratory, thoracic and mediastinal disorders",0,UNKNOWN,"Interstitial pneumonia, sometimes fatal"
100689,Constipation,common,Gastrointestinal disorders,10010774,K59.0,Constipation
100689,Diarrhoea,common,Gastrointestinal disorders,10012735,K59.1,Diarrhoea
100689,Nausea and/ or vomiting,uncommon,Gastrointestinal disorders,10028813,UNKNOWN,Nausea and/ or vomiting
100689,Abdominal discomfort or distension,uncommon,Gastrointestinal disorders,10000059,UNKNOWN,Abdominal discomfort or distension
100689,Flatulence,uncommon,Gastrointestinal disorders,10016766,R14.3,Flatulence
100689,Dry mouth,uncommon,Gastrointestinal disorders,10013781,R68.2,Dry mouth
100689,Cholestatic jaundice,very rare,Hepatobiliary disorders,10008640,UNKNOWN,Cholestatic jaundice
100689,Hepatitis,very rare,Hepatobiliary disorders,10019717,K75.9,Hepatitis
100689,Liver enzyme abnormalities,very rare,Hepatobiliary disorders,10024677,UNKNOWN,Liver enzyme abnormalities
100689,Rash,uncommon,Skin and subcutaneous tissue disorders,10037844,R21,Rash
100689,Pruritus,uncommon,Skin and subcutaneous tissue disorders,10037087,L29,Pruritus
100689,Urticaria,uncommon,Skin and subcutaneous tissue disorders,10046735,L50,Urticaria
100689,Alopecia,very rare,Skin and subcutaneous tissue disorders,10001760,L65.9,Alopecia
100689,Stevens-Johnson syndrome / Toxic epidermal necrolysis (sometimes fatal),very rare,Skin and subcutaneous tissue disorders,10042033,UNKNOWN,Stevens-Johnson syndrome / Toxic epidermal necrolysis (sometimes fatal)
100689,Arthralgia,very rare,Musculoskeletal and connective tissue disorders,10003239,M26.62,Arthralgia
100689,Muscle cramps,very rare,Musculoskeletal and connective tissue disorders,10028295,UNKNOWN,Muscle cramps
100689,Impotence,very rare,Reproductive system and breast disorders,10021550,N52.9,Impotence
100689,Fatigue,uncommon,General disorders and administration site conditions,10016256,R53.83,Fatigue
100689,Chest tighness,very rare,General disorders and administration site conditions,0,UNKNOWN,Chest tighness
100689,"Increase in laboratory values (transaminases, gamma GT, alkaline phosphatase, bilirubin).",rare,Investigations,0,UNKNOWN,"Increase in laboratory values (transaminases, gamma GT, alkaline phosphatase, bilirubin)."
100689,gynecomastia,rare,Not known,10018801,N62,gynecomastia
100725,somnolence,very common,Nervous system disorders,10041349,R40.0,somnolence
100725,sedation,very common,Nervous system disorders,10039897,Z92.83,sedation
100725,dry mouth,very common,Gastrointestinal disorders,10013781,R68.2,dry mouth
100725,weight increased,very common,Metabolism and nutrition disorders,10047899,UNKNOWN,weight increased
100725,increase in appetite,very common,Metabolism and nutrition disorders,10021654,UNKNOWN,increased appetite
100725,dizziness,very common,Nervous system disorders,10013573,R42,dizziness
100725,fatigue,very common,General disorders and administration site conditions,10016256,R53.83,fatigue
100725,Stevens-Johnson syndrome (SJS),not known,Skin and subcutaneous tissue disorders,10042033,UNKNOWN,Stevens-Johnson syndrome (SJS)
100725,toxic epidermal necrolysis (TEN),not known,Skin and subcutaneous tissue disorders,10044223,UNKNOWN,toxic epidermal necrolysis (TEN)
100725,drug reaction with eosinophilia and systemic symptoms (DRESS),not known,Skin and subcutaneous tissue disorders,10073508,UNKNOWN,drug reaction with eosinophilia and systemic symptoms (DRESS)
100725,bullous dermatitis,not known,Skin and subcutaneous tissue disorders,10006556,L10-L14.9,bullous dermatitis
100725,erythema multiforme,not known,Skin and subcutaneous tissue disorders,10015218,L51,erythema multiforme
100725,"Bone marrow depression (granulocytopenia, agranulocytosis, aplastic anaemia, thrombocytopenia)",not known,Blood and the lymphatic system disorders,10005986,UNKNOWN,"Bone marrow depression (granulocytopenia, agranulocytosis, aplastic anaemia, thrombocytopenia)"
100725,Eosinophilia,not known,Blood and the lymphatic system disorders,10014950,D72.1,Eosinophilia
100725,Inappropriate antidiuretic hormone secretion,not known,Endocrine disorders,10053198,E22.2,Inappropriate antidiuretic hormone secretion
100725,Hyperprolactinemia (and related symptoms galactorrhea and gynecomastia),not known,Endocrine disorders,10020737,UNKNOWN,Hyperprolactinemia (and related symptoms galactorrhea and gynecomastia)
100725,Hyponatraemia,not known,Metabolism and nutrition disorders,10021036,E87.1,Hyponatraemia
100725,Abnormal dreams,common,Psychiatric disorders,10000125,UNKNOWN,Abnormal dreams
100725,Confusion,common,Psychiatric disorders,10010300,R41.0,Confusion
100725,Anxiety,common,Psychiatric disorders,10002855,F41.1,Anxiety
100725,Insomnia,common,Psychiatric disorders,10022437,G47.0,Insomnia
100725,Nightmares,uncommon,Psychiatric disorders,10029414,F51.5,Nightmares
100725,Mania,uncommon,Psychiatric disorders,10026749,F30.9,Mania
100725,Agitation,uncommon,Psychiatric disorders,10001497,R45.1,Agitation
100725,Hallucinations,uncommon,Psychiatric disorders,10019077,R44.3,Hallucinations
100725,"Psychomotor restlessness (incl. akathisia, hyperkinesia)",uncommon,Psychiatric disorders,10037212,UNKNOWN,"Psychomotor restlessness (incl. akathisia, hyperkinesia)"
100725,Lethargy,uncommon,Nervous system disorders,10024264,R53.83,Lethargy
100725,Tremor,uncommon,Nervous system disorders,10044565,R25.1,Tremor
100725,Amnesia,uncommon,Nervous system disorders,10001949,R41.3,Amnesia
100725,Paraesthesia,uncommon,Nervous system disorders,10033775,R20.2,Paraesthesia
100725,Restless legs,uncommon,Nervous system disorders,10038742,G25.81,Restless legs
100725,Syncope,uncommon,Nervous system disorders,10042772,R55,Syncope
100725,Orthostatic hypotension,common,Vascular disorders,10031127,I95.1,Orthostatic hypotension
100725,Hypotension,common,Vascular disorders,10021097,I95,Hypotension
100725,Nausea,common,Gastrointestinal disorders,10028813,R11.0,Nausea
100725,Diarrhea,common,Gastrointestinal disorders,10012727,R19.7,Diarrhea
100725,Vomiting,common,Gastrointestinal disorders,10047700,R11.1,Vomiting
100725,Constipation,common,Gastrointestinal disorders,10010774,K59.0,Constipation
100725,Oral hypo-aesthesia,uncommon,Gastrointestinal disorders,0,UNKNOWN,Oral hypo-aesthesia
100725,Pancreatitis,uncommon,Gastrointestinal disorders,10033645,K85.9,Pancreatitis
100725,Mouth oedema,uncommon,Gastrointestinal disorders,10081715,UNKNOWN,Mouth oedema
100725,Increased salivation,uncommon,Gastrointestinal disorders,10021677,K11.7,Increased salivation
100725,Elevations in serum transaminase activities,rare,Hepatobiliary disorders,0,UNKNOWN,Elevations in serum transaminase activities
100725,Exanthema,common,Skin and subcutaneous tissue disorders,10015587,B08.2,Exanthema
100725,Arthralgia,uncommon,Musculoskeletal and connective tissue disorders,10003239,M26.62,Arthralgia
100725,Myalgia,uncommon,Musculoskeletal and connective tissue disorders,10028411,M79.1,Myalgia
100725,Back pain,uncommon,Musculoskeletal and connective tissue disorders,10003988,M54.9,Back pain
100725,Rhabdomyolysis,rare,Musculoskeletal and connective tissue disorders,10039020,M62.82,Rhabdomyolysis
100725,Urinary retention,not known,Renal and urinary disorders,10046555,R33,Urinary retention
100725,Priapism,not known,Reproductive system and breast disorders,10036661,N48.3,Priapism
100725,Oedema peripheral,common,General disorders and administration site conditions,10030124,UNKNOWN,Oedema peripheral
100725,Generalised oedema,not known,General disorders and administration site conditions,10018092,R60.1,Generalised oedema
100725,Localised oedema,not known,General disorders and administration site conditions,10048961,R60.0,Localised oedema
100725,Increased creatine kinase,not known,Investigations,10011336,UNKNOWN,Increased creatine kinase
100725,Suicidal ideation,rare,Psychiatric disorders,10042458,R45.851,Suicidal ideation
100725,Suicidal behaviour,rare,Psychiatric disorders,10065604,UNKNOWN,Suicidal behaviour
100725,Somnambulism,rare,Psychiatric disorders,10041347,F51.3,Somnambulism
100725,Convulsions (insults),rare,Nervous system disorders,10010904,UNKNOWN,Convulsions (insults)
100725,Serotonin syndrome,rare,Nervous system disorders,10040108,G90.81,Serotonin syndrome
100725,Oral paraesthesia,rare,Nervous system disorders,10057372,UNKNOWN,Oral paraesthesia
100725,Dysarthria,rare,Nervous system disorders,10013887,R47.1,Dysarthria
100725,Weight gain,common,Metabolism and nutrition disorders,10047896,R62.51,Weight gain
100725,Urticaria,common,Skin and subcutaneous tissue disorders,10046735,L50,Urticaria
100725,Hypertriglyceridaemia,common,Metabolism and nutrition disorders,10020869,UNKNOWN,Hypertriglyceridaemia
100999,constipation,common,Gastrointestinal Disorders,10010774,K59.0,constipation
100999,flatulence,common,Gastrointestinal Disorders,10016766,R14.3,flatulence
100999,headache,common,Nervous System Disorders,10019211,R51,headache
100999,nausea,common,Gastrointestinal Disorders,10028813,R11.0,nausea
100999,Hypersensitivity reaction,rare,Immune System Disorders,10020756,J39.3,Hypersensitivity reaction
100999,Anaphylactic reaction,rare,Immune System Disorders,10002198,T78.2,Anaphylactic reaction
100999,Anaphylactic shock,rare,Immune System Disorders,10002199,T78.2,Anaphylactic shock
100999,Anaphylactoid reaction,rare,Immune System Disorders,10002216,T78.0,Anaphylactoid reaction
100999,Dizziness,uncommon,Nervous System Disorders,10013573,R42,Dizziness
100999,Somnolence,uncommon,Nervous System Disorders,10041349,R40.0,Somnolence
100999,Loss of consciousness,rare,Nervous System Disorders,10024855,S06.0XA,Loss of consciousness
100999,Stupor,rare,Nervous System Disorders,10042264,R40.1,Stupor
100999,Depressed level of consciousness,rare,Nervous System Disorders,10012373,UNKNOWN,Depressed level of consciousness
100999,Hypertonia,rare,Nervous System Disorders,10020852,P94.1,Hypertonia
100999,Coordination abnormality,rare,Nervous System Disorders,10010947,R27.9,Coordination abnormality
100999,Miosis,rare,Eye Disorders,10027646,H57.03,Miosis
100999,Abdominal pain,uncommon,Gastrointestinal Disorders,10000081,R10.9,Abdominal pain
100999,Abdominal discomfort,uncommon,Gastrointestinal Disorders,10000059,UNKNOWN,Abdominal discomfort
100999,Dry mouth,uncommon,Gastrointestinal Disorders,10013781,R68.2,Dry mouth
100999,Abdominal pain upper,uncommon,Gastrointestinal Disorders,10000087,R10.10,Abdominal pain upper
100999,Vomiting,uncommon,Gastrointestinal Disorders,10047700,R11.1,Vomiting
100999,Dyspepsia,uncommon,Gastrointestinal Disorders,10013946,R10.13,Dyspepsia
100999,Ileus,rare,Gastrointestinal Disorders,10021328,K56.0,Ileus
100999,paralytic ileus,rare,Gastrointestinal Disorders,10033841,K56.0,paralytic ileus
100999,Megacolon,rare,Gastrointestinal Disorders,10027110,Q43.1,Megacolon
100999,toxic megacolon,rare,Gastrointestinal Disorders,10027115,K59.31,toxic megacolon
100999,Abdominal distension,rare,Gastrointestinal Disorders,10000060,R14.0,Abdominal distension
100999,Acute pancreatitis,rare,Gastrointestinal Disorders,10000971,K85,Acute pancreatitis
100999,Rash,rare,Skin and Subcutaneous Tissue Disorders,10037844,R21,Rash
100999,Bullous eruption,rare,Skin and Subcutaneous Tissue Disorders,10006559,UNKNOWN,Bullous eruption
100999,Stevens-Johnson syndrome,rare,Skin and Subcutaneous Tissue Disorders,10042033,L51.1,Stevens-Johnson syndrome
100999,Toxic epidermal necrolysis,rare,Skin and Subcutaneous Tissue Disorders,10044223,L51.2,Toxic epidermal necrolysis
100999,Erythema multiforme,rare,Skin and Subcutaneous Tissue Disorders,10015218,L51,Erythema multiforme
100999,Angioedema,rare,Skin and Subcutaneous Tissue Disorders,10002424,T78.3,Angioedema
100999,Urticaria,rare,Skin and Subcutaneous Tissue Disorders,10046735,L50,Urticaria
100999,Pruritus,rare,Skin and Subcutaneous Tissue Disorders,10037087,L29,Pruritus
100999,Urinary retention,rare,Renal and Urinary Disorders,10046555,R33,Urinary retention
100999,Fatigue,rare,General Disorders and Administration Site Conditions,10016256,R53.83,Fatigue
101803,nausea,very common,Gastrointestinal disorders,10028813,R11.0,nausea
101803,dry mouth,very common,Gastrointestinal disorders,10013781,R68.2,dry mouth
101803,headache,very common,Nervous system disorders,10019211,R51,headache
101803,sweating (including night sweats),very common,General disorders and administration site conditions,10042661,UNKNOWN,sweating
101803,Agranulocytosis*,rare,Blood and lymphatic system disorders,10001507,D70,Agranulocytosis*
101803,Aplastic anaemia*,rare,Blood and lymphatic system disorders,10002967,D61.9,Aplastic anaemia*
101803,Pancytopaenia*,rare,Blood and lymphatic system disorders,10033661,D61.81,Pancytopaenia*
101803,Neutropaenia*,rare,Blood and lymphatic system disorders,10029354,D70,Neutropaenia*
101803,Thrombocytopaenia*,very rare,Blood and lymphatic system disorders,10043554,UNKNOWN,Thrombocytopaenia*
101803,Anaphylactic reaction*,rare,Immune system disorders,10002198,T78.2,Anaphylactic reaction*
101803,Inappropriate antidiuretic hormone secretion*,rare,Endocrine disorders,10053198,E22.2,Inappropriate antidiuretic hormone secretion*
101803,Blood prolactin increased*,rare,Endocrine disorders,10005780,UNKNOWN,Blood prolactin increased*
101803,Hyponatraemia*,rare,Metabolism and nutrition disorders,10021036,E87.1,Hyponatraemia*
101803,Confusional state*,common,Psychiatric disorders,10010305,F05,Confusional state*
101803,Depersonalization*,common,Psychiatric disorders,10012359,F48.1,Depersonalization*
101803,Abnormal dreams,common,Psychiatric disorders,10000125,UNKNOWN,Abnormal dreams
101803,Nervousness,common,Psychiatric disorders,10029216,R45.0,Nervousness
101803,Libido decreased,common,Psychiatric disorders,10024419,R68.82,Libido decreased
101803,Agitation*,common,Psychiatric disorders,10001497,R45.1,Agitation*
101803,Anorgasmia,common,Psychiatric disorders,10002652,UNKNOWN,Anorgasmia
101803,Mania,uncommon,Psychiatric disorders,10026749,F30.9,Mania
101803,Hypomania,uncommon,Psychiatric disorders,10021030,F30.8,Hypomania
101803,Hallucination,uncommon,Psychiatric disorders,10019063,R44.3,Hallucination
101803,Derealization,uncommon,Psychiatric disorders,10054371,F48.1,Derealization
101803,Abnormal orgasm,uncommon,Psychiatric disorders,10031085,F52.3,Abnormal orgasm
101803,Bruxism*,uncommon,Psychiatric disorders,10006514,G47.63,Bruxism*
101803,Apathy,uncommon,Psychiatric disorders,10002942,R45.3,Apathy
101803,Delirium*,rare,Psychiatric disorders,10012218,R41.0,Delirium*
101803,Suicidal ideation and suicidal behaviours a,not known,Psychiatric disorders,10042458,UNKNOWN,Suicidal ideation and suicidal behaviours a
101803,Aggression b,not known,Psychiatric disorders,10001488,UNKNOWN,Aggression b
101803,Dizziness,common,Nervous system disorders,10013573,R42,Dizziness
101803,Sedation,common,Nervous system disorders,10039897,Z92.83,Sedation
101803,Akathisia*,uncommon,Nervous system disorders,10001540,G25.71,Akathisia*
101803,Tremor,uncommon,Nervous system disorders,10044565,R25.1,Tremor
101803,Paraesthesia,uncommon,Nervous system disorders,10033775,R20.2,Paraesthesia
101803,Dysgeusia,uncommon,Nervous system disorders,10013911,R43.2,Dysgeusia
101803,Syncope,uncommon,Nervous system disorders,10042772,R55,Syncope
101803,Myoclonus,uncommon,Nervous system disorders,10028622,G25.3,Myoclonus
101803,Balance disorder *,uncommon,Nervous system disorders,10049848,E87.4,Balance disorder *
101803,Coordination abnormal*,uncommon,Nervous system disorders,10010947,R27.9,Coordination abnormal*
101803,Dyskinaesia*,uncommon,Nervous system disorders,0,UNKNOWN,Dyskinaesia*
101803,Neuroleptic Malignant Syndrome (NMS)*,very rare,Nervous system disorders,10029282,UNKNOWN,Neuroleptic Malignant Syndrome (NMS)*
101803,Serotonin syndrome*,very rare,Nervous system disorders,10040108,G90.81,Serotonin syndrome*
101803,Convulsion,rare,Nervous system disorders,10010904,G40.909,Convulsion
101803,Dystonia*,rare,Nervous system disorders,10064124,G24,Dystonia*
101803,Tardive dyskinaesia*,very rare,Nervous system disorders,0,UNKNOWN,Tardive dyskinaesia*
101803,Visual impairment,uncommon,Eye disorders,10047571,H54.7,Visual impairment
101803,"Accommodation disorder, including vision blurred",uncommon,Eye disorders,10000389,UNKNOWN,"Accommodation disorder, including vision blurred"
101803,Mydriasis,uncommon,Eye disorders,10028521,H57.04,Mydriasis
101803,Angle-closure glaucoma*,rare,Eye disorders,10002500,H40.2,Angle-closure glaucoma*
101803,Tinnitus*,uncommon,Ear and labyrinth disorders,10043882,H93.1,Tinnitus*
101803,Vertigo,uncommon,Ear and labyrinth disorders,10047340,H81.0,Vertigo
101803,Tachycardia,common,Cardiac disorders,10043071,R00.0,Tachycardia
101803,Palpitations*,common,Cardiac disorders,10033557,R00.2,Palpitations*
101803,Torsade de pointes*,very rare,Cardiac disorders,10044066,I47.21,Torsade de pointes*
101803,Ventricular tachycardia*,very rare,Cardiac disorders,10047302,I47.2,Ventricular tachycardia*
101803,Ventricular fibrillation,very rare,Cardiac disorders,10047290,I49.01,Ventricular fibrillation
101803,Electrocardiogram QT prolonged*,very rare,Cardiac disorders,10014387,UNKNOWN,Electrocardiogram QT prolonged*
101803,Stress cardiomyopathy (takotsubo cardiomyopathy)*,very rare,Cardiac disorders,10066286,UNKNOWN,Stress cardiomyopathy (takotsubo cardiomyopathy)*
101803,Hypertension,common,Vascular disorders,10020772,I10,Hypertension
101803,Hot flush,common,Vascular disorders,10060800,UNKNOWN,Hot flush
101803,Orthostatic hypotension,uncommon,Vascular disorders,10031127,I95.1,Orthostatic hypotension
101803,Hypotension*,uncommon,Vascular disorders,10021097,I95,Hypotension*
101803,Dyspnoea*,common,"Respiratory, thoracic and mediastinal disorders",10013968,R06.0,Dyspnoea*
101803,Yawning,common,"Respiratory, thoracic and mediastinal disorders",10048232,UNKNOWN,Yawning
101803,Interstitial lung disease*,rare,"Respiratory, thoracic and mediastinal disorders",10022611,J84.115,Interstitial lung disease*
101803,Pulmonary eosinophilia*,rare,"Respiratory, thoracic and mediastinal disorders",10037382,J82.89,Pulmonary eosinophilia*
101803,Constipation,common,Gastrointestinal disorders,10010774,K59.0,Constipation
101803,Diarrhoea*,common,Gastrointestinal disorders,10012735,K59.1,Diarrhoea*
101803,Vomiting,common,Gastrointestinal disorders,10047700,R11.1,Vomiting
101803,Gastrointestinal haemorrhage,rare,Gastrointestinal disorders,10017955,K92.2,Gastrointestinal haemorrhage
101803,Pancreatitis*,rare,Gastrointestinal disorders,10033645,K85.9,Pancreatitis*
101803,Liver function test abnormal*,uncommon,Hepatobiliary disorders,10024690,R94.5,Liver function test abnormal*
101803,Hepatitis*,rare,Hepatobiliary disorders,10019717,K75.9,Hepatitis*
101803,Hyperhidrosis* (including night sweats),common,Skin and subcutaneous tissue disorders,10020642,UNKNOWN,Hyperhidrosis* (including night sweats)
101803,Rash,common,Skin and subcutaneous tissue disorders,10037844,R21,Rash
101803,Pruritus*,common,Skin and subcutaneous tissue disorders,10037087,L29,Pruritus*
101803,Urticaria*,common,Skin and subcutaneous tissue disorders,10046735,L50,Urticaria*
101803,Alopecia*,common,Skin and subcutaneous tissue disorders,10001760,L65.9,Alopecia*
101803,Ecchymosis,common,Skin and subcutaneous tissue disorders,10014080,R23.3,Ecchymosis
101803,Angioedema*,common,Skin and subcutaneous tissue disorders,10002424,T78.3,Angioedema*
101803,Photosensitivity reaction,common,Skin and subcutaneous tissue disorders,10034972,UNKNOWN,Photosensitivity reaction
101803,Stevens-Johnson syndrome*,rare,Skin and subcutaneous tissue disorders,10042033,L51.1,Stevens-Johnson syndrome*
101803,Toxic epidermal necrolysis*,rare,Skin and subcutaneous tissue disorders,10044223,L51.2,Toxic epidermal necrolysis*
101803,Erythema multiforme*,rare,Skin and subcutaneous tissue disorders,10015218,L51,Erythema multiforme*
101803,Hypertonia,uncommon,Musculoskeletal and connective tissue disorders,10020852,P94.1,Hypertonia
101803,Rhabdomyolysis*,rare,Musculoskeletal and connective tissue disorders,10039020,M62.82,Rhabdomyolysis*
101803,"Urinary hesitation), Urinary retention, Pollakiuria*",common,Renal and urinary disorders,0,UNKNOWN,"Urinary hesitation), Urinary retention, Pollakiuria*"
101803,Urinary incontinence*,uncommon,Renal and urinary disorders,10046543,R32,Urinary incontinence*
101803,Menorrhagia*,uncommon,Reproductive system and breast disorders,10027313,N92.0,Menorrhagia*
101803,Metrorrhagia*,uncommon,Reproductive system and breast disorders,10027514,N92.1,Metrorrhagia*
101803,Erectile dysfunction,uncommon,Reproductive system and breast disorders,10061461,N52,Erectile dysfunction
101803,Ejaculation disorder,uncommon,Reproductive system and breast disorders,10014326,UNKNOWN,Ejaculation disorder
101803,Postpartum haemorrhage #,very rare,Reproductive system and breast disorders,10036417,O72,Postpartum haemorrhage #
101803,Fatigue,common,General disorders and administration site conditions,10016256,R53.83,Fatigue
101803,Asthenia,common,General disorders and administration site conditions,10003549,R53.1,Asthenia
101803,Chills*,common,General disorders and administration site conditions,10008531,R68.83,Chills*
101803,Mucosal haemorrhage*,rare,General disorders and administration site conditions,10061298,UNKNOWN,Mucosal haemorrhage*
101803,Weight decreased,common,Investigations,10047895,D68.020,Weight decreased
101803,Weight increased,common,Investigations,10047899,UNKNOWN,Weight increased
101803,Blood cholesterol increased,common,Investigations,10005425,UNKNOWN,Blood cholesterol increased
101803,Bleeding time prolonged*,rare,Investigations,10005140,R79.1,Bleeding time prolonged*
101803,Insomnia,very common,Psychiatric disorders,10022437,G47.0,Insomnia
101803,Decreased appetite,common,Metabolism and nutrition disorders,10061428,UNKNOWN,Decreased appetite
101979,lymphopenia,very common,Blood and lymphatic system disorders,10025327,D72.810,lymphopenia
101979,herpes zoster,common,Infections and infestations,10019974,B02,herpes zoster
101979,Oral herpes,common,Infections and infestations,10067152,UNKNOWN,Oral herpes
101979,Tuberculosis,very rare,Infections and infestations,10044755,A15-A19,Tuberculosis
101979,Decrease in neutrophil count,common,Blood and lymphatic system disorders,10029366,UNKNOWN,Decrease in neutrophil count
101979,Hypersensitivity*,common,Immune system disorders,10020751,T78.40,Hypersensitivity*
101979,pruritus,common,Immune system disorders,10037087,L29,pruritus
101979,urticaria,common,Immune system disorders,10046735,L50,urticaria
101979,rash,common,Immune system disorders,10037844,R21,rash
101979,angio-oedema,rare,Immune system disorders,10000672,UNKNOWN,angio-oedema
101979,Liver Injury*,uncommon,Hepatobiliary disorders,10067125,S36.11,Liver Injury*
101979,Rash,common,Skin and subcutaneous tissue disorders,10037844,R21,Rash
101979,alopecia,common,Skin and subcutaneous tissue disorders,10001760,L65.9,alopecia
101979,Malignancies,not known,,10028997,C80,Malignancies
