product_id,method,end_4_9_found,block_chars
10,details_summary,True,9230
100,details_summary,True,1763
1000,details_summary,True,2187
10000,details_summary,True,6273
100003,details_summary,True,4295
100005,details_summary,True,1094
100006,details_summary,True,3956
100008,details_summary,True,25871
100009,details_summary,True,25800
10001,details_summary,True,1732
100011,details_summary,True,11625
100012,details_summary,True,9464
100013,details_summary,True,5871
100017,details_summary,True,8325
100018,details_summary,True,6574
100020,details_summary,True,20732
100021,details_summary,True,20794
100022,details_summary,True,7338
100026,details_summary,True,11290
100027,details_summary,True,11272
100028,details_summary,True,26031
100029,details_summary,True,18216
100030,details_summary,True,25875
100031,details_summary,True,16980
100032,details_summary,True,17013
100033,details_summary,True,8019
100034,details_summary,True,5387
100035,details_summary,True,5387
100039,details_summary,True,15843
100040,details_summary,True,15842
100041,details_summary,True,7776
100042,details_summary,True,7775
100043,details_summary,True,5549
100044,details_summary,True,5549
100045,details_summary,True,5549
100047,details_summary,True,1611
100049,details_summary,True,21538
100050,details_summary,True,21538
100051,details_summary,True,7979
100071,details_summary,True,23961
100072,details_summary,True,23867
10008,details_summary,True,7492
100080,details_summary,True,2811
100081,details_summary,True,2811
100082,details_summary,True,2812
100083,details_summary,True,13526
100084,details_summary,True,6788
100085,details_summary,True,6788
100086,details_summary,True,6354
100087,details_summary,True,6355
100088,details_summary,True,6355
100089,details_summary,True,3910
100090,details_summary,True,3910
100091,details_summary,True,3910
100092,details_summary,True,3875
100093,details_summary,True,3875
100094,details_summary,True,8972
100095,details_summary,True,5478
100096,details_summary,True,793
100097,details_summary,True,14706
1001,details_summary,True,9080
10010,details_summary,True,2973
100102,details_summary,True,14564
100107,details_summary,True,26293
100108,details_summary,True,9509
100109,details_summary,True,5383
100111,details_summary,True,5408
100113,details_summary,True,5408
100114,details_summary,True,5408
100116,details_summary,True,4431
100121,details_summary,True,55631
100122,details_summary,True,55042
100132,details_summary,True,6354
100135,details_summary,True,15366
100136,details_summary,True,13695
100137,details_summary,True,11818
100138,details_summary,True,6077
100139,details_summary,True,5626
10014,details_summary,True,9594
100140,details_summary,True,3906
100141,details_summary,True,9389
100142,details_summary,True,9257
100143,details_summary,True,13572
100144,details_summary,True,13575
100145,details_summary,True,13573
100146,details_summary,True,22277
100147,details_summary,True,22255
100148,details_summary,True,22255
100149,details_summary,True,18475
100151,details_summary,True,15149
100152,details_summary,True,13695
100156,details_summary,True,12662
100157,details_summary,True,12665
100159,details_summary,True,23373
10016,details_summary,True,19142
100160,details_summary,True,20442
100163,details_summary,True,22185
100164,details_summary,True,22186
100165,details_summary,True,2236
100167,details_summary,True,7290
100169,details_summary,True,8615
10017,details_summary,True,14069
100171,details_summary,True,7101
100175,details_summary,True,10577
100176,details_summary,True,10576
100178,details_summary,True,15046
100179,details_summary,True,20291
100180,details_summary,True,6997
100181,details_summary,True,6995
100182,details_summary,True,16248
100183,details_summary,True,18266
100184,details_summary,True,9232
100185,details_summary,True,11850
100186,details_summary,True,29379
100187,details_summary,True,55650
100188,details_summary,True,48390
100189,details_summary,True,623
100190,details_summary,True,623
100192,details_summary,True,9541
100193,details_summary,True,11768
100194,details_summary,True,10374
100195,details_summary,True,1768
100196,details_summary,True,1768
100197,details_summary,True,1767
100198,details_summary,True,2013
100199,details_summary,True,2013
1002,details_summary,True,7513
100200,details_summary,True,2013
100201,details_summary,True,2006
100202,details_summary,True,2006
100203,details_summary,True,2014
100204,details_summary,True,2014
100206,details_summary,True,1394
100208,details_summary,True,7531
100209,details_summary,True,7531
100210,details_summary,True,11854
100211,details_summary,True,6932
100212,details_summary,True,6933
100216,details_summary,True,15375
100217,details_summary,True,31692
100219,details_summary,True,2343
10022,details_summary,True,11664
100222,details_summary,True,11150
100224,details_summary,True,11143
100225,details_summary,True,15186
100226,details_summary,True,13264
100228,details_summary,True,23331
100229,details_summary,True,22023
10023,details_summary,True,3232
100232,details_summary,True,58704
100234,details_summary,True,1286
100235,details_summary,True,12751
100236,details_summary,True,12735
100238,details_summary,True,47964
100239,details_summary,True,21111
10024,details_summary,True,3232
100240,details_summary,True,14744
100241,details_summary,True,14744
100242,details_summary,True,14744
100244,details_summary,True,14289
100245,details_summary,True,14289
100246,details_summary,True,14315
100247,details_summary,True,8211
100248,details_summary,True,14097
100249,details_summary,True,12310
10025,details_summary,True,39546
100250,details_summary,True,20868
100253,details_summary,True,9390
100254,details_summary,True,9423
100255,details_summary,True,9488
100257,details_summary,True,10225
100259,details_summary,True,15034
100260,details_summary,True,15034
100265,details_summary,True,14398
100270,details_summary,True,15850
100272,details_summary,True,20064
100273,details_summary,True,20064
100274,details_summary,True,20012
100275,details_summary,True,6425
100276,details_summary,True,6425
100277,details_summary,True,9906
100278,generic_fallback,True,13264
100279,generic_fallback,True,13265
100280,generic_fallback,True,13264
100281,details_summary,True,10828
100282,details_summary,True,16102
100283,details_summary,True,22264
100284,details_summary,True,22233
100285,details_summary,True,23326
100286,details_summary,True,22516
100287,details_summary,True,10365
100288,details_summary,True,10365
100289,details_summary,True,10365
100290,details_summary,True,10365
100291,details_summary,True,10365
100292,details_summary,True,4083
100293,details_summary,True,2518
100294,details_summary,True,19455
100296,details_summary,True,9945
100297,details_summary,True,9570
100299,details_summary,True,5986
100300,details_summary,True,6518
100303,details_summary,True,21592
100306,details_summary,True,8199
100307,details_summary,True,5466
100309,details_summary,True,8048
100312,details_summary,True,5383
100313,details_summary,True,10717
100314,details_summary,True,10717
100317,details_summary,True,21904
100318,details_summary,True,16283
100319,details_summary,True,19819
100320,details_summary,True,53777
100321,details_summary,True,53838
100322,details_summary,True,53333
100323,details_summary,True,53322
100324,details_summary,True,8286
100327,details_summary,True,7523
100328,details_summary,True,7523
100329,details_summary,True,7523
100330,details_summary,True,7523
100331,details_summary,True,7523
100332,details_summary,True,7523
100333,details_summary,True,7523
100334,details_summary,True,7523
100335,details_summary,True,1110
10034,details_summary,True,10926
100341,details_summary,True,43921
100349,details_summary,True,4409
100351,details_summary,True,17932
100352,details_summary,True,17644
100353,details_summary,True,17864
100356,details_summary,True,6237
100358,details_summary,True,7060
100359,details_summary,True,7060
100360,details_summary,True,23887
100361,details_summary,True,20645
100363,details_summary,True,12448
100364,details_summary,True,11733
100367,details_summary,True,3500
100368,details_summary,True,11517
100370,details_summary,True,16891
100372,details_summary,True,16890
100373,details_summary,True,16890
100374,details_summary,True,9439
100375,details_summary,True,9439
100376,details_summary,True,24642
100379,details_summary,True,24557
10038,details_summary,True,31460
100380,details_summary,True,24683
100382,details_summary,True,13862
100383,details_summary,True,7834
100384,details_summary,True,8548
100385,details_summary,True,9566
100386,details_summary,True,19825
100387,details_summary,True,16332
100388,details_summary,True,10846
100389,details_summary,True,2246
10039,details_summary,True,39958
100390,details_summary,True,396952
100391,details_summary,True,6091
100392,details_summary,True,4969
100394,details_summary,True,32766
100396,details_summary,True,8833
100397,details_summary,True,8829
1004,details_summary,True,18401
10040,details_summary,True,39133
100404,details_summary,True,7612
100405,details_summary,True,7606
100409,details_summary,True,3394
10041,details_summary,True,39913
100410,details_summary,True,9197
100413,details_summary,True,12742
100414,details_summary,True,12742
100416,details_summary,True,12742
100417,details_summary,True,12741
100418,details_summary,True,14351
100419,details_summary,True,14437
100420,details_summary,True,14351
100424,details_summary,True,4716
100425,details_summary,True,15662
100426,details_summary,True,11116
100431,details_summary,True,10159
100432,details_summary,True,16491
100433,details_summary,True,6845
100434,details_summary,True,16993
100435,details_summary,True,7687
100437,details_summary,True,19161
100438,details_summary,True,19167
100439,details_summary,True,19176
100443,details_summary,True,2913
100445,details_summary,True,7260
100446,details_summary,True,7597
100447,details_summary,True,21496
100451,details_summary,True,6342
100452,details_summary,True,9889
100453,details_summary,True,7808
100454,details_summary,True,11441
100455,details_summary,True,4375
100456,details_summary,True,6858
100458,details_summary,True,14605
100464,details_summary,True,10038
100465,details_summary,True,25539
100466,details_summary,True,22636
100467,details_summary,True,21536
100468,details_summary,True,15376
100469,details_summary,True,15374
100470,details_summary,True,15890
100471,details_summary,True,22308
100472,details_summary,True,22676
100473,details_summary,True,23180
100474,details_summary,True,23171
100475,details_summary,True,23172
100476,details_summary,True,23191
100477,details_summary,True,23184
100479,details_summary,True,12287
10048,details_summary,True,32061
100480,details_summary,True,11989
100481,details_summary,True,12007
100483,details_summary,True,414306
100485,details_summary,True,12767
100486,details_summary,True,2725
100488,details_summary,True,12767
100489,details_summary,True,14605
10049,details_summary,True,12149
100490,details_summary,True,14605
100491,details_summary,True,1794
100492,details_summary,True,6452
100493,details_summary,True,8030
100496,details_summary,True,18048
100497,details_summary,True,165314
100498,details_summary,True,7925
100499,details_summary,True,27592
100504,details_summary,True,22267
100506,details_summary,True,8628
100509,details_summary,True,3561
10051,details_summary,True,6699
100510,details_summary,True,18172
100511,details_summary,True,10810
100512,details_summary,True,10662
100513,details_summary,True,10662
100518,details_summary,True,10255
100519,details_summary,True,8337
10052,details_summary,True,6699
100520,details_summary,True,4173
100521,details_summary,True,4173
100522,details_summary,True,13618
100525,details_summary,True,13791
100528,details_summary,True,12234
100529,details_summary,True,9332
10053,details_summary,True,6699
100530,details_summary,True,6788
100531,details_summary,True,16721
100532,details_summary,True,16722
100533,details_summary,True,21261
100534,details_summary,True,21252
100535,details_summary,True,21278
100536,details_summary,True,10112
100537,details_summary,True,3890
100538,details_summary,True,3889
100539,details_summary,True,12164
100540,details_summary,True,11886
100543,details_summary,True,21621
100544,details_summary,True,21488
100545,details_summary,True,21563
100546,details_summary,True,10799
100547,details_summary,True,10727
100548,details_summary,True,12489
100549,details_summary,True,12295
10055,details_summary,True,14169
100550,details_summary,True,12258
100551,details_summary,True,12256
100552,details_summary,True,12258
100553,details_summary,True,12258
100554,details_summary,True,6382
100555,details_summary,True,6364
100556,details_summary,True,6372
100557,details_summary,True,6364
100558,details_summary,True,15718
100559,details_summary,True,15607
100560,details_summary,True,11418
100561,details_summary,True,11418
100562,details_summary,True,4387
100563,details_summary,True,5618
100564,details_summary,True,5605
100565,details_summary,True,5605
100566,details_summary,True,5605
100567,details_summary,True,5605
100568,details_summary,True,5653
100569,details_summary,True,5605
10057,details_summary,True,10485
100570,details_summary,True,8074
100576,details_summary,True,21232
100577,details_summary,True,21233
100578,details_summary,True,8171
100579,details_summary,True,7410
100580,details_summary,True,7410
100582,details_summary,True,901
100583,details_summary,True,901
100584,details_summary,True,7426
100585,details_summary,True,7440
100586,details_summary,True,12227
10059,details_summary,True,5125
100592,details_summary,True,15921
100593,details_summary,True,13715
100594,details_summary,True,22682
100598,details_summary,True,13715
100599,details_summary,True,15575
1006,details_summary,True,13407
10060,details_summary,True,6652
100601,details_summary,True,6598
100602,details_summary,True,6616
100603,details_summary,True,9371
100604,details_summary,True,13163
100605,details_summary,True,5028
100606,details_summary,True,18078
100607,details_summary,True,15101
100608,details_summary,True,11285
10061,details_summary,True,15087
100610,details_summary,True,7330
100611,details_summary,True,7333
100613,details_summary,True,17823
100614,details_summary,True,17817
100615,details_summary,True,17823
100616,details_summary,True,17811
100617,details_summary,True,14033
100618,details_summary,True,14094
100619,details_summary,True,14096
10062,details_summary,True,15087
100620,details_summary,True,9649
100621,details_summary,True,9773
100622,details_summary,True,8915
100623,details_summary,True,6750
100625,details_summary,True,3032
100626,details_summary,True,18714
100627,details_summary,True,18714
100628,details_summary,True,18714
100629,details_summary,True,15975
10063,details_summary,True,1901
100630,details_summary,True,16022
100631,details_summary,True,40835
100632,generic_fallback,True,11367
100633,details_summary,True,13073
100634,details_summary,True,13081
100635,details_summary,True,8255
100636,details_summary,True,5468
100638,details_summary,True,10128
100639,details_summary,True,11964
10064,details_summary,True,1901
100640,details_summary,True,4754
100644,details_summary,True,15652
100645,details_summary,True,15447
100646,details_summary,True,2000
100649,details_summary,True,2000
10065,details_summary,True,1901
100651,details_summary,True,7367
100652,details_summary,True,11207
100653,details_summary,True,57331
100654,details_summary,True,47198
100657,details_summary,True,13781
100658,details_summary,True,14023
100659,details_summary,True,13782
10066,details_summary,True,20075
100660,details_summary,True,13772
100661,details_summary,True,18064
100662,details_summary,True,16171
100663,details_summary,True,12840
100664,details_summary,True,6610
100665,details_summary,True,53184
100667,details_summary,True,53088
100668,details_summary,True,53559
100669,details_summary,True,53088
10067,details_summary,True,20080
100673,details_summary,True,34215
100674,details_summary,True,6748
100676,details_summary,True,13258
100677,details_summary,True,24742
100678,details_summary,True,9755
100679,details_summary,True,13275
10068,details_summary,True,20127
100680,details_summary,True,12520
100681,details_summary,True,12541
100682,details_summary,True,12541
100684,details_summary,True,7159
100685,details_summary,True,441949
100686,details_summary,True,441949
100687,details_summary,True,441949
100688,details_summary,True,7394
100689,details_summary,True,7780
10069,details_summary,True,1151
100692,details_summary,True,9172
100693,details_summary,True,3183
100694,details_summary,True,3183
100695,details_summary,True,3183
100696,details_summary,True,10556
100699,details_summary,True,7157
1007,details_summary,True,14070
10070,details_summary,True,20365
100700,details_summary,True,7475
100701,details_summary,True,5344
100702,details_summary,True,11422
100703,details_summary,True,11038
100704,details_summary,True,11036
100705,details_summary,True,8878
100706,details_summary,True,8957
100707,details_summary,True,8957
100708,details_summary,True,6357
10071,details_summary,True,20365
100710,details_summary,True,6817
100714,details_summary,True,29379
100715,details_summary,True,53871
100716,details_summary,True,48426
100717,details_summary,True,52635
100719,details_summary,True,52657
10072,details_summary,True,20365
100720,details_summary,True,52654
100721,details_summary,True,52657
100722,details_summary,True,6973
100723,details_summary,True,13430
100724,details_summary,True,13431
100725,details_summary,True,13431
100726,details_summary,True,4334
100727,details_summary,True,8252
100729,details_summary,True,47784
10073,details_summary,True,20365
100735,details_summary,True,25457
100737,details_summary,True,27653
100738,details_summary,True,27662
100739,details_summary,True,27685
10074,details_summary,True,5117
100741,details_summary,True,10550
100742,details_summary,True,13699
100743,details_summary,True,5067
100744,details_summary,True,22464
100745,details_summary,True,22611
100746,details_summary,True,6668
100748,details_summary,True,7002
100749,details_summary,True,19156
100750,details_summary,True,6607
100751,details_summary,True,6594
100752,details_summary,True,16740
100753,details_summary,True,16730
100754,details_summary,True,789
100756,details_summary,True,26061
100757,details_summary,True,26054
100758,details_summary,True,2209
100759,details_summary,True,10758
10076,details_summary,True,19775
100764,details_summary,True,12944
100765,details_summary,True,1135
100769,details_summary,True,12880
10077,details_summary,True,6146
100770,details_summary,True,579
100773,details_summary,True,10607
100774,details_summary,True,10631
100776,details_summary,True,5152
10078,details_summary,True,6146
100782,details_summary,True,48188
100783,details_summary,True,7951
100785,details_summary,True,8511
100786,details_summary,True,12874
100788,details_summary,True,48188
10079,details_summary,True,6411
100790,details_summary,True,52149
100791,details_summary,True,35858
100792,details_summary,True,36631
100793,details_summary,True,21159
100794,details_summary,True,22466
100795,details_summary,True,22493
100796,details_summary,True,8483
100799,details_summary,True,21187
1008,details_summary,True,6424
10080,details_summary,True,6411
100800,details_summary,True,21566
100801,details_summary,True,22796
100803,details_summary,True,5418
100804,details_summary,True,19377
100805,details_summary,True,1353
100806,details_summary,True,9755
100807,details_summary,True,642564
100808,details_summary,True,11142
100810,details_summary,True,21221
100811,details_summary,True,4487
100812,details_summary,True,10968
100814,details_summary,True,6448
100815,details_summary,True,22796
100816,details_summary,True,11445
100817,details_summary,True,11445
100818,details_summary,True,16528
100819,details_summary,True,7379
10082,details_summary,True,8293
100820,details_summary,True,6333
100821,details_summary,True,6334
100822,details_summary,True,6178
100823,details_summary,True,6247
100825,details_summary,True,3328
100826,details_summary,True,2653
100827,details_summary,True,3563
100828,details_summary,True,3386
100829,details_summary,True,6341
10083,details_summary,True,8293
100831,details_summary,True,750
100832,details_summary,True,7586
100834,details_summary,True,14153
100835,details_summary,True,14318
100836,details_summary,True,9196
10084,details_summary,True,8285
100840,details_summary,True,13819
100841,details_summary,True,13769
100842,details_summary,True,13870
100843,details_summary,True,7152
100844,details_summary,True,7152
10085,details_summary,True,7643
100850,details_summary,True,4691
100851,details_summary,True,4691
100852,details_summary,True,4691
100858,details_summary,True,26656
100859,details_summary,True,26646
10086,details_summary,True,8293
100860,details_summary,True,26671
100861,details_summary,True,8143
100862,details_summary,True,21117
100864,details_summary,True,21014
100865,details_summary,True,22643
100866,details_summary,True,22636
100867,details_summary,True,8176
100868,details_summary,True,8996
100869,details_summary,True,22714
10087,details_summary,True,7644
100870,details_summary,True,3975
100872,details_summary,True,14919
100877,details_summary,True,21115
100878,details_summary,True,6444
10088,details_summary,True,7643
100880,details_summary,True,11557
10089,details_summary,True,7627
100890,details_summary,True,52861
100891,details_summary,True,52866
100892,details_summary,True,52853
100893,details_summary,True,52751
100896,details_summary,True,7903
1009,details_summary,True,3311
10090,details_summary,True,24900
100905,details_summary,True,12234
100906,details_summary,True,12236
100907,details_summary,True,3189
10091,details_summary,True,12461
100914,details_summary,True,11697
100916,details_summary,True,2073
100922,details_summary,True,29040
100923,details_summary,True,28909
100925,details_summary,True,25387
100927,details_summary,True,30031
100928,details_summary,True,30044
100931,details_summary,True,7152
100932,details_summary,True,7152
100934,details_summary,True,18272
100935,details_summary,True,18272
100936,details_summary,True,18272
100937,details_summary,True,31050
100938,details_summary,True,30876
100939,details_summary,True,26651
10094,details_summary,True,11141
100940,details_summary,True,7067
100941,details_summary,True,6946
100942,details_summary,True,12494
100943,details_summary,True,10761
100944,details_summary,True,6303
100945,details_summary,True,6130
100946,details_summary,True,22677
100947,details_summary,True,16499
100948,details_summary,True,16492
100949,details_summary,True,5664
100952,details_summary,True,7215
100953,details_summary,True,8131
100954,details_summary,True,9220
100955,details_summary,True,12688
100956,details_summary,True,30811
100957,details_summary,True,30712
100958,details_summary,True,10167
10096,details_summary,True,21338
100961,details_summary,True,5437
100962,details_summary,True,5437
100963,details_summary,True,3063
100964,details_summary,True,3063
100965,details_summary,True,8176
100966,details_summary,True,6237
100967,details_summary,True,6209
100968,details_summary,True,2056
100969,details_summary,True,32974
100970,details_summary,True,32528
100971,details_summary,True,192311
100972,details_summary,True,2888
100973,details_summary,True,6791
100974,details_summary,True,6776
100975,details_summary,True,3061
100976,details_summary,True,3061
100978,details_summary,True,9713
100979,details_summary,True,12983
100980,details_summary,True,17337
100982,details_summary,True,17375
100983,details_summary,True,17397
100984,details_summary,True,15928
100986,details_summary,True,15928
100989,details_summary,True,5655
10099,details_summary,True,14050
100991,details_summary,True,8044
100992,details_summary,True,8028
100995,details_summary,True,26105
100996,details_summary,True,26094
100997,details_summary,True,8293
100999,details_summary,True,7192
1010,details_summary,True,7869
10100,details_summary,True,2351
101000,generic_fallback,True,13808
101001,details_summary,True,13613
101002,details_summary,True,7898
101003,details_summary,True,5742
101004,details_summary,True,5742
101005,details_summary,True,6682
101006,details_summary,True,7051
101007,details_summary,True,30294
101008,details_summary,True,30371
101009,details_summary,True,9815
10101,details_summary,True,6965
101010,details_summary,True,8314
101011,details_summary,True,8298
101012,details_summary,True,6188
101020,details_summary,True,3427
101021,details_summary,True,3427
101022,details_summary,True,9886
101023,details_summary,True,9888
101024,details_summary,True,12207
101025,details_summary,True,12207
101026,details_summary,True,6941
101027,details_summary,True,4062
101028,details_summary,True,7437
101029,details_summary,True,12554
101030,details_summary,True,16734
101037,details_summary,True,21862
101038,details_summary,True,23204
101039,generic_fallback,True,11984
101040,details_summary,True,12240
101043,details_summary,True,52969
101044,details_summary,True,52891
101045,details_summary,True,52962
101046,details_summary,True,52962
101047,details_summary,True,22056
101048,details_summary,True,22056
101049,details_summary,True,13631
101051,details_summary,True,9208
101052,details_summary,True,6642
101053,details_summary,True,6658
101054,details_summary,True,10533
101055,details_summary,True,10533
101056,details_summary,True,10533
101063,details_summary,True,9222
101064,details_summary,True,9230
101065,details_summary,True,9230
101066,details_summary,True,15104
101067,details_summary,True,14847
101068,details_summary,True,23939
101069,details_summary,True,22540
10107,details_summary,True,9786
101070,details_summary,True,14845
101074,details_summary,True,11780
101076,details_summary,True,11911
101077,details_summary,True,5792
101078,details_summary,True,25852
101081,details_summary,True,11469
101082,details_summary,True,5501
101083,details_summary,True,1979
101086,details_summary,True,13203
101087,details_summary,True,13207
101091,details_summary,True,263654
101092,details_summary,True,263336
101093,details_summary,True,266195
101094,details_summary,True,264749
101095,details_summary,True,18630
101097,details_summary,True,6382
101099,details_summary,True,6435
101100,details_summary,True,7586
101101,details_summary,True,10215
101102,details_summary,True,10215
101104,details_summary,True,8229
101105,details_summary,True,5278
101106,details_summary,True,5278
101107,details_summary,True,5278
101108,details_summary,True,5278
101109,details_summary,True,1114
10111,details_summary,True,19682
101113,details_summary,True,7952
101114,details_summary,True,13164
101115,details_summary,True,8938
101116,details_summary,True,9229
101117,details_summary,True,13195
101118,details_summary,True,6219
101119,details_summary,True,6325
10112,details_summary,True,9987
101120,details_summary,True,12056
101121,details_summary,True,6058
101122,details_summary,True,6741
101124,details_summary,True,9845
101125,details_summary,True,2971
101127,details_summary,True,39950
101129,details_summary,True,2613
10113,details_summary,True,9932
101131,details_summary,True,2615
101132,details_summary,True,2592
101133,details_summary,True,13352
101134,details_summary,True,13352
101135,details_summary,True,13352
101136,details_summary,True,9802
101137,details_summary,True,31362
101138,details_summary,True,31244
10114,details_summary,True,9965
101141,details_summary,True,7456
101145,details_summary,True,11563
101147,details_summary,True,5755
101149,details_summary,True,11916
10115,details_summary,True,9957
101150,details_summary,True,22205
101151,details_summary,True,22206
101152,details_summary,True,23129
101154,details_summary,True,10662
101155,details_summary,True,1982
101156,details_summary,True,115029
101157,details_summary,True,7936
101158,details_summary,True,11023
10116,details_summary,True,9753
101160,details_summary,True,10673
101161,details_summary,True,1118
101162,details_summary,True,1118
101163,details_summary,True,12266
101166,details_summary,True,8510
101167,details_summary,True,8512
101168,details_summary,True,37317
101169,details_summary,True,37625
10117,details_summary,True,5019
101170,details_summary,True,13420
101171,details_summary,True,7093
101172,details_summary,True,7007
101174,details_summary,True,6612
101175,details_summary,True,6660
101177,details_summary,True,482921
101178,details_summary,True,481727
101179,details_summary,True,481727
10118,details_summary,True,5029
101180,details_summary,True,483321
101181,details_summary,True,4863
101182,details_summary,True,1576
101183,details_summary,True,7291
101184,details_summary,True,12058
101185,details_summary,True,12079
101186,details_summary,True,10634
101187,details_summary,True,2640
101188,details_summary,True,8933
101189,details_summary,True,13726
10119,details_summary,True,24900
101190,details_summary,True,16165
101193,details_summary,True,4219
101194,details_summary,True,1284
101195,details_summary,True,1284
101196,details_summary,True,1305
101197,details_summary,True,10654
101199,details_summary,True,21206
1012,details_summary,True,7237
10120,details_summary,True,24900
101200,details_summary,True,9975
101201,details_summary,True,10831
101202,details_summary,True,1003
101203,details_summary,True,1003
101204,details_summary,True,15955
101205,details_summary,True,15945
101206,details_summary,True,15944
101207,details_summary,True,15942
101208,details_summary,True,21133
101209,details_summary,True,3440
10121,details_summary,True,24900
101210,details_summary,True,5524
101212,details_summary,True,10273
101213,details_summary,True,10273
101214,details_summary,True,26019
101215,details_summary,True,26012
101216,details_summary,True,14143
101217,details_summary,True,26129
101218,details_summary,True,26738
10122,details_summary,True,24900
101224,details_summary,True,30955
101225,details_summary,True,30937
101226,details_summary,True,13160
101229,details_summary,True,12550
101230,details_summary,True,12550
101231,details_summary,True,12551
101232,details_summary,True,5845
101233,details_summary,True,6143
101234,details_summary,True,7060
101235,details_summary,True,7060
101236,details_summary,True,7060
101237,details_summary,True,25375
101238,details_summary,True,3361
101239,details_summary,True,8121
101240,details_summary,True,10463
101241,details_summary,True,100086
101243,details_summary,True,27987
101244,details_summary,True,27626
101245,details_summary,True,27986
101246,details_summary,True,77570
101247,details_summary,True,77566
101249,details_summary,True,23603
101250,details_summary,True,23603
101251,details_summary,True,2329
101253,details_summary,True,10002
101255,details_summary,True,6974
101256,details_summary,True,6974
101257,details_summary,True,23210
101259,details_summary,True,1772
101262,details_summary,True,12378
101263,details_summary,True,12378
101264,details_summary,True,28073
101265,details_summary,True,28073
101266,details_summary,True,28073
101267,details_summary,True,8073
101268,details_summary,True,2338
101269,details_summary,True,2735
101270,details_summary,True,9106
101272,details_summary,True,7258
101273,details_summary,True,4953
101274,details_summary,True,20901
101275,details_summary,True,4953
101276,details_summary,True,9237
101277,details_summary,True,1379
101278,details_summary,True,4145
101279,details_summary,True,1569
10128,details_summary,True,20098
101282,details_summary,True,11560
101283,details_summary,True,4348
101284,details_summary,True,5206
101287,details_summary,True,5187
101288,details_summary,True,5179
101289,details_summary,True,13958
10129,details_summary,True,21030
101290,details_summary,True,25802
101291,details_summary,True,26492
101292,details_summary,True,9666
101293,details_summary,True,6354
101294,details_summary,True,9517
101295,details_summary,True,7723
101296,details_summary,True,7723
101297,details_summary,True,9517
101298,details_summary,True,21986
101299,details_summary,True,21986
10130,details_summary,True,9964
101300,details_summary,True,9021
101303,details_summary,True,8022
101305,details_summary,True,17718
101306,details_summary,True,12364
101308,details_summary,True,24625
101309,details_summary,True,24624
101310,details_summary,True,3448
101311,details_summary,True,3458
101312,details_summary,True,14723
101313,details_summary,True,13957
101314,details_summary,True,13949
101315,details_summary,True,6728
101316,details_summary,True,5747
101317,details_summary,True,5747
101318,details_summary,True,5747
10132,details_summary,True,1974
101320,details_summary,True,8211
101321,details_summary,True,11220
101322,details_summary,True,37296
101323,details_summary,True,27357
101324,details_summary,True,27203
101325,details_summary,True,14829
101326,details_summary,True,14509
101327,details_summary,True,14860
101328,details_summary,True,16827
101329,details_summary,True,13403
10133,details_summary,True,27168
101330,details_summary,True,13410
101331,details_summary,True,13410
101333,details_summary,True,3896
101334,details_summary,True,8156
101335,details_summary,True,5533
101336,details_summary,True,14872
101339,details_summary,True,3196
101340,details_summary,True,12926
101341,details_summary,True,15228
101346,details_summary,True,8500
101351,details_summary,True,14047
101352,details_summary,True,14047
101353,details_summary,True,14047
101354,details_summary,True,14047
101355,details_summary,True,14047
101360,details_summary,True,15360
101361,details_summary,True,4997
101362,details_summary,True,6241
101363,details_summary,True,6202
101364,details_summary,True,12940
101365,details_summary,True,22382
101366,details_summary,True,8672
101367,details_summary,True,24775
101368,details_summary,True,22237
101376,details_summary,True,37945
101377,details_summary,True,38763
101378,details_summary,True,38763
101381,details_summary,True,6258
101382,details_summary,True,8117
101383,details_summary,True,8117
101385,details_summary,True,10063
101388,details_summary,True,10594
101389,details_summary,True,9218
101390,details_summary,True,4023
101391,details_summary,True,38186
101392,details_summary,True,38186
101393,details_summary,True,38186
101395,details_summary,True,1956
101396,details_summary,True,1956
101397,details_summary,True,69162
101398,details_summary,True,18437
1014,details_summary,True,9968
101401,details_summary,True,18437
101403,details_summary,True,30726
101404,details_summary,True,30952
101405,details_summary,True,12283
101406,details_summary,True,7093
101407,details_summary,True,3843
101420,details_summary,True,7146
101421,details_summary,True,7081
101422,details_summary,True,38150
101423,details_summary,True,38141
101424,details_summary,True,38141
101427,details_summary,True,38057
101428,details_summary,True,38083
101429,details_summary,True,38131
101430,details_summary,True,9430
101433,details_summary,True,10292
101437,details_summary,True,1248
101438,details_summary,True,10212
101439,details_summary,True,10212
101440,details_summary,True,10212
101441,details_summary,True,10212
101444,details_summary,True,23926
101445,details_summary,True,3640
101446,details_summary,True,30435
101448,details_summary,True,11894
101449,details_summary,True,13391
10145,details_summary,True,7763
101453,details_summary,True,13194
101454,details_summary,True,30474
101455,details_summary,True,2418
101456,details_summary,True,723
101457,details_summary,True,32435
101458,details_summary,True,14493
101459,details_summary,True,7032
10146,details_summary,True,7785
101460,details_summary,True,6293
101461,details_summary,True,14095
101462,details_summary,True,13631
101463,details_summary,True,13639
101464,details_summary,True,8657
101465,details_summary,True,6944
101466,details_summary,True,10537
101467,details_summary,True,3817
101468,details_summary,True,14679
101469,details_summary,True,14711
10147,details_summary,True,2449
101470,details_summary,True,14711
101471,details_summary,True,14711
101472,details_summary,True,14711
101473,details_summary,True,14679
101474,details_summary,True,14679
101475,details_summary,True,3606
101476,details_summary,True,12018
101477,details_summary,True,1673
101478,details_summary,True,4950
101479,details_summary,True,5806
10148,details_summary,True,9834
101480,details_summary,True,16755
101483,details_summary,True,12145
101484,details_summary,True,8958
101485,details_summary,True,8958
101486,details_summary,True,8958
101487,details_summary,True,13166
101489,details_summary,True,7975
10149,details_summary,True,13628
101491,details_summary,True,2586
101492,details_summary,True,22347
101495,details_summary,True,11306
101496,details_summary,True,5279
101498,details_summary,True,11214
101499,details_summary,True,11290
10150,details_summary,True,19391
101500,details_summary,True,1411
101504,details_summary,True,3542
101508,details_summary,True,8628
101509,details_summary,True,8628
10151,details_summary,True,3282
101510,details_summary,True,8628
101511,details_summary,True,6295
101512,details_summary,True,6299
101515,details_summary,True,21700
101516,details_summary,True,23086
101517,details_summary,True,23119
101518,details_summary,True,22560
101519,details_summary,True,22560
10152,details_summary,True,16436
101520,details_summary,True,22560
101521,details_summary,True,22560
101522,details_summary,True,22560
101523,details_summary,True,22452
101524,details_summary,True,12398
101525,details_summary,True,6175
101527,details_summary,True,8959
101529,details_summary,True,2968
10153,details_summary,True,13628
101530,details_summary,True,8370
101531,details_summary,True,7997
101532,details_summary,True,8370
101533,details_summary,True,8370
101534,details_summary,True,26025
101536,details_summary,True,38147
101537,details_summary,True,38137
101538,details_summary,True,38147
101539,details_summary,True,25896
101540,details_summary,True,25895
101541,details_summary,True,2802
101542,details_summary,True,15198
101543,details_summary,True,18103
101546,details_summary,True,10704
101547,details_summary,True,10703
101548,details_summary,True,10675
101549,details_summary,True,5621
10155,details_summary,True,6015
101554,details_summary,True,15385
101555,details_summary,True,12076
101556,details_summary,True,10608
101557,details_summary,True,10613
101558,details_summary,True,10612
101559,details_summary,True,26045
101561,details_summary,True,18316
101564,details_summary,True,2505
101565,details_summary,True,2505
101566,details_summary,True,2518
101567,details_summary,True,473126
101568,details_summary,True,9226
10157,details_summary,True,13666
101571,details_summary,True,9228
101572,details_summary,True,9228
101573,details_summary,True,9221
101574,details_summary,True,9253
101579,details_summary,True,7014
10158,details_summary,True,3123
101581,details_summary,True,7059
101582,details_summary,True,10197
101583,details_summary,True,10253
101584,details_summary,True,17048
101589,details_summary,True,21109
10159,details_summary,True,6438
101590,details_summary,True,20685
101591,details_summary,True,21215
101592,details_summary,True,20716
1016,details_summary,True,9483
10160,details_summary,True,6442
101600,details_summary,True,5215
101601,details_summary,True,9596
101602,details_summary,True,10304
101603,details_summary,True,2500
101604,details_summary,True,10483
101605,details_summary,True,10248
101606,details_summary,True,4258
101607,details_summary,True,2682
101608,details_summary,True,41296
101609,details_summary,True,12553
10161,details_summary,True,13496
101611,details_summary,True,6120
101612,details_summary,True,6108
101613,details_summary,True,20264
101614,details_summary,True,20555
101615,details_summary,True,61434
101617,details_summary,True,9951
101618,details_summary,True,9973
101620,details_summary,True,7179
101621,details_summary,True,7179
101622,details_summary,True,11941
101623,details_summary,True,54307
101624,details_summary,True,54307
101625,details_summary,True,18403
101626,details_summary,True,3455
101628,details_summary,True,3521
101631,details_summary,True,3493
101632,details_summary,True,9900
101635,details_summary,True,33115
101640,details_summary,True,4919
101643,details_summary,True,6406
101648,details_summary,True,48480
101649,details_summary,True,48480
101650,details_summary,True,44901
101651,details_summary,True,44901
101652,details_summary,True,12117
101654,details_summary,True,14164
101655,details_summary,True,14172
101660,details_summary,True,3870
101661,details_summary,True,5682
101667,details_summary,True,16876
101668,details_summary,True,10920
101669,details_summary,True,5682
101670,details_summary,True,3870
101671,details_summary,True,5130
101678,details_summary,True,22353
101679,details_summary,True,2287
101680,details_summary,True,28691
101682,details_summary,True,48096
101684,details_summary,True,10766
101685,details_summary,True,2287
101686,details_summary,True,1121
101688,details_summary,True,25869
101689,details_summary,True,25869
101690,details_summary,True,12080
101691,details_summary,True,10710
101692,details_summary,True,16755
101696,details_summary,True,4674
101697,details_summary,True,3200
101698,details_summary,True,3202
10170,details_summary,True,15031
101701,details_summary,True,12616
101702,details_summary,True,16728
101703,details_summary,True,1949
101709,details_summary,True,16577
10171,details_summary,True,15020
101711,details_summary,True,11834
101713,details_summary,True,5019
101717,details_summary,True,18052
101718,details_summary,True,18052
10172,details_summary,True,11485
101721,details_summary,True,1915
101722,details_summary,True,1916
101723,details_summary,True,6192
101725,details_summary,True,8751
101726,details_summary,True,10958
101727,details_summary,True,16569
101731,details_summary,True,10102
101732,details_summary,True,10102
101733,details_summary,True,10101
101736,details_summary,True,10856
101738,details_summary,True,8573
101739,details_summary,True,9083
101740,details_summary,True,8713
101741,details_summary,True,7492
101742,details_summary,True,1338
101743,details_summary,True,33103
101749,details_summary,True,53244
101752,details_summary,True,53242
101753,details_summary,True,1284
101754,details_summary,True,1284
101755,details_summary,True,1282
101756,details_summary,True,16735
101757,details_summary,True,1282
101760,details_summary,True,19416
101761,details_summary,True,19423
101763,details_summary,True,17293
101764,details_summary,True,14613
101765,details_summary,True,2409
101766,details_summary,True,15229
101767,details_summary,True,10867
101769,details_summary,True,4274
101770,details_summary,True,25905
101773,details_summary,True,25914
101774,details_summary,True,4410
101776,details_summary,True,4410
101777,details_summary,True,94516
101778,details_summary,True,94542
101779,details_summary,True,6699
101780,details_summary,True,7214
101781,details_summary,True,26290
101782,details_summary,True,26286
101783,details_summary,True,26288
101784,details_summary,True,6366
101785,details_summary,True,8353
101786,details_summary,True,853
101787,details_summary,True,9208
101788,details_summary,True,9205
101790,details_summary,True,9299
101791,details_summary,True,5983
101792,details_summary,True,16757
101793,details_summary,True,2642
101794,details_summary,True,2642
101797,details_summary,True,10843
1018,details_summary,True,11519
101801,details_summary,True,13421
101803,details_summary,True,15221
101804,details_summary,True,15238
101805,details_summary,True,15704
101806,details_summary,True,15848
101807,details_summary,True,3866
101808,details_summary,True,94393
101809,details_summary,True,94393
101812,details_summary,True,47732
101813,details_summary,True,1739
101814,details_summary,True,18907
101827,details_summary,True,16272
101828,details_summary,True,16270
101829,details_summary,True,16272
101830,details_summary,True,18948
101831,details_summary,True,11518
101832,details_summary,True,5594
101835,details_summary,True,95306
101836,details_summary,True,95307
101838,details_summary,True,10384
101839,details_summary,True,11850
101840,details_summary,True,15724
101843,details_summary,True,15213
101844,details_summary,True,15213
101845,details_summary,True,15213
101846,details_summary,True,17430
101847,details_summary,True,15213
101849,details_summary,True,15213
10185,details_summary,True,34996
101850,details_summary,True,15213
101851,details_summary,True,5777
101853,details_summary,True,9737
101854,details_summary,True,10464
101855,details_summary,True,15852
101859,details_summary,True,11281
101860,details_summary,True,10837
101861,details_summary,True,10446
101863,details_summary,True,10844
101864,details_summary,True,18613
101865,details_summary,True,10963
101866,details_summary,True,10808
101869,details_summary,True,5613
101870,details_summary,True,2142
101873,details_summary,True,2287
101874,details_summary,True,8645
101875,details_summary,True,2287
101876,details_summary,True,2287
101877,details_summary,True,2287
101878,details_summary,True,2287
101881,details_summary,True,8150
101882,details_summary,True,8145
101883,details_summary,True,10977
101884,details_summary,True,10969
101885,details_summary,True,20552
101886,details_summary,True,12395
101887,details_summary,True,62665
101888,details_summary,True,13259
101889,details_summary,True,13259
101890,details_summary,True,13259
101891,details_summary,True,7765
101892,details_summary,True,4173
101893,details_summary,True,6845
101894,details_summary,True,6641
101896,details_summary,True,2903
101897,details_summary,True,2902
101900,details_summary,True,5887
101901,details_summary,True,5887
101902,details_summary,True,8103
101903,details_summary,True,8119
101904,details_summary,True,5990
101907,details_summary,True,19249
101908,details_summary,True,21735
101909,details_summary,True,21734
101910,details_summary,True,21107
101911,details_summary,True,11591
101912,details_summary,True,11583
101913,details_summary,True,11859
101914,details_summary,True,21366
101915,details_summary,True,22757
101916,details_summary,True,23436
101918,details_summary,True,49043
101920,details_summary,True,3598
101924,details_summary,True,9816
101925,details_summary,True,18717
101926,details_summary,True,4353
101927,details_summary,True,7949
101928,details_summary,True,5599
101929,details_summary,True,5615
10193,details_summary,True,5035
101931,details_summary,True,29408
101932,details_summary,True,29408
101934,details_summary,True,7922
101935,details_summary,True,2096
101936,details_summary,True,11057
101937,details_summary,True,3950
101938,details_summary,True,30082
101939,details_summary,True,30081
10194,details_summary,True,1881
101940,details_summary,True,30082
101941,details_summary,True,30081
101942,details_summary,True,21232
101943,details_summary,True,12288
101944,details_summary,True,12288
101945,details_summary,True,12288
101946,details_summary,True,10464
101947,details_summary,True,10464
101948,details_summary,True,9150
101949,details_summary,True,4156
10195,details_summary,True,7421
101951,details_summary,True,31980
101952,details_summary,True,8046
101953,details_summary,True,6942
101954,details_summary,True,7374
101955,details_summary,True,7379
101956,details_summary,True,9499
101957,details_summary,True,9499
101958,details_summary,True,6162
101959,details_summary,True,3287
10196,details_summary,True,7019
101963,details_summary,True,26137
101964,details_summary,True,26097
101965,details_summary,True,7949
101966,details_summary,True,34142
101967,details_summary,True,34143
101968,details_summary,True,31747
101969,details_summary,True,12833
10197,details_summary,True,7019
101971,details_summary,True,17119
101972,details_summary,True,17136
101973,details_summary,True,17120
101975,details_summary,True,6562
101976,details_summary,True,10338
101977,details_summary,True,10322
101978,details_summary,True,10322
101979,details_summary,True,6635
101980,details_summary,True,4281
101983,details_summary,True,9269
101984,details_summary,True,36639
101985,details_summary,True,6574
101987,details_summary,True,6574
101988,details_summary,True,18385
101989,details_summary,True,20866
101990,details_summary,True,20842
101991,generic_fallback,True,18673
101992,details_summary,True,7551
101993,details_summary,True,7572
101994,details_summary,True,6371
101996,details_summary,True,6369
101997,details_summary,True,19890
101998,details_summary,True,18860
101999,details_summary,True,3438
102,details_summary,True,7393
1020,details_summary,True,9009
10200,details_summary,True,49095
102000,details_summary,True,3438
102001,details_summary,True,21224
102002,details_summary,True,21240
102003,details_summary,True,21224
102004,details_summary,True,21227
102005,details_summary,True,21226
102006,details_summary,True,30991
102007,details_summary,True,30960
10201,details_summary,True,50506
102013,details_summary,True,11186
102015,details_summary,True,10963
102019,details_summary,True,2359
102026,details_summary,True,6465
102027,generic_fallback,True,7994
10203,details_summary,True,6404
10204,details_summary,True,6397
10205,details_summary,True,5130
1022,details_summary,True,7301
10228,details_summary,True,54460
10230,details_summary,True,9895
10231,details_summary,True,10666
10232,details_summary,True,10557
10233,details_summary,True,9872
10239,details_summary,True,13873
1024,details_summary,True,2994
10240,details_summary,True,6459
10241,details_summary,True,6711
10242,details_summary,True,19950
10243,details_summary,True,24230
10244,details_summary,True,24390
10245,details_summary,True,222741
10246,details_summary,True,9182
10247,generic_fallback,True,33590
10248,generic_fallback,True,33586
10249,details_summary,True,5284
1025,details_summary,True,2984
10256,details_summary,True,5372
10257,details_summary,True,5374
10258,details_summary,True,32665
10259,details_summary,True,32665
10261,details_summary,True,8244
10265,details_summary,True,10392
10266,details_summary,True,10392
10267,details_summary,True,10392
10268,details_summary,True,10392
10269,details_summary,True,10392
10270,details_summary,True,14068
10271,details_summary,True,14068
10272,details_summary,True,14068
10273,details_summary,True,14068
10274,details_summary,True,8165
10275,details_summary,True,8167
10276,details_summary,True,8166
10277,details_summary,True,9194
1028,details_summary,True,4716
10282,details_summary,True,23611
10285,details_summary,True,14663
10286,details_summary,True,17800
10289,details_summary,True,11607
1029,details_summary,True,21526
10290,details_summary,True,22335
10291,generic_fallback,True,33418
10292,generic_fallback,True,33433
10297,details_summary,True,6677
10298,details_summary,True,6677
10299,details_summary,True,5405
10300,details_summary,True,5797
10301,details_summary,True,16829
10302,details_summary,True,16829
10303,details_summary,True,16829
10304,details_summary,True,5779
10305,details_summary,True,5795
10306,details_summary,True,16829
10307,details_summary,True,16836
10308,details_summary,True,5795
10309,details_summary,True,16829
1031,details_summary,True,9760
10310,details_summary,True,16829
10315,details_summary,True,3191
10316,details_summary,True,16504
10317,details_summary,True,16504
10318,details_summary,True,10276
10322,details_summary,True,76895
10323,details_summary,True,17553
10325,details_summary,True,17400
10327,details_summary,True,12037
1033,details_summary,True,10624
10330,details_summary,True,12030
10331,details_summary,True,12033
10332,details_summary,True,23033
10333,details_summary,True,23024
10334,details_summary,True,23024
10335,details_summary,True,23024
10336,details_summary,True,23022
10337,details_summary,True,23024
10338,details_summary,True,22641
10339,details_summary,True,10726
1034,details_summary,True,12560
10340,details_summary,True,10727
10341,details_summary,True,10726
10342,details_summary,True,12029
10343,details_summary,True,12029
10344,details_summary,True,12030
10345,details_summary,True,9830
10346,details_summary,True,4678
10347,details_summary,True,5632
10349,details_summary,True,4013
10350,details_summary,True,8255
10351,details_summary,True,8256
10352,details_summary,True,4021
10353,details_summary,True,4013
10354,details_summary,True,23491
10355,details_summary,True,23491
10356,details_summary,True,23516
10357,details_summary,True,20849
1036,details_summary,True,12671
10360,details_summary,True,9481
10361,details_summary,True,9481
10362,details_summary,True,2274
10363,details_summary,True,7308
10368,details_summary,True,8219
10377,details_summary,True,14870
1038,details_summary,True,11363
10384,details_summary,True,2955
10385,details_summary,True,30799
10386,details_summary,True,6705
10390,details_summary,True,9731
10398,details_summary,True,17644
10399,details_summary,True,17864
1040,details_summary,True,19979
10403,details_summary,True,8808
10405,details_summary,True,9346
10406,details_summary,True,8880
10408,generic_fallback,True,10799
1041,details_summary,True,21027
10413,details_summary,True,2946
10414,generic_fallback,True,10439
10415,generic_fallback,True,10424
10416,details_summary,True,4920
10418,details_summary,True,7119
10419,details_summary,True,11294
10420,generic_fallback,True,7048
10421,generic_fallback,True,19202
10422,details_summary,True,11632
10423,details_summary,True,11738
10424,details_summary,True,6933
10425,details_summary,True,3112
10427,details_summary,True,5704
10428,generic_fallback,True,10419
10429,generic_fallback,True,10413
1043,generic_fallback,True,31136
10430,details_summary,True,8056
10431,details_summary,True,8066
10432,details_summary,True,13674
10433,details_summary,True,13654
10434,details_summary,True,13693
10435,details_summary,True,6432
10437,details_summary,True,4005
10438,details_summary,True,61277
1044,generic_fallback,True,28996
10440,details_summary,True,9861
10441,details_summary,True,9861
10444,details_summary,True,8561
10446,details_summary,True,11526
10447,details_summary,True,15301
1045,details_summary,True,20659
10458,details_summary,True,15180
10459,details_summary,True,15179
1046,details_summary,True,20372
10463,details_summary,True,10442
10464,details_summary,True,10180
10475,details_summary,True,43516
10476,details_summary,True,43499
10477,details_summary,True,161428
10478,details_summary,True,6058
1048,details_summary,True,23087
10482,details_summary,True,8286
10483,details_summary,True,8286
10484,details_summary,True,8268
10485,details_summary,True,8277
10486,details_summary,True,8275
10487,details_summary,True,8277
10488,details_summary,True,8277
1049,details_summary,True,11783
10491,details_summary,True,8609
10492,details_summary,True,8609
10493,details_summary,True,8609
10494,details_summary,True,8609
10495,details_summary,True,8609
10496,details_summary,True,8609
10497,details_summary,True,8609
10498,details_summary,True,8609
10499,details_summary,True,8615
10501,details_summary,True,9210
10502,details_summary,True,1974
10503,details_summary,True,8387
10504,details_summary,True,8497
10505,details_summary,True,4457
10506,details_summary,True,4457
10507,details_summary,True,25273
10508,details_summary,True,25273
10509,details_summary,True,25273
10510,details_summary,True,25273
10511,details_summary,True,25273
10512,details_summary,True,25273
10513,details_summary,True,25273
10514,details_summary,True,13467
10520,details_summary,True,4691
10523,generic_fallback,True,24683
10524,generic_fallback,True,24612
10533,details_summary,True,11588
10534,details_summary,True,11275
10536,details_summary,True,16516
10537,details_summary,True,16516
10538,details_summary,True,8216
10539,details_summary,True,8292
1054,details_summary,True,1243
10540,details_summary,True,8136
10541,details_summary,True,8293
10542,details_summary,True,13407
10543,details_summary,True,13407
10544,details_summary,True,13407
10545,details_summary,True,18853
10546,details_summary,True,18853
10547,details_summary,True,6034
10549,details_summary,True,10568
1055,details_summary,True,1242
10551,details_summary,True,47672
10552,details_summary,True,8809
10554,details_summary,True,36009
10555,details_summary,True,12926
10556,details_summary,True,12925
10558,details_summary,True,13498
10559,details_summary,True,5957
1056,details_summary,True,3572
10560,details_summary,True,3243
10562,details_summary,True,5959
10563,details_summary,True,12536
10564,details_summary,True,12527
10568,details_summary,True,47783
10570,details_summary,True,15566
10571,details_summary,True,15566
10572,details_summary,True,15565
10573,details_summary,True,15567
10574,details_summary,True,15565
10575,details_summary,True,15567
10576,details_summary,True,15567
10577,details_summary,True,20640
10586,details_summary,True,20563
10588,details_summary,True,5006
10589,details_summary,True,5200
1059,details_summary,True,6308
10590,details_summary,True,7177
10591,details_summary,True,10826
10595,details_summary,True,6715
10596,details_summary,True,11941
10597,details_summary,True,11941
10598,details_summary,True,11941
10599,details_summary,True,11941
10600,details_summary,True,11941
10601,details_summary,True,11941
10602,details_summary,True,14031
10605,details_summary,True,10489
10606,details_summary,True,1272
10608,details_summary,True,10488
10609,details_summary,True,20012
10610,details_summary,True,8362
10611,details_summary,True,4813
10612,details_summary,True,5014
10613,details_summary,True,2818
10614,details_summary,True,6282
10616,details_summary,True,14771
10617,details_summary,True,14771
10618,details_summary,True,14771
10619,details_summary,True,22187
1062,details_summary,True,14160
10626,details_summary,True,6683
10627,details_summary,True,6684
10628,details_summary,True,4891
10629,details_summary,True,7457
10630,details_summary,True,7457
10631,details_summary,True,7457
10632,details_summary,True,18460
10633,details_summary,True,5689
10634,details_summary,True,12991
10636,details_summary,True,11241
10637,details_summary,True,30614
10638,details_summary,True,30696
10639,details_summary,True,2677
1064,details_summary,True,13252
10640,details_summary,True,16387
10641,details_summary,True,16376
10643,details_summary,True,7621
10644,details_summary,True,7608
10645,details_summary,True,8053
1065,details_summary,True,8288
10650,details_summary,True,15627
10651,details_summary,True,15627
10652,details_summary,True,15670
10653,details_summary,True,15684
10658,details_summary,True,19194
10659,details_summary,True,6651
10660,details_summary,True,23552
10661,details_summary,True,23557
10662,details_summary,True,23557
10663,details_summary,True,9881
10664,details_summary,True,3518
10665,details_summary,True,7206
10666,details_summary,True,7194
10667,details_summary,True,7184
10668,details_summary,True,7185
10669,details_summary,True,18089
10670,details_summary,True,18074
10671,details_summary,True,13360
10672,details_summary,True,13779
10673,details_summary,True,7456
10674,details_summary,True,13694
10675,details_summary,True,7456
10676,details_summary,True,14419
10677,details_summary,True,763
10679,details_summary,True,9875
1068,details_summary,True,13524
10680,details_summary,True,9858
10681,details_summary,True,5337
10682,details_summary,True,10670
10683,details_summary,True,10670
10684,details_summary,True,10670
10685,details_summary,True,10670
10686,details_summary,True,10670
10687,details_summary,True,10659
10688,details_summary,True,10670
10689,details_summary,True,10670
1069,details_summary,True,10228
10690,details_summary,True,10670
10691,details_summary,True,10659
10694,details_summary,True,5926
10697,details_summary,True,41316
107,details_summary,True,10752
1070,details_summary,True,21335
10701,details_summary,True,18530
10706,details_summary,True,16955
10707,details_summary,True,16403
10708,details_summary,True,11343
10709,details_summary,True,11343
1071,details_summary,True,3499
10710,details_summary,True,6688
10711,details_summary,True,6678
10712,details_summary,True,6637
10716,details_summary,True,7295
10717,details_summary,True,9701
10718,details_summary,True,15606
1072,details_summary,True,10057
10720,details_summary,True,10543
10721,details_summary,True,4716
10722,details_summary,True,2521
10723,details_summary,True,2521
10729,details_summary,True,11103
1073,details_summary,True,18337
10730,details_summary,True,11103
10731,details_summary,True,53687
10732,details_summary,True,16695
10733,details_summary,True,16695
10734,details_summary,True,12221
10735,details_summary,True,11824
10736,details_summary,True,15230
10737,details_summary,True,15208
10738,details_summary,True,15201
10739,details_summary,True,8094
1074,details_summary,True,8800
10740,details_summary,True,8123
10741,details_summary,True,16039
10742,details_summary,True,2982
10743,details_summary,True,2984
10744,details_summary,True,2976
10745,details_summary,True,2994
10746,details_summary,True,2600
10748,details_summary,True,8095
10750,details_summary,True,16056
10753,details_summary,True,16506
10754,details_summary,True,16497
10755,details_summary,True,16498
10756,details_summary,True,16906
10757,details_summary,True,16498
10758,details_summary,True,16483
10759,details_summary,True,2720
1076,details_summary,True,3893
10760,details_summary,True,2711
10761,details_summary,True,4060
10764,details_summary,True,8123
10765,details_summary,True,16621
10767,details_summary,True,5931
10768,details_summary,True,5944
10769,details_summary,True,16809
1077,details_summary,True,4054
10770,details_summary,True,16801
10771,details_summary,True,16801
10772,details_summary,True,16783
10773,details_summary,True,16799
10774,details_summary,True,16783
10775,details_summary,True,16811
10776,details_summary,True,16800
10778,details_summary,True,12703
10779,details_summary,True,12726
1078,details_summary,True,8628
10780,details_summary,True,9689
10781,details_summary,True,11647
10798,details_summary,True,10209
10799,details_summary,True,10054
108,details_summary,True,10751
1080,details_summary,True,10572
10800,details_summary,True,5486
10802,details_summary,True,12530
10803,details_summary,True,11328
10804,details_summary,True,15219
10805,details_summary,True,15188
10806,details_summary,True,15212
10807,details_summary,True,4324
10808,details_summary,True,4333
10809,details_summary,True,4334
1081,details_summary,True,14934
10810,details_summary,True,4335
10811,details_summary,True,26853
10812,details_summary,True,27398
10813,details_summary,True,10277
10814,details_summary,True,2581
10815,details_summary,True,10638
10816,details_summary,True,7666
10818,details_summary,True,5596
10819,details_summary,True,9137
10821,details_summary,True,9014
10822,details_summary,True,5569
10823,details_summary,True,5483
10824,details_summary,True,14150
10826,generic_fallback,True,19738
10827,details_summary,True,22203
10828,details_summary,True,13274
10829,details_summary,True,13434
1083,details_summary,True,12508
10830,details_summary,True,7177
10831,details_summary,True,5130
10832,details_summary,True,15266
10837,details_summary,True,4201
10838,details_summary,True,4201
10839,details_summary,True,12028
1084,details_summary,True,10237
10840,details_summary,True,12028
10841,details_summary,True,12028
10842,details_summary,True,21369
10843,details_summary,True,21993
10844,details_summary,True,21993
10845,details_summary,True,21993
10846,details_summary,True,21993
10847,details_summary,True,21993
10848,details_summary,True,21993
10849,details_summary,True,13754
1085,details_summary,True,13338
10850,details_summary,True,13761
10851,details_summary,True,13761
10852,details_summary,True,1534
10853,details_summary,True,12250
10854,details_summary,True,12210
10856,details_summary,True,12225
10859,details_summary,True,10351
1086,details_summary,True,13348
10860,details_summary,True,10360
10861,details_summary,True,10329
10866,details_summary,True,9788
10867,details_summary,True,14071
10868,details_summary,True,14143
1087,details_summary,True,13339
10873,details_summary,True,19200
10877,details_summary,True,29076
10878,details_summary,True,46826
1088,details_summary,True,6377
10882,generic_fallback,True,11374
10883,generic_fallback,True,11371
10884,details_summary,True,23001
10885,details_summary,True,23187
10886,details_summary,True,22993
10887,details_summary,True,25450
10888,details_summary,True,4397
10889,details_summary,True,4398
1089,details_summary,True,9632
10890,details_summary,True,6306
10891,details_summary,True,22368
10892,details_summary,True,22451
10894,details_summary,True,22993
10896,details_summary,True,22993
10898,details_summary,True,22993
10899,details_summary,True,22993
109,details_summary,True,10748
1090,details_summary,True,9281
10900,details_summary,True,28305
10902,details_summary,True,32429
10907,details_summary,True,13893
10908,generic_fallback,True,1775
10909,generic_fallback,True,1735
1091,details_summary,True,9335
10912,details_summary,True,10292
10913,details_summary,True,10291
10917,details_summary,True,50742
10918,details_summary,True,50740
10919,details_summary,True,50820
1092,details_summary,True,4834
10920,details_summary,True,50740
10921,details_summary,True,50704
10923,details_summary,True,15787
10924,details_summary,True,8593
10925,details_summary,True,729
10926,details_summary,True,9575
10927,details_summary,True,24231
10928,details_summary,True,24231
10929,details_summary,True,25760
10930,details_summary,True,25310
10931,details_summary,True,24231
10932,details_summary,True,24231
10933,details_summary,True,10411
10934,details_summary,True,5765
10936,generic_fallback,True,1775
10938,details_summary,True,8154
1094,details_summary,True,2692
10942,details_summary,True,4765
10943,details_summary,True,12715
10944,details_summary,True,13618
10945,details_summary,True,12717
10948,details_summary,True,7822
10949,details_summary,True,654
10950,details_summary,True,1961
10952,details_summary,True,12184
10953,details_summary,True,2309
10954,details_summary,True,15502
10955,details_summary,True,7469
10956,details_summary,True,7515
10958,generic_fallback,True,1642
10959,details_summary,True,12016
1096,details_summary,True,25400
10960,details_summary,True,23766
10961,generic_fallback,True,10760
10969,details_summary,True,7741
1097,details_summary,True,5431
10970,details_summary,True,7686
10971,details_summary,True,4455
10972,details_summary,True,440186
10976,details_summary,True,3606
10977,details_summary,True,11934
1098,details_summary,True,16227
10980,details_summary,True,3793
10981,details_summary,True,10369
10982,details_summary,True,19392
10983,details_summary,True,16359
10984,details_summary,True,16519
10985,details_summary,True,16887
10986,details_summary,True,3058
10988,details_summary,True,16887
1099,details_summary,True,4371
10990,details_summary,True,10369
10991,details_summary,True,10369
10992,details_summary,True,10369
10993,details_summary,True,10369
10994,details_summary,True,10369
10996,details_summary,True,9315
10997,details_summary,True,9333
10999,details_summary,True,14385
11,details_summary,True,2442
110,details_summary,True,8503
1100,details_summary,True,3506
11000,details_summary,True,14385
11001,details_summary,True,15166
11002,details_summary,True,14400
11003,details_summary,True,15174
11004,details_summary,True,3109
11008,details_summary,True,10759
11012,details_summary,True,10127
11013,details_summary,True,8422
11014,details_summary,True,23518
11015,details_summary,True,7023
11019,details_summary,True,10591
1102,details_summary,True,50525
11020,details_summary,True,10591
11024,details_summary,True,19689
11025,details_summary,True,19675
11026,details_summary,True,19696
11027,details_summary,True,19696
11028,details_summary,True,16837
11029,details_summary,True,19688
1103,details_summary,True,51414
11030,details_summary,True,5004
11031,details_summary,True,10727
11032,details_summary,True,10744
11035,details_summary,True,15424
11036,details_summary,True,9845
11038,details_summary,True,5117
11039,details_summary,True,5117
1104,details_summary,True,37216
11041,details_summary,True,11183
11043,details_summary,True,7322
11044,details_summary,True,7306
11046,details_summary,True,13303
11047,details_summary,True,13303
11049,details_summary,True,5404
11052,details_summary,True,63509
11053,details_summary,True,21303
11054,details_summary,True,22568
11055,details_summary,True,22113
11056,details_summary,True,21713
11057,details_summary,True,22617
11058,details_summary,True,21762
11062,details_summary,True,5388
11068,details_summary,True,9565
11071,details_summary,True,9590
11074,details_summary,True,790
11076,details_summary,True,21230
11077,details_summary,True,22220
11078,details_summary,True,22214
11079,details_summary,True,22161
11085,details_summary,True,37546
11086,details_summary,True,31856
1109,details_summary,True,10823
111,details_summary,True,902
1110,details_summary,True,10905
11101,details_summary,True,137593
11105,details_summary,True,15320
11107,details_summary,True,36033
11108,details_summary,True,35357
11109,details_summary,True,4200
1111,details_summary,True,10838
11119,details_summary,True,16828
1112,details_summary,True,2281
11121,details_summary,True,22469
11122,details_summary,True,16831
11123,details_summary,True,14100
11124,details_summary,True,22446
11125,details_summary,True,22446
11126,details_summary,True,22439
11127,details_summary,True,22439
11128,details_summary,True,22439
11129,details_summary,True,22439
11130,details_summary,True,13332
11131,details_summary,True,13325
11132,details_summary,True,13309
11133,details_summary,True,13476
11136,details_summary,True,7117
11137,details_summary,True,10445
11138,details_summary,True,10887
11139,details_summary,True,10879
11140,details_summary,True,4402
11141,details_summary,True,2640
11142,details_summary,True,10183
11143,details_summary,True,10181
11145,details_summary,True,10474
11151,details_summary,True,7417
11152,details_summary,True,1191
11159,details_summary,True,7390
1116,details_summary,True,10179
11160,details_summary,True,5012
11161,details_summary,True,13389
11162,details_summary,True,8947
11163,details_summary,True,8976
11164,details_summary,True,8976
11165,details_summary,True,10635
11166,details_summary,True,11946
11168,details_summary,True,2785
11169,details_summary,True,22186
11170,details_summary,True,11481
11171,details_summary,True,22203
11173,details_summary,True,22258
11174,details_summary,True,10439
11175,details_summary,True,20196
11176,details_summary,True,10714
11180,details_summary,True,5647
11182,details_summary,True,12483
11183,details_summary,True,12235
11184,details_summary,True,12225
11187,details_summary,True,5952
11189,details_summary,True,11106
11190,details_summary,True,11733
11194,details_summary,True,25793
112,details_summary,True,12245
1121,details_summary,True,14229
11216,details_summary,True,8253
11217,details_summary,True,9033
11218,details_summary,True,9033
1122,details_summary,True,9261
11222,details_summary,True,8926
11227,details_summary,True,8158
1123,details_summary,True,8668
11231,details_summary,True,20837
11232,details_summary,True,20837
11233,details_summary,True,8926
1124,details_summary,True,8657
11240,details_summary,True,1719
11241,details_summary,True,20839
11242,details_summary,True,5304
11243,details_summary,True,6281
11246,details_summary,True,7459
11247,details_summary,True,7547
11250,details_summary,True,12318
11251,details_summary,True,28368
11252,details_summary,True,29039
11257,details_summary,True,2235
11258,details_summary,True,2417
11259,details_summary,True,10654
1126,details_summary,True,2902
11266,details_summary,True,12099
11267,details_summary,True,12727
11268,details_summary,True,3218
1127,details_summary,True,8763
11270,details_summary,True,15655
11273,details_summary,True,7003
11274,details_summary,True,7212
11276,details_summary,True,10763
11277,details_summary,True,10764
11278,details_summary,True,10075
11279,details_summary,True,5822
1128,details_summary,True,8781
11284,details_summary,True,2637
11294,details_summary,True,11579
11295,details_summary,True,11541
113,details_summary,True,2039
1130,details_summary,True,8769
11302,details_summary,True,19854
11305,details_summary,True,15162
11307,details_summary,True,29930
11308,details_summary,True,29945
11309,details_summary,True,30524
1131,details_summary,True,8764
1132,details_summary,True,8079
11320,details_summary,True,27589
11321,details_summary,True,22124
11323,details_summary,True,22154
11324,details_summary,True,23774
11329,details_summary,True,3985
1133,details_summary,True,2713
11331,details_summary,True,11660
11332,details_summary,True,11656
11333,details_summary,True,20600
11336,details_summary,True,15189
11337,details_summary,True,400814
11338,details_summary,True,334911
11339,details_summary,True,334882
1134,details_summary,True,4398
11340,details_summary,True,22475
11341,details_summary,True,22455
11342,details_summary,True,22494
11343,details_summary,True,22468
11344,details_summary,True,22816
11345,details_summary,True,22474
11346,details_summary,True,22476
1135,details_summary,True,7055
11351,details_summary,True,7233
11352,details_summary,True,7233
11353,details_summary,True,7233
11354,details_summary,True,7233
11355,details_summary,True,7233
11356,details_summary,True,7233
11357,details_summary,True,7233
11358,details_summary,True,7233
11359,details_summary,True,7233
11361,details_summary,True,10155
11362,details_summary,True,11174
11363,details_summary,True,8822
11370,generic_fallback,True,10579
11371,generic_fallback,True,10344
11372,details_summary,True,14151
11373,details_summary,True,6990
1138,details_summary,True,1900
1139,details_summary,True,3413
11394,details_summary,True,11183
11395,details_summary,True,11191
11396,details_summary,True,11222
11398,details_summary,True,14406
11403,details_summary,True,15475
11404,details_summary,True,15475
11405,details_summary,True,15475
11406,details_summary,True,1040
11407,details_summary,True,1040
11408,details_summary,True,1040
11409,details_summary,True,29743
11410,details_summary,True,12282
11411,details_summary,True,12282
11412,details_summary,True,12282
11413,details_summary,True,12283
11414,details_summary,True,11796
11415,details_summary,True,11795
11416,details_summary,True,11788
11417,details_summary,True,11804
11418,details_summary,True,11804
11419,details_summary,True,14538
11420,details_summary,True,14538
11421,details_summary,True,14538
11425,details_summary,True,23226
11426,details_summary,True,23220
11427,details_summary,True,14750
11428,details_summary,True,14750
11430,details_summary,True,6999
11431,details_summary,True,6999
11434,details_summary,True,11380
11436,details_summary,True,54695
11437,details_summary,True,55865
11439,details_summary,True,6484
1144,details_summary,True,18010
11440,details_summary,True,6770
11441,details_summary,True,2784
11443,details_summary,True,14160
11444,details_summary,True,13486
11446,details_summary,True,19590
11447,details_summary,True,19601
11448,details_summary,True,19592
11449,details_summary,True,19606
1145,details_summary,True,1511
11451,details_summary,True,2879
11457,details_summary,True,9462
1146,details_summary,True,1609
11461,details_summary,True,14655
11462,details_summary,True,5533
11464,details_summary,True,1628
11465,details_summary,True,10683
11466,details_summary,True,10915
11468,details_summary,True,6576
11469,details_summary,True,7581
1147,details_summary,True,1504
11470,details_summary,True,7582
11473,details_summary,True,10458
11474,details_summary,True,2960
11475,details_summary,True,2959
11479,details_summary,True,13373
1148,details_summary,True,1358
11481,details_summary,True,11325
11482,details_summary,True,11264
11483,details_summary,True,7374
11484,details_summary,True,7375
11485,details_summary,True,28257
11486,details_summary,True,12125
11488,details_summary,True,31702
11489,details_summary,True,6661
1149,details_summary,True,7858
11491,details_summary,True,13379
11496,details_summary,True,5612
11499,details_summary,True,11514
1150,details_summary,True,3814
11500,details_summary,True,13093
11507,details_summary,True,12568
11509,details_summary,True,3668
1151,details_summary,True,13823
11512,details_summary,True,7692
11513,details_summary,True,3083
11516,details_summary,True,14042
11517,details_summary,True,45578
1152,details_summary,True,13823
11521,details_summary,True,13628
11522,details_summary,True,4758
11523,details_summary,True,4111
11524,details_summary,True,4111
11525,details_summary,True,1634
11527,details_summary,True,17720
11528,details_summary,True,17721
11529,details_summary,True,17721
11530,details_summary,True,7866
11531,details_summary,True,3522
11533,details_summary,True,197284
11534,details_summary,True,197256
11536,details_summary,True,196941
11537,details_summary,True,185056
11538,details_summary,True,196941
11539,details_summary,True,5798
11540,details_summary,True,16453
11541,details_summary,True,3131
11542,details_summary,True,3128
11543,details_summary,True,5816
11544,details_summary,True,5824
11548,details_summary,True,4402
11549,details_summary,True,4402
1155,details_summary,True,1989
11550,details_summary,True,9538
11553,details_summary,True,4154
11559,details_summary,True,45596
1156,details_summary,True,2270
11560,details_summary,True,22598
11561,details_summary,True,10781
11562,details_summary,True,10706
11563,details_summary,True,8756
11564,details_summary,True,8661
11566,details_summary,True,3903
11567,details_summary,True,3903
11568,details_summary,True,3903
11569,details_summary,True,3959
1157,details_summary,True,9046
11570,details_summary,True,3903
11571,details_summary,True,22211
11572,details_summary,True,10181
11574,details_summary,True,55796
11577,details_summary,True,930
11578,details_summary,True,4346
1158,details_summary,True,9079
11581,details_summary,True,7202
11582,details_summary,True,12727
11584,details_summary,True,15800
11587,details_summary,True,6987
11588,details_summary,True,6965
11589,details_summary,True,7700
1159,details_summary,True,8755
11590,details_summary,True,7700
11591,details_summary,True,7700
11592,details_summary,True,7700
11593,details_summary,True,6989
11597,details_summary,True,6487
1160,details_summary,True,7249
11602,details_summary,True,2991
11603,details_summary,True,2991
11604,details_summary,True,5304
11607,details_summary,True,18067
11608,details_summary,True,18016
11609,details_summary,True,5486
1161,details_summary,True,8445
11610,details_summary,True,22242
11611,details_summary,True,6045
11612,details_summary,True,6047
11616,details_summary,True,12717
11621,details_summary,True,4921
11622,details_summary,True,4930
11626,details_summary,True,3503
11627,details_summary,True,22101
1163,details_summary,True,9941
11630,details_summary,True,6730
11634,details_summary,True,2013
11635,details_summary,True,10892
11637,details_summary,True,10758
11638,details_summary,True,344861
11639,details_summary,True,346371
1164,details_summary,True,9073
11640,details_summary,True,345440
11646,details_summary,True,15040
11654,details_summary,True,11875
11655,details_summary,True,11877
11656,details_summary,True,11855
11657,details_summary,True,6069
11658,details_summary,True,7393
11659,details_summary,True,7393
11660,details_summary,True,7393
11661,details_summary,True,7393
11662,details_summary,True,933
11663,details_summary,True,6322
11664,details_summary,True,6323
11665,details_summary,True,22206
11667,details_summary,True,1372
11668,details_summary,True,4417
1167,details_summary,True,3706
11670,generic_fallback,True,66544
11672,details_summary,True,14755
11673,details_summary,True,2899
11674,details_summary,True,2886
11675,details_summary,True,12890
1168,details_summary,True,3706
11682,details_summary,True,35501
11683,details_summary,True,35501
11684,details_summary,True,35501
11685,details_summary,True,1316
11686,details_summary,True,98773
11687,details_summary,True,98773
11689,details_summary,True,1716
1169,details_summary,True,11724
11691,details_summary,True,22483
11692,details_summary,True,22505
11693,details_summary,True,22493
11695,details_summary,True,15833
11696,details_summary,True,10111
11697,details_summary,True,10073
11698,details_summary,True,5978
1170,details_summary,True,4858
11701,details_summary,True,16396
11703,details_summary,True,8447
11704,details_summary,True,8447
11705,details_summary,True,8447
11706,details_summary,True,8447
11708,details_summary,True,899
1171,details_summary,True,1992
11710,details_summary,True,7028
11711,details_summary,True,7028
11712,details_summary,True,6307
11713,generic_fallback,True,42479
11714,generic_fallback,True,42470
11715,generic_fallback,True,42409
11716,details_summary,True,8891
11718,details_summary,True,6625
11719,details_summary,True,6625
1172,details_summary,True,1992
11720,details_summary,True,6625
11721,generic_fallback,True,30807
11722,generic_fallback,True,30812
11723,details_summary,True,13531
11724,details_summary,True,13271
11726,details_summary,True,11676
11728,details_summary,True,1527
11729,details_summary,True,5580
1173,details_summary,True,21999
11731,details_summary,True,50324
11732,details_summary,True,16635
11733,details_summary,True,13559
11734,details_summary,True,5246
11735,details_summary,True,5246
11738,details_summary,True,24370
11739,details_summary,True,24396
1174,details_summary,True,22025
11742,details_summary,True,4259
11743,details_summary,True,10432
11744,details_summary,True,17557
11745,details_summary,True,1796
11746,details_summary,True,1795
11747,details_summary,True,4518
11748,details_summary,True,4518
11750,details_summary,True,6411
11752,details_summary,True,9648
11753,details_summary,True,6065
11754,details_summary,True,6177
11755,details_summary,True,6342
11756,details_summary,True,6342
11757,details_summary,True,6342
11758,details_summary,True,14388
11759,details_summary,True,6877
1176,details_summary,True,2731
11768,details_summary,True,11605
11771,details_summary,True,5419
11779,details_summary,True,10374
1178,details_summary,True,579
11783,details_summary,True,12654
11784,details_summary,True,12491
11788,details_summary,True,12119
11789,details_summary,True,9037
1179,details_summary,True,6564
11790,details_summary,True,9037
11792,details_summary,True,77421
11793,details_summary,True,77689
11795,details_summary,True,7662
11796,details_summary,True,7669
11797,details_summary,True,7669
11798,details_summary,True,6203
11799,details_summary,True,5472
11800,details_summary,True,6511
11801,details_summary,True,56043
11804,details_summary,True,17945
11805,details_summary,True,17874
11806,details_summary,True,17869
11807,details_summary,True,815
11808,details_summary,True,4295
11809,details_summary,True,12157
1181,details_summary,True,7557
11810,details_summary,True,12131
11811,details_summary,True,6610
11812,details_summary,True,6588
11813,details_summary,True,1523
11814,details_summary,True,2573
1182,details_summary,True,7548
11826,details_summary,True,6280
1183,details_summary,True,6573
11830,details_summary,True,8580
11831,details_summary,True,7375
11832,details_summary,True,10425
11833,details_summary,True,10412
11834,details_summary,True,10415
11835,details_summary,True,22701
11837,details_summary,True,14632
11838,details_summary,True,8896
1184,details_summary,True,7548
11841,details_summary,True,3495
11844,details_summary,True,12318
11847,details_summary,True,4322
11848,details_summary,True,4402
11849,details_summary,True,6732
1185,details_summary,True,9499
11850,details_summary,True,4793
11851,details_summary,True,4426
11852,details_summary,True,6893
11854,details_summary,True,6609
11855,details_summary,True,9258
11856,details_summary,True,20666
11857,details_summary,True,12214
11858,details_summary,True,11126
11865,details_summary,True,14414
11866,details_summary,True,14451
11867,details_summary,True,14427
11868,details_summary,True,5874
11869,details_summary,True,5630
1187,details_summary,True,6231
11870,details_summary,True,23746
11871,details_summary,True,23800
11872,details_summary,True,23763
11873,details_summary,True,23743
1188,details_summary,True,13486
11883,details_summary,True,5115
11884,details_summary,True,19956
11886,details_summary,True,7970
11888,details_summary,True,1105
11889,details_summary,True,12221
1189,details_summary,True,12844
11890,details_summary,True,8126
11891,details_summary,True,8126
11892,details_summary,True,8052
11893,details_summary,True,8063
11894,details_summary,True,4361
11895,details_summary,True,6005
11899,details_summary,True,3782
1190,details_summary,True,8752
11901,details_summary,True,670
11906,details_summary,True,15261
11907,details_summary,True,15261
11908,details_summary,True,15261
11909,details_summary,True,20086
1191,details_summary,True,1374
11912,details_summary,True,4559
11913,details_summary,True,4559
11915,details_summary,True,18353
11918,details_summary,True,16837
11921,details_summary,True,3743
11922,details_summary,True,30831
11924,details_summary,True,2269
11925,details_summary,True,1118
11926,details_summary,True,1418
11927,details_summary,True,2036
11929,details_summary,True,15796
1193,details_summary,True,10731
11930,details_summary,True,15796
11931,details_summary,True,25418
11936,details_summary,True,17021
11937,details_summary,True,9597
11938,details_summary,True,29329
11939,details_summary,True,1086
1194,details_summary,True,18536
11942,details_summary,True,9804
11943,details_summary,True,6206
11944,details_summary,True,9701
11945,details_summary,True,9701
11946,details_summary,True,16194
1195,details_summary,True,7810
11954,details_summary,True,19593
11955,details_summary,True,24242
11956,details_summary,True,5675
11958,details_summary,True,12672
11959,details_summary,True,12675
11960,details_summary,True,135991
11961,details_summary,True,135763
11962,details_summary,True,122179
11963,details_summary,True,15178
11964,details_summary,True,15187
11965,details_summary,True,15187
11966,details_summary,True,9428
11967,details_summary,True,9439
11968,details_summary,True,4463
11971,details_summary,True,8580
11972,details_summary,True,12077
11973,details_summary,True,12077
11974,details_summary,True,20275
11975,details_summary,True,39105
11976,details_summary,True,11686
11977,details_summary,True,11686
11978,details_summary,True,10821
11979,details_summary,True,2077
11980,details_summary,True,2743
11981,details_summary,True,2094
11982,details_summary,True,2101
11985,details_summary,True,25888
11986,details_summary,True,5839
11987,details_summary,True,17984
11988,details_summary,True,47342
11989,details_summary,True,47342
1199,details_summary,True,9955
11990,details_summary,True,3596
11991,details_summary,True,3922
11992,details_summary,True,20267
11998,details_summary,True,12428
11999,details_summary,True,3947
12,details_summary,True,2442
120,details_summary,True,7203
12000,details_summary,True,3947
12001,details_summary,True,9403
12002,details_summary,True,728
12006,details_summary,True,15170
12007,details_summary,True,9042
12008,details_summary,True,9548
12009,details_summary,True,6357
12015,details_summary,True,9163
12016,details_summary,True,3571
12017,details_summary,True,15584
12018,details_summary,True,30955
12019,details_summary,True,9495
1202,details_summary,True,3946
12020,details_summary,True,9495
12022,details_summary,True,30125
12024,details_summary,True,5480
12028,details_summary,True,9322
12039,details_summary,True,4301
1204,details_summary,True,4518
12040,details_summary,True,5933
12041,details_summary,True,5186
12045,details_summary,True,32619
12047,details_summary,True,7536
12048,details_summary,True,27273
1205,details_summary,True,4502
12051,details_summary,True,4905
12054,details_summary,True,7195
12061,details_summary,True,3517
12063,details_summary,True,41633
12066,details_summary,True,10499
12067,details_summary,True,12701
12069,details_summary,True,15565
12079,details_summary,True,11406
1208,details_summary,True,691
12080,details_summary,True,11406
12082,details_summary,True,11406
12083,details_summary,True,54334
12084,details_summary,True,2654
12085,details_summary,True,11365
12086,details_summary,True,11365
1209,details_summary,True,9325
1210,details_summary,True,6598
12100,details_summary,True,21728
12101,details_summary,True,21683
12108,details_summary,True,23033
1211,details_summary,True,7291
12111,details_summary,True,3879
12112,details_summary,True,3879
12113,details_summary,True,3877
12118,details_summary,True,2577
1212,details_summary,True,166453
12121,details_summary,True,15053
12123,details_summary,True,6135
12129,details_summary,True,9936
12130,details_summary,True,13560
12135,details_summary,True,27888
12137,details_summary,True,17751
12138,details_summary,True,17751
12139,details_summary,True,17751
1214,details_summary,True,9967
12140,details_summary,True,5467
12142,details_summary,True,3980
12143,details_summary,True,7389
12147,details_summary,True,6049
12152,details_summary,True,16516
12153,details_summary,True,32161
12154,details_summary,True,3064
1216,details_summary,True,9613
12168,details_summary,True,10297
1217,details_summary,True,4509
12171,details_summary,True,7826
12173,generic_fallback,True,18869
12179,details_summary,True,12062
1218,details_summary,True,12646
12180,details_summary,True,13383
1219,details_summary,True,15310
12193,details_summary,True,5053
12194,details_summary,True,5053
12195,details_summary,True,29397
12196,details_summary,True,29397
12211,details_summary,True,18155
1222,details_summary,True,11524
12225,details_summary,True,8271
1223,details_summary,True,10292
12236,details_summary,True,815
12238,details_summary,True,15605
12239,details_summary,True,15420
1224,details_summary,True,11622
12240,details_summary,True,15463
12245,details_summary,True,2289
1226,details_summary,True,7197
12262,details_summary,True,13733
12263,details_summary,True,13733
1227,details_summary,True,40208
1229,details_summary,True,953
123,details_summary,True,1451
1230,details_summary,True,953
1231,details_summary,True,953
12318,details_summary,True,9329
12319,details_summary,True,440484
12320,details_summary,True,19214
12321,details_summary,True,19221
12322,details_summary,True,1415
12323,details_summary,True,1416
12324,details_summary,True,1415
12325,details_summary,True,1415
12341,details_summary,True,1254
12348,details_summary,True,4744
12361,details_summary,True,12782
12362,details_summary,True,1369
12372,details_summary,True,11884
12383,details_summary,True,8952
12384,details_summary,True,3906
12385,details_summary,True,9281
12387,details_summary,True,14856
12388,details_summary,True,14856
1239,details_summary,True,13884
12390,details_summary,True,7129
12391,details_summary,True,7399
12395,details_summary,True,8012
12396,details_summary,True,8023
124,details_summary,True,14420
12406,details_summary,True,9281
12407,details_summary,True,9281
1242,details_summary,True,1803
12433,details_summary,True,7993
12443,details_summary,True,17318
12451,details_summary,True,6316
12453,details_summary,True,8314
12454,details_summary,True,13366
12457,details_summary,True,31059
12463,details_summary,True,7991
12465,details_summary,True,8313
12466,details_summary,True,8523
12467,details_summary,True,8352
12468,details_summary,True,16089
12469,details_summary,True,6688
12470,details_summary,True,20296
12474,details_summary,True,2118
12475,details_summary,True,7747
12476,details_summary,True,11042
12481,details_summary,True,16651
12484,details_summary,True,1574
12485,details_summary,True,7693
12486,details_summary,True,7105
12489,details_summary,True,6160
12494,details_summary,True,23194
12495,details_summary,True,8311
12496,details_summary,True,7740
12497,details_summary,True,129878
125,details_summary,True,8017
12500,details_summary,True,9863
12501,details_summary,True,13008
12502,details_summary,True,3269
12503,details_summary,True,5734
12504,details_summary,True,8313
12505,details_summary,True,6920
12506,details_summary,True,7662
12508,details_summary,True,7660
12509,details_summary,True,7663
12511,details_summary,True,2458
12515,details_summary,True,24475
12516,details_summary,True,24475
12517,details_summary,True,24475
12520,details_summary,True,16753
12524,details_summary,True,17839
12525,details_summary,True,5806
12526,details_summary,True,5821
12527,details_summary,True,5828
12528,details_summary,True,7818
12530,details_summary,True,24339
12531,details_summary,True,24377
12547,details_summary,True,6556
12556,details_summary,True,5832
12561,details_summary,True,13784
12562,details_summary,True,8494
12563,details_summary,True,2867
12564,details_summary,True,6598
12565,details_summary,True,6628
12568,details_summary,True,8507
12569,details_summary,True,8508
12571,details_summary,True,22993
12572,details_summary,True,22993
12573,details_summary,True,22978
12574,details_summary,True,22971
12575,details_summary,True,22994
12576,details_summary,True,22994
12577,details_summary,True,22984
12582,details_summary,True,6704
12583,details_summary,True,6932
12584,details_summary,True,7781
12585,details_summary,True,6919
12586,details_summary,True,6918
12588,details_summary,True,56407
126,details_summary,True,7985
1260,details_summary,True,26302
12604,details_summary,True,8812
12605,details_summary,True,7309
12606,details_summary,True,19190
12608,details_summary,True,7392
12609,details_summary,True,7408
12610,details_summary,True,7385
12611,details_summary,True,7409
1262,details_summary,True,53204
12620,details_summary,True,3505
12621,details_summary,True,7053
12622,details_summary,True,6893
12623,details_summary,True,6316
12624,details_summary,True,5432
12625,details_summary,True,7255
12626,details_summary,True,7235
12627,details_summary,True,10245
12628,details_summary,True,4925
12629,details_summary,True,3705
1263,details_summary,True,36152
12630,details_summary,True,6762
12631,details_summary,True,9036
12632,details_summary,True,9031
12633,details_summary,True,8828
12636,details_summary,True,7256
12637,details_summary,True,6284
12639,details_summary,True,12230
12640,details_summary,True,10185
12641,details_summary,True,12269
12642,details_summary,True,12319
12644,details_summary,True,13109
12645,details_summary,True,22993
12646,details_summary,True,22984
12647,details_summary,True,22993
12648,details_summary,True,22978
12649,details_summary,True,22971
1265,details_summary,True,8912
12651,details_summary,True,22994
12652,details_summary,True,22994
12653,details_summary,True,5119
12654,details_summary,True,5119
12657,details_summary,True,3482
12658,details_summary,True,12265
12659,details_summary,True,12454
1266,details_summary,True,8516
12660,details_summary,True,13164
12663,details_summary,True,10383
12664,details_summary,True,10232
12665,details_summary,True,12430
12666,details_summary,True,12454
12669,details_summary,True,21024
12670,details_summary,True,2307
12671,details_summary,True,13123
12672,details_summary,True,13103
12673,details_summary,True,11299
12674,details_summary,True,13584
1268,details_summary,True,8583
12680,details_summary,True,14153
12681,details_summary,True,6132
12682,details_summary,True,14650
12683,details_summary,True,14804
12684,details_summary,True,13201
12686,details_summary,True,8199
12695,details_summary,True,6139
12696,details_summary,True,6778
127,details_summary,True,8018
1270,details_summary,True,9413
12705,details_summary,True,21563
12706,details_summary,True,21570
12707,details_summary,True,2779
1271,details_summary,True,9387
12718,details_summary,True,13106
1272,details_summary,True,9264
12721,details_summary,True,19993
12722,details_summary,True,1673
12723,details_summary,True,18829
12724,details_summary,True,4180
12725,details_summary,True,9753
12731,details_summary,True,16122
12733,details_summary,True,5852
12736,details_summary,True,5996
12737,details_summary,True,7994
12738,details_summary,True,7994
12739,details_summary,True,11500
12741,details_summary,True,11528
12742,details_summary,True,12299
12745,details_summary,True,14282
12746,details_summary,True,8829
12749,details_summary,True,15355
12750,details_summary,True,15279
12753,details_summary,True,14468
12754,details_summary,True,16577
1276,details_summary,True,11642
12764,details_summary,True,3433
12766,details_summary,True,1770
12767,details_summary,True,1793
1277,details_summary,True,9976
12772,details_summary,True,3962
12773,details_summary,True,3917
12774,details_summary,True,3893
12775,details_summary,True,3893
12777,details_summary,True,4696
12778,details_summary,True,4696
12779,details_summary,True,4534
12780,details_summary,True,4549
12781,details_summary,True,4533
12787,details_summary,True,19765
12788,details_summary,True,20939
12789,details_summary,True,4363
1279,details_summary,True,8278
12790,details_summary,True,3547
12794,details_summary,True,7800
12795,details_summary,True,7209
1280,details_summary,True,8061
12800,details_summary,True,4047
12802,details_summary,True,7209
12803,details_summary,True,7209
12805,details_summary,True,19893
12806,details_summary,True,16135
12807,details_summary,True,16124
1281,details_summary,True,15545
12813,details_summary,True,7693
12814,details_summary,True,7693
12815,details_summary,True,14443
12816,details_summary,True,7506
12817,details_summary,True,4744
12818,generic_fallback,True,14154
1282,details_summary,True,1291
12821,details_summary,True,9331
12822,details_summary,True,9331
12823,details_summary,True,9317
12824,details_summary,True,9379
12825,details_summary,True,9333
12826,details_summary,True,9317
12827,details_summary,True,9379
12829,details_summary,True,14315
1283,details_summary,True,2398
12830,details_summary,True,402684
12831,details_summary,True,3798
12833,details_summary,True,11101
12834,details_summary,True,11100
12835,details_summary,True,10212
12836,details_summary,True,18517
12841,details_summary,True,19739
12842,details_summary,True,7629
12843,details_summary,True,1809
12844,details_summary,True,1572
12845,details_summary,True,1552
12846,details_summary,True,1354
12847,details_summary,True,1354
12848,details_summary,True,11713
12849,details_summary,True,11705
1285,details_summary,True,670
12850,details_summary,True,11705
12851,details_summary,True,11719
12852,details_summary,True,11712
12853,details_summary,True,8368
12854,details_summary,True,7185
12857,details_summary,True,29830
12858,details_summary,True,6323
12859,details_summary,True,6323
1286,details_summary,True,9656
12860,details_summary,True,12233
12861,details_summary,True,8265
12862,details_summary,True,945
12865,details_summary,True,19721
12866,details_summary,True,19556
12867,details_summary,True,8594
12868,details_summary,True,8591
12869,details_summary,True,6700
12871,details_summary,True,7629
12872,details_summary,True,13774
12873,details_summary,True,13765
12874,details_summary,True,13774
12876,details_summary,True,6563
12877,details_summary,True,10549
1288,details_summary,True,9448
12880,details_summary,True,18434
12883,details_summary,True,5028
1289,details_summary,True,7068
12890,details_summary,True,5737
12891,details_summary,True,5848
12892,details_summary,True,2155
12893,details_summary,True,4058
12894,details_summary,True,1425
12895,details_summary,True,1455
12896,details_summary,True,7326
12897,details_summary,True,1338
12898,details_summary,True,6683
12899,details_summary,True,2843
1290,details_summary,True,5910
12900,details_summary,True,2863
12901,details_summary,True,715
12902,details_summary,True,5622
12903,details_summary,True,12547
12904,details_summary,True,12582
12905,details_summary,True,11471
12906,details_summary,True,8284
12907,details_summary,True,1839
12908,details_summary,True,1839
12909,details_summary,True,1839
1291,details_summary,True,8245
12910,details_summary,True,1837
12911,details_summary,True,3825
12912,details_summary,True,3824
12913,details_summary,True,1838
12914,details_summary,True,3951
12916,details_summary,True,7427
12917,details_summary,True,7427
12918,details_summary,True,7427
1292,details_summary,True,6143
12922,details_summary,True,24781
12923,details_summary,True,2623
12924,details_summary,True,2622
12925,details_summary,True,4223
1293,details_summary,True,7108
12931,details_summary,True,30855
12932,details_summary,True,5040
12934,details_summary,True,5482
12937,details_summary,True,17103
12938,details_summary,True,16953
1294,details_summary,True,6834
12940,details_summary,True,4354
12941,details_summary,True,2518
12942,details_summary,True,2491
12944,details_summary,True,5391
12946,details_summary,True,1839
12947,details_summary,True,5453
12948,details_summary,True,19214
12949,details_summary,True,19241
1295,details_summary,True,806
12950,details_summary,True,10827
12951,details_summary,True,7135
12952,details_summary,True,7135
12953,details_summary,True,12082
12954,details_summary,True,16620
12955,details_summary,True,16626
12956,details_summary,True,15610
12957,details_summary,True,10263
12958,details_summary,True,8968
12959,details_summary,True,12608
1296,details_summary,True,5060
12960,details_summary,True,6386
12961,details_summary,True,5030
12963,details_summary,True,8527
12964,details_summary,True,7175
12965,details_summary,True,10192
12966,details_summary,True,10192
12967,details_summary,True,10192
12968,details_summary,True,5621
12970,details_summary,True,42005
12971,details_summary,True,9207
12972,details_summary,True,5429
12973,details_summary,True,5422
12974,details_summary,True,5415
12975,details_summary,True,7857
12976,details_summary,True,7857
12977,details_summary,True,7857
1298,details_summary,True,1339
12983,details_summary,True,5865
12985,details_summary,True,2622
12986,details_summary,True,9372
12988,details_summary,True,2866
12989,details_summary,True,11381
12991,details_summary,True,11344
12992,details_summary,True,11344
12993,details_summary,True,11344
12994,details_summary,True,4479
12995,details_summary,True,4410
13,details_summary,True,2434
1300,details_summary,True,627
13003,details_summary,True,128179
13004,details_summary,True,9542
13005,details_summary,True,21244
13008,details_summary,True,7824
13009,details_summary,True,7824
1301,details_summary,True,745
13010,details_summary,True,7824
13011,details_summary,True,7824
13012,details_summary,True,7824
13015,details_summary,True,3744
13016,details_summary,True,7991
13018,details_summary,True,7245
1302,details_summary,True,620
13022,details_summary,True,6529
13023,details_summary,True,3754
13024,details_summary,True,11417
13025,details_summary,True,11435
13026,details_summary,True,11426
13027,details_summary,True,11455
13028,details_summary,True,56358
13029,details_summary,True,5992
13039,details_summary,True,6150
1304,details_summary,True,2349
13044,details_summary,True,3305
13045,details_summary,True,4624
13046,details_summary,True,4252
13049,details_summary,True,1705
1305,details_summary,True,2464
13050,details_summary,True,1695
13051,details_summary,True,14246
13052,details_summary,True,14189
13053,details_summary,True,14191
13054,details_summary,True,11170
13055,details_summary,True,8974
13057,details_summary,True,7081
13058,details_summary,True,9883
1306,details_summary,True,2465
13060,details_summary,True,8579
13061,details_summary,True,8576
13073,details_summary,True,8725
13075,details_summary,True,14512
13077,details_summary,True,15850
13078,details_summary,True,6309
13079,details_summary,True,5278
13080,details_summary,True,5273
13081,details_summary,True,9007
13082,details_summary,True,9179
13083,details_summary,True,5278
13084,details_summary,True,52066
13086,details_summary,True,7346
13087,details_summary,True,19953
13088,details_summary,True,46415
1309,details_summary,True,8766
13091,details_summary,True,6289
13092,generic_fallback,True,5431
13098,details_summary,True,24017
13099,details_summary,True,6177
1310,details_summary,True,11730
13100,details_summary,True,6176
13101,details_summary,True,11942
13103,details_summary,True,1814
13104,details_summary,True,1810
13108,details_summary,True,11796
13110,details_summary,True,6674
13113,details_summary,True,2813
13116,generic_fallback,True,21203
13118,details_summary,True,3226
13119,details_summary,True,1145
1312,details_summary,True,13022
13121,details_summary,True,7328
13125,details_summary,True,4922
13126,details_summary,True,7119
13127,details_summary,True,6523
1313,details_summary,True,4062
13131,details_summary,True,977
13132,details_summary,True,1701
13133,details_summary,True,2426
13135,details_summary,True,3789
13136,details_summary,True,14464
13137,details_summary,True,25028
1314,details_summary,True,4070
13145,details_summary,True,5121
1315,details_summary,True,13152
13150,details_summary,True,4303
13152,details_summary,True,5123
13153,details_summary,True,21704
13154,details_summary,True,7247
13155,details_summary,True,7592
13156,details_summary,True,7117
13157,details_summary,True,6317
13158,details_summary,True,13119
13159,details_summary,True,13111
1316,details_summary,True,6691
13160,details_summary,True,2584
13161,details_summary,True,2584
13162,details_summary,True,6834
13163,details_summary,True,6785
13164,details_summary,True,6738
13165,details_summary,True,2585
13166,details_summary,True,6062
13167,details_summary,True,5469
13168,details_summary,True,5469
13169,details_summary,True,2811
1317,details_summary,True,6982
13170,details_summary,True,2945
13171,details_summary,True,6845
13172,details_summary,True,5676
13173,details_summary,True,9007
13174,details_summary,True,8699
13175,details_summary,True,8684
13176,details_summary,True,2523
13177,details_summary,True,5572
13178,details_summary,True,10175
13179,details_summary,True,10175
1318,details_summary,True,1702
13180,details_summary,True,2912
13181,details_summary,True,847
13182,details_summary,True,1201
13186,details_summary,True,10175
13187,generic_fallback,True,11394
13192,details_summary,True,6922
13193,details_summary,True,6349
13194,details_summary,True,7196
13195,details_summary,True,7196
13196,details_summary,True,10359
13198,details_summary,True,10333
132,details_summary,True,7113
1320,details_summary,True,2386
13200,details_summary,True,5317
13201,details_summary,True,5113
13202,details_summary,True,10321
13203,details_summary,True,773
13204,details_summary,True,773
13205,details_summary,True,652
13206,details_summary,True,652
13207,details_summary,True,7997
13208,details_summary,True,2378
13209,details_summary,True,33964
1321,details_summary,True,3797
13210,details_summary,True,33992
13215,details_summary,True,16483
13216,details_summary,True,13481
13217,details_summary,True,16559
13218,details_summary,True,33941
13219,details_summary,True,33942
13220,details_summary,True,33942
13221,details_summary,True,16470
13222,details_summary,True,7841
13223,details_summary,True,3320
1323,details_summary,True,9605
13232,details_summary,True,33783
13233,details_summary,True,33773
13234,details_summary,True,33772
13235,details_summary,True,8062
13236,details_summary,True,8118
13237,details_summary,True,5317
13238,details_summary,True,5303
13239,details_summary,True,4970
1324,details_summary,True,8054
13240,details_summary,True,4970
13241,details_summary,True,4969
13242,details_summary,True,9748
13243,details_summary,True,6627
13244,details_summary,True,33715
13246,details_summary,True,33935
13247,details_summary,True,33699
1325,details_summary,True,745
13254,generic_fallback,True,4961
13255,details_summary,True,10863
13256,details_summary,True,47576
13257,details_summary,True,15651
13258,details_summary,True,15735
13259,details_summary,True,16204
1326,details_summary,True,9176
13260,details_summary,True,9101
13261,generic_fallback,True,6244
13262,details_summary,True,13108
13263,details_summary,True,7262
13264,details_summary,True,2558
13265,details_summary,True,2563
13267,details_summary,True,55795
13269,details_summary,True,9871
1327,details_summary,True,9239
13271,details_summary,True,11967
13272,details_summary,True,11975
13273,details_summary,True,11959
13274,details_summary,True,11959
13275,details_summary,True,17508
13276,details_summary,True,16854
13277,details_summary,True,5203
13278,details_summary,True,19133
13279,details_summary,True,9123
13280,details_summary,True,4311
13281,details_summary,True,3565
13282,details_summary,True,9698
13283,details_summary,True,9693
133,details_summary,True,3368
13304,details_summary,True,9981
13305,details_summary,True,10016
13306,details_summary,True,10016
13307,details_summary,True,22147
13308,details_summary,True,22150
13310,details_summary,True,6128
13311,details_summary,True,6116
13312,details_summary,True,6134
13313,details_summary,True,6131
13314,details_summary,True,3323
13315,details_summary,True,3323
13316,details_summary,True,5941
13317,details_summary,True,20091
13318,details_summary,True,20766
13319,details_summary,True,20120
13320,details_summary,True,4274
13321,details_summary,True,4273
13322,details_summary,True,4258
13323,details_summary,True,6693
13324,details_summary,True,9313
13325,details_summary,True,5076
13326,details_summary,True,5076
13327,details_summary,True,6171
13330,details_summary,True,30037
13332,details_summary,True,7548
13333,details_summary,True,1694
13334,details_summary,True,13101
13336,details_summary,True,13082
13342,details_summary,True,13566
13343,details_summary,True,13564
13344,details_summary,True,13564
13345,details_summary,True,2320
13346,details_summary,True,2964
13347,details_summary,True,8594
13348,details_summary,True,8586
13349,details_summary,True,5292
13350,details_summary,True,8493
13351,details_summary,True,8485
13352,details_summary,True,8485
13353,details_summary,True,10287
13354,details_summary,True,7495
13355,details_summary,True,7495
13356,details_summary,True,1098
13357,details_summary,True,14449
13358,details_summary,True,14447
13359,details_summary,True,7217
13360,details_summary,True,3300
13362,details_summary,True,7933
13369,details_summary,True,11464
13371,details_summary,True,23769
13372,details_summary,True,3664
13373,details_summary,True,13368
13374,details_summary,True,13223
13376,details_summary,True,13207
13377,details_summary,True,13219
13378,details_summary,True,13083
13379,details_summary,True,5238
13382,details_summary,True,12421
13383,details_summary,True,12425
13384,details_summary,True,12426
13385,details_summary,True,12426
13386,details_summary,True,16889
13387,details_summary,True,12880
13388,details_summary,True,13076
13390,details_summary,True,13076
13391,details_summary,True,17630
13392,details_summary,True,7306
13397,details_summary,True,7306
134,details_summary,True,1968
13401,details_summary,True,7707
13402,details_summary,True,16898
13403,details_summary,True,16906
13404,details_summary,True,16907
13405,details_summary,True,16907
13406,details_summary,True,16907
13407,details_summary,True,16907
13408,details_summary,True,16907
13409,details_summary,True,12887
1341,details_summary,True,639
13411,details_summary,True,7287
13412,details_summary,True,13169
13413,details_summary,True,13034
13414,details_summary,True,13041
13417,details_summary,True,11388
13419,details_summary,True,8240
1342,details_summary,True,639
13420,details_summary,True,18042
13421,details_summary,True,12524
13422,details_summary,True,12534
13423,details_summary,True,12573
13424,details_summary,True,12505
13425,details_summary,True,12515
13426,details_summary,True,12581
13427,details_summary,True,12534
13428,details_summary,True,12532
13429,details_summary,True,14395
13430,details_summary,True,4405
13431,details_summary,True,9894
13432,details_summary,True,9886
13433,details_summary,True,7116
13434,details_summary,True,7132
13435,details_summary,True,12030
13436,details_summary,True,21475
13437,details_summary,True,7796
13438,details_summary,True,7790
13439,details_summary,True,14309
1344,generic_fallback,True,7803
13440,details_summary,True,14309
13441,details_summary,True,14309
13442,details_summary,True,14315
13443,details_summary,True,14309
13444,details_summary,True,14309
13446,details_summary,True,8715
1345,details_summary,True,8709
13450,details_summary,True,4857
13451,details_summary,True,13630
13453,details_summary,True,8557
13454,details_summary,True,22277
13455,details_summary,True,15326
13456,details_summary,True,15060
13457,details_summary,True,15053
13458,details_summary,True,15056
1346,details_summary,True,4979
13461,details_summary,True,26731
13462,details_summary,True,12724
13463,details_summary,True,12724
13464,details_summary,True,12725
13465,details_summary,True,12724
13466,details_summary,True,1990
13469,details_summary,True,7692
1347,details_summary,True,21951
13470,details_summary,True,11351
13471,details_summary,True,15346
13472,details_summary,True,6655
13474,details_summary,True,15347
13476,details_summary,True,9780
13477,details_summary,True,11350
13478,details_summary,True,11350
13479,details_summary,True,18048
13482,details_summary,True,6503
13483,details_summary,True,14905
13486,details_summary,True,9781
1349,details_summary,True,774
13493,details_summary,True,13595
13494,details_summary,True,3832
13495,details_summary,True,2508
13496,details_summary,True,662
13497,details_summary,True,8245
13498,details_summary,True,9083
13499,details_summary,True,6413
13500,details_summary,True,6451
13501,details_summary,True,7427
13502,details_summary,True,21434
13503,details_summary,True,6371
13504,details_summary,True,6380
13505,details_summary,True,6381
13506,details_summary,True,6381
13507,details_summary,True,1980
13508,details_summary,True,1979
13509,details_summary,True,3858
1351,details_summary,True,1007
13510,details_summary,True,3859
13511,details_summary,True,1562
13512,details_summary,True,907
13513,details_summary,True,907
13514,details_summary,True,3669
13515,details_summary,True,17525
13516,details_summary,True,13159
13517,details_summary,True,13159
13518,details_summary,True,27290
13519,details_summary,True,27280
1352,details_summary,True,1008
13520,details_summary,True,27260
13521,details_summary,True,4259
13522,details_summary,True,4266
13523,details_summary,True,21766
13524,details_summary,True,21682
13525,details_summary,True,5394
13526,details_summary,True,5394
13527,details_summary,True,1186
13528,details_summary,True,1186
13529,details_summary,True,7383
1353,details_summary,True,8902
13530,details_summary,True,7096
13531,details_summary,True,20238
13532,details_summary,True,2660
13533,details_summary,True,2549
13534,details_summary,True,9754
13535,details_summary,True,22571
13536,details_summary,True,16296
13537,details_summary,True,22571
13538,details_summary,True,18894
13539,details_summary,True,10450
1354,details_summary,True,3046
13540,details_summary,True,10416
13541,details_summary,True,9274
13542,details_summary,True,6033
13543,details_summary,True,6482
13544,details_summary,True,15799
13545,details_summary,True,15799
13546,details_summary,True,15839
13547,details_summary,True,5538
13548,generic_fallback,True,19404
13549,details_summary,True,9914
13550,details_summary,True,10042
13551,details_summary,True,9914
13552,details_summary,True,15243
13553,details_summary,True,9142
13554,details_summary,True,9799
13555,details_summary,True,10366
1356,details_summary,True,1094
13560,details_summary,True,27970
13561,details_summary,True,12145
13562,details_summary,True,16328
13563,details_summary,True,15704
13564,details_summary,True,18960
13565,details_summary,True,11362
13566,details_summary,True,21827
13567,details_summary,True,6059
13568,details_summary,True,2550
13569,details_summary,True,17388
1357,details_summary,True,5639
13571,generic_fallback,True,12775
13572,generic_fallback,True,14783
13573,details_summary,True,232844
13574,details_summary,True,8967
13575,details_summary,True,17003
13576,details_summary,True,16928
13577,details_summary,True,16909
13578,details_summary,True,16896
13579,details_summary,True,8280
1358,details_summary,True,29415
13580,details_summary,True,20461
13581,details_summary,True,18239
13582,details_summary,True,18907
13583,details_summary,True,14301
13584,details_summary,True,4694
13585,details_summary,True,4691
13586,details_summary,True,4688
13587,details_summary,True,24803
13588,details_summary,True,25303
13589,details_summary,True,24748
1359,details_summary,True,6533
13590,details_summary,True,18421
13591,details_summary,True,18416
13592,details_summary,True,19252
13593,details_summary,True,19254
13595,details_summary,True,3980
13596,details_summary,True,9406
13599,details_summary,True,16340
1360,details_summary,True,6541
13600,details_summary,True,27970
13601,details_summary,True,27600
13602,details_summary,True,12199
13603,details_summary,True,12247
13604,details_summary,True,12300
13605,details_summary,True,15704
13606,details_summary,True,15696
13607,details_summary,True,15703
13608,details_summary,True,6058
13609,details_summary,True,6058
1361,details_summary,True,10271
13610,details_summary,True,2550
13611,details_summary,True,2550
13612,details_summary,True,17388
13613,details_summary,True,17388
13614,details_summary,True,17388
13615,details_summary,True,17388
13616,details_summary,True,17388
13617,details_summary,True,17388
13618,details_summary,True,17388
1362,details_summary,True,10272
13626,details_summary,True,8922
13627,details_summary,True,11356
13628,details_summary,True,11911
13629,details_summary,True,11895
13630,details_summary,True,11911
13631,details_summary,True,11911
13632,details_summary,True,11911
13633,details_summary,True,6394
13634,details_summary,True,6394
13635,details_summary,True,6394
13636,details_summary,True,6011
13637,details_summary,True,2585
13638,details_summary,True,2588
13639,details_summary,True,2578
13640,details_summary,True,8344
13641,details_summary,True,9949
13642,details_summary,True,10289
13643,details_summary,True,10290
13644,details_summary,True,10290
13646,details_summary,True,31710
13647,details_summary,True,31966
13648,details_summary,True,8269
13649,details_summary,True,3807
1365,details_summary,True,10860
13650,details_summary,True,31967
13651,details_summary,True,9363
13652,details_summary,True,9363
13653,details_summary,True,34286
13654,details_summary,True,12841
13655,details_summary,True,16612
13656,details_summary,True,11945
13659,details_summary,True,26009
1366,details_summary,True,4744
13660,details_summary,True,13058
13661,details_summary,True,13051
13662,details_summary,True,13073
13663,details_summary,True,8922
13664,details_summary,True,8922
13666,details_summary,True,1291
13667,details_summary,True,1351
13668,details_summary,True,2639
13669,details_summary,True,23319
1367,details_summary,True,2566
13670,details_summary,True,23319
13672,details_summary,True,6279
13673,details_summary,True,6279
13674,details_summary,True,6279
13675,details_summary,True,6279
13676,details_summary,True,3663
13677,details_summary,True,13142
13678,details_summary,True,7412
13679,details_summary,True,8665
1368,details_summary,True,17932
13680,details_summary,True,8777
13681,details_summary,True,7192
13683,details_summary,True,13595
13684,details_summary,True,13594
13686,details_summary,True,17961
13687,details_summary,True,13184
13688,details_summary,True,13185
13689,details_summary,True,7501
1369,details_summary,True,1417
13690,details_summary,True,14983
13691,details_summary,True,2937
13692,details_summary,True,8789
13693,details_summary,True,8652
13694,details_summary,True,3000
13696,details_summary,True,4606
13697,details_summary,True,5112
13698,details_summary,True,858
137,details_summary,True,5816
1370,details_summary,True,3054
13700,details_summary,True,1764
13701,details_summary,True,14182
13703,details_summary,True,3565
13704,details_summary,True,3565
13705,details_summary,True,3565
13707,details_summary,True,8189
13710,details_summary,True,83183
13711,details_summary,True,80007
13712,details_summary,True,80007
13713,details_summary,True,80018
13714,details_summary,True,81495
13715,details_summary,True,80007
13716,details_summary,True,80018
13717,details_summary,True,10365
1372,details_summary,True,5526
13722,details_summary,True,12985
13723,details_summary,True,12977
13724,details_summary,True,12976
13725,details_summary,True,8714
13726,details_summary,True,8714
13727,details_summary,True,8714
13728,details_summary,True,8714
13729,details_summary,True,4985
1373,details_summary,True,10745
13730,details_summary,True,5368
13731,details_summary,True,5385
13732,details_summary,True,5385
13735,details_summary,True,5586
13737,details_summary,True,15890
13738,details_summary,True,15874
13739,details_summary,True,15872
1374,details_summary,True,10718
13740,details_summary,True,15871
13741,details_summary,True,14586
13742,details_summary,True,8658
13743,details_summary,True,8657
13744,details_summary,True,9196
13745,details_summary,True,23309
13747,details_summary,True,19955
13748,details_summary,True,20617
13749,details_summary,True,19973
1375,details_summary,True,3808
13750,details_summary,True,15984
13752,details_summary,True,6312
13753,details_summary,True,6302
13754,details_summary,True,138927
13755,details_summary,True,11527
13756,details_summary,True,12652
13757,details_summary,True,4312
13758,details_summary,True,4760
13759,details_summary,True,4771
13760,details_summary,True,4590
13761,details_summary,True,17026
13762,details_summary,True,6670
13765,details_summary,True,7930
13766,details_summary,True,9471
13768,details_summary,True,11065
13769,details_summary,True,4164
13770,details_summary,True,46021
13771,details_summary,True,12716
13773,details_summary,True,20783
13774,details_summary,True,10139
13775,details_summary,True,10138
13776,details_summary,True,21305
13777,details_summary,True,21620
13778,details_summary,True,21640
13779,details_summary,True,46032
13780,details_summary,True,45371
13781,details_summary,True,45945
13782,details_summary,True,45372
13786,details_summary,True,835
13787,details_summary,True,2937
13788,details_summary,True,15195
13789,details_summary,True,13665
1379,details_summary,True,267
13790,details_summary,True,13665
13793,details_summary,True,10294
13796,details_summary,True,7522
13797,details_summary,True,15090
13798,details_summary,True,5055
13799,details_summary,True,18562
138,details_summary,True,7912
1380,details_summary,True,3938
13800,details_summary,True,18563
13801,details_summary,True,18563
13802,details_summary,True,18585
13803,details_summary,True,18563
13804,details_summary,True,30054
13806,details_summary,True,21253
13807,details_summary,True,24805
13809,details_summary,True,15418
1381,details_summary,True,3870
13810,details_summary,True,15098
13811,details_summary,True,15393
13812,details_summary,True,15088
13815,details_summary,True,5762
13816,details_summary,True,14139
13817,details_summary,True,15063
13818,details_summary,True,15063
13819,details_summary,True,3779
1382,details_summary,True,267
13820,details_summary,True,3779
13821,details_summary,True,7429
13822,details_summary,True,7429
13823,details_summary,True,7429
13824,details_summary,True,20536
13827,details_summary,True,13872
13829,details_summary,True,3786
1383,details_summary,True,4125
13830,details_summary,True,8410
13833,details_summary,True,7020
13834,details_summary,True,14985
13835,details_summary,True,7997
13842,details_summary,True,16087
13845,details_summary,True,9922
13846,details_summary,True,9940
13847,details_summary,True,7318
13848,details_summary,True,7992
13849,details_summary,True,6837
1385,details_summary,True,6985
13851,details_summary,True,5646
13852,details_summary,True,3216
13853,details_summary,True,3200
13854,details_summary,True,13805
13858,details_summary,True,13756
1386,details_summary,True,7001
13861,details_summary,True,8206
13862,details_summary,True,13207
13863,details_summary,True,10110
13864,details_summary,True,8391
13866,details_summary,True,9334
13867,details_summary,True,6047
13868,details_summary,True,4392
1387,details_summary,True,9813
13873,details_summary,True,22085
13874,details_summary,True,5131
13875,details_summary,True,9862
13876,details_summary,True,9870
13877,details_summary,True,9876
13878,details_summary,True,3571
13879,details_summary,True,5687
1388,generic_fallback,True,17983
13881,details_summary,True,5143
13882,details_summary,True,1049
13883,details_summary,True,14644
13884,details_summary,True,14469
13885,details_summary,True,9341
13886,details_summary,True,9165
13888,details_summary,True,11379
13889,details_summary,True,11365
13890,details_summary,True,6118
13891,details_summary,True,6118
13892,details_summary,True,7649
13893,details_summary,True,7622
13894,details_summary,True,3948
13895,details_summary,True,3948
13896,details_summary,True,11652
13898,details_summary,True,11752
13899,details_summary,True,2300
139,details_summary,True,8723
13900,details_summary,True,2270
13902,details_summary,True,1391
13903,details_summary,True,13560
13904,details_summary,True,13555
13906,details_summary,True,9508
13907,details_summary,True,6562
13908,details_summary,True,3957
13910,details_summary,True,14112
13911,details_summary,True,14096
13912,details_summary,True,14017
13913,details_summary,True,16049
13914,details_summary,True,16048
1392,details_summary,True,14189
13920,details_summary,True,80329
13921,details_summary,True,76546
13922,details_summary,True,74020
13923,details_summary,True,74181
13924,details_summary,True,80148
13925,details_summary,True,74446
13926,details_summary,True,74458
13927,details_summary,True,4301
13928,details_summary,True,3958
13929,details_summary,True,11408
1393,details_summary,True,9174
13930,details_summary,True,18087
13931,details_summary,True,10347
13932,details_summary,True,10347
13935,details_summary,True,397252
13936,details_summary,True,7482
13937,details_summary,True,4910
13939,details_summary,True,5993
1394,details_summary,True,6950
13940,details_summary,True,79426
13941,details_summary,True,79710
13942,details_summary,True,79548
13943,details_summary,True,79548
13945,details_summary,True,79548
13946,details_summary,True,79549
13947,details_summary,True,79548
13954,details_summary,True,9922
13955,details_summary,True,9919
13959,details_summary,True,2665
1396,details_summary,True,9784
13960,details_summary,True,8144
13965,details_summary,True,579224
13966,details_summary,True,5043
1397,details_summary,True,15328
13970,details_summary,True,10169
13971,details_summary,True,6517
13972,details_summary,True,10370
13973,details_summary,True,10364
13974,details_summary,True,10402
13975,details_summary,True,10382
13976,details_summary,True,10410
13977,details_summary,True,10406
13979,details_summary,True,6364
13980,details_summary,True,6364
13984,details_summary,True,13011
13986,details_summary,True,10325
13987,details_summary,True,702
13988,details_summary,True,9462
13989,details_summary,True,6993
13990,details_summary,True,10038
13991,details_summary,True,10042
13992,details_summary,True,842
13993,details_summary,True,8487
13994,details_summary,True,10170
13995,details_summary,True,16632
13996,details_summary,True,16668
13997,details_summary,True,16664
13999,details_summary,True,5619
14,details_summary,True,2434
140,details_summary,True,8682
14000,details_summary,True,10617
14001,details_summary,True,30254
14002,generic_fallback,True,19323
14003,details_summary,True,6325
14004,details_summary,True,6325
14005,details_summary,True,6285
14006,details_summary,True,6325
14007,details_summary,True,16841
14008,details_summary,True,10711
14009,details_summary,True,10711
1401,details_summary,True,10661
14010,details_summary,True,13187
14011,details_summary,True,5977
14012,details_summary,True,5976
14013,details_summary,True,5976
14014,details_summary,True,5977
14015,details_summary,True,5977
14017,details_summary,True,6933
14018,details_summary,True,7111
14019,details_summary,True,7269
1402,details_summary,True,6529
14020,details_summary,True,14152
14022,details_summary,True,14140
14023,details_summary,True,9081
14034,details_summary,True,13161
14035,details_summary,True,34561
14036,details_summary,True,34561
14037,details_summary,True,34561
14038,details_summary,True,15207
14039,details_summary,True,8858
1404,details_summary,True,6638
14049,details_summary,True,10445
1405,details_summary,True,6643
14050,details_summary,True,10969
14051,details_summary,True,10324
14052,details_summary,True,15022
14053,details_summary,True,15039
14054,details_summary,True,15038
14055,details_summary,True,15031
14056,details_summary,True,14727
14057,details_summary,True,14719
14058,details_summary,True,14728
14059,details_summary,True,14727
14060,details_summary,True,3633
14064,details_summary,True,4570
14068,details_summary,True,12762
14069,details_summary,True,6080
14070,details_summary,True,6088
14072,details_summary,True,11130
14073,details_summary,True,11130
14074,details_summary,True,11130
14075,details_summary,True,15129
14076,details_summary,True,15129
14077,details_summary,True,15018
14078,details_summary,True,15017
14079,details_summary,True,15116
14081,details_summary,True,10774
14082,details_summary,True,10774
14084,details_summary,True,10655
14085,details_summary,True,10670
14089,details_summary,True,25820
14090,details_summary,True,25812
14091,details_summary,True,25820
14092,details_summary,True,25812
14093,details_summary,True,25820
14094,details_summary,True,9402
14095,details_summary,True,10753
14096,details_summary,True,10778
14097,details_summary,True,10775
14098,details_summary,True,9455
14099,details_summary,True,9494
141,details_summary,True,7012
1410,details_summary,True,9342
14100,details_summary,True,9463
14101,details_summary,True,25820
14102,details_summary,True,4234
14103,details_summary,True,2821
14104,details_summary,True,15781
14105,details_summary,True,6281
14106,details_summary,True,6469
14107,details_summary,True,6479
14108,details_summary,True,5789
14109,details_summary,True,5851
1411,details_summary,True,2358
14110,details_summary,True,5819
14111,details_summary,True,55008
14112,details_summary,True,51671
14116,details_summary,True,16207
14117,details_summary,True,16399
14119,details_summary,True,2338
1412,details_summary,True,3309
14120,details_summary,True,16161
14121,details_summary,True,16161
14122,details_summary,True,11650
14126,details_summary,True,16025
14132,details_summary,True,12648
14133,details_summary,True,12657
14143,details_summary,True,10543
14144,details_summary,True,10544
14145,details_summary,True,7891
14146,details_summary,True,7838
14147,details_summary,True,3847
14148,details_summary,True,3847
14149,details_summary,True,6767
1415,details_summary,True,17763
14150,details_summary,True,2689
14151,details_summary,True,7076
14152,details_summary,True,7291
14153,details_summary,True,8760
14154,details_summary,True,8726
14157,details_summary,True,14962
14158,details_summary,True,14968
14159,details_summary,True,13115
1416,details_summary,True,10696
14160,details_summary,True,20863
14161,details_summary,True,7610
14162,details_summary,True,7612
14163,details_summary,True,7621
14164,details_summary,True,10459
14165,details_summary,True,10939
14166,details_summary,True,14678
14167,details_summary,True,14671
14168,details_summary,True,14671
14169,details_summary,True,12526
1417,details_summary,True,17891
14170,details_summary,True,12122
14172,details_summary,True,18137
14173,details_summary,True,4621
14174,details_summary,True,3507
14175,details_summary,True,3507
14178,details_summary,True,8389
14179,details_summary,True,11305
14180,details_summary,True,13239
14182,details_summary,True,8676
14183,details_summary,True,11195
14184,details_summary,True,8506
14185,details_summary,True,11055
14186,details_summary,True,9497
14187,details_summary,True,2441
14189,details_summary,True,11185
14191,details_summary,True,3911
14192,details_summary,True,13328
14193,details_summary,True,5710
14194,details_summary,True,79283
14195,details_summary,True,81384
14196,details_summary,True,81329
14197,details_summary,True,81328
14198,details_summary,True,81327
14199,details_summary,True,11055
142,details_summary,True,8289
1420,details_summary,True,10985
14200,details_summary,True,8623
14207,details_summary,True,17039
14208,details_summary,True,6465
14209,details_summary,True,6465
1421,details_summary,True,5984
14210,details_summary,True,41564
14211,details_summary,True,41562
14212,details_summary,True,41565
14213,details_summary,True,16990
14214,details_summary,True,9345
14215,details_summary,True,6728
14216,details_summary,True,6792
14217,details_summary,True,8472
14218,details_summary,True,8472
14219,details_summary,True,22380
1422,details_summary,True,8548
14220,details_summary,True,22395
14221,details_summary,True,46718
14222,details_summary,True,13903
14223,details_summary,True,9235
14224,details_summary,True,10459
14225,details_summary,True,20912
14226,details_summary,True,21174
14227,details_summary,True,9689
14228,details_summary,True,9711
14229,details_summary,True,1238
1423,details_summary,True,16333
14230,details_summary,True,15180
14231,details_summary,True,1312
14232,details_summary,True,21202
14233,details_summary,True,14708
14234,details_summary,True,14708
14235,details_summary,True,14708
14236,details_summary,True,14642
14238,details_summary,True,7742
14239,details_summary,True,7591
14240,details_summary,True,7449
14241,details_summary,True,30683
14243,details_summary,True,9938
14244,details_summary,True,12930
14245,details_summary,True,12927
14246,details_summary,True,99856
14247,details_summary,True,72891
14248,details_summary,True,10522
14249,details_summary,True,81375
1425,details_summary,True,5628
14250,details_summary,True,81345
14252,details_summary,True,2001
14253,details_summary,True,2001
14254,details_summary,True,8661
14255,details_summary,True,11987
14256,details_summary,True,4831
14257,details_summary,True,8654
14258,details_summary,True,6783
14259,details_summary,True,14798
14260,details_summary,True,4063
14261,details_summary,True,7316
14262,details_summary,True,7317
14263,details_summary,True,7341
14264,details_summary,True,50942
14266,details_summary,True,14671
14267,details_summary,True,50942
14268,details_summary,True,50942
14269,details_summary,True,50894
1427,details_summary,True,2978
14270,details_summary,True,16388
14272,details_summary,True,19485
14273,details_summary,True,19492
14274,details_summary,True,12841
14275,details_summary,True,13885
14276,details_summary,True,6302
14277,details_summary,True,6649
14278,details_summary,True,1958
1428,details_summary,True,4652
14283,details_summary,True,13772
14284,details_summary,True,13750
14285,details_summary,True,1274
14286,details_summary,True,79480
14287,details_summary,True,79632
14288,details_summary,True,79478
14289,details_summary,True,79605
1429,details_summary,True,4652
14290,details_summary,True,79647
14291,details_summary,True,79647
14292,details_summary,True,79537
14293,details_summary,True,7234
14294,details_summary,True,7235
14295,details_summary,True,7210
14296,details_summary,True,14509
14297,details_summary,True,4156
14298,details_summary,True,2850
14299,details_summary,True,7171
143,details_summary,True,7242
1430,details_summary,True,1914
14300,details_summary,True,10280
14303,details_summary,True,4424
14304,details_summary,True,17380
14305,details_summary,True,3316
14306,details_summary,True,7149
14307,details_summary,True,5156
14308,details_summary,True,5538
14309,details_summary,True,8065
14310,details_summary,True,8065
14311,details_summary,True,13868
14312,details_summary,True,13901
14313,details_summary,True,9860
14314,details_summary,True,9844
14315,details_summary,True,5359
14316,details_summary,True,14784
14317,details_summary,True,8916
14318,details_summary,True,8843
14319,details_summary,True,15043
14320,details_summary,True,7047
14321,details_summary,True,2913
14322,details_summary,True,1986
14323,details_summary,True,3840
14324,details_summary,True,3831
14326,details_summary,True,21225
14327,details_summary,True,21257
14328,details_summary,True,21071
14329,details_summary,True,14734
1433,details_summary,True,2209
14330,details_summary,True,14733
14331,details_summary,True,14733
14332,details_summary,True,14746
14333,details_summary,True,3225
14334,details_summary,True,13643
14335,details_summary,True,13645
14336,details_summary,True,13653
14337,details_summary,True,7534
14338,details_summary,True,13912
14339,details_summary,True,2507
14340,details_summary,True,2507
14341,details_summary,True,2675
14342,details_summary,True,4426
14343,details_summary,True,1788
14345,details_summary,True,8724
14346,details_summary,True,6111
14347,details_summary,True,6092
14348,details_summary,True,7046
14349,details_summary,True,7044
14351,details_summary,True,6048
14352,details_summary,True,6475
14353,details_summary,True,6604
14354,details_summary,True,4242
14355,details_summary,True,7243
14356,details_summary,True,7209
14357,details_summary,True,7244
14358,details_summary,True,15139
14359,details_summary,True,15097
14360,details_summary,True,15157
14362,details_summary,True,2088
14363,details_summary,True,6439
14364,details_summary,True,9872
14365,details_summary,True,11553
14366,details_summary,True,14165
14367,details_summary,True,1964
14368,details_summary,True,1799
14370,details_summary,True,15107
14371,details_summary,True,15107
14372,generic_fallback,True,19461
14373,details_summary,True,2913
14374,details_summary,True,3370
14375,details_summary,True,4893
14378,details_summary,True,4831
14379,details_summary,True,9062
14380,details_summary,True,13380
14381,details_summary,True,10927
14382,details_summary,True,5735
14383,generic_fallback,True,11174
14384,generic_fallback,True,11176
14385,generic_fallback,True,11175
14386,details_summary,True,14820
14387,details_summary,True,1955
14388,details_summary,True,12568
14389,details_summary,True,12552
1439,details_summary,True,2271
14390,details_summary,True,31238
14391,details_summary,True,1151
14392,details_summary,True,1130
14393,details_summary,True,1147
14394,details_summary,True,9668
14395,details_summary,True,1794
14396,details_summary,True,15099
14397,details_summary,True,1785
14398,details_summary,True,51016
14399,details_summary,True,50923
14400,details_summary,True,50660
14401,details_summary,True,50860
14402,details_summary,True,51100
14403,details_summary,True,4096
14404,details_summary,True,4096
14407,details_summary,True,6241
14408,details_summary,True,6202
14409,details_summary,True,8691
14410,details_summary,True,8691
14411,details_summary,True,8691
14419,details_summary,True,13015
1442,details_summary,True,17450
14420,details_summary,True,31249
14422,details_summary,True,9808
14423,details_summary,True,9022
14424,details_summary,True,16894
14426,details_summary,True,18201
14427,details_summary,True,9464
14428,details_summary,True,6000
14429,details_summary,True,11374
14430,details_summary,True,11629
14431,details_summary,True,11640
14432,details_summary,True,11352
14433,details_summary,True,7314
14434,details_summary,True,2083
14435,details_summary,True,80665
14437,details_summary,True,80650
14438,details_summary,True,80669
14439,details_summary,True,80628
1444,details_summary,True,9190
14440,details_summary,True,80670
14441,details_summary,True,80655
14442,details_summary,True,80585
14443,details_summary,True,17179
14444,details_summary,True,6538
14445,details_summary,True,1086
14447,details_summary,True,7713
1445,details_summary,True,9336
14454,details_summary,True,22146
14455,details_summary,True,9277
14456,details_summary,True,2574
14458,details_summary,True,2668
1446,details_summary,True,9122
14460,details_summary,True,8924
14461,details_summary,True,8757
14462,details_summary,True,12878
14463,details_summary,True,11620
14464,details_summary,True,7071
14465,details_summary,True,9333
14466,details_summary,True,13468
14467,details_summary,True,13464
14468,details_summary,True,13495
14469,details_summary,True,13495
1447,details_summary,True,4056
14470,details_summary,True,13495
14471,details_summary,True,3310
14472,details_summary,True,3357
14473,details_summary,True,6558
14474,details_summary,True,6543
14475,details_summary,True,2097
14477,details_summary,True,11739
14478,details_summary,True,11739
14479,details_summary,True,12702
14480,details_summary,True,7313
14481,details_summary,True,9987
14482,details_summary,True,9987
14483,details_summary,True,8119
14484,details_summary,True,8062
14485,details_summary,True,8088
14487,details_summary,True,6423
14488,details_summary,True,6423
14489,details_summary,True,6499
14490,details_summary,True,4245
14491,details_summary,True,28556
14492,details_summary,True,28556
14493,details_summary,True,28245
14494,details_summary,True,28401
14495,details_summary,True,5720
14496,details_summary,True,5720
14497,details_summary,True,4537
14498,details_summary,True,19175
14499,details_summary,True,11575
145,details_summary,True,2660
1450,details_summary,True,1792
14500,details_summary,True,26096
14502,details_summary,True,20751
14503,details_summary,True,20730
14504,details_summary,True,20730
14505,details_summary,True,20730
14506,details_summary,True,8059
1451,details_summary,True,1792
14512,details_summary,True,11141
14513,details_summary,True,6218
14515,details_summary,True,11082
14516,details_summary,True,9865
14517,details_summary,True,9856
14518,details_summary,True,9828
14519,details_summary,True,17151
1452,details_summary,True,10111
14520,details_summary,True,17371
14521,details_summary,True,17302
14522,details_summary,True,23806
14523,details_summary,True,23885
14524,details_summary,True,23806
14525,details_summary,True,23933
14526,details_summary,True,21301
14527,details_summary,True,23809
14528,details_summary,True,21312
14529,details_summary,True,21234
1453,details_summary,True,10114
14530,details_summary,True,20833
14531,details_summary,True,17929
14532,details_summary,True,11641
14533,details_summary,True,18563
14534,details_summary,True,18885
14535,details_summary,True,15441
14536,details_summary,True,18855
14537,details_summary,True,18839
14538,details_summary,True,10817
14539,details_summary,True,11333
1454,details_summary,True,10159
14544,details_summary,True,29741
14545,details_summary,True,29711
14546,details_summary,True,18407
14547,details_summary,True,19314
14548,details_summary,True,16976
14549,details_summary,True,18948
1455,details_summary,True,4321
14550,details_summary,True,8769
14551,details_summary,True,9222
14553,details_summary,True,17362
14554,details_summary,True,20808
14555,details_summary,True,11574
14556,details_summary,True,11575
14557,details_summary,True,26101
14558,details_summary,True,11575
14559,details_summary,True,10383
14561,details_summary,True,10441
14562,details_summary,True,24588
14563,details_summary,True,10415
14564,details_summary,True,7834
14565,generic_fallback,True,11106
14566,details_summary,True,13904
14567,generic_fallback,True,11234
14568,details_summary,True,8015
14569,details_summary,True,11380
14570,details_summary,True,11383
14571,details_summary,True,7695
14572,details_summary,True,4113
14573,details_summary,True,7685
14574,details_summary,True,7685
14575,details_summary,True,356767
14576,details_summary,True,7048
14579,details_summary,True,4701
14580,details_summary,True,4675
14582,details_summary,True,80658
14583,details_summary,True,80662
14584,details_summary,True,80649
14585,details_summary,True,80651
14586,details_summary,True,79101
14587,details_summary,True,79120
14588,details_summary,True,83289
14589,details_summary,True,5489
14590,details_summary,True,29368
14591,details_summary,True,29519
14592,details_summary,True,3971
14593,details_summary,True,6033
14595,details_summary,True,15056
14596,details_summary,True,21071
14597,details_summary,True,1151
14598,details_summary,True,1147
14599,details_summary,True,1130
146,details_summary,True,3195
1460,details_summary,True,3958
14600,details_summary,True,15990
14601,details_summary,True,16374
14602,details_summary,True,16335
14603,details_summary,True,16240
14604,details_summary,True,1377
14606,details_summary,True,8213
14607,details_summary,True,14905
14608,details_summary,True,14891
14609,details_summary,True,2799
1461,details_summary,True,1841
14610,details_summary,True,9460
14611,details_summary,True,9459
14614,details_summary,True,17751
14615,details_summary,True,48691
14616,details_summary,True,5112
14617,details_summary,True,4217
14618,details_summary,True,5465
14619,details_summary,True,25751
14620,details_summary,True,25751
14621,details_summary,True,1997
14622,details_summary,True,1752
14623,details_summary,True,7347
14624,details_summary,True,16794
14626,details_summary,True,12047
14627,details_summary,True,13833
14629,details_summary,True,23816
1463,details_summary,True,19042
14630,details_summary,True,23811
14631,details_summary,True,11131
14635,details_summary,True,7824
14636,details_summary,True,7824
14637,details_summary,True,23325
14638,details_summary,True,23323
14639,details_summary,True,23306
1464,details_summary,True,2252
14640,details_summary,True,23302
14641,details_summary,True,165525
14642,details_summary,True,34865
14643,details_summary,True,9383
14644,details_summary,True,9331
14645,details_summary,True,34903
14646,details_summary,True,34904
14647,details_summary,True,34907
14648,details_summary,True,4682
14649,details_summary,True,11651
1465,details_summary,True,7786
14650,details_summary,True,11721
14651,details_summary,True,7310
14652,details_summary,True,8940
14653,details_summary,True,8855
14654,details_summary,True,7782
14655,details_summary,True,10026
14656,details_summary,True,10146
14657,details_summary,True,11029
14658,details_summary,True,10483
14659,details_summary,True,19343
1466,details_summary,True,8208
14660,details_summary,True,8287
14663,details_summary,True,10486
14666,details_summary,True,13771
14667,details_summary,True,13771
14669,details_summary,True,6330
1467,details_summary,True,2253
14670,details_summary,True,6330
14671,details_summary,True,17726
14673,details_summary,True,12006
14674,generic_fallback,True,1642
14675,details_summary,True,8771
14676,details_summary,True,10321
14677,details_summary,True,10321
14678,details_summary,True,16438
14679,details_summary,True,79035
1468,details_summary,True,8209
14680,details_summary,True,78520
14681,details_summary,True,79173
14682,details_summary,True,79162
14683,details_summary,True,78579
14684,details_summary,True,7954
14685,details_summary,True,11838
14686,details_summary,True,11831
14687,details_summary,True,11871
14688,details_summary,True,11575
14689,details_summary,True,29871
14690,details_summary,True,11575
14691,details_summary,True,11575
14692,details_summary,True,11575
14693,details_summary,True,6965
14694,details_summary,True,9968
14695,details_summary,True,9925
14696,details_summary,True,4288
14697,details_summary,True,13208
14699,details_summary,True,6965
1470,details_summary,True,3280
14700,details_summary,True,6965
14702,details_summary,True,9662
14703,details_summary,True,21064
14704,details_summary,True,4333
14707,details_summary,True,10751
14708,details_summary,True,2711
1471,details_summary,True,2955
14710,details_summary,True,1864
14711,details_summary,True,1360
14713,details_summary,True,9194
14714,details_summary,True,9158
14715,details_summary,True,14528
14716,details_summary,True,14528
14717,details_summary,True,14528
14718,details_summary,True,14528
14719,details_summary,True,21288
14720,details_summary,True,23381
14721,details_summary,True,23382
14722,details_summary,True,6885
14723,details_summary,True,10550
14724,details_summary,True,18277
14725,details_summary,True,18276
14726,details_summary,True,18276
14727,details_summary,True,20947
14728,details_summary,True,23040
14729,details_summary,True,2000
1473,details_summary,True,3709
14730,details_summary,True,6635
14731,details_summary,True,12645
14732,details_summary,True,6632
14733,details_summary,True,6634
14734,details_summary,True,6644
14735,details_summary,True,23040
14736,details_summary,True,12684
14737,details_summary,True,10550
14738,details_summary,True,10550
14739,details_summary,True,12248
14740,details_summary,True,11699
14741,details_summary,True,11708
14742,details_summary,True,2812
14743,details_summary,True,2197
14744,details_summary,True,2199
14745,details_summary,True,3540
14746,details_summary,True,7337
14747,details_summary,True,7266
14749,details_summary,True,7274
1475,details_summary,True,6041
14750,details_summary,True,12767
14753,details_summary,True,4254
14754,details_summary,True,6375
14755,details_summary,True,7376
14756,details_summary,True,7427
14757,details_summary,True,7374
14759,details_summary,True,12127
1476,details_summary,True,7753
14760,details_summary,True,12149
14761,details_summary,True,12127
14762,details_summary,True,12126
14763,details_summary,True,12127
14764,details_summary,True,5853
14765,details_summary,True,5853
14766,details_summary,True,8035
1477,details_summary,True,544
14770,details_summary,True,14111
14771,details_summary,True,5110
14772,details_summary,True,6868
14774,details_summary,True,2850
14775,details_summary,True,7997
14776,details_summary,True,25776
14777,details_summary,True,6703
14778,details_summary,True,6714
14779,details_summary,True,6714
1478,details_summary,True,6748
14780,details_summary,True,7861
14781,details_summary,True,10558
14782,details_summary,True,10658
14784,details_summary,True,1099
14785,details_summary,True,3159
14786,details_summary,True,13463
14787,details_summary,True,9273
14788,details_summary,True,12176
14789,details_summary,True,8153
1479,details_summary,True,2612
14790,details_summary,True,6282
14791,details_summary,True,12176
14792,details_summary,True,12176
14793,details_summary,True,12176
14795,details_summary,True,4374
14796,details_summary,True,13715
14797,details_summary,True,10610
14798,details_summary,True,7630
14799,details_summary,True,28076
1480,details_summary,True,9706
14800,details_summary,True,6501
14801,details_summary,True,14143
14803,details_summary,True,10895
14804,details_summary,True,8435
14805,details_summary,True,8451
14806,details_summary,True,4497
14807,details_summary,True,9009
14808,details_summary,True,8998
14809,details_summary,True,9944
14810,details_summary,True,2459
14811,details_summary,True,4579
14812,details_summary,True,1286
14815,details_summary,True,3086
14816,details_summary,True,2000
14817,details_summary,True,575397
14820,details_summary,True,5785
14821,details_summary,True,15038
14822,details_summary,True,14996
14823,details_summary,True,14857
14824,details_summary,True,2219
14825,details_summary,True,2220
14826,details_summary,True,21291
14827,details_summary,True,12464
14828,details_summary,True,11726
14829,details_summary,True,4387
14830,details_summary,True,4387
14831,details_summary,True,7570
14832,details_summary,True,12323
14833,details_summary,True,12272
14835,details_summary,True,4540
14836,details_summary,True,4540
14837,details_summary,True,2485
14838,details_summary,True,2553
14839,details_summary,True,11807
14841,details_summary,True,33847
14843,details_summary,True,6767
14844,details_summary,True,9931
14845,details_summary,True,9931
14846,details_summary,True,810
14848,details_summary,True,9266
14852,details_summary,True,16103
14853,details_summary,True,385091
14854,details_summary,True,15138
14855,details_summary,True,15145
14856,details_summary,True,14928
1486,details_summary,True,2695
14860,details_summary,True,15818
14863,details_summary,True,5376
14867,details_summary,True,7343
14868,details_summary,True,11524
1487,details_summary,True,2661
14871,details_summary,True,5088
14872,details_summary,True,1986
14875,details_summary,True,11114
14876,details_summary,True,13013
14877,details_summary,True,13013
1488,details_summary,True,2663
14881,details_summary,True,7926
14882,details_summary,True,7949
14884,details_summary,True,4279
14885,details_summary,True,12510
14886,details_summary,True,14507
14887,details_summary,True,12528
14888,details_summary,True,12478
14889,details_summary,True,12513
14890,details_summary,True,12512
14891,details_summary,True,12492
14892,details_summary,True,6914
14893,details_summary,True,4711
14894,details_summary,True,9066
14895,details_summary,True,8687
14896,details_summary,True,9066
14898,details_summary,True,10816
149,details_summary,True,7668
1490,details_summary,True,4885
14903,details_summary,True,1987
14904,details_summary,True,7748
14905,details_summary,True,3670
14906,details_summary,True,3661
14907,details_summary,True,3046
14908,details_summary,True,3046
14909,details_summary,True,3046
14910,details_summary,True,3046
14911,details_summary,True,10117
14912,details_summary,True,6623
14913,details_summary,True,7080
14914,details_summary,True,7075
14915,details_summary,True,7080
14916,details_summary,True,14222
14917,details_summary,True,14222
14918,details_summary,True,16104
14919,details_summary,True,3879
14920,details_summary,True,7211
14925,details_summary,True,29415
14926,details_summary,True,29415
14929,details_summary,True,17590
1493,details_summary,True,10718
14930,details_summary,True,18106
14931,details_summary,True,18105
14933,details_summary,True,18106
14934,details_summary,True,5523
14935,details_summary,True,5513
14936,details_summary,True,15300
14937,details_summary,True,15436
14938,details_summary,True,15463
1494,details_summary,True,3768
14945,details_summary,True,6094
14946,details_summary,True,644
14947,details_summary,True,6614
14948,details_summary,True,18140
14949,details_summary,True,8039
1495,details_summary,True,10738
14950,details_summary,True,8021
14951,generic_fallback,True,7591
14955,details_summary,True,7698
14957,details_summary,True,10364
14958,details_summary,True,10372
1496,details_summary,True,8840
14960,details_summary,True,10514
14967,details_summary,True,13563
14968,details_summary,True,13488
14969,details_summary,True,13543
1497,details_summary,True,33886
14975,details_summary,True,16396
14976,details_summary,True,872
14977,details_summary,True,17123
14978,details_summary,True,9153
14979,details_summary,True,13120
1498,details_summary,True,34166
14980,details_summary,True,13120
14981,details_summary,True,13120
14982,details_summary,True,13111
14983,details_summary,True,13120
14984,details_summary,True,13120
14985,details_summary,True,13111
14986,details_summary,True,13112
14987,details_summary,True,13121
14988,details_summary,True,13120
1499,details_summary,True,33484
14990,details_summary,True,9163
14991,details_summary,True,7876
14992,details_summary,True,16308
14993,details_summary,True,17374
14997,details_summary,True,16072
14999,details_summary,True,17118
15,details_summary,True,2442
1500,details_summary,True,8817
15000,details_summary,True,16294
15001,details_summary,True,8918
15002,details_summary,True,8929
15003,details_summary,True,8861
15004,details_summary,True,8843
15005,details_summary,True,12117
15006,details_summary,True,18609
15007,details_summary,True,12198
15008,details_summary,True,9880
15009,details_summary,True,9646
1501,details_summary,True,14381
15010,details_summary,True,9118
15011,details_summary,True,9306
15012,details_summary,True,9292
15013,details_summary,True,9117
15014,details_summary,True,5195
15015,details_summary,True,9941
15016,details_summary,True,9104
15017,details_summary,True,18761
15018,details_summary,True,9941
15019,details_summary,True,17118
15020,details_summary,True,5195
15021,details_summary,True,5195
15022,details_summary,True,18096
15023,details_summary,True,18361
15024,details_summary,True,12094
15025,details_summary,True,10621
15026,details_summary,True,11755
15028,details_summary,True,4175
15029,details_summary,True,4175
15030,details_summary,True,4175
15031,details_summary,True,4175
15032,details_summary,True,12704
15033,details_summary,True,12725
15034,details_summary,True,10604
15036,details_summary,True,22312
15037,details_summary,True,42704
15038,details_summary,True,6692
15039,details_summary,True,4726
1504,details_summary,True,2036
15041,details_summary,True,10618
15045,details_summary,True,10618
15046,details_summary,True,8116
15047,details_summary,True,4827
15048,details_summary,True,5299
15049,details_summary,True,5299
1505,details_summary,True,943
15050,details_summary,True,2740
15051,details_summary,True,9558
15052,details_summary,True,9558
15053,details_summary,True,7249
15054,details_summary,True,11795
15055,details_summary,True,10744
15056,details_summary,True,46567
15057,details_summary,True,15928
15058,details_summary,True,15935
15059,details_summary,True,8443
1506,details_summary,True,2054
15060,details_summary,True,8321
15061,details_summary,True,7240
15062,details_summary,True,3547
15063,details_summary,True,6874
15064,details_summary,True,6900
15066,details_summary,True,9635
15067,details_summary,True,10949
15068,details_summary,True,6942
15069,details_summary,True,2966
1507,details_summary,True,2055
15070,details_summary,True,3091
15071,details_summary,True,8782
15072,details_summary,True,8782
15073,details_summary,True,4150
15074,details_summary,True,3992
15075,details_summary,True,3983
15076,details_summary,True,8246
15077,details_summary,True,9897
15078,details_summary,True,9772
15079,details_summary,True,8472
1508,details_summary,True,8021
15080,details_summary,True,6898
15081,details_summary,True,7374
15082,details_summary,True,7362
15083,details_summary,True,7374
15084,details_summary,True,7365
15086,details_summary,True,21576
15088,details_summary,True,55865
15089,details_summary,True,55802
1509,details_summary,True,10754
15090,details_summary,True,55796
15091,details_summary,True,55794
15092,details_summary,True,55785
15093,details_summary,True,10223
15094,details_summary,True,15221
15095,details_summary,True,15268
15096,details_summary,True,15268
15097,details_summary,True,15228
15098,details_summary,True,15228
1510,details_summary,True,5340
15100,details_summary,True,10210
15101,details_summary,True,10194
15102,details_summary,True,948
15103,details_summary,True,8151
15104,details_summary,True,8151
15105,details_summary,True,13480
15106,details_summary,True,13479
15107,details_summary,True,10377
15108,details_summary,True,10377
15110,details_summary,True,16088
15111,details_summary,True,6289
15112,details_summary,True,6305
15114,details_summary,True,7951
15115,details_summary,True,7951
15117,details_summary,True,3878
15118,details_summary,True,12104
15121,details_summary,True,14277
15122,details_summary,True,14277
15123,details_summary,True,14277
15124,details_summary,True,14277
15125,details_summary,True,14277
15126,details_summary,True,14277
15127,details_summary,True,10717
15128,details_summary,True,6603
15129,details_summary,True,654
15130,details_summary,True,10392
15132,details_summary,True,630
15136,details_summary,True,83572
15137,details_summary,True,83497
15138,details_summary,True,20056
15139,details_summary,True,7355
1514,details_summary,True,10718
15140,details_summary,True,3585
15141,details_summary,True,1255
15142,details_summary,True,9770
15143,details_summary,True,1143
15144,details_summary,True,10194
15145,details_summary,True,695
15146,details_summary,True,683
15147,details_summary,True,682
15148,details_summary,True,4833
15149,details_summary,True,10157
15150,details_summary,True,10421
15151,details_summary,True,768
15152,details_summary,True,10692
15153,details_summary,True,10721
15154,details_summary,True,10173
15155,details_summary,True,4115
15156,details_summary,True,13605
15157,details_summary,True,9039
15158,details_summary,True,7868
15160,details_summary,True,7214
15161,details_summary,True,7220
15162,details_summary,True,10363
15163,details_summary,True,10363
15164,details_summary,True,9434
15166,details_summary,True,10985
15167,details_summary,True,10985
15168,details_summary,True,10985
15169,details_summary,True,10985
15172,details_summary,True,4570
15173,details_summary,True,48222
15176,details_summary,True,48222
15177,details_summary,True,26699
15178,details_summary,True,9986
15179,details_summary,True,5867
15180,details_summary,True,5868
15182,details_summary,True,15264
15186,details_summary,True,1193
15187,details_summary,True,82118
15188,details_summary,True,67831
15189,details_summary,True,10004
15190,details_summary,True,10061
15191,details_summary,True,9987
15192,details_summary,True,3154
15195,details_summary,True,10367
15196,details_summary,True,2241
15199,generic_fallback,True,30381
152,details_summary,True,621
1520,details_summary,True,520
15200,generic_fallback,True,30381
15201,details_summary,True,4028
15202,details_summary,True,7868
15203,details_summary,True,8035
15204,details_summary,True,10107
15205,details_summary,True,7229
15206,details_summary,True,3402
15208,details_summary,True,2970
15209,details_summary,True,2969
1521,details_summary,True,2632
15210,details_summary,True,3276
15212,details_summary,True,8268
15213,details_summary,True,15282
15214,details_summary,True,9602
15215,details_summary,True,2332
15216,details_summary,True,1457
15217,details_summary,True,1032
15218,details_summary,True,2402
15219,details_summary,True,1571
15220,details_summary,True,1192
15221,details_summary,True,2148
15222,details_summary,True,1192
15223,details_summary,True,944
15225,details_summary,True,2140
15226,details_summary,True,4264
15227,details_summary,True,3263
15228,details_summary,True,1536
15229,details_summary,True,2903
1523,details_summary,True,3949
15230,details_summary,True,1618
15231,details_summary,True,7905
15232,details_summary,True,5798
15234,details_summary,True,7863
15235,details_summary,True,5337
15236,details_summary,True,8226
15237,details_summary,True,7544
15238,details_summary,True,14856
15239,details_summary,True,14377
1524,details_summary,True,11070
15240,details_summary,True,13519
15242,details_summary,True,27606
15243,details_summary,True,27444
15244,details_summary,True,37076
15245,details_summary,True,15374
15246,details_summary,True,15374
15252,details_summary,True,15565
15254,details_summary,True,7932
15256,details_summary,True,21262
15257,details_summary,True,9241
15258,details_summary,True,4356
15259,details_summary,True,46222
1526,details_summary,True,4345
15260,details_summary,True,5085
15261,details_summary,True,10681
15262,details_summary,True,8111
15263,details_summary,True,6308
15264,details_summary,True,6309
15265,details_summary,True,6308
15266,details_summary,True,5474
15268,details_summary,True,7185
15269,details_summary,True,5685
15270,details_summary,True,5695
15272,details_summary,True,1519
15273,details_summary,True,4847
15274,details_summary,True,4842
15275,details_summary,True,7606
15276,details_summary,True,4855
15277,details_summary,True,14649
15279,details_summary,True,30087
1528,details_summary,True,4701
15280,details_summary,True,8038
15281,details_summary,True,14571
15282,details_summary,True,14608
15283,details_summary,True,14635
15284,details_summary,True,256723
15285,details_summary,True,6743
15288,details_summary,True,7527
15289,details_summary,True,13368
15290,details_summary,True,10422
15291,details_summary,True,10371
15292,details_summary,True,11440
15293,details_summary,True,21886
15294,details_summary,True,6354
15296,details_summary,True,25072
15297,details_summary,True,1820
15298,details_summary,True,1826
15299,details_summary,True,1629
153,details_summary,True,622
1530,details_summary,True,1216
15300,details_summary,True,1672
15301,details_summary,True,12450
15302,details_summary,True,12973
15303,details_summary,True,12984
15307,details_summary,True,9073
15309,details_summary,True,161375
1531,details_summary,True,5562
15310,details_summary,True,25257
15311,details_summary,True,24953
15312,details_summary,True,25254
15313,details_summary,True,10456
15314,details_summary,True,10456
15315,details_summary,True,10456
15316,details_summary,True,10456
15317,details_summary,True,2029
15318,details_summary,True,2029
15319,details_summary,True,2029
15320,details_summary,True,2029
15321,details_summary,True,2029
15322,details_summary,True,2029
15323,details_summary,True,2029
15324,details_summary,True,14686
15325,details_summary,True,7897
15328,details_summary,True,10591
15329,details_summary,True,4378
15330,details_summary,True,6446
15331,details_summary,True,6797
15332,details_summary,True,6790
15333,details_summary,True,18900
15334,details_summary,True,12175
15335,details_summary,True,19391
15336,details_summary,True,19283
15337,details_summary,True,9919
15338,details_summary,True,9919
15339,details_summary,True,9919
15340,details_summary,True,9919
15341,details_summary,True,957
15342,details_summary,True,957
15343,details_summary,True,958
15344,details_summary,True,15010
15345,details_summary,True,15010
15346,details_summary,True,15010
15347,details_summary,True,15010
15349,details_summary,True,6026
1535,details_summary,True,8599
15350,details_summary,True,10948
15351,details_summary,True,12430
15352,details_summary,True,10949
15353,details_summary,True,14618
15354,details_summary,True,10948
15359,details_summary,True,5280
1536,details_summary,True,11243
15360,details_summary,True,5280
15361,details_summary,True,4104
15362,details_summary,True,6530
15363,details_summary,True,19951
15364,details_summary,True,18923
15365,details_summary,True,6944
15366,details_summary,True,7269
15367,details_summary,True,7269
15368,details_summary,True,6898
15369,details_summary,True,14673
1537,details_summary,True,26052
15370,details_summary,True,4229
15371,details_summary,True,9874
15372,details_summary,True,13122
15373,details_summary,True,7296
15374,details_summary,True,7180
15375,details_summary,True,9370
15376,details_summary,True,9521
15377,details_summary,True,19492
15378,details_summary,True,17109
1538,details_summary,True,8609
15380,details_summary,True,17680
15382,details_summary,True,5192
15383,details_summary,True,21831
15384,details_summary,True,10630
15385,details_summary,True,10649
15386,details_summary,True,10698
15387,details_summary,True,10709
15388,details_summary,True,11215
1539,details_summary,True,6508
15391,details_summary,True,10608
15392,details_summary,True,10668
15393,details_summary,True,6176
15395,details_summary,True,9933
15396,details_summary,True,1794
15397,details_summary,True,5649
15398,details_summary,True,9917
154,details_summary,True,607
15401,details_summary,True,21785
15402,details_summary,True,13284
15403,details_summary,True,4996
15405,details_summary,True,4084
15406,details_summary,True,1664
15407,details_summary,True,750
15408,details_summary,True,4644
15409,details_summary,True,9525
15410,details_summary,True,4996
15413,details_summary,True,11215
15414,details_summary,True,11215
15415,details_summary,True,11436
15416,details_summary,True,12224
15418,details_summary,True,11009
15419,details_summary,True,10989
1542,details_summary,True,9062
15420,details_summary,True,11006
15421,details_summary,True,9254
15422,details_summary,True,12224
15423,details_summary,True,42290
15425,details_summary,True,6075
15426,details_summary,True,5926
15427,details_summary,True,29873
15428,details_summary,True,29932
15429,details_summary,True,13842
1543,details_summary,True,18368
15430,details_summary,True,23081
15432,details_summary,True,8469
15435,details_summary,True,17887
15436,details_summary,True,17419
15437,details_summary,True,17882
15438,details_summary,True,18763
15439,details_summary,True,6249
15440,details_summary,True,6256
15441,details_summary,True,32877
15442,details_summary,True,6256
15443,details_summary,True,33033
15444,details_summary,True,32861
15445,details_summary,True,33138
15446,details_summary,True,12463
15448,details_summary,True,11462
15449,details_summary,True,12027
15450,details_summary,True,11787
15451,details_summary,True,12285
15452,details_summary,True,11952
15453,details_summary,True,10038
15454,details_summary,True,3225
15455,details_summary,True,15362
15457,details_summary,True,5059
15458,details_summary,True,26988
15459,details_summary,True,6237
1546,details_summary,True,9807
15460,details_summary,True,19830
15461,details_summary,True,19754
15462,details_summary,True,19751
15463,details_summary,True,22669
15464,details_summary,True,21175
15465,details_summary,True,21180
15466,details_summary,True,21141
15467,details_summary,True,21181
15468,details_summary,True,22432
15469,details_summary,True,22432
15470,details_summary,True,22432
15471,details_summary,True,22432
15472,details_summary,True,22432
15473,details_summary,True,22432
15474,details_summary,True,12531
15476,details_summary,True,8029
15479,details_summary,True,6469
1548,details_summary,True,9956
15480,details_summary,True,3866
15481,details_summary,True,19169
15482,details_summary,True,19169
15483,details_summary,True,19169
15484,details_summary,True,19169
15485,details_summary,True,19169
15486,details_summary,True,19169
15487,details_summary,True,12571
15488,details_summary,True,11855
15489,details_summary,True,10885
15490,details_summary,True,10254
15491,details_summary,True,10260
15492,details_summary,True,10260
15493,details_summary,True,13180
15494,details_summary,True,8284
15495,details_summary,True,6076
15496,details_summary,True,17072
15497,details_summary,True,22322
15498,details_summary,True,22335
15499,details_summary,True,11084
1550,details_summary,True,12662
15500,details_summary,True,11084
15501,details_summary,True,21117
15502,details_summary,True,21127
15503,details_summary,True,21090
15504,details_summary,True,21105
15505,details_summary,True,12976
15506,details_summary,True,8283
15507,details_summary,True,2097
15508,details_summary,True,3802
1551,details_summary,True,12607
15512,details_summary,True,21672
15513,details_summary,True,11961
15514,details_summary,True,59001
15515,details_summary,True,46656
15516,details_summary,True,9382
15517,details_summary,True,9365
15518,details_summary,True,10060
15519,details_summary,True,10079
1552,details_summary,True,649
15521,details_summary,True,15929
15522,details_summary,True,11574
15529,details_summary,True,7959
1553,details_summary,True,20627
15530,details_summary,True,509056
15531,details_summary,True,6964
15532,details_summary,True,13100
15533,details_summary,True,21232
15534,details_summary,True,21232
15535,details_summary,True,16604
15537,details_summary,True,8253
15538,details_summary,True,9603
15539,details_summary,True,9597
15543,details_summary,True,9153
15544,details_summary,True,13309
15545,details_summary,True,13309
15546,details_summary,True,13397
15547,details_summary,True,17699
15548,details_summary,True,9482
15549,details_summary,True,9482
15550,details_summary,True,9482
15551,details_summary,True,11189
15552,details_summary,True,14442
15553,details_summary,True,11473
15554,details_summary,True,5139
15555,details_summary,True,35909
15556,details_summary,True,6661
15557,details_summary,True,88516
15558,details_summary,True,88558
15559,details_summary,True,13219
1556,details_summary,True,9924
15560,details_summary,True,2727
15561,details_summary,True,17527
15562,details_summary,True,4848
15563,details_summary,True,11389
15564,details_summary,True,11389
15565,details_summary,True,11285
15566,details_summary,True,11190
15567,details_summary,True,11262
15568,details_summary,True,11389
15569,details_summary,True,746
1557,details_summary,True,4846
15570,details_summary,True,4211
15571,details_summary,True,16553
15572,details_summary,True,13174
15573,details_summary,True,9637
15574,details_summary,True,9637
15575,details_summary,True,7786
15576,details_summary,True,22307
15577,details_summary,True,21352
15578,details_summary,True,22652
15579,details_summary,True,13225
15580,details_summary,True,22687
15581,details_summary,True,41987
15582,details_summary,True,41987
15583,details_summary,True,23390
15584,details_summary,True,10310
15585,details_summary,True,10310
15586,details_summary,True,14308
15587,details_summary,True,14296
15588,details_summary,True,14891
15589,details_summary,True,18762
1559,details_summary,True,13474
15590,details_summary,True,15035
15591,details_summary,True,6862
15592,details_summary,True,6862
15593,details_summary,True,22437
15594,details_summary,True,21551
15595,details_summary,True,23060
15596,details_summary,True,11004
15597,details_summary,True,21504
15598,details_summary,True,22937
15599,details_summary,True,21484
1560,details_summary,True,13484
15600,details_summary,True,22932
15601,details_summary,True,21431
15602,details_summary,True,8803
15603,details_summary,True,11443
15604,details_summary,True,12082
15605,details_summary,True,11257
15606,details_summary,True,4907
15607,details_summary,True,22341
15608,details_summary,True,23752
15609,details_summary,True,23747
1561,details_summary,True,10202
15610,details_summary,True,11663
15613,details_summary,True,9401
15615,details_summary,True,5749
15616,details_summary,True,9102
15618,details_summary,True,11693
15619,details_summary,True,14026
1562,details_summary,True,1318
15620,details_summary,True,4381
15621,details_summary,True,21486
15622,details_summary,True,16416
15623,details_summary,True,21517
15624,details_summary,True,21511
15626,details_summary,True,16191
15627,details_summary,True,16288
15628,details_summary,True,16270
1563,details_summary,True,1315
15630,details_summary,True,30517
15631,details_summary,True,6289
15632,details_summary,True,6272
15633,details_summary,True,5631
15634,details_summary,True,17663
15635,details_summary,True,12997
15636,details_summary,True,1542
15637,details_summary,True,21447
15638,details_summary,True,1253
15639,details_summary,True,13380
1564,details_summary,True,1353
15640,details_summary,True,3440
15641,details_summary,True,13007
15642,details_summary,True,5837
15643,details_summary,True,5837
15644,details_summary,True,5837
15645,details_summary,True,6692
15646,details_summary,True,6692
15647,details_summary,True,21100
15648,details_summary,True,21100
15649,details_summary,True,23000
1565,details_summary,True,4321
15650,details_summary,True,23000
15651,details_summary,True,23000
15652,details_summary,True,3971
15653,details_summary,True,7992
15654,details_summary,True,6658
15655,details_summary,True,1749
15656,details_summary,True,7995
1566,details_summary,True,2870
15660,details_summary,True,5617
15664,details_summary,True,9230
15666,details_summary,True,22020
15667,details_summary,True,22101
1567,details_summary,True,15837
15670,details_summary,True,11072
15671,details_summary,True,10989
15672,details_summary,True,11658
15673,details_summary,True,10995
15674,details_summary,True,11001
15675,details_summary,True,11004
15676,details_summary,True,14747
15678,details_summary,True,18760
15679,details_summary,True,18879
1568,details_summary,True,9127
15680,details_summary,True,533748
15681,details_summary,True,497902
15682,details_summary,True,571347
15684,details_summary,True,3339
15685,details_summary,True,62762
15686,details_summary,True,10953
15687,details_summary,True,11911
15688,details_summary,True,11911
15689,details_summary,True,11911
1569,details_summary,True,50606
15690,details_summary,True,11911
15691,details_summary,True,11911
15692,details_summary,True,11911
15693,details_summary,True,14680
15694,details_summary,True,9994
15695,details_summary,True,14692
15696,details_summary,True,12191
15697,details_summary,True,14684
15698,details_summary,True,13392
15699,details_summary,True,13392
157,details_summary,True,15404
1570,details_summary,True,8343
15700,details_summary,True,13392
15702,details_summary,True,21451
15703,details_summary,True,22888
15704,details_summary,True,22930
15705,details_summary,True,21545
15706,details_summary,True,22860
15707,details_summary,True,22827
15708,details_summary,True,17408
15709,details_summary,True,22826
1571,details_summary,True,8083
15710,details_summary,True,22872
15711,details_summary,True,12069
15712,details_summary,True,21562
15713,details_summary,True,22959
15714,details_summary,True,22971
15715,details_summary,True,11056
15716,details_summary,True,14609
15717,details_summary,True,3395
15718,details_summary,True,3397
15719,details_summary,True,11071
1572,details_summary,True,7559
15720,details_summary,True,10631
15721,details_summary,True,10631
15722,details_summary,True,10616
15723,details_summary,True,22949
15724,details_summary,True,21604
15725,details_summary,True,21696
15726,details_summary,True,2287
15727,details_summary,True,11320
15728,details_summary,True,7954
15729,details_summary,True,2703
1573,details_summary,True,3136
15730,details_summary,True,17403
15731,details_summary,True,2751
15732,details_summary,True,2756
15733,details_summary,True,18949
15736,details_summary,True,9546
15737,details_summary,True,9538
15738,details_summary,True,6290
15739,details_summary,True,6302
15740,details_summary,True,6290
15741,details_summary,True,13200
15742,details_summary,True,13179
15744,details_summary,True,3145
15745,details_summary,True,8520
15746,details_summary,True,8520
15747,details_summary,True,33906
15748,details_summary,True,33906
15749,details_summary,True,33906
1575,details_summary,True,6527
15750,details_summary,True,26707
15751,details_summary,True,10843
15752,details_summary,True,10845
15753,details_summary,True,10844
15754,details_summary,True,26707
15755,details_summary,True,18779
15756,details_summary,True,13418
15757,details_summary,True,14427
15758,details_summary,True,5834
15759,details_summary,True,8079
1576,details_summary,True,34116
15760,details_summary,True,21565
15761,details_summary,True,22883
15762,details_summary,True,23632
15764,details_summary,True,30531
15765,details_summary,True,11545
15766,details_summary,True,20113
15767,details_summary,True,20629
15768,details_summary,True,9870
15769,details_summary,True,9870
1577,details_summary,True,11549
15770,details_summary,True,11399
15771,details_summary,True,1684
15772,details_summary,True,16271
15776,details_summary,True,9735
15777,details_summary,True,7878
15778,details_summary,True,6323
15779,details_summary,True,10626
1578,details_summary,True,11123
15780,details_summary,True,150435
15781,details_summary,True,131808
15782,details_summary,True,131832
15783,details_summary,True,4703
15784,details_summary,True,3636
15785,details_summary,True,3662
15786,details_summary,True,3656
15788,details_summary,True,12536
15789,details_summary,True,3351
1579,details_summary,True,1499
15790,details_summary,True,8855
15791,details_summary,True,11018
15792,details_summary,True,11823
15793,details_summary,True,11823
15794,details_summary,True,7140
15795,details_summary,True,7139
15796,details_summary,True,7140
15797,details_summary,True,15436
15798,details_summary,True,15436
15799,details_summary,True,5200
158,details_summary,True,15166
15801,details_summary,True,6588
15802,details_summary,True,6909
15803,details_summary,True,32715
15804,details_summary,True,8618
15805,details_summary,True,8583
15806,details_summary,True,23769
15807,details_summary,True,19435
15808,details_summary,True,57829
15809,details_summary,True,9950
15810,details_summary,True,9950
15811,details_summary,True,9950
15812,details_summary,True,48099
15813,details_summary,True,29444
15814,details_summary,True,7224
15815,details_summary,True,7265
15818,details_summary,True,11622
15819,details_summary,True,8349
15820,details_summary,True,22503
15821,details_summary,True,22549
15822,details_summary,True,20737
15823,details_summary,True,21062
15824,details_summary,True,14468
15825,details_summary,True,10626
15826,details_summary,True,10467
15827,details_summary,True,11206
15828,details_summary,True,5206
15829,details_summary,True,27457
15830,details_summary,True,27472
15831,details_summary,True,6721
15833,details_summary,True,4419
15834,details_summary,True,22187
15835,details_summary,True,21379
15836,details_summary,True,20674
15837,details_summary,True,23176
15838,details_summary,True,77634
15839,details_summary,True,77356
1584,details_summary,True,728
15840,details_summary,True,5665
15841,details_summary,True,9631
15842,details_summary,True,243556
15844,details_summary,True,6329
15845,details_summary,True,6325
15846,details_summary,True,12929
15847,details_summary,True,1281
15848,details_summary,True,2508
15849,details_summary,True,8595
1585,details_summary,True,720
15850,details_summary,True,57433
15851,details_summary,True,48371
15852,details_summary,True,13437
15853,details_summary,True,9968
15854,details_summary,True,8500
15856,details_summary,True,20049
15857,details_summary,True,20056
15858,details_summary,True,20049
15859,details_summary,True,7459
1586,details_summary,True,719
15860,details_summary,True,21180
15862,details_summary,True,15485
15864,details_summary,True,5820
15866,details_summary,True,2903
15867,details_summary,True,2928
15868,details_summary,True,3086
15869,details_summary,True,5796
15870,details_summary,True,30807
15871,details_summary,True,30808
15872,details_summary,True,7433
15873,details_summary,True,3983
15874,details_summary,True,13008
15875,details_summary,True,13540
15876,details_summary,True,8332
15877,details_summary,True,26078
15880,details_summary,True,30808
15881,details_summary,True,30808
15882,details_summary,True,30808
15883,details_summary,True,1100
15884,details_summary,True,1100
15885,details_summary,True,12170
15886,details_summary,True,11994
15887,details_summary,True,11965
15888,details_summary,True,3870
15889,details_summary,True,612978
1589,details_summary,True,748
15890,details_summary,True,3456
15891,details_summary,True,3216
15892,details_summary,True,3515
15893,details_summary,True,3440
15894,details_summary,True,6273
15895,details_summary,True,10554
15896,details_summary,True,10334
15897,details_summary,True,29955
15898,details_summary,True,29984
15899,details_summary,True,21746
159,details_summary,True,12227
15900,details_summary,True,23050
15901,details_summary,True,23080
15902,details_summary,True,9299
15903,details_summary,True,10988
15904,details_summary,True,10958
15905,details_summary,True,11324
15908,details_summary,True,10953
15909,details_summary,True,14354
15910,details_summary,True,10897
15911,details_summary,True,3015
15912,details_summary,True,6414
15913,details_summary,True,2865
15914,details_summary,True,18578
15915,details_summary,True,18576
15916,details_summary,True,10653
15917,details_summary,True,140635
15918,details_summary,True,3989
15919,details_summary,True,10637
15920,details_summary,True,10637
15921,details_summary,True,11072
15922,details_summary,True,3488
15923,details_summary,True,10082
15924,details_summary,True,8749
15925,details_summary,True,8796
15926,details_summary,True,1374
15927,details_summary,True,6525
15929,details_summary,True,20025
15930,details_summary,True,20178
15931,details_summary,True,20192
15932,details_summary,True,22255
15933,details_summary,True,22255
15934,details_summary,True,22255
15935,details_summary,True,7812
15936,details_summary,True,12285
15937,details_summary,True,12270
15938,details_summary,True,12262
15939,details_summary,True,27329
15940,details_summary,True,12751
15941,details_summary,True,12691
15945,details_summary,True,16970
15946,details_summary,True,6580
15947,details_summary,True,5464
15958,details_summary,True,17931
1596,details_summary,True,19184
15960,details_summary,True,3503
15961,details_summary,True,3666
15962,details_summary,True,4017
15963,details_summary,True,1034358
15964,details_summary,True,1045791
15965,details_summary,True,1034287
15966,details_summary,True,16762
15967,details_summary,True,16771
15968,details_summary,True,8135
15969,details_summary,True,8135
1597,details_summary,True,40804
15970,details_summary,True,520225
15971,details_summary,True,5211
15972,details_summary,True,5750
15973,details_summary,True,5748
15974,details_summary,True,16762
15975,details_summary,True,16751
15976,details_summary,True,17093
15977,details_summary,True,17093
15978,details_summary,True,17092
15979,details_summary,True,17093
1598,details_summary,True,5882
15980,details_summary,True,18212
15981,details_summary,True,15124
15982,details_summary,True,3347
15983,details_summary,True,3347
15984,details_summary,True,3347
15985,details_summary,True,3347
15986,details_summary,True,6099
15987,details_summary,True,16775
15988,details_summary,True,21003
15989,details_summary,True,21010
1599,details_summary,True,1350
15990,details_summary,True,14870
15991,details_summary,True,14963
15992,details_summary,True,9887
15996,details_summary,True,10279
15997,details_summary,True,8889
15998,details_summary,True,2580
15999,details_summary,True,17425
16,details_summary,True,2632
160,details_summary,True,46211
1600,details_summary,True,6540
16000,details_summary,True,17425
16001,details_summary,True,21612
16002,details_summary,True,18682
16003,details_summary,True,18690
16004,details_summary,True,26561
16005,details_summary,True,12732
16006,details_summary,True,12732
16007,details_summary,True,747
16008,details_summary,True,645
16009,details_summary,True,998
16010,details_summary,True,13003
16011,details_summary,True,10846
16012,details_summary,True,14577
16013,details_summary,True,6647
16014,details_summary,True,9234
16015,details_summary,True,12049
16016,details_summary,True,2201
16017,details_summary,True,3505
16018,details_summary,True,3579
16019,details_summary,True,13665
1602,details_summary,True,2844
16020,details_summary,True,13658
16021,details_summary,True,13666
16022,details_summary,True,13666
16023,details_summary,True,13666
16024,details_summary,True,3595
16025,details_summary,True,3648
16026,details_summary,True,8875
16027,details_summary,True,8912
16028,details_summary,True,17820
1605,details_summary,True,3712
1606,details_summary,True,12662
1607,details_summary,True,7244
1608,details_summary,True,5898
1609,details_summary,True,6841
1610,generic_fallback,True,8640
1612,details_summary,True,6051
1614,details_summary,True,6943
1615,details_summary,True,19278
1616,details_summary,True,8042
1617,details_summary,True,20969
1618,details_summary,True,678
1619,details_summary,True,10333
162,details_summary,True,9634
1620,details_summary,True,7359
1626,generic_fallback,True,9019
1627,details_summary,True,21497
1628,details_summary,True,10691
1633,details_summary,True,668
1634,details_summary,True,3294
1637,details_summary,True,9949
1638,details_summary,True,1562
1639,details_summary,True,6846
1640,details_summary,True,6051
1642,details_summary,True,5979
1644,details_summary,True,10210
1645,details_summary,True,1040
1651,details_summary,True,5143
1654,details_summary,True,4445
1655,details_summary,True,4716
1656,details_summary,True,10753
1657,details_summary,True,10757
1658,details_summary,True,8371
1659,details_summary,True,8370
166,details_summary,True,10109
1660,details_summary,True,1305
1661,details_summary,True,1277
1662,details_summary,True,8860
1663,details_summary,True,5302
167,details_summary,True,7371
1671,details_summary,True,9202
1672,details_summary,True,9206
1673,details_summary,True,9053
1674,details_summary,True,8878
1675,details_summary,True,8957
1676,details_summary,True,9957
1677,details_summary,True,4557
1678,details_summary,True,4656
1679,details_summary,True,4397
168,details_summary,True,4940
1680,details_summary,True,4023
1681,details_summary,True,4247
1682,details_summary,True,4214
1683,details_summary,True,12697
1684,details_summary,True,6130
1685,details_summary,True,6131
1686,details_summary,True,6311
1687,details_summary,True,3546
1688,details_summary,True,14062
169,details_summary,True,8151
1690,details_summary,True,21357
1691,details_summary,True,9972
1692,details_summary,True,6987
1693,details_summary,True,11295
1695,details_summary,True,11006
1698,details_summary,True,7421
17,details_summary,True,2639
170,details_summary,True,670
1702,details_summary,True,7128
1705,details_summary,True,10047
1706,details_summary,True,1989
171,details_summary,True,14336
1710,details_summary,True,14994
1711,details_summary,True,9756
1712,details_summary,True,6253
1713,details_summary,True,13819
1714,details_summary,True,9027
1716,details_summary,True,7898
1717,details_summary,True,3863
1718,details_summary,True,1421
1719,details_summary,True,3040
172,details_summary,True,9345
1720,details_summary,True,3039
1721,details_summary,True,6931
1722,details_summary,True,3215
1723,details_summary,True,4759
1724,details_summary,True,4757
1726,details_summary,True,4942
1727,details_summary,True,4819
1728,details_summary,True,6024
1729,details_summary,True,6033
1730,details_summary,True,11552
1731,details_summary,True,12968
1732,details_summary,True,5828
1733,details_summary,True,10501
1734,details_summary,True,3435
1735,details_summary,True,5996
175,details_summary,True,9248
1750,details_summary,True,9573
1753,details_summary,True,6416
1756,details_summary,True,12307
1757,details_summary,True,12778
1758,details_summary,True,13132
1759,details_summary,True,12778
176,details_summary,True,13717
1760,details_summary,True,12270
1761,details_summary,True,12791
1762,details_summary,True,12554
1763,details_summary,True,12160
1764,details_summary,True,13913
1766,details_summary,True,6982
1769,details_summary,True,7355
177,details_summary,True,13588
1770,details_summary,True,16986
1771,details_summary,True,17016
1775,details_summary,True,1919
178,details_summary,True,7137
1786,details_summary,True,21293
1787,details_summary,True,3180
1788,details_summary,True,3168
1789,details_summary,True,8867
179,details_summary,True,1639
1791,details_summary,True,12441
1792,details_summary,True,15019
1793,details_summary,True,10389
1794,details_summary,True,4412
1795,details_summary,True,4521
18,details_summary,True,10535
1800,details_summary,True,5073
1801,details_summary,True,11672
1803,details_summary,True,9466
1806,details_summary,True,6028
1807,details_summary,True,284992
1808,details_summary,True,6060
1809,details_summary,True,2105
181,details_summary,True,14400
1810,details_summary,True,1584
1811,details_summary,True,1596
1812,details_summary,True,2967
1813,details_summary,True,14350
1814,details_summary,True,14310
1815,details_summary,True,14312
1816,details_summary,True,4141
1817,details_summary,True,4141
1818,details_summary,True,4141
1819,details_summary,True,10841
1823,details_summary,True,3912
1824,details_summary,True,4998
1825,details_summary,True,4104
1826,details_summary,True,4487
1827,details_summary,True,4501
1828,details_summary,True,4997
1829,details_summary,True,6560
183,details_summary,True,16076
1830,details_summary,True,6560
1832,details_summary,True,6514
1834,details_summary,True,30988
1835,details_summary,True,13760
1837,details_summary,True,10390
1838,details_summary,True,10887
1839,details_summary,True,5946
184,details_summary,True,1348
1840,details_summary,True,6190
1842,details_summary,True,7612
1843,details_summary,True,5133
1844,details_summary,True,12092
1845,details_summary,True,5374
1846,details_summary,True,5576
1847,details_summary,True,5418
1848,details_summary,True,5624
1849,details_summary,True,5426
1850,details_summary,True,5443
1851,details_summary,True,5695
1852,details_summary,True,5758
1853,details_summary,True,5687
1854,details_summary,True,5758
1855,details_summary,True,5763
1856,details_summary,True,5758
1857,details_summary,True,4318
1858,details_summary,True,5139
1859,details_summary,True,3316
186,details_summary,True,24835
1860,details_summary,True,3541
1861,details_summary,True,2954
1862,details_summary,True,2329
1863,details_summary,True,3308
1864,details_summary,True,3521
1865,details_summary,True,3321
1866,details_summary,True,11622
1867,details_summary,True,6424
1868,details_summary,True,4420
1869,details_summary,True,3406
1870,details_summary,True,3934
1871,details_summary,True,14936
1875,details_summary,True,12210
1876,details_summary,True,2998
1878,details_summary,True,3023
1880,details_summary,True,3022
1882,details_summary,True,1665
1883,details_summary,True,23141
1884,details_summary,True,23470
1885,details_summary,True,22859
1886,details_summary,True,23470
1887,details_summary,True,22966
1888,details_summary,True,23806
1889,details_summary,True,1801
189,details_summary,True,1430
1890,details_summary,True,3132
1891,details_summary,True,14628
1892,details_summary,True,10467
1894,details_summary,True,6820
1895,details_summary,True,10078
1899,details_summary,True,16139
190,details_summary,True,1469
1902,details_summary,True,6061
1908,details_summary,True,23966
1909,details_summary,True,8955
191,details_summary,True,7370
1915,details_summary,True,7201
1916,details_summary,True,6167
1920,details_summary,True,15491
1921,details_summary,True,11352
1922,details_summary,True,10399
1923,details_summary,True,9378
1925,details_summary,True,12314
1926,details_summary,True,1185
1927,details_summary,True,10707
193,details_summary,True,7370
1932,details_summary,True,15856
1936,details_summary,True,18995
1938,details_summary,True,12484
1939,details_summary,True,8431
1943,generic_fallback,True,18609
1944,details_summary,True,702
1945,details_summary,True,740
1954,details_summary,True,19282
196,details_summary,True,45455
1962,details_summary,True,1520
1963,details_summary,True,8216
1964,details_summary,True,8224
1967,details_summary,True,8443
1969,details_summary,True,9010
197,details_summary,True,10154
1970,details_summary,True,2889
1971,details_summary,True,7496
1972,details_summary,True,17419
1973,details_summary,True,17433
1974,details_summary,True,17449
1976,details_summary,True,17426
1977,details_summary,True,17431
198,details_summary,True,10709
1982,details_summary,True,17450
1983,details_summary,True,7065
1985,details_summary,True,789052
1986,details_summary,True,1515
1987,details_summary,True,24326
1988,details_summary,True,3677
199,details_summary,True,15660
1990,details_summary,True,2926
1991,details_summary,True,1579
1992,details_summary,True,3666
1993,details_summary,True,1703
1994,details_summary,True,1740
1995,details_summary,True,1638
1996,details_summary,True,12614
1997,details_summary,True,3827
1998,details_summary,True,15621
200,details_summary,True,10550
2002,details_summary,True,7242
2003,details_summary,True,7532
2004,details_summary,True,7530
2005,details_summary,True,7532
2006,details_summary,True,13246
2008,details_summary,True,14420
202,details_summary,True,9751
2022,details_summary,True,7303
2023,details_summary,True,13086
2024,details_summary,True,2119
203,details_summary,True,10842
204,details_summary,True,13743
2041,details_summary,True,7500
2042,details_summary,True,1450
2045,details_summary,True,3231
2047,details_summary,True,16022
2048,details_summary,True,20949
2049,details_summary,True,20987
205,details_summary,True,19449
2050,details_summary,True,10114
2051,details_summary,True,10115
2052,details_summary,True,7327
2053,details_summary,True,7446
2054,details_summary,True,19421
2055,details_summary,True,19405
2058,details_summary,True,4446
2059,details_summary,True,24438
2061,details_summary,True,702
2062,details_summary,True,702
2065,details_summary,True,2993
207,details_summary,True,4815
2070,details_summary,True,6327
2073,details_summary,True,7186
2074,details_summary,True,7170
2079,details_summary,True,7731
2080,details_summary,True,7731
2083,details_summary,True,3751
2086,details_summary,True,1683
2087,details_summary,True,21768
2088,details_summary,True,21843
2089,details_summary,True,9836
2092,details_summary,True,1803
2097,details_summary,True,21827
2098,details_summary,True,21838
2099,details_summary,True,12165
21,details_summary,True,2960
210,details_summary,True,16798
2103,details_summary,True,10286
2104,details_summary,True,10287
2105,details_summary,True,10286
2107,details_summary,True,11730
2108,details_summary,True,12764
2115,details_summary,True,7097
2116,details_summary,True,18451
2117,details_summary,True,18450
212,details_summary,True,1068
213,details_summary,True,9821
2132,details_summary,True,7618
2136,details_summary,True,2917
2139,details_summary,True,5912
2140,details_summary,True,3150
2143,details_summary,True,10590
2144,details_summary,True,10628
2146,details_summary,True,5752
2147,details_summary,True,12891
215,details_summary,True,12428
2150,details_summary,True,30728
2151,details_summary,True,3291
2159,details_summary,True,15375
216,details_summary,True,12308
2162,details_summary,True,15661
2163,details_summary,True,15566
2192,details_summary,True,5792
2193,details_summary,True,3539
2194,details_summary,True,6098
2198,details_summary,True,9424
2199,details_summary,True,116937
2203,details_summary,True,1451
2204,details_summary,True,1452
2205,details_summary,True,1450
2206,details_summary,True,1292
2207,details_summary,True,1282
2209,details_summary,True,1279
2210,details_summary,True,10340
2211,details_summary,True,6251
2213,details_summary,True,25973
2214,details_summary,True,7885
2215,details_summary,True,6218
2218,details_summary,True,7009
2219,details_summary,True,22969
222,details_summary,True,16551
2223,details_summary,True,615
2225,details_summary,True,2427
2228,details_summary,True,2888
2229,details_summary,True,25792
2230,details_summary,True,5206
2231,details_summary,True,6607
2232,details_summary,True,4519
2233,details_summary,True,4427
2234,details_summary,True,9068
2237,details_summary,True,4717
2238,details_summary,True,4727
2239,details_summary,True,4729
2241,details_summary,True,9674
2243,details_summary,True,8558
2246,details_summary,True,14121
2247,details_summary,True,17706
2248,details_summary,True,17753
2250,details_summary,True,659
2251,details_summary,True,11062
2254,details_summary,True,8861
2255,details_summary,True,2142
2257,details_summary,True,9636
2259,details_summary,True,9611
226,details_summary,True,25425
2260,details_summary,True,12811
2261,details_summary,True,7113
2265,details_summary,True,5933
2267,details_summary,True,43515
2268,details_summary,True,5885
2269,details_summary,True,5608
227,details_summary,True,34007
2270,details_summary,True,8598
2272,details_summary,True,20539
2273,details_summary,True,2798
2274,details_summary,True,2789
2275,details_summary,True,2776
2276,details_summary,True,20497
2278,details_summary,True,14677
228,details_summary,True,11023
2282,details_summary,True,14677
2283,details_summary,True,14677
2284,details_summary,True,14677
2285,details_summary,True,14661
2286,details_summary,True,14951
2288,details_summary,True,16299
229,details_summary,True,1132
2291,details_summary,True,16058
2292,details_summary,True,16044
2293,details_summary,True,16039
2294,details_summary,True,16062
2295,details_summary,True,16041
2296,details_summary,True,16240
2297,details_summary,True,26601
2298,details_summary,True,26600
23,details_summary,True,7431
2301,details_summary,True,14003
2304,details_summary,True,575
2305,details_summary,True,854
2306,details_summary,True,3792
231,details_summary,True,7395
2310,details_summary,True,3005
2311,details_summary,True,3053
2312,details_summary,True,20157
2313,details_summary,True,13183
2314,details_summary,True,7787
2315,details_summary,True,1095
2316,details_summary,True,9635
2317,details_summary,True,9637
2326,details_summary,True,4364
2328,details_summary,True,4362
2334,details_summary,True,15081
2335,details_summary,True,15081
2349,details_summary,True,13274
235,details_summary,True,7954
2350,details_summary,True,13268
2351,details_summary,True,3284
2352,details_summary,True,3285
2353,details_summary,True,3286
2354,details_summary,True,10432
2356,details_summary,True,4294
2369,details_summary,True,3029
237,details_summary,True,8275
2374,details_summary,True,7156
2375,details_summary,True,3028
2376,details_summary,True,8549
2378,details_summary,True,16273
2381,details_summary,True,13240
2384,details_summary,True,6773
2385,details_summary,True,6135
2386,details_summary,True,6136
239,details_summary,True,6383
2394,details_summary,True,2682
2396,details_summary,True,8365
2397,details_summary,True,8366
240,details_summary,True,4261
2404,details_summary,True,6141
2405,details_summary,True,6141
2407,details_summary,True,2682
241,details_summary,True,7886
2412,details_summary,True,27016
2413,details_summary,True,27017
2418,details_summary,True,17132
242,details_summary,True,7886
2420,details_summary,True,6319
2424,details_summary,True,6377
2427,details_summary,True,11662
2428,details_summary,True,11656
2429,details_summary,True,6077
243,details_summary,True,7841
2430,generic_fallback,True,14847
2431,generic_fallback,True,14796
2434,details_summary,True,12800
2438,details_summary,True,20400
244,details_summary,True,619
2442,details_summary,True,10762
2443,details_summary,True,10761
2444,details_summary,True,10761
2447,details_summary,True,7284
2449,details_summary,True,1273
2450,details_summary,True,6015
2451,details_summary,True,5983
2452,details_summary,True,15898
2453,details_summary,True,8027
2454,details_summary,True,8009
2455,details_summary,True,13745
2456,details_summary,True,13745
2457,details_summary,True,13742
2458,details_summary,True,4830
2459,details_summary,True,3834
2460,details_summary,True,12277
2461,details_summary,True,12293
2462,details_summary,True,7501
2463,details_summary,True,12277
2465,details_summary,True,9198
2466,details_summary,True,1564
2468,details_summary,True,7130
2469,details_summary,True,4559
2470,details_summary,True,15669
2471,details_summary,True,7866
2474,details_summary,True,1489
2475,details_summary,True,13354
2476,details_summary,True,13352
2477,details_summary,True,13351
2478,details_summary,True,12778
2479,details_summary,True,13531
2480,details_summary,True,13154
2481,details_summary,True,13532
2483,details_summary,True,2097
2488,details_summary,True,5690
2495,details_summary,True,2485
2496,details_summary,True,2553
2497,details_summary,True,3679
2498,details_summary,True,54196
2499,details_summary,True,5715
2500,details_summary,True,291052
2501,details_summary,True,5183
2508,details_summary,True,6449
2516,details_summary,True,23926
2518,details_summary,True,8536
2520,details_summary,True,16319
253,details_summary,True,2985
2532,details_summary,True,5987
2533,details_summary,True,8184
2534,details_summary,True,8193
2535,details_summary,True,9965
2538,details_summary,True,8396
2539,details_summary,True,8417
254,details_summary,True,9041
2543,details_summary,True,3814
255,details_summary,True,6892
2550,details_summary,True,14835
2551,details_summary,True,5012
2552,details_summary,True,14835
2553,details_summary,True,14817
256,details_summary,True,6306
2561,details_summary,True,6132
2567,details_summary,True,11362
2568,details_summary,True,11354
257,details_summary,True,2881
2576,details_summary,True,8070
2577,details_summary,True,1356
2578,details_summary,True,1356
2579,details_summary,True,7779
2586,details_summary,True,10274
2587,details_summary,True,6639
2588,details_summary,True,6639
259,details_summary,True,3461
2590,details_summary,True,12619
2592,details_summary,True,7494
2594,details_summary,True,9016
2595,details_summary,True,4014
2596,details_summary,True,4046
2597,details_summary,True,14760
260,details_summary,True,6290
2600,details_summary,True,6801
2602,details_summary,True,12729
2604,details_summary,True,3755
2605,details_summary,True,3755
2609,details_summary,True,12618
2612,details_summary,True,12729
2613,details_summary,True,12730
2614,details_summary,True,5123
2615,details_summary,True,4432
2616,details_summary,True,3024
2617,details_summary,True,3024
2619,details_summary,True,8493
262,details_summary,True,7264
2622,details_summary,True,10727
2623,details_summary,True,1689
2625,details_summary,True,3794
2629,details_summary,True,5658
263,details_summary,True,17759
2633,details_summary,True,4663
2639,details_summary,True,5734
264,details_summary,True,5872
2642,details_summary,True,14875
2646,details_summary,True,3670
2647,details_summary,True,3669
2648,details_summary,True,3669
265,details_summary,True,1840
2653,details_summary,True,8759
2654,details_summary,True,8133
266,details_summary,True,10224
2661,details_summary,True,8328
2662,details_summary,True,8327
2665,details_summary,True,13260
2666,details_summary,True,13222
2668,details_summary,True,9245
2670,details_summary,True,7000
2671,details_summary,True,13221
2672,details_summary,True,13224
2673,details_summary,True,13270
2675,details_summary,True,5682
2677,details_summary,True,622
2678,details_summary,True,917
2681,details_summary,True,4102
2683,details_summary,True,7377
2684,details_summary,True,25717
2685,details_summary,True,4674
2686,details_summary,True,15205
2687,details_summary,True,15211
2688,details_summary,True,15195
2689,details_summary,True,15186
2690,details_summary,True,1254
2691,details_summary,True,1254
2692,details_summary,True,30655
2693,details_summary,True,941
2694,details_summary,True,2074
2696,details_summary,True,2378
2697,details_summary,True,2107
2698,details_summary,True,2107
27,details_summary,True,1017
2700,details_summary,True,2491
2701,details_summary,True,1497
2702,details_summary,True,1203
2704,details_summary,True,16123
2706,details_summary,True,3500
2708,details_summary,True,24317
2711,details_summary,True,2128
2712,details_summary,True,7962
2713,details_summary,True,7963
2714,details_summary,True,76904
2715,details_summary,True,5283
2719,details_summary,True,962
272,details_summary,True,24385
2720,details_summary,True,962
2722,details_summary,True,15019
2729,details_summary,True,1860
273,details_summary,True,24394
2731,details_summary,True,9912
2736,details_summary,True,13274
2739,details_summary,True,7060
274,details_summary,True,1048
2741,details_summary,True,6678
2743,details_summary,True,10398
2746,details_summary,True,10383
2749,details_summary,True,201055
2757,details_summary,True,13203
2758,details_summary,True,13635
2759,details_summary,True,14287
2763,details_summary,True,3898
2764,details_summary,True,20074
2766,details_summary,True,9596
2768,details_summary,True,5305
2770,details_summary,True,635
2771,details_summary,True,635
2772,details_summary,True,635
2773,details_summary,True,635
2774,details_summary,True,635
2775,details_summary,True,634
278,details_summary,True,31317
2781,details_summary,True,3806
2782,details_summary,True,3790
2784,details_summary,True,6160
2785,details_summary,True,6025
2786,details_summary,True,5589
2788,details_summary,True,5763
279,details_summary,True,31375
2793,details_summary,True,23097
2794,details_summary,True,23094
2796,details_summary,True,2974
2797,details_summary,True,3079
280,details_summary,True,29364
2800,details_summary,True,780
2801,details_summary,True,7570
2802,details_summary,True,8697
2803,details_summary,True,4356
2804,details_summary,True,13214
2805,details_summary,True,4129
2806,details_summary,True,3905
2807,details_summary,True,14550
2808,details_summary,True,6759
2809,details_summary,True,12032
281,details_summary,True,29465
2810,details_summary,True,1686
2813,details_summary,True,1207
2821,details_summary,True,1214
2822,details_summary,True,1255
2824,details_summary,True,6055
2825,details_summary,True,21582
2827,details_summary,True,11174
283,details_summary,True,932
2833,details_summary,True,9729
2834,details_summary,True,7588
2835,details_summary,True,21284
2836,details_summary,True,2691
2837,details_summary,True,2318
2838,details_summary,True,16953
284,details_summary,True,924
2840,details_summary,True,11566
2846,details_summary,True,8800
2847,details_summary,True,9430
285,details_summary,True,4212
2850,details_summary,True,14307
2852,details_summary,True,7822
2853,details_summary,True,2366
2855,details_summary,True,3667
2857,details_summary,True,37105
2858,details_summary,True,1041
2859,details_summary,True,28475
286,details_summary,True,36557
2865,details_summary,True,26059
2867,details_summary,True,2637
2868,details_summary,True,15260
287,details_summary,True,1815
2873,details_summary,True,5926
2875,details_summary,True,8316
2876,details_summary,True,8565
2877,details_summary,True,24246
2878,details_summary,True,16303
2879,details_summary,True,6943
288,details_summary,True,14068
2881,details_summary,True,16084
2882,details_summary,True,16084
2883,details_summary,True,16086
2888,details_summary,True,11455
2889,details_summary,True,11455
289,details_summary,True,6113
2895,details_summary,True,18682
2898,details_summary,True,10337
2899,details_summary,True,10327
29,details_summary,True,4418
290,details_summary,True,4653
2901,details_summary,True,12256
2902,details_summary,True,12308
2910,details_summary,True,18705
2911,details_summary,True,18681
2912,details_summary,True,19297
2917,details_summary,True,7611
2918,details_summary,True,7605
2925,details_summary,True,10230
2926,details_summary,True,9478
2927,details_summary,True,9480
2929,details_summary,True,15449
293,details_summary,True,17309
2931,details_summary,True,14101
2939,generic_fallback,True,8012
294,details_summary,True,9699
2940,details_summary,True,7470
2941,details_summary,True,6691
2942,details_summary,True,4509
2943,details_summary,True,10093
2944,details_summary,True,5867
2945,details_summary,True,18512
2946,details_summary,True,5469
2947,details_summary,True,12877
2948,details_summary,True,5405
2949,details_summary,True,8434
296,details_summary,True,767
2961,details_summary,True,2637
2962,details_summary,True,2637
2963,details_summary,True,1015
2964,details_summary,True,620
2969,details_summary,True,1419
297,details_summary,True,570
2971,details_summary,True,31104
2976,details_summary,True,17536
2977,details_summary,True,10501
2978,details_summary,True,7703
298,details_summary,True,3568
2980,details_summary,True,3254
2981,details_summary,True,2894
2982,details_summary,True,2910
2983,details_summary,True,8358
2984,details_summary,True,3280
2985,details_summary,True,3557
2986,details_summary,True,7155
2987,details_summary,True,5393
2988,details_summary,True,5438
299,details_summary,True,1101
2993,details_summary,True,24349
2996,details_summary,True,7089
2997,details_summary,True,9432
2998,details_summary,True,16914
2999,details_summary,True,20012
3,details_summary,True,678
3000,details_summary,True,15121
3001,details_summary,True,9413
3006,details_summary,True,18338
3008,details_summary,True,3376
3013,details_summary,True,8034
3014,details_summary,True,10592
3018,details_summary,True,2255
3019,details_summary,True,2723
302,details_summary,True,3588
3020,details_summary,True,3733
3022,details_summary,True,8558
3023,details_summary,True,6255
3024,details_summary,True,65772
3025,details_summary,True,1493
3026,details_summary,True,18505
3027,details_summary,True,7323
3028,details_summary,True,8050
3029,details_summary,True,8018
303,details_summary,True,713
3031,details_summary,True,4505
3037,details_summary,True,8481
3038,details_summary,True,8151
304,details_summary,True,730
3040,details_summary,True,20303
3041,details_summary,True,8579
3043,details_summary,True,13152
3046,details_summary,True,3284
3047,details_summary,True,3284
305,details_summary,True,737
3050,details_summary,True,5748
3051,details_summary,True,8302
3052,details_summary,True,10175
3054,details_summary,True,3334
3057,details_summary,True,10201
306,details_summary,True,46690
3060,details_summary,True,18867
3061,details_summary,True,15516
3064,details_summary,True,3102
3066,details_summary,True,12676
3067,details_summary,True,12659
3068,details_summary,True,12666
3069,details_summary,True,22033
307,details_summary,True,9700
3070,details_summary,True,30673
3071,details_summary,True,22064
3072,details_summary,True,15691
3073,details_summary,True,15691
3074,details_summary,True,15691
3075,details_summary,True,24212
3076,details_summary,True,24221
3077,details_summary,True,24242
3078,details_summary,True,24514
3079,details_summary,True,24755
3080,details_summary,True,20555
3081,details_summary,True,20551
3082,details_summary,True,20539
3083,details_summary,True,18685
3084,details_summary,True,18660
3085,details_summary,True,18771
3086,details_summary,True,5371
3087,details_summary,True,5374
3088,details_summary,True,3453
3089,details_summary,True,3437
3090,details_summary,True,3399
3091,details_summary,True,3399
3092,details_summary,True,3416
3093,details_summary,True,15691
3095,details_summary,True,22538
3096,details_summary,True,30674
3097,details_summary,True,30731
31,details_summary,True,10586
3102,details_summary,True,9640
3103,details_summary,True,9667
3104,details_summary,True,9649
3105,details_summary,True,5335
3106,details_summary,True,5335
3107,details_summary,True,5335
3108,details_summary,True,5335
311,details_summary,True,10232
3112,details_summary,True,8906
3113,details_summary,True,8906
3115,details_summary,True,10125
3116,details_summary,True,10136
3119,details_summary,True,23551
312,details_summary,True,5173
3123,details_summary,True,2395
313,details_summary,True,16234
3130,details_summary,True,1542
314,details_summary,True,16988
3147,details_summary,True,24642
3148,details_summary,True,11300
315,details_summary,True,9124
3154,details_summary,True,21401
3158,details_summary,True,7150
3162,details_summary,True,41218
3164,details_summary,True,11546
3165,details_summary,True,11558
317,details_summary,True,8740
3170,details_summary,True,4700
3188,details_summary,True,7423
3189,details_summary,True,3069
3195,details_summary,True,15321
3196,details_summary,True,15327
3197,details_summary,True,15299
3198,details_summary,True,11946
32,details_summary,True,10620
320,details_summary,True,766
321,details_summary,True,11214
3217,details_summary,True,9223
322,details_summary,True,4554
3222,details_summary,True,12813
323,details_summary,True,7080
3233,details_summary,True,3765
3238,details_summary,True,13693
324,details_summary,True,17011
3244,details_summary,True,2494
3248,generic_fallback,True,21256
3249,generic_fallback,True,23571
325,details_summary,True,17007
3251,details_summary,True,4862
3254,details_summary,True,9466
3255,details_summary,True,4598
326,details_summary,True,11198
3260,details_summary,True,10452
3262,details_summary,True,6338
3266,details_summary,True,10115
3267,details_summary,True,10125
3268,details_summary,True,10113
3269,details_summary,True,9553
327,details_summary,True,11171
3274,details_summary,True,2236
3279,details_summary,True,39147
328,details_summary,True,7729
3283,details_summary,True,668
3285,details_summary,True,7352
3287,details_summary,True,8972
3288,details_summary,True,7336
3290,details_summary,True,10564
3291,details_summary,True,1640
3294,details_summary,True,8138
3297,details_summary,True,1589
3299,details_summary,True,27782
3302,details_summary,True,14771
3304,details_summary,True,15941
3305,details_summary,True,16658
3306,details_summary,True,13729
3307,details_summary,True,13729
3308,details_summary,True,13736
3309,details_summary,True,13729
3310,details_summary,True,13747
3312,details_summary,True,6729
3314,details_summary,True,3242
3317,details_summary,True,10816
3318,details_summary,True,18992
3323,details_summary,True,9581
3324,details_summary,True,9595
3329,details_summary,True,10234
3330,details_summary,True,10235
3331,details_summary,True,6012
3332,details_summary,True,6011
3333,details_summary,True,5066
3334,details_summary,True,1297
3335,details_summary,True,8844
3336,details_summary,True,9399
3337,details_summary,True,7680
3338,details_summary,True,8360
3339,details_summary,True,10531
334,details_summary,True,20808
3340,details_summary,True,9384
3346,details_summary,True,3620
3347,details_summary,True,2972
3348,details_summary,True,3084
3349,details_summary,True,13628
335,details_summary,True,10568
3350,details_summary,True,6745
3351,details_summary,True,8745
3354,details_summary,True,9402
3355,details_summary,True,8220
3359,details_summary,True,7932
3364,details_summary,True,3872
3365,details_summary,True,2452
3366,details_summary,True,9945
3367,details_summary,True,9797
3369,details_summary,True,5714
3370,details_summary,True,10556
3374,details_summary,True,3806
3375,details_summary,True,7345
3378,details_summary,True,11443
3380,details_summary,True,5333
3382,details_summary,True,12616
3387,details_summary,True,7353
3388,details_summary,True,3705
3389,details_summary,True,4816
339,details_summary,True,11971
3390,details_summary,True,1730
3392,details_summary,True,7125
3395,details_summary,True,2596
3398,details_summary,True,3894
3399,details_summary,True,3892
3400,details_summary,True,3886
3401,details_summary,True,5791
3402,details_summary,True,5009
3407,details_summary,True,29467
3409,details_summary,True,16516
341,details_summary,True,14031
3410,details_summary,True,21725
3411,details_summary,True,6665
3413,details_summary,True,9273
3415,details_summary,True,6151
3418,details_summary,True,4882
3420,details_summary,True,5710
3421,details_summary,True,8266
3426,details_summary,True,4863
3427,details_summary,True,11091
3428,details_summary,True,10766
3429,details_summary,True,10644
3430,details_summary,True,10607
3431,details_summary,True,10742
3432,details_summary,True,10752
3433,details_summary,True,10669
3434,details_summary,True,10816
3435,details_summary,True,18009
3437,details_summary,True,10636
3438,details_summary,True,10634
3439,details_summary,True,10639
3442,details_summary,True,10749
3443,details_summary,True,10731
3447,details_summary,True,2182
3448,details_summary,True,4513
3449,details_summary,True,5552
345,details_summary,True,19280
3453,details_summary,True,13451
346,details_summary,True,10471
3461,details_summary,True,6732
3464,details_summary,True,53204
3465,details_summary,True,53204
3466,details_summary,True,14828
3468,details_summary,True,53204
3469,details_summary,True,9833
3470,details_summary,True,9442
3471,details_summary,True,9442
3472,details_summary,True,6269
3473,details_summary,True,9893
3475,details_summary,True,11515
3476,details_summary,True,11496
3477,details_summary,True,11515
3478,details_summary,True,9857
348,details_summary,True,26914
3487,details_summary,True,2249
3488,details_summary,True,2253
3489,details_summary,True,10672
349,details_summary,True,9812
3493,details_summary,True,6391
3494,details_summary,True,13682
3495,details_summary,True,21808
3496,details_summary,True,10913
3499,details_summary,True,12140
350,details_summary,True,5798
3500,details_summary,True,21839
3501,details_summary,True,20161
3505,details_summary,True,4620
3506,details_summary,True,4611
3512,details_summary,True,21846
3513,details_summary,True,21815
3514,details_summary,True,21852
3515,details_summary,True,21654
3516,details_summary,True,20241
3517,details_summary,True,10334
3518,details_summary,True,9873
352,details_summary,True,22281
3520,details_summary,True,10108
3521,details_summary,True,8303
3522,details_summary,True,8303
3524,details_summary,True,16267
3525,details_summary,True,16324
3526,details_summary,True,16264
3527,details_summary,True,7402
3529,details_summary,True,1145
353,details_summary,True,22180
3530,details_summary,True,1153
3532,details_summary,True,5840
3534,details_summary,True,284
3535,details_summary,True,284
3537,details_summary,True,1784
3538,details_summary,True,184
3539,details_summary,True,1493
354,details_summary,True,9113
3540,details_summary,True,638
3547,details_summary,True,8915
3548,details_summary,True,9773
355,details_summary,True,9227
3559,details_summary,True,10205
356,details_summary,True,5981
3560,details_summary,True,9738
3561,details_summary,True,10248
3568,details_summary,True,8896
3569,details_summary,True,9979
357,details_summary,True,5964
3572,details_summary,True,852
3573,details_summary,True,13919
3574,details_summary,True,13910
3575,details_summary,True,13919
3576,details_summary,True,13791
3577,details_summary,True,7879
3578,details_summary,True,9902
3579,details_summary,True,1449
3580,details_summary,True,1844
3581,details_summary,True,1884
3583,details_summary,True,2008
3585,details_summary,True,2151
3587,details_summary,True,2263
3590,details_summary,True,3321
3592,details_summary,True,3901
3594,details_summary,True,2121
3595,details_summary,True,284
3596,details_summary,True,499
3599,details_summary,True,5736
36,details_summary,True,17945
360,details_summary,True,7523
3600,details_summary,True,5737
3601,details_summary,True,6515
3602,details_summary,True,6515
3604,details_summary,True,2337
3605,details_summary,True,7887
3606,details_summary,True,2336
3607,details_summary,True,2337
3608,details_summary,True,1272
3609,details_summary,True,740
361,details_summary,True,1702
3611,details_summary,True,1719
3612,details_summary,True,24261
3613,details_summary,True,24207
3614,details_summary,True,24413
3615,details_summary,True,24258
3616,details_summary,True,24413
3618,details_summary,True,1948
362,details_summary,True,18074
3623,details_summary,True,14698
3634,details_summary,True,15796
3635,details_summary,True,3967
3638,details_summary,True,3172
3640,details_summary,True,18945
3643,details_summary,True,7539
3647,details_summary,True,11384
3648,details_summary,True,11343
3651,details_summary,True,15863
3658,details_summary,True,4509
3659,details_summary,True,957
366,details_summary,True,2810
3660,details_summary,True,9678
3662,details_summary,True,16107
3664,details_summary,True,6923
3665,details_summary,True,8542
3666,details_summary,True,8787
3668,details_summary,True,6151
3669,details_summary,True,12077
367,details_summary,True,7305
3670,details_summary,True,17840
3671,details_summary,True,4577
3672,details_summary,True,2987
3673,details_summary,True,2309
3675,details_summary,True,4319
3676,details_summary,True,8228
368,details_summary,True,7287
3682,details_summary,True,16662
369,details_summary,True,8414
3691,details_summary,True,499
3692,details_summary,True,1704
3693,details_summary,True,7926
3694,details_summary,True,185
3695,details_summary,True,2263
3697,details_summary,True,1152
370,details_summary,True,8767
3701,details_summary,True,1560
3702,details_summary,True,2543
3704,details_summary,True,2510
3706,details_summary,True,6905
3707,details_summary,True,9272
3708,details_summary,True,7132
3709,details_summary,True,125988
371,details_summary,True,5741
3710,details_summary,True,127765
3714,details_summary,True,8002
3715,details_summary,True,7977
3716,details_summary,True,17383
3718,details_summary,True,29328
3719,details_summary,True,24438
3720,details_summary,True,29461
3721,details_summary,True,24438
3725,details_summary,True,6057
373,details_summary,True,11369
3731,details_summary,True,1797
3732,generic_fallback,True,4346
3733,generic_fallback,True,20752
3734,details_summary,True,616
3736,details_summary,True,2805
3737,details_summary,True,627
3738,details_summary,True,426
3739,details_summary,True,2215
3740,details_summary,True,1235
3741,details_summary,True,5817
3742,details_summary,True,4675
3743,details_summary,True,579
3744,details_summary,True,1181
3745,details_summary,True,660
3746,details_summary,True,179
3747,details_summary,True,1185
3749,details_summary,True,681
375,details_summary,True,11369
3750,details_summary,True,3233
3751,details_summary,True,628
3752,details_summary,True,1299
3753,details_summary,True,1288
3756,details_summary,True,1020
3759,details_summary,True,3595
376,details_summary,True,11368
3761,details_summary,True,3568
3764,details_summary,True,822
3765,details_summary,True,819
3766,details_summary,True,747
3767,details_summary,True,769
377,details_summary,True,8916
3771,details_summary,True,2970
3772,details_summary,True,2079
3776,details_summary,True,9685
378,details_summary,True,2106
3784,details_summary,True,8405
3785,details_summary,True,5552
3787,details_summary,True,16344
3788,details_summary,True,15100
379,details_summary,True,19080
3790,details_summary,True,10984
3791,details_summary,True,10985
3792,details_summary,True,5475
3794,details_summary,True,8552
3795,details_summary,True,670
3798,details_summary,True,8531
3799,details_summary,True,6500
3800,details_summary,True,7708
3801,details_summary,True,76184
3804,details_summary,True,11000
3805,details_summary,True,7983
3806,details_summary,True,6791
3807,details_summary,True,3641
3808,details_summary,True,3490
3809,details_summary,True,4209
3810,details_summary,True,6605
3811,details_summary,True,6651
3812,details_summary,True,2031
3813,details_summary,True,15927
3814,details_summary,True,6627
3815,details_summary,True,13518
3818,details_summary,True,11637
3819,details_summary,True,10320
3820,details_summary,True,3538
3821,details_summary,True,834
3824,details_summary,True,6193
3825,details_summary,True,7754
3827,details_summary,True,10427
3828,details_summary,True,2607
3829,details_summary,True,6052
3830,details_summary,True,20985
3831,details_summary,True,132660
3834,details_summary,True,5066
3837,details_summary,True,24389
3838,details_summary,True,11994
3839,details_summary,True,12170
3843,details_summary,True,5190
3844,details_summary,True,3660
3848,details_summary,True,6272
3849,details_summary,True,6258
385,details_summary,True,2760
3850,details_summary,True,6157
3851,details_summary,True,7205
3855,details_summary,True,1048
3856,details_summary,True,36474
3857,details_summary,True,3756
3861,details_summary,True,7630
3862,details_summary,True,13479
3863,details_summary,True,4178
3866,details_summary,True,6957
3869,details_summary,True,22604
3872,details_summary,True,16695
3877,details_summary,True,9971
388,details_summary,True,10174
3880,details_summary,True,19427
3881,details_summary,True,11541
3883,details_summary,True,11307
3884,details_summary,True,1933
3885,details_summary,True,61610
3887,details_summary,True,12089
3888,details_summary,True,10459
389,details_summary,True,10175
3890,details_summary,True,18530
3891,details_summary,True,19748
3892,details_summary,True,20432
3893,details_summary,True,14611
3894,details_summary,True,14624
39,details_summary,True,5315
390,details_summary,True,10173
3901,details_summary,True,4714
3903,details_summary,True,20765
3904,details_summary,True,8332
3906,details_summary,True,5573
3908,details_summary,True,4544
3909,details_summary,True,14288
3910,details_summary,True,25940
3911,details_summary,True,1645
3912,details_summary,True,13097
3913,details_summary,True,7202
3919,details_summary,True,6387
392,details_summary,True,5544
3925,details_summary,True,7619
3927,details_summary,True,6802
3928,details_summary,True,6773
3929,details_summary,True,3177
393,generic_fallback,True,21502
3931,details_summary,True,9244
3933,details_summary,True,5255
3937,details_summary,True,15527
394,details_summary,True,3577
3940,details_summary,True,12808
3944,details_summary,True,12190
3945,details_summary,True,12536
3948,details_summary,True,20993
395,details_summary,True,8412
3951,details_summary,True,12616
3952,details_summary,True,22505
3953,details_summary,True,22448
3955,details_summary,True,22436
3956,details_summary,True,23173
3957,details_summary,True,22504
3958,details_summary,True,54927
3959,details_summary,True,2998
396,generic_fallback,True,21695
3960,details_summary,True,2558
3962,details_summary,True,6247
3964,details_summary,True,4880
3965,details_summary,True,4875
3966,details_summary,True,4899
3969,details_summary,True,6467
397,generic_fallback,True,22697
3970,details_summary,True,6252
3971,details_summary,True,8842
3975,details_summary,True,4628
3976,details_summary,True,4586
3979,details_summary,True,9173
398,details_summary,True,678
3982,details_summary,True,16193
3984,details_summary,True,16119
3987,details_summary,True,9173
3988,details_summary,True,9201
3989,details_summary,True,9136
399,details_summary,True,1037
3990,details_summary,True,2353
3991,details_summary,True,9215
3993,details_summary,True,9131
3996,details_summary,True,2377
3997,details_summary,True,2376
3998,details_summary,True,2372
4,details_summary,True,2713
40,details_summary,True,3538
4001,details_summary,True,10271
4002,details_summary,True,32934
4004,details_summary,True,8202
401,details_summary,True,1094
403,details_summary,True,6672
404,details_summary,True,6680
405,details_summary,True,6452
4051,details_summary,True,3187
4053,details_summary,True,9402
406,details_summary,True,5085
4066,details_summary,True,21309
4067,details_summary,True,21327
4068,details_summary,True,21287
407,details_summary,True,15360
4074,details_summary,True,7358
4075,details_summary,True,13053
4076,details_summary,True,13053
4077,details_summary,True,13053
4078,details_summary,True,28027
408,details_summary,True,1075
4085,details_summary,True,14355
4095,details_summary,True,10636
4098,details_summary,True,7959
41,details_summary,True,610
410,details_summary,True,10489
4108,details_summary,True,2142
411,details_summary,True,2855
4110,details_summary,True,14841
4111,details_summary,True,15214
4112,details_summary,True,15210
4114,details_summary,True,15268
4115,details_summary,True,2332
4117,details_summary,True,3328
4118,generic_fallback,True,9175
4120,details_summary,True,16839
4121,details_summary,True,15558
4122,details_summary,True,15620
4123,details_summary,True,15495
4126,details_summary,True,1838
4129,details_summary,True,1861
413,details_summary,True,12200
4132,details_summary,True,14702
4135,details_summary,True,8765
4136,details_summary,True,742
4138,details_summary,True,4817
4139,details_summary,True,4818
4140,details_summary,True,4817
4145,details_summary,True,11914
4147,details_summary,True,11962
4148,details_summary,True,11629
415,details_summary,True,11219
4155,details_summary,True,15575
4156,details_summary,True,14649
416,details_summary,True,11249
4161,details_summary,True,15043
4166,details_summary,True,7441
4167,details_summary,True,7162
4168,details_summary,True,8178
417,details_summary,True,9211
4171,details_summary,True,10434
418,details_summary,True,717
4180,details_summary,True,2893
4186,details_summary,True,2722
4187,details_summary,True,2755
4188,details_summary,True,12793
4192,details_summary,True,3073
4194,details_summary,True,7253
4195,details_summary,True,1946
4196,details_summary,True,7257
4197,details_summary,True,7295
4199,details_summary,True,2038
420,details_summary,True,3510
4200,details_summary,True,12452
4204,details_summary,True,5638
4209,details_summary,True,2038
421,details_summary,True,3673
4218,details_summary,True,1538
4225,details_summary,True,5099
4230,details_summary,True,10020
4231,details_summary,True,1731
4237,details_summary,True,34363
4241,details_summary,True,6839
4242,details_summary,True,6898
4243,details_summary,True,6847
4244,details_summary,True,6822
4245,details_summary,True,6849
4246,details_summary,True,6848
4247,details_summary,True,6871
4248,details_summary,True,7535
4252,details_summary,True,6866
4253,details_summary,True,6848
4258,details_summary,True,5817
426,details_summary,True,6383
4260,details_summary,True,6844
4266,details_summary,True,3899
427,details_summary,True,1245
4275,details_summary,True,3309
4276,details_summary,True,9594
4277,details_summary,True,10732
4278,details_summary,True,9901
4279,details_summary,True,10022
428,details_summary,True,6510
4285,details_summary,True,1322
4289,details_summary,True,5336
4290,details_summary,True,5336
4291,details_summary,True,7614
4292,details_summary,True,7633
4293,details_summary,True,7355
4294,details_summary,True,6351
4295,details_summary,True,6377
4296,details_summary,True,6351
4297,details_summary,True,28731
4298,details_summary,True,183818
43,details_summary,True,10571
430,details_summary,True,6277
4301,details_summary,True,13562
4304,details_summary,True,1103
4306,details_summary,True,12302
4307,details_summary,True,12288
4308,details_summary,True,4560
4309,details_summary,True,1728
431,details_summary,True,6707
4310,details_summary,True,1728
4318,details_summary,True,6279
4319,details_summary,True,10230
4320,details_summary,True,10230
4321,details_summary,True,14096
4322,details_summary,True,14094
4325,details_summary,True,263654
4326,details_summary,True,10959
4327,details_summary,True,2162
4329,details_summary,True,13161
433,details_summary,True,5977
4333,generic_fallback,True,29296
4334,details_summary,True,2809
4335,details_summary,True,2801
4336,details_summary,True,2801
4337,details_summary,True,5097
4338,details_summary,True,5072
4339,details_summary,True,6720
434,details_summary,True,4512
4341,details_summary,True,39521
4342,details_summary,True,6434
4343,details_summary,True,6794
4344,details_summary,True,6735
4345,details_summary,True,6775
4346,details_summary,True,38764
4347,details_summary,True,25375
4348,details_summary,True,20788
4349,details_summary,True,5258
435,details_summary,True,4525
4350,details_summary,True,23149
4351,details_summary,True,23149
4352,details_summary,True,22980
4353,details_summary,True,22979
4356,details_summary,True,20773
4357,details_summary,True,13819
4358,details_summary,True,13783
4359,details_summary,True,15636
436,details_summary,True,48647
4360,details_summary,True,15646
4363,details_summary,True,10729
4364,details_summary,True,22522
4365,details_summary,True,11884
4366,details_summary,True,11885
4367,details_summary,True,11884
4368,details_summary,True,4543
4369,details_summary,True,11886
437,details_summary,True,6516
4370,details_summary,True,5054
4372,details_summary,True,4559
4373,details_summary,True,10369
4376,details_summary,True,11862
4381,details_summary,True,3680
4382,details_summary,True,3679
4383,details_summary,True,5182
4386,details_summary,True,11862
4387,details_summary,True,11862
439,details_summary,True,5046
4390,details_summary,True,12604
4391,details_summary,True,12541
4395,details_summary,True,9140
4396,details_summary,True,9117
4397,details_summary,True,16297
4398,details_summary,True,16706
4399,details_summary,True,17618
440,details_summary,True,1344
4402,details_summary,True,10413
4407,details_summary,True,17262
4408,details_summary,True,17262
4409,details_summary,True,6699
441,details_summary,True,18037
4411,details_summary,True,22322
4412,details_summary,True,11482
4413,details_summary,True,11019
4415,details_summary,True,20632
4416,details_summary,True,20641
4417,details_summary,True,6745
4419,details_summary,True,7065
442,details_summary,True,4709
4420,details_summary,True,7058
4422,details_summary,True,8780
4426,details_summary,True,7778
4427,details_summary,True,9639
4428,details_summary,True,9623
4429,details_summary,True,13396
443,details_summary,True,3587
4436,details_summary,True,7786
4437,details_summary,True,8239
4438,details_summary,True,8259
4439,details_summary,True,8245
4440,details_summary,True,8748
4441,details_summary,True,8749
4445,details_summary,True,11511
4446,details_summary,True,6486
4447,details_summary,True,9481
4448,details_summary,True,9495
445,details_summary,True,6258
4450,details_summary,True,23771
4455,details_summary,True,11941
4456,details_summary,True,5443
4457,details_summary,True,3200
4459,details_summary,True,3075
4460,details_summary,True,15525
4465,details_summary,True,9284
4470,details_summary,True,2983
4471,details_summary,True,13406
4479,details_summary,True,12039
4480,details_summary,True,5935
4483,details_summary,True,28754
4488,details_summary,True,3010
449,details_summary,True,9348
4490,details_summary,True,11275
4492,details_summary,True,11379
4493,details_summary,True,3000
4494,details_summary,True,3009
4495,generic_fallback,True,5721
4496,details_summary,True,1027
4497,details_summary,True,6541
4498,details_summary,True,11410
4499,details_summary,True,11186
450,details_summary,True,9333
4502,details_summary,True,4152
4503,details_summary,True,4515
4504,details_summary,True,4497
4506,details_summary,True,8245
4508,details_summary,True,805
451,details_summary,True,3649
4510,details_summary,True,795
4511,details_summary,True,1897
4512,details_summary,True,1081
4517,details_summary,True,265153
4518,details_summary,True,2842
4519,details_summary,True,2841
4520,details_summary,True,14673
4521,details_summary,True,15351
4525,details_summary,True,2035
4526,generic_fallback,True,5721
453,details_summary,True,116092
454,details_summary,True,9362
4545,details_summary,True,20849
4551,details_summary,True,28019
4559,details_summary,True,4549
4560,generic_fallback,True,30411
4561,details_summary,True,2986
4562,details_summary,True,2986
4563,details_summary,True,2841
4564,details_summary,True,17948
4565,details_summary,True,761
4566,details_summary,True,4275
4567,details_summary,True,4286
4568,details_summary,True,8792
457,details_summary,True,991
4570,details_summary,True,1058
4571,details_summary,True,1031
4573,generic_fallback,True,30381
4574,details_summary,True,8364
4575,details_summary,True,8364
4576,details_summary,True,8364
4578,details_summary,True,10456
4579,details_summary,True,10215
458,details_summary,True,13041
4580,generic_fallback,True,23897
4582,details_summary,True,10216
4583,details_summary,True,10714
4584,details_summary,True,10714
4585,details_summary,True,10714
4587,details_summary,True,1482
459,details_summary,True,4725
4590,details_summary,True,5607
4592,generic_fallback,True,41772
4594,details_summary,True,6835
4595,details_summary,True,6835
4596,details_summary,True,67116
4597,details_summary,True,1361
4599,details_summary,True,1120
4606,details_summary,True,15475
4608,details_summary,True,18107
4609,details_summary,True,15661
461,details_summary,True,19191
4611,details_summary,True,1289
4612,details_summary,True,699
4613,details_summary,True,9819
4614,details_summary,True,4875
4617,details_summary,True,4190
4621,details_summary,True,4517
4622,details_summary,True,3473
4623,details_summary,True,3472
4626,details_summary,True,4465
4638,details_summary,True,6919
4639,details_summary,True,15077
464,details_summary,True,3570
4640,details_summary,True,15079
4641,details_summary,True,2911
4643,details_summary,True,10362
4645,details_summary,True,2634
4646,details_summary,True,2635
4648,details_summary,True,9459
4649,details_summary,True,11212
465,details_summary,True,3010
4650,details_summary,True,31652
4651,details_summary,True,32456
4653,details_summary,True,12681
4654,details_summary,True,5396
4655,details_summary,True,8568
4656,details_summary,True,6646
4657,details_summary,True,9533
4658,details_summary,True,9527
4659,details_summary,True,5335
466,details_summary,True,1427
4662,details_summary,True,4403
4664,details_summary,True,14868
4665,details_summary,True,913
4666,details_summary,True,913
4667,details_summary,True,6708
4668,details_summary,True,6707
4669,details_summary,True,11000
4670,details_summary,True,779
4671,details_summary,True,2488
4672,details_summary,True,3870
4674,details_summary,True,1252
4675,details_summary,True,16603
4677,details_summary,True,24718
4679,details_summary,True,15309
4680,details_summary,True,6841
4681,details_summary,True,720
4682,details_summary,True,6847
4683,details_summary,True,71132
4684,details_summary,True,10479
4685,details_summary,True,40980
4687,details_summary,True,3315
4688,details_summary,True,3414
4689,details_summary,True,9489
4690,details_summary,True,9460
4691,details_summary,True,9480
4697,details_summary,True,9487
47,details_summary,True,782
4701,details_summary,True,17819
4703,details_summary,True,48470
4705,details_summary,True,757
4706,details_summary,True,16264
4707,details_summary,True,8901
4708,details_summary,True,16227
4717,details_summary,True,9946
4718,details_summary,True,9961
4719,details_summary,True,8277
472,details_summary,True,4608
4720,details_summary,True,8433
4721,details_summary,True,16270
4722,details_summary,True,8440
4723,details_summary,True,1098
4724,details_summary,True,8066
4725,details_summary,True,142493
4726,details_summary,True,10249
473,details_summary,True,4620
4732,details_summary,True,17571
4734,details_summary,True,16269
4735,details_summary,True,19621
4736,details_summary,True,11372
4737,details_summary,True,11350
4738,details_summary,True,17562
4739,details_summary,True,11415
4740,details_summary,True,11479
4741,details_summary,True,9597
4742,details_summary,True,17546
4743,details_summary,True,19720
4745,details_summary,True,13534
4746,details_summary,True,13543
4747,details_summary,True,8066
4748,details_summary,True,10232
4749,details_summary,True,5507
475,details_summary,True,677
4752,details_summary,True,9822
4756,details_summary,True,19777
4757,details_summary,True,9059
4758,details_summary,True,8828
4759,details_summary,True,8813
4760,details_summary,True,8812
4762,details_summary,True,9701
4763,details_summary,True,6769
4764,details_summary,True,13301
4765,details_summary,True,4064
4766,details_summary,True,3967
4767,details_summary,True,4474
4778,details_summary,True,8319
4779,details_summary,True,6754
478,details_summary,True,5550
4781,details_summary,True,4048
4783,details_summary,True,7877
4784,details_summary,True,15898
4786,details_summary,True,3725
48,details_summary,True,7665
4807,details_summary,True,3327
4809,details_summary,True,5811
481,details_summary,True,26313
4814,details_summary,True,659
4815,details_summary,True,702
4817,details_summary,True,944
4818,details_summary,True,1931
4819,details_summary,True,605
482,details_summary,True,11973
4820,details_summary,True,802
4821,details_summary,True,624
4822,details_summary,True,613
4823,details_summary,True,640
4826,details_summary,True,1856
4828,details_summary,True,1116
4829,details_summary,True,765
4830,details_summary,True,672
4831,details_summary,True,892
4832,details_summary,True,5255
4833,details_summary,True,838
4834,details_summary,True,2030
4835,details_summary,True,12276
4837,details_summary,True,755
4838,details_summary,True,12274
4839,details_summary,True,12508
4841,details_summary,True,822
4843,details_summary,True,773
4845,details_summary,True,583
4846,details_summary,True,580
4847,details_summary,True,2313
4848,details_summary,True,1115
4849,details_summary,True,2313
4850,details_summary,True,1107
4851,details_summary,True,2124
4852,details_summary,True,1451
4853,details_summary,True,2387
4854,details_summary,True,11903
4855,details_summary,True,632
4856,details_summary,True,2013
4857,details_summary,True,664
4859,details_summary,True,1125
4860,details_summary,True,880
4861,details_summary,True,2497
4864,details_summary,True,10089
4866,details_summary,True,816
4867,details_summary,True,1121
4868,details_summary,True,2148
4869,details_summary,True,1014
487,details_summary,True,11129
4870,details_summary,True,1001
4871,details_summary,True,703
4872,details_summary,True,800
4874,details_summary,True,8333
4875,details_summary,True,2062
4876,details_summary,True,664
4877,details_summary,True,1204
4878,details_summary,True,677
488,details_summary,True,5291
489,details_summary,True,1294
4894,details_summary,True,10743
4895,details_summary,True,10749
4896,details_summary,True,10728
4897,details_summary,True,664
4898,details_summary,True,2282
4899,details_summary,True,1802
4900,details_summary,True,2352
4901,details_summary,True,880
4902,details_summary,True,571
4903,details_summary,True,5368
4905,details_summary,True,7331
4906,details_summary,True,639
4907,details_summary,True,7330
4908,details_summary,True,1787
4909,details_summary,True,919
4910,details_summary,True,692
4918,details_summary,True,708
4920,details_summary,True,3558
4921,details_summary,True,2321
4922,details_summary,True,700
4923,details_summary,True,1911
4925,details_summary,True,1686
4926,details_summary,True,884
4927,details_summary,True,891
4928,details_summary,True,1686
4929,details_summary,True,817
4930,details_summary,True,1373
4932,details_summary,True,640
4935,details_summary,True,1686
4936,details_summary,True,856
4937,details_summary,True,830
4939,details_summary,True,13976
494,details_summary,True,3391
4941,details_summary,True,6151
4942,details_summary,True,989
4943,details_summary,True,11126
4944,details_summary,True,11126
4948,details_summary,True,3364
4949,details_summary,True,1004
495,details_summary,True,44914
4952,details_summary,True,767
4955,details_summary,True,24478
496,details_summary,True,3389
4961,details_summary,True,683
4962,details_summary,True,569
4963,details_summary,True,2749
4965,details_summary,True,24465
4966,details_summary,True,5028
4967,details_summary,True,28520
4968,details_summary,True,11327
4969,details_summary,True,7852
497,details_summary,True,8837
4970,details_summary,True,7827
4971,details_summary,True,7826
4972,details_summary,True,7879
4975,details_summary,True,7621
4976,details_summary,True,7622
498,details_summary,True,1880
4982,details_summary,True,6635
4986,details_summary,True,2027
4989,details_summary,True,8604
499,details_summary,True,5485
4993,details_summary,True,26327
4994,details_summary,True,17535
4999,details_summary,True,8825
5000,details_summary,True,7796
5004,details_summary,True,5046
5008,details_summary,True,5067
5009,details_summary,True,10709
501,details_summary,True,6310
5018,details_summary,True,19365
502,details_summary,True,7706
503,details_summary,True,25761
5059,details_summary,True,15329
506,details_summary,True,9160
5060,details_summary,True,6152
5061,details_summary,True,21419
5062,details_summary,True,2303
5063,details_summary,True,11004
5064,details_summary,True,24522
5067,details_summary,True,7440
5069,details_summary,True,11311
507,details_summary,True,14461
5071,details_summary,True,11285
5072,details_summary,True,38184
5073,details_summary,True,1196
5074,details_summary,True,11049
5075,details_summary,True,10042
5076,details_summary,True,11476
508,details_summary,True,39154
5082,details_summary,True,7405
5084,details_summary,True,3748
5087,details_summary,True,6038
5088,details_summary,True,810
5089,details_summary,True,8287
509,details_summary,True,1285
5090,generic_fallback,True,23168
5091,details_summary,True,8190
5092,details_summary,True,8232
5097,details_summary,True,5212
5099,details_summary,True,17379
510,details_summary,True,12382
5100,details_summary,True,8286
5105,details_summary,True,2057
511,details_summary,True,18810
5110,details_summary,True,4813
5111,details_summary,True,5014
5113,details_summary,True,19659
5114,details_summary,True,19933
5115,details_summary,True,3062
5116,details_summary,True,4092
5117,details_summary,True,11909
5120,details_summary,True,13977
5127,details_summary,True,5009
5129,details_summary,True,8513
513,details_summary,True,10452
5131,details_summary,True,7598
5132,details_summary,True,2503
5133,details_summary,True,25705
514,details_summary,True,14721
5143,details_summary,True,3487
5144,details_summary,True,8280
5145,details_summary,True,7765
5146,details_summary,True,8164
5147,details_summary,True,36359
515,details_summary,True,10077
5158,details_summary,True,12273
5159,details_summary,True,11683
516,details_summary,True,9136
5162,generic_fallback,True,26190
5164,details_summary,True,1887
5166,details_summary,True,13319
5168,generic_fallback,True,7689
517,details_summary,True,9089
5172,details_summary,True,1565
5176,details_summary,True,2470
5177,details_summary,True,13792
5178,details_summary,True,13775
5179,details_summary,True,13771
518,details_summary,True,9156
5180,details_summary,True,13771
5181,details_summary,True,13775
5182,details_summary,True,13792
5185,details_summary,True,6382
5188,details_summary,True,4229
5189,details_summary,True,5706
519,details_summary,True,9123
5190,details_summary,True,35484
5195,details_summary,True,1301
5199,details_summary,True,10055
52,details_summary,True,4532
5200,details_summary,True,10071
5202,details_summary,True,6594
5203,details_summary,True,6146
5204,details_summary,True,6824
5205,details_summary,True,7466
5206,details_summary,True,9211
5207,details_summary,True,14327
5208,details_summary,True,15440
5209,details_summary,True,15487
5210,details_summary,True,15472
5211,details_summary,True,15529
5216,details_summary,True,4071
5218,details_summary,True,6261
522,details_summary,True,7209
5222,details_summary,True,4071
5223,details_summary,True,11590
5224,details_summary,True,5149
5225,details_summary,True,8889
5226,details_summary,True,8892
5227,details_summary,True,5523
523,details_summary,True,14063
5234,details_summary,True,15478
5235,details_summary,True,8532
5237,details_summary,True,6318
5238,details_summary,True,6305
5239,details_summary,True,6298
524,details_summary,True,7861
5240,details_summary,True,6319
5241,details_summary,True,6320
5242,details_summary,True,14441
5243,details_summary,True,11097
5245,details_summary,True,25341
5246,details_summary,True,2412
5247,details_summary,True,12801
5249,details_summary,True,10756
525,details_summary,True,7861
5250,details_summary,True,10758
5252,details_summary,True,24580
5256,details_summary,True,21338
526,details_summary,True,7237
5263,details_summary,True,3290
5264,details_summary,True,9171
5265,details_summary,True,10712
5266,details_summary,True,2568
5267,details_summary,True,3060
5268,details_summary,True,8110
5269,generic_fallback,True,10322
5270,generic_fallback,True,10596
5271,details_summary,True,2399
5272,details_summary,True,2438
5273,details_summary,True,1238
5277,details_summary,True,6331
5281,details_summary,True,854
5282,details_summary,True,866
5289,details_summary,True,7649
529,details_summary,True,2944
5293,details_summary,True,20613
5297,details_summary,True,9589
530,generic_fallback,True,26985
5300,details_summary,True,12569
5301,details_summary,True,3758
5302,details_summary,True,16840
5303,details_summary,True,5654
5304,details_summary,True,4265
5309,details_summary,True,19063
531,details_summary,True,13704
5312,details_summary,True,19063
5313,details_summary,True,181
5314,details_summary,True,5779
5315,details_summary,True,19038
5316,details_summary,True,19036
5317,details_summary,True,19064
5318,details_summary,True,19070
5319,details_summary,True,9655
532,details_summary,True,13993
5320,details_summary,True,9636
5321,details_summary,True,5177
5322,details_summary,True,5192
5323,details_summary,True,5180
5324,details_summary,True,9201
5327,details_summary,True,10626
5329,details_summary,True,3006
533,details_summary,True,14076
5331,details_summary,True,10020
5333,details_summary,True,28416
5334,details_summary,True,6462
5335,details_summary,True,9885
5336,details_summary,True,9612
5338,details_summary,True,5779
534,details_summary,True,14048
5340,details_summary,True,4497
5341,details_summary,True,6127
5343,details_summary,True,3090
5346,details_summary,True,12592
5347,details_summary,True,9885
5348,details_summary,True,15204
5349,details_summary,True,15264
535,details_summary,True,13683
5353,details_summary,True,5693
5354,details_summary,True,2260
5355,details_summary,True,957
5356,details_summary,True,9462
5357,details_summary,True,30613
5358,details_summary,True,17728
5359,details_summary,True,5061
536,details_summary,True,13704
5360,generic_fallback,True,11373
5361,details_summary,True,7640
5362,details_summary,True,703
537,details_summary,True,8851
5370,details_summary,True,4583
5371,details_summary,True,2802
5373,details_summary,True,6570
5384,details_summary,True,6865
5386,details_summary,True,6186
5388,details_summary,True,11705
5389,details_summary,True,3062
539,details_summary,True,8838
5395,details_summary,True,11205
5396,details_summary,True,3203
5397,details_summary,True,3179
5398,details_summary,True,3188
5399,details_summary,True,11203
5405,details_summary,True,3192
5406,details_summary,True,2938
541,details_summary,True,7297
5411,details_summary,True,3889
5412,details_summary,True,11779
5414,details_summary,True,13361
5418,details_summary,True,10146
5419,generic_fallback,True,12358
542,details_summary,True,7160
5420,generic_fallback,True,12367
5421,generic_fallback,True,12367
5422,details_summary,True,9082
5423,details_summary,True,5578
543,generic_fallback,True,26985
5440,details_summary,True,16248
5441,details_summary,True,15898
5442,details_summary,True,11906
5443,details_summary,True,7233
5444,details_summary,True,6827
5447,details_summary,True,670
5450,details_summary,True,670
5452,details_summary,True,8645
5453,details_summary,True,1348
5454,details_summary,True,1295
5455,details_summary,True,1295
5457,details_summary,True,1079
5459,details_summary,True,4233
5460,details_summary,True,3310
5461,details_summary,True,6232
5462,details_summary,True,6235
5463,details_summary,True,6299
5464,details_summary,True,6242
5465,details_summary,True,6284
5467,details_summary,True,9645
5468,details_summary,True,1491
547,details_summary,True,6372
5470,details_summary,True,6422
5471,details_summary,True,6444
5472,details_summary,True,3852
5474,details_summary,True,15315
5476,details_summary,True,21745
548,generic_fallback,True,5721
5483,details_summary,True,178
5484,details_summary,True,4070
5485,details_summary,True,4070
5486,details_summary,True,4070
5487,details_summary,True,1946
5488,details_summary,True,2083
549,details_summary,True,3363
5490,details_summary,True,16654
5491,details_summary,True,8117
5492,details_summary,True,11117
5495,details_summary,True,24256
5497,details_summary,True,8243
5498,details_summary,True,8780
5499,details_summary,True,7629
550,details_summary,True,14063
5500,details_summary,True,8387
5501,details_summary,True,17519
5502,details_summary,True,17494
5504,details_summary,True,8279
5505,details_summary,True,1704
5507,details_summary,True,11558
551,details_summary,True,2426
5510,details_summary,True,4052
5511,details_summary,True,5259
5513,details_summary,True,4045
5514,details_summary,True,6843
5515,details_summary,True,6844
5516,details_summary,True,5119
5517,details_summary,True,7718
5518,details_summary,True,7718
5519,details_summary,True,11791
552,details_summary,True,2424
5520,details_summary,True,15264
5521,details_summary,True,7101
5523,details_summary,True,20512
5524,details_summary,True,3386
5525,details_summary,True,4229
5527,details_summary,True,3763
5529,details_summary,True,3166
553,details_summary,True,8834
5530,details_summary,True,11055
5531,details_summary,True,22085
5532,details_summary,True,1853
5533,details_summary,True,18495
5536,details_summary,True,7464
5537,details_summary,True,17972
5538,details_summary,True,682
5539,details_summary,True,16829
554,details_summary,True,2735
5541,details_summary,True,4977
5542,details_summary,True,3880
5543,details_summary,True,4078
5544,details_summary,True,4632
5545,details_summary,True,3250
5546,details_summary,True,3257
5547,details_summary,True,5743
555,details_summary,True,2769
5550,details_summary,True,1912
5552,details_summary,True,7185
5558,details_summary,True,1317
5559,generic_fallback,True,10602
5560,details_summary,True,16725
5561,details_summary,True,18590
5564,details_summary,True,3694
5566,details_summary,True,27188
5568,details_summary,True,3299
5569,details_summary,True,6637
557,details_summary,True,14079
5572,details_summary,True,13300
5573,details_summary,True,10637
5574,details_summary,True,12450
5575,details_summary,True,10575
5576,details_summary,True,3366
5577,details_summary,True,3820
5578,details_summary,True,6892
558,details_summary,True,7142
5580,details_summary,True,11843
5581,details_summary,True,4758
5582,details_summary,True,20008
5586,details_summary,True,3787
5588,details_summary,True,3719
5589,details_summary,True,2292
559,details_summary,True,17416
5597,details_summary,True,5613
5599,details_summary,True,7456
560,details_summary,True,767
5600,details_summary,True,3992
5601,details_summary,True,1489
5605,details_summary,True,2515
5606,details_summary,True,2531
5609,details_summary,True,2998
561,details_summary,True,5139
5610,details_summary,True,4931
5612,details_summary,True,4868
5614,details_summary,True,2279
5615,details_summary,True,8191
5616,generic_fallback,True,23571
5617,details_summary,True,5511
5618,details_summary,True,4870
562,details_summary,True,5139
5620,details_summary,True,5493
5626,details_summary,True,11735
5627,generic_fallback,True,41584
5628,details_summary,True,8712
5629,details_summary,True,8265
5630,details_summary,True,8171
5631,generic_fallback,True,21256
5632,details_summary,True,8722
5633,details_summary,True,2158
5634,details_summary,True,10055
5635,details_summary,True,8333
5636,details_summary,True,796
5637,details_summary,True,2516
5638,details_summary,True,2516
564,details_summary,True,12950
5640,details_summary,True,2745
5641,generic_fallback,True,23085
5642,details_summary,True,9862
5646,details_summary,True,8176
565,details_summary,True,5139
5650,details_summary,True,8665
5651,details_summary,True,2789
5652,details_summary,True,4037
5653,details_summary,True,8305
5654,details_summary,True,10099
566,details_summary,True,11775
5662,details_summary,True,8214
5663,details_summary,True,8348
5668,details_summary,True,5981
567,details_summary,True,20286
5671,details_summary,True,6137
5676,details_summary,True,8189
5677,details_summary,True,5695
5678,details_summary,True,5685
568,details_summary,True,10815
5680,details_summary,True,5115
5681,details_summary,True,5116
5682,details_summary,True,4518
5683,details_summary,True,4512
5686,details_summary,True,7160
5687,details_summary,True,7160
5688,details_summary,True,7160
5689,details_summary,True,3538
5690,details_summary,True,6408
5703,details_summary,True,3648
5704,details_summary,True,3639
5706,details_summary,True,9372
5707,details_summary,True,26397
571,details_summary,True,7754
5716,details_summary,True,949
5719,details_summary,True,12256
572,details_summary,True,94422
5720,details_summary,True,9209
5721,details_summary,True,7222
5725,details_summary,True,7372
573,details_summary,True,8426
5732,details_summary,True,7372
574,details_summary,True,4433
5740,details_summary,True,675
5743,generic_fallback,True,62504
5745,details_summary,True,14977
5747,details_summary,True,3919
5748,details_summary,True,3919
575,details_summary,True,15005
5750,details_summary,True,9430
5759,details_summary,True,21127
576,details_summary,True,12822
5760,details_summary,True,21089
5762,details_summary,True,167421
5763,details_summary,True,10638
5764,details_summary,True,10318
5765,details_summary,True,7339
5766,details_summary,True,6005
5767,details_summary,True,30643
577,details_summary,True,4169
578,details_summary,True,5855
5781,details_summary,True,7278
5782,details_summary,True,10471
5785,details_summary,True,8715
5786,details_summary,True,7822
579,details_summary,True,3842
5804,details_summary,True,12955
581,details_summary,True,4169
582,details_summary,True,5554
5837,details_summary,True,18598
5838,details_summary,True,18856
5839,details_summary,True,18801
584,details_summary,True,6283
5840,details_summary,True,18889
5846,details_summary,True,8567
5848,details_summary,True,459
5849,details_summary,True,1113
585,details_summary,True,19556
5850,details_summary,True,8546
5852,details_summary,True,23611
586,details_summary,True,6281
5860,details_summary,True,6902
5869,details_summary,True,6556
59,details_summary,True,5507
5905,details_summary,True,4247
5906,details_summary,True,22182
5908,details_summary,True,6253
5909,details_summary,True,3662
591,generic_fallback,True,5721
5910,details_summary,True,9092
5911,details_summary,True,7602
5932,details_summary,True,19654
5934,details_summary,True,13002
5935,details_summary,True,13001
5936,details_summary,True,8673
5937,details_summary,True,8544
5938,details_summary,True,910
5947,details_summary,True,17022
5949,details_summary,True,2648
5956,details_summary,True,9590
5957,details_summary,True,3438
5958,details_summary,True,2979
5960,details_summary,True,2377
597,details_summary,True,7182
5974,details_summary,True,7508
598,details_summary,True,7183
5981,details_summary,True,8288
5982,details_summary,True,8288
5983,details_summary,True,8280
5984,details_summary,True,3376
5991,details_summary,True,16038
6,details_summary,True,9054
600,details_summary,True,10699
601,details_summary,True,9560
602,details_summary,True,6908
6021,details_summary,True,6144
6022,details_summary,True,6046
6030,details_summary,True,10549
6031,details_summary,True,10019
6032,details_summary,True,10928
6033,details_summary,True,10967
6035,details_summary,True,10996
6036,details_summary,True,3318
604,details_summary,True,5165
605,details_summary,True,5181
606,details_summary,True,5235
607,details_summary,True,4253
6078,details_summary,True,24966
6079,details_summary,True,25091
608,details_summary,True,15125
6087,details_summary,True,24918
609,details_summary,True,15107
61,details_summary,True,11645
6102,details_summary,True,9306
6113,details_summary,True,9317
612,details_summary,True,3056
6120,details_summary,True,25110
6121,details_summary,True,24879
6123,details_summary,True,15541
6124,details_summary,True,15545
6137,generic_fallback,True,13262
6138,generic_fallback,True,13392
614,details_summary,True,5727
6141,details_summary,True,1110
6144,details_summary,True,5664
6154,details_summary,True,9938
6156,details_summary,True,4501
6157,details_summary,True,11360
6164,details_summary,True,14168
6166,details_summary,True,7105
6167,details_summary,True,13071
6169,details_summary,True,654
617,details_summary,True,4874
6171,details_summary,True,17527
6172,details_summary,True,6383
6174,details_summary,True,10141
6175,details_summary,True,3771
6177,details_summary,True,1166
6178,details_summary,True,15692
618,details_summary,True,4043
6180,details_summary,True,9644
6182,details_summary,True,9762
6184,details_summary,True,8535
6185,details_summary,True,48368
6187,details_summary,True,2253
6188,details_summary,True,2639
6189,details_summary,True,8197
6191,details_summary,True,7538
6194,details_summary,True,10848
6195,details_summary,True,5565
6196,details_summary,True,3548
6197,details_summary,True,21357
6198,details_summary,True,7299
6199,details_summary,True,7330
6202,details_summary,True,15661
6205,details_summary,True,9629
6206,details_summary,True,9685
6207,details_summary,True,7953
6208,details_summary,True,9683
6209,details_summary,True,9740
621,details_summary,True,4057
6212,details_summary,True,7234
6213,details_summary,True,8968
6218,details_summary,True,1061
622,details_summary,True,4401
6223,details_summary,True,31407
6224,details_summary,True,18853
6225,details_summary,True,12347
6226,details_summary,True,13628
6228,details_summary,True,29572
6229,details_summary,True,57395
623,details_summary,True,2039
6231,details_summary,True,21143
6233,details_summary,True,5500
6234,details_summary,True,2799
6235,generic_fallback,True,8622
6236,details_summary,True,4496
6237,details_summary,True,5538
6238,details_summary,True,8083
6239,details_summary,True,13868
624,details_summary,True,2267
6240,details_summary,True,3980
6241,details_summary,True,4771
6243,details_summary,True,2818
6244,details_summary,True,3336
6245,details_summary,True,3163
6247,details_summary,True,11103
625,details_summary,True,2536
6251,details_summary,True,23611
6253,details_summary,True,8963
6254,details_summary,True,8963
6257,details_summary,True,8955
6258,details_summary,True,10042
6259,details_summary,True,8970
6260,details_summary,True,13108
6262,details_summary,True,9144
6263,details_summary,True,20810
6264,details_summary,True,4812
6265,generic_fallback,True,1868
6266,details_summary,True,3652
6267,details_summary,True,3964
6268,details_summary,True,9965
6269,details_summary,True,10954
627,details_summary,True,1497
6271,details_summary,True,769
6272,details_summary,True,3012
6273,details_summary,True,3970
6274,details_summary,True,11581
6275,details_summary,True,8664
6276,details_summary,True,14033
6277,details_summary,True,4784
6279,details_summary,True,9649
6281,details_summary,True,4773
6282,details_summary,True,4110
6283,details_summary,True,9650
6284,details_summary,True,3319
6285,details_summary,True,3005
6289,details_summary,True,3214
6291,details_summary,True,8725
6292,details_summary,True,12196
6294,details_summary,True,6356
6295,details_summary,True,2826
6296,details_summary,True,4423
6297,details_summary,True,5048
6298,details_summary,True,2521
6299,details_summary,True,2407
6300,details_summary,True,8156
6301,details_summary,True,9159
6302,details_summary,True,41096
6304,details_summary,True,21061
6307,details_summary,True,13110
6309,details_summary,True,8231
6310,details_summary,True,12380
6311,details_summary,True,12567
6312,details_summary,True,12380
6313,details_summary,True,1612
6314,details_summary,True,9611
6316,details_summary,True,7225
6317,details_summary,True,18058
6318,details_summary,True,12935
6322,details_summary,True,3653
6323,details_summary,True,1603
6324,details_summary,True,2309
6325,details_summary,True,2162
6326,details_summary,True,2194
6328,details_summary,True,1781
6330,details_summary,True,2045
6332,details_summary,True,630
6334,details_summary,True,3376
6339,details_summary,True,4826
6340,details_summary,True,5003
6343,details_summary,True,4671
6344,details_summary,True,5370
6346,details_summary,True,8213
6347,details_summary,True,8186
6350,generic_fallback,True,17892
6353,details_summary,True,8690
6354,details_summary,True,4480
6360,details_summary,True,9974
6361,details_summary,True,14763
6363,details_summary,True,24336
6364,details_summary,True,11949
6373,details_summary,True,4899
6375,details_summary,True,8571
6377,details_summary,True,2884
638,details_summary,True,8279
6382,details_summary,True,10382
6383,details_summary,True,10407
6384,details_summary,True,10381
6385,details_summary,True,6539
6386,details_summary,True,2125
6388,details_summary,True,1164
6389,details_summary,True,1548
6391,details_summary,True,3786
6392,details_summary,True,1247
6393,details_summary,True,1317
6396,details_summary,True,768
6398,details_summary,True,3784
6399,details_summary,True,2906
64,details_summary,True,10937
6401,details_summary,True,36206
6402,details_summary,True,21734
6404,details_summary,True,12412
6405,details_summary,True,1900
6406,details_summary,True,1898
6408,details_summary,True,4626
6409,details_summary,True,8076
641,details_summary,True,8088
6413,details_summary,True,10670
6414,details_summary,True,8934
6415,details_summary,True,2068
6417,details_summary,True,6429
6418,details_summary,True,7727
6419,details_summary,True,7727
6420,details_summary,True,7728
6421,details_summary,True,5505
6423,details_summary,True,3730
6426,details_summary,True,6560
6427,details_summary,True,10016
6428,details_summary,True,14824
6430,details_summary,True,10008
6431,details_summary,True,2209
6435,details_summary,True,8170
6436,details_summary,True,8169
6437,details_summary,True,8168
6438,details_summary,True,39754
6439,details_summary,True,6205
6440,details_summary,True,7922
6441,details_summary,True,5497
6442,details_summary,True,7019
6449,details_summary,True,10188
6450,details_summary,True,7469
6451,details_summary,True,10528
6452,details_summary,True,7962
6454,details_summary,True,14072
6455,details_summary,True,14072
6456,details_summary,True,5447
6460,details_summary,True,9740
6461,details_summary,True,9740
6462,details_summary,True,9569
6464,details_summary,True,735
6465,details_summary,True,26477
6468,details_summary,True,19955
6469,details_summary,True,7032
6473,details_summary,True,4484
6474,details_summary,True,3745
6476,details_summary,True,7192
6477,details_summary,True,5964
6480,details_summary,True,4813
6482,details_summary,True,3727
6483,details_summary,True,7355
6492,details_summary,True,3680
6495,details_summary,True,4281
65,details_summary,True,22677
650,details_summary,True,58008
6500,details_summary,True,11874
6506,details_summary,True,26273
651,details_summary,True,32892
6510,details_summary,True,7599
6512,details_summary,True,3743
6513,details_summary,True,6984
6514,details_summary,True,3362
6516,details_summary,True,13214
6517,details_summary,True,13214
6518,details_summary,True,13214
6519,details_summary,True,13214
652,details_summary,True,11556
6521,details_summary,True,3055
6523,generic_fallback,True,2792
6524,details_summary,True,8153
6526,details_summary,True,10160
6527,details_summary,True,38963
653,details_summary,True,11556
6530,details_summary,True,37264
6533,details_summary,True,4938
6534,details_summary,True,12734
6535,details_summary,True,12234
6536,details_summary,True,14066
6537,details_summary,True,12236
6538,details_summary,True,9797
6539,details_summary,True,23668
654,generic_fallback,True,19569
6540,details_summary,True,1398
6541,details_summary,True,17529
6542,details_summary,True,13426
6543,details_summary,True,7062
6544,details_summary,True,28683
6545,details_summary,True,3119
6546,details_summary,True,3115
6549,details_summary,True,6017
655,details_summary,True,10851
6552,details_summary,True,2920
6553,details_summary,True,6171
6554,details_summary,True,2289
6555,details_summary,True,15385
6557,details_summary,True,746
6558,details_summary,True,8558
6560,details_summary,True,4548
6564,details_summary,True,9248
6566,details_summary,True,7627
6570,details_summary,True,13214
6571,details_summary,True,13214
6576,details_summary,True,13292
6578,details_summary,True,11540
658,details_summary,True,10851
6580,details_summary,True,10875
6581,details_summary,True,2485
6582,details_summary,True,6141
6584,details_summary,True,7533
6586,details_summary,True,2241
6588,details_summary,True,6931
6589,details_summary,True,3375
6593,details_summary,True,4074
6594,details_summary,True,7654
6595,details_summary,True,5675
6596,details_summary,True,6631
6597,details_summary,True,6972
6598,details_summary,True,3975
6599,details_summary,True,6350
66,details_summary,True,2962
660,details_summary,True,8865
6600,details_summary,True,6438
6602,details_summary,True,10512
6603,details_summary,True,11717
6605,details_summary,True,1522
6606,details_summary,True,576
6608,details_summary,True,11924
6610,details_summary,True,641
6612,details_summary,True,564
6617,details_summary,True,8217
6618,details_summary,True,10602
6619,details_summary,True,4119
662,details_summary,True,10210
6621,details_summary,True,10468
6622,details_summary,True,10727
6625,details_summary,True,777
6627,details_summary,True,11054
663,details_summary,True,10206
6630,details_summary,True,7003
6632,details_summary,True,6287
6634,details_summary,True,6233
6635,details_summary,True,8283
664,details_summary,True,10611
6642,details_summary,True,654
6643,details_summary,True,7995
6644,details_summary,True,7718
6646,details_summary,True,8872
6647,details_summary,True,2632
6648,details_summary,True,22118
6649,details_summary,True,11275
665,details_summary,True,4697
6650,details_summary,True,6619
6652,details_summary,True,9834
6654,details_summary,True,2346
6655,details_summary,True,178
6658,details_summary,True,14899
6659,details_summary,True,4853
6660,details_summary,True,4845
6661,details_summary,True,6285
6663,details_summary,True,3397
6666,details_summary,True,1099
6667,details_summary,True,10055
6668,details_summary,True,9876
6669,details_summary,True,9860
6670,details_summary,True,3357
6671,details_summary,True,34470
6672,details_summary,True,15372
6673,details_summary,True,38072
6674,details_summary,True,9527
6675,details_summary,True,71973
6676,details_summary,True,322
6678,details_summary,True,17157
6679,details_summary,True,6904
668,details_summary,True,13790
6680,details_summary,True,6867
6681,details_summary,True,9267
6683,details_summary,True,176
6686,details_summary,True,11965
6687,details_summary,True,9079
6689,details_summary,True,9069
669,details_summary,True,14801
6690,details_summary,True,7952
6691,details_summary,True,3469
6692,details_summary,True,6323
6693,details_summary,True,6883
6694,details_summary,True,6881
6696,details_summary,True,11162
6697,details_summary,True,5726
6698,details_summary,True,5699
6699,details_summary,True,11169
6704,details_summary,True,4271
6707,details_summary,True,9874
6708,details_summary,True,2745
6710,details_summary,True,9006
6712,details_summary,True,6532
6713,details_summary,True,11514
6715,details_summary,True,2253
6716,details_summary,True,4065
6720,details_summary,True,19747
6721,details_summary,True,13510
6722,details_summary,True,13358
6724,details_summary,True,1168
6729,details_summary,True,10077
6731,details_summary,True,7850
6733,details_summary,True,653
6734,details_summary,True,662
674,details_summary,True,6354
6747,details_summary,True,10897
6748,details_summary,True,9351
6751,details_summary,True,9336
6752,details_summary,True,9308
6753,details_summary,True,8302
6756,details_summary,True,5822
6758,details_summary,True,14629
6760,details_summary,True,6259
6764,details_summary,True,5232
6768,details_summary,True,6359
6771,details_summary,True,16199
6775,details_summary,True,9238
6777,details_summary,True,6387
6779,details_summary,True,12734
6791,details_summary,True,5141
6792,details_summary,True,14711
6795,details_summary,True,6141
68,details_summary,True,409230
6803,details_summary,True,15662
6808,details_summary,True,10750
6809,details_summary,True,6616
681,details_summary,True,2225
6811,details_summary,True,6362
6812,details_summary,True,1142
6815,details_summary,True,19854
6816,details_summary,True,24296
6817,details_summary,True,24264
6818,details_summary,True,24257
6819,details_summary,True,3118
6824,details_summary,True,9793
6825,details_summary,True,19686
6826,details_summary,True,19732
6827,details_summary,True,23073
6832,details_summary,True,6892
6833,details_summary,True,6892
6834,details_summary,True,6892
6835,details_summary,True,6892
6836,details_summary,True,6892
6837,details_summary,True,4639
6846,details_summary,True,8990
6847,details_summary,True,8990
6848,details_summary,True,8983
6849,details_summary,True,8983
685,details_summary,True,2998
6854,details_summary,True,8990
6861,details_summary,True,925
6869,details_summary,True,21418
6870,details_summary,True,21364
6871,details_summary,True,17021
6872,details_summary,True,16975
6873,details_summary,True,16969
6877,details_summary,True,10295
6878,details_summary,True,10301
6879,details_summary,True,5478
688,details_summary,True,10330
6880,details_summary,True,5477
6881,details_summary,True,5479
6888,details_summary,True,87964
6892,details_summary,True,5745
6898,details_summary,True,9633
6899,details_summary,True,4658
69,details_summary,True,6804
6901,details_summary,True,12195
6902,details_summary,True,12701
6903,details_summary,True,25056
6904,details_summary,True,18576
6905,details_summary,True,13459
6906,details_summary,True,13459
6907,details_summary,True,13459
6908,details_summary,True,9639
6910,details_summary,True,13726
6911,details_summary,True,10822
6912,details_summary,True,4001
6913,details_summary,True,3977
6917,details_summary,True,10876
6924,details_summary,True,10830
6925,details_summary,True,10572
6926,details_summary,True,10829
6927,details_summary,True,6664
693,details_summary,True,12799
6930,details_summary,True,10528
6935,generic_fallback,True,19719
6936,details_summary,True,22191
6937,details_summary,True,4570
6938,details_summary,True,9162
6939,details_summary,True,15436
694,details_summary,True,12648
6940,details_summary,True,15438
6941,details_summary,True,15432
6942,details_summary,True,15416
6944,details_summary,True,6294
6945,details_summary,True,7222
6946,details_summary,True,20563
695,details_summary,True,12660
6950,details_summary,True,13804
6951,details_summary,True,791
6954,details_summary,True,13804
6955,details_summary,True,13803
6956,details_summary,True,11711
6957,details_summary,True,13223
6958,details_summary,True,14687
6959,details_summary,True,38476
6960,details_summary,True,11802
6961,details_summary,True,5967
6962,details_summary,True,7657
6963,details_summary,True,5873
6964,details_summary,True,6227
6966,details_summary,True,20554
6967,details_summary,True,12206
6969,details_summary,True,8942
6970,details_summary,True,1390
6973,details_summary,True,1281
6974,details_summary,True,5806
6975,details_summary,True,5822
6976,details_summary,True,5821
6977,details_summary,True,5828
6978,details_summary,True,22321
6979,details_summary,True,21446
6980,details_summary,True,22312
6981,details_summary,True,19108
6982,details_summary,True,11661
6983,details_summary,True,13810
6987,details_summary,True,11697
6988,details_summary,True,11561
6989,details_summary,True,11664
6990,details_summary,True,16891
6991,details_summary,True,4124
6992,details_summary,True,4723
6993,details_summary,True,15588
6994,details_summary,True,10692
6996,details_summary,True,10679
6997,details_summary,True,10605
6998,details_summary,True,1242
6999,details_summary,True,10633
70,details_summary,True,6804
7004,details_summary,True,12471
7005,details_summary,True,12473
7007,details_summary,True,16806
7008,details_summary,True,16805
7009,details_summary,True,16806
7010,details_summary,True,16806
7011,details_summary,True,16805
7012,details_summary,True,16805
7016,details_summary,True,17103
7019,details_summary,True,8513
7020,details_summary,True,11947
7021,details_summary,True,11946
7023,details_summary,True,3790
7026,details_summary,True,6999
7027,details_summary,True,3154
7028,details_summary,True,3135
7031,details_summary,True,3209
7039,generic_fallback,True,8810
704,details_summary,True,9650
7041,details_summary,True,1002
7043,details_summary,True,4587
7044,details_summary,True,1002
7045,details_summary,True,14538
7046,details_summary,True,18187
7047,details_summary,True,6093
7048,details_summary,True,10654
7049,details_summary,True,12402
705,details_summary,True,9705
7050,details_summary,True,12726
7051,details_summary,True,12398
7052,details_summary,True,2180
7053,details_summary,True,2189
7058,details_summary,True,5193
7059,details_summary,True,12299
7060,details_summary,True,27290
7061,details_summary,True,27290
7062,details_summary,True,27286
7063,details_summary,True,12018
7065,details_summary,True,6722
7066,details_summary,True,8037
7068,details_summary,True,6164
7069,details_summary,True,13120
7070,details_summary,True,18534
7072,details_summary,True,16274
7073,details_summary,True,16974
7074,details_summary,True,16929
7075,details_summary,True,16924
7076,details_summary,True,16920
7077,details_summary,True,12210
7078,details_summary,True,12201
7079,details_summary,True,12203
7080,details_summary,True,12199
7081,details_summary,True,12204
7085,details_summary,True,16274
7088,details_summary,True,18926
7089,details_summary,True,9303
7090,details_summary,True,9516
7092,details_summary,True,9542
7093,details_summary,True,12698
7097,details_summary,True,16891
7098,details_summary,True,16891
7099,details_summary,True,16891
71,details_summary,True,6804
7100,details_summary,True,16898
7101,details_summary,True,16891
7102,details_summary,True,16891
7103,details_summary,True,13255
7104,details_summary,True,13268
7105,details_summary,True,13299
7108,details_summary,True,22689
7109,details_summary,True,19948
7111,details_summary,True,2783
7113,details_summary,True,17204
7114,details_summary,True,10310
7115,details_summary,True,10318
7116,details_summary,True,10310
7117,details_summary,True,47351
7121,details_summary,True,9861
7122,details_summary,True,20793
7123,details_summary,True,10741
7124,details_summary,True,9985
7125,details_summary,True,17926
7126,details_summary,True,17925
7127,details_summary,True,19433
7128,details_summary,True,17941
7129,details_summary,True,3765
7132,details_summary,True,16890
7133,details_summary,True,9945
7138,details_summary,True,24987
7139,details_summary,True,15517
7140,details_summary,True,15148
7141,details_summary,True,10117
7142,details_summary,True,13284
7143,details_summary,True,9468
7144,details_summary,True,9396
7146,details_summary,True,11041
7148,details_summary,True,17060
7149,details_summary,True,17083
716,details_summary,True,7457
718,details_summary,True,7382
7181,details_summary,True,5745
7186,details_summary,True,8153
7187,details_summary,True,5299
7188,details_summary,True,5300
7189,details_summary,True,5284
719,details_summary,True,19315
72,details_summary,True,20234
7202,details_summary,True,20184
7203,details_summary,True,14582
7204,details_summary,True,26511
7205,details_summary,True,15972
7206,details_summary,True,169270
721,details_summary,True,4120
7211,details_summary,True,39540
7212,details_summary,True,9893
7222,details_summary,True,362253
7223,details_summary,True,8936
7225,details_summary,True,22692
7226,details_summary,True,22606
7227,details_summary,True,22534
7230,details_summary,True,21204
7233,details_summary,True,12275
7234,details_summary,True,22510
7247,details_summary,True,2103
7249,details_summary,True,6698
7250,details_summary,True,26308
7253,details_summary,True,3174
7254,details_summary,True,2806
7255,details_summary,True,2120
7256,details_summary,True,36857
7257,details_summary,True,36804
7258,details_summary,True,36348
726,details_summary,True,14717
7260,details_summary,True,13192
7261,details_summary,True,20475
7262,details_summary,True,17979
7263,details_summary,True,1102
7265,details_summary,True,132149
727,details_summary,True,14685
7277,details_summary,True,7401
7278,details_summary,True,715
7279,details_summary,True,7974
7280,details_summary,True,7966
7283,details_summary,True,2807
7284,details_summary,True,2962
7292,details_summary,True,7994
7293,details_summary,True,7974
7294,details_summary,True,5675
7295,details_summary,True,3216
7296,details_summary,True,3216
7298,details_summary,True,28735
7299,details_summary,True,853
73,details_summary,True,2293
730,details_summary,True,1483
7300,details_summary,True,13420
7302,details_summary,True,11489
7305,details_summary,True,4819
7306,details_summary,True,12470
7308,details_summary,True,3527
7309,details_summary,True,53687
731,details_summary,True,55322
7310,details_summary,True,7116
7311,details_summary,True,12416
7317,details_summary,True,12351
732,details_summary,True,14486
7324,details_summary,True,21360
7325,details_summary,True,20985
7326,details_summary,True,1141
7327,details_summary,True,4173
7329,details_summary,True,3933
733,details_summary,True,14510
7330,details_summary,True,9266
7333,details_summary,True,13977
7334,details_summary,True,14522
7335,details_summary,True,14467
7336,details_summary,True,14002
734,details_summary,True,17688
7344,details_summary,True,12225
7345,details_summary,True,16276
7349,details_summary,True,7643
735,details_summary,True,17659
7353,details_summary,True,4036
7354,details_summary,True,3842
7355,details_summary,True,7166
7358,details_summary,True,62538
736,details_summary,True,17669
7362,details_summary,True,11144
7366,details_summary,True,2972
7367,details_summary,True,1812
7368,details_summary,True,1820
7369,details_summary,True,1813
737,details_summary,True,17672
7372,details_summary,True,14353
7373,details_summary,True,14890
7374,details_summary,True,14828
7376,details_summary,True,6546
738,details_summary,True,17680
7380,details_summary,True,99536
7381,details_summary,True,2598
7382,details_summary,True,11312
7384,details_summary,True,21326
7385,details_summary,True,12248
7386,details_summary,True,7029
7387,details_summary,True,23769
739,details_summary,True,17670
7390,details_summary,True,24216
7391,details_summary,True,24243
7392,details_summary,True,24288
7393,details_summary,True,24228
7394,details_summary,True,24242
7398,details_summary,True,4942
7399,details_summary,True,4904
74,details_summary,True,19211
740,details_summary,True,17674
7400,details_summary,True,5605
7402,details_summary,True,22180
7403,details_summary,True,5049
7404,details_summary,True,5064
7405,details_summary,True,25316
7406,details_summary,True,25355
7407,details_summary,True,25353
741,details_summary,True,17670
7411,details_summary,True,2383
7413,details_summary,True,2308
7418,details_summary,True,10699
7419,details_summary,True,6400
742,details_summary,True,3742
7421,details_summary,True,10020
7422,details_summary,True,10029
743,details_summary,True,14453
7430,details_summary,True,10879
7431,details_summary,True,10879
7432,details_summary,True,10941
7433,details_summary,True,22085
7434,details_summary,True,22085
7436,details_summary,True,22085
7438,details_summary,True,22085
7439,details_summary,True,22085
744,details_summary,True,14536
7440,details_summary,True,22085
7441,details_summary,True,18590
7443,details_summary,True,13479
7450,details_summary,True,19427
7455,details_summary,True,12089
7456,details_summary,True,12089
7460,details_summary,True,5358
7461,details_summary,True,5356
7462,details_summary,True,5357
7464,details_summary,True,5990
7473,details_summary,True,5930
7474,details_summary,True,5930
7475,details_summary,True,5930
7476,details_summary,True,5930
7480,details_summary,True,9040
7481,details_summary,True,23966
7482,details_summary,True,15796
7483,details_summary,True,23966
7484,details_summary,True,23966
7485,details_summary,True,23966
7486,details_summary,True,12800
7487,details_summary,True,13022
7488,details_summary,True,19747
7489,details_summary,True,19747
7493,generic_fallback,True,10602
7494,details_summary,True,7080
7495,details_summary,True,7080
7496,details_summary,True,7442
7497,details_summary,True,5009
75,details_summary,True,6991
7507,details_summary,True,17333
7509,details_summary,True,7934
751,details_summary,True,7872
7510,details_summary,True,17406
7511,details_summary,True,17503
7512,details_summary,True,13301
7513,details_summary,True,13301
7514,details_summary,True,13301
7515,details_summary,True,13301
752,details_summary,True,9040
7522,details_summary,True,19280
7524,details_summary,True,19280
7526,details_summary,True,19280
7533,details_summary,True,9955
7534,details_summary,True,9955
7537,details_summary,True,9955
7539,details_summary,True,19191
7540,details_summary,True,10501
7541,details_summary,True,670
7542,details_summary,True,670
7543,details_summary,True,11949
7545,details_summary,True,14336
7547,details_summary,True,24256
7549,details_summary,True,27805
7550,details_summary,True,24256
7551,details_summary,True,27802
7553,details_summary,True,24256
7554,details_summary,True,12733
7555,details_summary,True,12734
7556,details_summary,True,5062
7558,details_summary,True,5061
7559,details_summary,True,12734
7560,details_summary,True,5068
7561,details_summary,True,16348
7563,details_summary,True,5872
7564,details_summary,True,5872
7565,details_summary,True,5872
7566,details_summary,True,5872
7571,details_summary,True,7500
7572,details_summary,True,8484
7573,details_summary,True,16273
7574,details_summary,True,16305
7582,details_summary,True,7205
7583,details_summary,True,7205
7585,details_summary,True,7237
7586,details_summary,True,7237
7587,details_summary,True,7237
7588,details_summary,True,7237
7589,details_summary,True,9230
7590,details_summary,True,12090
7592,details_summary,True,8452
7593,details_summary,True,8448
7595,details_summary,True,3852
7596,details_summary,True,8279
7597,details_summary,True,8279
7598,details_summary,True,7754
7599,details_summary,True,7754
76,details_summary,True,2662
7600,details_summary,True,6193
7601,details_summary,True,6193
7602,details_summary,True,24336
7603,details_summary,True,24336
7604,details_summary,True,24336
7605,details_summary,True,24336
7606,details_summary,True,31243
7607,details_summary,True,25878
7608,details_summary,True,16160
7609,details_summary,True,7892
761,details_summary,True,14124
7610,details_summary,True,9553
7611,details_summary,True,9553
7612,details_summary,True,20571
7613,details_summary,True,9751
7614,details_summary,True,9751
7615,details_summary,True,789044
7616,details_summary,True,15309
7618,details_summary,True,4110
7627,details_summary,True,172851
763,details_summary,True,6575
7630,details_summary,True,6116
7636,details_summary,True,14194
7637,details_summary,True,14194
7638,details_summary,True,11090
7639,details_summary,True,11090
764,details_summary,True,15233
7644,details_summary,True,14420
7645,details_summary,True,14420
7648,details_summary,True,10732
7649,details_summary,True,10732
765,details_summary,True,15212
7652,details_summary,True,20590
7653,details_summary,True,20607
7654,details_summary,True,20584
7655,details_summary,True,20585
766,details_summary,True,15054
7661,details_summary,True,9268
7662,details_summary,True,9274
7663,details_summary,True,9257
7664,details_summary,True,9585
7665,details_summary,True,9973
7666,details_summary,True,9632
7667,details_summary,True,9531
7668,details_summary,True,9500
7669,details_summary,True,9485
7670,details_summary,True,9498
7671,details_summary,True,9463
7673,details_summary,True,6158
7674,details_summary,True,6166
7675,details_summary,True,6161
7676,details_summary,True,6166
7677,details_summary,True,6816
7678,details_summary,True,6167
7679,details_summary,True,6808
768,details_summary,True,15203
7680,details_summary,True,6157
7681,details_summary,True,6807
7682,details_summary,True,6164
7685,details_summary,True,10730
7686,details_summary,True,11496
7688,details_summary,True,11145
7689,details_summary,True,20627
769,details_summary,True,9590
7690,details_summary,True,11143
7691,details_summary,True,11518
7692,details_summary,True,20627
7693,details_summary,True,11519
7694,details_summary,True,20627
7695,details_summary,True,7619
7697,details_summary,True,13562
7699,details_summary,True,33656
77,details_summary,True,2662
7700,details_summary,True,8232
7701,details_summary,True,33665
7702,details_summary,True,8697
7703,details_summary,True,15898
7704,details_summary,True,11384
7705,details_summary,True,21293
7706,details_summary,True,25754
7708,details_summary,True,25754
7709,details_summary,True,25754
7710,details_summary,True,21203
7711,details_summary,True,21197
7713,details_summary,True,21196
7715,details_summary,True,24987
7716,details_summary,True,12288
7718,details_summary,True,12288
772,details_summary,True,6213
7722,details_summary,True,362253
7727,details_summary,True,10069
773,details_summary,True,15233
7732,details_summary,True,14899
7733,details_summary,True,14899
7737,details_summary,True,14550
774,details_summary,True,2787
7741,details_summary,True,54927
7742,details_summary,True,54927
7743,details_summary,True,54927
7744,details_summary,True,17972
7745,details_summary,True,54927
7746,details_summary,True,17972
7747,details_summary,True,5812
7748,details_summary,True,5812
7749,details_summary,True,5812
7751,details_summary,True,11049
7752,details_summary,True,11049
7759,details_summary,True,2743
7762,details_summary,True,7101
7763,details_summary,True,7101
7764,details_summary,True,9499
7765,details_summary,True,7101
7766,details_summary,True,9499
7767,details_summary,True,7101
7768,details_summary,True,7101
7769,details_summary,True,46690
7770,details_summary,True,7108
7771,details_summary,True,46690
7772,details_summary,True,7108
7773,details_summary,True,7108
7774,details_summary,True,13161
7775,details_summary,True,13161
7779,details_summary,True,27188
7781,details_summary,True,18401
7783,details_summary,True,18401
7784,details_summary,True,183818
7785,details_summary,True,183818
7786,details_summary,True,183818
7788,details_summary,True,10624
7789,details_summary,True,7869
779,details_summary,True,4920
7790,details_summary,True,10624
7791,details_summary,True,7869
7792,details_summary,True,38184
7793,details_summary,True,16725
7794,details_summary,True,9560
7797,details_summary,True,3790
7798,details_summary,True,34116
7799,details_summary,True,34116
78,details_summary,True,2933
780,generic_fallback,True,46675
7800,details_summary,True,34118
7801,details_summary,True,9627
7802,details_summary,True,9793
7803,details_summary,True,17840
7804,details_summary,True,17840
7805,details_summary,True,4445
7806,details_summary,True,11549
7807,details_summary,True,11549
7808,details_summary,True,11549
7809,details_summary,True,4445
781,details_summary,True,10922
7810,details_summary,True,4445
7812,details_summary,True,8354
7818,details_summary,True,6559
7819,details_summary,True,39154
782,details_summary,True,10934
7820,details_summary,True,39154
7822,details_summary,True,11719
7825,details_summary,True,11719
7827,details_summary,True,11719
7828,details_summary,True,11363
7829,details_summary,True,11363
783,details_summary,True,10930
7830,details_summary,True,15892
7831,details_summary,True,15890
7832,details_summary,True,12451
7833,details_summary,True,12451
7834,details_summary,True,5206
7837,details_summary,True,35484
784,details_summary,True,10926
7843,details_summary,True,19654
7844,details_summary,True,6127
7845,details_summary,True,19979
7846,details_summary,True,19979
7847,details_summary,True,5752
7848,details_summary,True,5752
7849,details_summary,True,5752
785,details_summary,True,10894
7851,details_summary,True,13518
7852,details_summary,True,13518
7857,generic_fallback,True,28996
7858,generic_fallback,True,28996
7859,generic_fallback,True,28996
7861,details_summary,True,94422
7862,details_summary,True,38963
7863,details_summary,True,38963
7864,details_summary,True,15898
7865,details_summary,True,15898
7867,details_summary,True,11022
7868,details_summary,True,15898
7869,details_summary,True,15898
7870,details_summary,True,20270
7871,details_summary,True,19750
7872,details_summary,True,15547
7874,details_summary,True,9593
7876,details_summary,True,9593
7877,details_summary,True,9601
7878,details_summary,True,9601
7879,details_summary,True,9601
7881,details_summary,True,99611
7886,details_summary,True,6271
7887,details_summary,True,11214
7888,details_summary,True,11214
7889,details_summary,True,7464
79,details_summary,True,3077
7902,details_summary,True,11328
7907,details_summary,True,11328
7908,details_summary,True,11312
7909,details_summary,True,11328
791,details_summary,True,3825
7910,details_summary,True,11328
7915,details_summary,True,6540
7919,details_summary,True,6503
7920,details_summary,True,6709
7921,details_summary,True,6754
7922,details_summary,True,6709
7923,details_summary,True,6462
7924,details_summary,True,6462
7925,details_summary,True,6462
7926,details_summary,True,6462
7927,details_summary,True,9982
7928,details_summary,True,9982
793,details_summary,True,76184
7932,details_summary,True,10179
7933,details_summary,True,10179
7936,details_summary,True,5868
7938,details_summary,True,5868
7939,details_summary,True,9912
794,details_summary,True,6744
7940,details_summary,True,4131
7943,details_summary,True,24648
7944,details_summary,True,10224
7947,details_summary,True,264749
7948,details_summary,True,266195
7949,details_summary,True,263336
795,details_summary,True,6837
7950,details_summary,True,8609
7951,details_summary,True,8576
7952,details_summary,True,8560
7953,details_summary,True,8559
7954,details_summary,True,8550
7955,details_summary,True,8450
7956,details_summary,True,8574
7957,details_summary,True,8560
7958,details_summary,True,7627
7959,details_summary,True,10997
7960,details_summary,True,11258
7961,details_summary,True,10997
7962,details_summary,True,16623
7963,details_summary,True,11247
7965,details_summary,True,16630
7966,details_summary,True,33790
7968,details_summary,True,34227
7969,details_summary,True,17042
7970,details_summary,True,8884
7971,details_summary,True,17058
7972,details_summary,True,17042
7973,details_summary,True,21206
7974,details_summary,True,8206
7976,details_summary,True,21317
7977,details_summary,True,20964
7978,details_summary,True,10057
7979,details_summary,True,765
7980,details_summary,True,10029
7981,details_summary,True,20985
7983,details_summary,True,37430
7986,details_summary,True,31140
7991,details_summary,True,9544
7992,details_summary,True,14554
7993,details_summary,True,14679
7994,details_summary,True,4733
7995,details_summary,True,7132
7996,details_summary,True,9272
7997,details_summary,True,3363
8,details_summary,True,1654
800,details_summary,True,6767
8003,details_summary,True,41218
8019,details_summary,True,4095
8020,details_summary,True,2385
8028,details_summary,True,11637
8032,details_summary,True,24274
8042,details_summary,True,1007
8043,details_summary,True,1008
8046,details_summary,True,11666
8048,details_summary,True,3610
8049,details_summary,True,18536
8050,details_summary,True,18536
8052,details_summary,True,9656
8058,details_summary,True,7257
8059,details_summary,True,7304
806,details_summary,True,7494
8060,details_summary,True,7253
8064,details_summary,True,14114
8065,details_summary,True,13916
8066,details_summary,True,13356
8067,details_summary,True,13340
807,details_summary,True,19437
8072,details_summary,True,994
8073,details_summary,True,994
8074,details_summary,True,1215
8075,details_summary,True,2435
8076,details_summary,True,2435
8077,details_summary,True,2458
8078,details_summary,True,2458
8079,details_summary,True,5595
808,details_summary,True,11444
8080,details_summary,True,5595
8081,details_summary,True,5594
8082,details_summary,True,12736
8083,details_summary,True,12599
8084,details_summary,True,12599
809,details_summary,True,11443
8090,details_summary,True,1864
8091,details_summary,True,1010
8092,details_summary,True,13864
8093,details_summary,True,11045
8094,details_summary,True,5336
8095,details_summary,True,5336
8096,details_summary,True,2302
8097,details_summary,True,8566
8098,details_summary,True,8549
81,details_summary,True,5379
8100,details_summary,True,9095
8108,details_summary,True,7284
8109,details_summary,True,7284
811,details_summary,True,11413
8110,details_summary,True,24878
8116,details_summary,True,17774
8118,details_summary,True,12665
8119,details_summary,True,12077
812,details_summary,True,11420
8122,details_summary,True,26397
8124,details_summary,True,13588
8127,details_summary,True,6541
813,details_summary,True,12289
8133,details_summary,True,8546
8134,details_summary,True,8567
8135,details_summary,True,3414
8136,details_summary,True,3315
8137,generic_fallback,True,23049
8138,details_summary,True,19036
8139,generic_fallback,True,21626
814,details_summary,True,11446
8140,details_summary,True,8726
8141,details_summary,True,8191
8142,details_summary,True,2516
8146,details_summary,True,642
8147,details_summary,True,2131
8150,details_summary,True,1397
8151,details_summary,True,1397
8157,details_summary,True,4290
8158,details_summary,True,4281
816,details_summary,True,8306
8168,details_summary,True,5318
817,details_summary,True,8484
8170,details_summary,True,11198
8171,details_summary,True,10919
8172,details_summary,True,11198
8173,details_summary,True,11198
8177,details_summary,True,16203
8178,details_summary,True,14801
8179,details_summary,True,14801
818,details_summary,True,8491
8180,details_summary,True,14801
8181,details_summary,True,16253
8184,details_summary,True,16253
8185,details_summary,True,16709
8186,details_summary,True,5079
8187,details_summary,True,5079
819,details_summary,True,9760
8190,details_summary,True,12547
8191,details_summary,True,2493
8192,details_summary,True,2495
8193,details_summary,True,2493
8194,details_summary,True,2495
8195,details_summary,True,2494
8196,details_summary,True,2495
8197,details_summary,True,2495
8198,details_summary,True,2493
8199,details_summary,True,12277
82,details_summary,True,5570
820,details_summary,True,13258
8208,details_summary,True,22610
821,details_summary,True,13242
8211,details_summary,True,6180
8212,details_summary,True,6180
8213,details_summary,True,6180
8214,details_summary,True,6166
8215,details_summary,True,6166
8216,details_summary,True,6166
8217,details_summary,True,6178
8218,details_summary,True,6178
8219,details_summary,True,6178
8220,details_summary,True,7238
8222,details_summary,True,7128
8223,details_summary,True,1451
8225,details_summary,True,1968
8227,details_summary,True,12311
8228,details_summary,True,12311
823,details_summary,True,41512
8235,details_summary,True,7741
8236,details_summary,True,7729
8237,details_summary,True,16264
8238,details_summary,True,16236
8239,details_summary,True,16266
8261,details_summary,True,29583
8262,details_summary,True,829
8271,details_summary,True,626
8292,details_summary,True,2047
83,details_summary,True,5378
833,details_summary,True,11110
834,details_summary,True,3472
836,details_summary,True,5970
837,details_summary,True,692
8395,details_summary,True,1460
84,details_summary,True,5511
840,details_summary,True,4033
8404,details_summary,True,9949
8406,details_summary,True,12508
8407,details_summary,True,12560
8408,details_summary,True,20975
841,details_summary,True,4231
8419,details_summary,True,21695
842,details_summary,True,4054
8420,details_summary,True,17605
8421,details_summary,True,17634
8424,details_summary,True,6410
8428,details_summary,True,16285
843,details_summary,True,2806
8430,details_summary,True,82490
8435,details_summary,True,6630
8436,details_summary,True,18699
8438,details_summary,True,9021
844,details_summary,True,3925
8442,details_summary,True,41316
8443,details_summary,True,4497
845,details_summary,True,4775
8453,details_summary,True,701324
846,details_summary,True,6200
8464,details_summary,True,8068
8476,details_summary,True,6626
8479,details_summary,True,10474
848,details_summary,True,6286
8481,details_summary,True,24966
8482,details_summary,True,4045
8483,details_summary,True,9285
8484,details_summary,True,9178
8485,details_summary,True,9172
8488,details_summary,True,4375
849,details_summary,True,4697
8494,details_summary,True,24273
8495,details_summary,True,24198
8496,details_summary,True,24132
850,details_summary,True,4616
8504,details_summary,True,21667
8505,details_summary,True,3065
8506,details_summary,True,3875
8507,details_summary,True,17090
8508,details_summary,True,17145
8509,details_summary,True,9204
8510,details_summary,True,9204
8519,details_summary,True,8934
852,details_summary,True,4796
8520,details_summary,True,12351
8524,details_summary,True,18505
8527,details_summary,True,7524
8529,details_summary,True,45455
853,details_summary,True,6977
8532,details_summary,True,3568
8534,details_summary,True,7726
8535,details_summary,True,7712
8536,details_summary,True,18477
8537,details_summary,True,14076
8538,details_summary,True,14044
8539,details_summary,True,14028
854,details_summary,True,4225
8540,details_summary,True,13996
8544,details_summary,True,6051
8545,details_summary,True,6051
855,details_summary,True,4331
8553,details_summary,True,22139
856,details_summary,True,9363
8564,details_summary,True,11216
8565,details_summary,True,11216
8566,details_summary,True,11030
8567,details_summary,True,10909
8576,details_summary,True,6088
8577,details_summary,True,5679
8578,details_summary,True,6120
8579,details_summary,True,5144
8580,details_summary,True,5145
859,details_summary,True,48237
8602,details_summary,True,5129
8606,details_summary,True,6187
8607,details_summary,True,6187
8608,details_summary,True,18259
8617,details_summary,True,36499
8627,details_summary,True,4027
8633,details_summary,True,14679
8639,details_summary,True,959
865,generic_fallback,True,3269
8653,details_summary,True,167267
866,details_summary,True,10133
8666,details_summary,True,8522
867,details_summary,True,11874
8679,details_summary,True,4648
868,details_summary,True,5856
869,details_summary,True,6130
870,details_summary,True,9876
8706,details_summary,True,9174
8707,details_summary,True,9064
871,details_summary,True,4733
872,details_summary,True,6386
8724,details_summary,True,11397
8725,details_summary,True,10010
8726,details_summary,True,11436
8727,details_summary,True,11436
873,details_summary,True,5342
8731,details_summary,True,10640
8732,details_summary,True,10640
8735,details_summary,True,32665
8736,details_summary,True,7431
8739,details_summary,True,7115
874,details_summary,True,11582
8740,details_summary,True,25279
8741,details_summary,True,25199
8742,details_summary,True,6618
8743,details_summary,True,25333
8744,details_summary,True,6554
8745,details_summary,True,7790
8746,details_summary,True,7755
8747,details_summary,True,6867
8748,details_summary,True,7791
8749,details_summary,True,7791
875,details_summary,True,3456
8750,details_summary,True,8295
8752,details_summary,True,39310
8753,details_summary,True,39384
8754,details_summary,True,10504
8755,details_summary,True,4514
8756,details_summary,True,9989
8757,details_summary,True,10423
8759,details_summary,True,8934
8760,details_summary,True,8933
8762,details_summary,True,9271
8764,details_summary,True,7653
8765,details_summary,True,8297
8768,details_summary,True,10297
8769,details_summary,True,10253
877,details_summary,True,5587
8771,details_summary,True,10550
8773,details_summary,True,2882
8774,details_summary,True,2807
8775,details_summary,True,2276
8776,details_summary,True,3939
8779,details_summary,True,13056
878,details_summary,True,5588
8780,details_summary,True,13057
8781,details_summary,True,12879
8784,details_summary,True,4642
8785,details_summary,True,7884
8786,details_summary,True,7895
8788,details_summary,True,5249
8789,details_summary,True,5248
8790,details_summary,True,7923
8791,details_summary,True,2228
8799,details_summary,True,2029
88,details_summary,True,10655
880,details_summary,True,7232
881,details_summary,True,7091
8810,details_summary,True,3875
8814,details_summary,True,14373
8818,details_summary,True,7827
882,details_summary,True,2050
8823,details_summary,True,19748
8825,details_summary,True,15487
8829,details_summary,True,8519
883,details_summary,True,885
8830,details_summary,True,7701
8831,details_summary,True,19037
8835,details_summary,True,3988
8836,details_summary,True,26837
8837,details_summary,True,8345
8838,details_summary,True,8569
8839,details_summary,True,15995
8840,details_summary,True,14227
8841,details_summary,True,8497
8842,details_summary,True,11869
8844,details_summary,True,271672
8845,details_summary,True,271672
8846,details_summary,True,271672
8847,details_summary,True,1489
8849,details_summary,True,39040
885,details_summary,True,47727
8855,details_summary,True,29764
8859,details_summary,True,3504
886,details_summary,True,11208
8860,details_summary,True,690
8861,details_summary,True,12650
8862,details_summary,True,12761
8863,details_summary,True,12629
8864,details_summary,True,12709
8874,details_summary,True,12989
8878,details_summary,True,79457
8880,details_summary,True,18342
8886,details_summary,True,13233
8887,details_summary,True,13255
8896,details_summary,True,1048
8898,details_summary,True,15038
890,details_summary,True,3027
8900,details_summary,True,5486
8901,details_summary,True,5448
8902,details_summary,True,5569
8903,details_summary,True,5569
8904,details_summary,True,5499
8905,details_summary,True,6101
8906,details_summary,True,5499
8907,details_summary,True,17082
8908,details_summary,True,17074
891,details_summary,True,1920
8911,details_summary,True,4345
8918,details_summary,True,5956
8919,details_summary,True,11045
8920,details_summary,True,22162
8921,details_summary,True,22118
8922,details_summary,True,22177
8923,details_summary,True,22138
8924,details_summary,True,22183
8925,details_summary,True,12060
8926,details_summary,True,12126
8927,details_summary,True,12128
8928,details_summary,True,12127
8933,details_summary,True,22168
8936,details_summary,True,2927
894,details_summary,True,4990
8941,details_summary,True,6142
8943,details_summary,True,10780
8944,details_summary,True,10767
8945,details_summary,True,6951
8946,details_summary,True,908
8947,details_summary,True,3431
8948,details_summary,True,3431
8949,details_summary,True,4945
895,details_summary,True,4989
8950,details_summary,True,4946
8952,details_summary,True,15622
8954,details_summary,True,17083
8957,details_summary,True,12518
8959,details_summary,True,3894
8961,details_summary,True,5186
8967,details_summary,True,6320
8968,details_summary,True,4011
898,details_summary,True,9481
8981,details_summary,True,11435
8989,details_summary,True,25992
8994,details_summary,True,1036
8995,details_summary,True,20608
8996,details_summary,True,20624
9028,details_summary,True,18267
9036,details_summary,True,10161
9037,details_summary,True,1277
9038,details_summary,True,1232
9039,details_summary,True,1030
9040,details_summary,True,1752
9041,details_summary,True,6312
9042,details_summary,True,13108
9043,details_summary,True,13108
9047,details_summary,True,34897
9049,details_summary,True,12673
905,details_summary,True,2038
9052,details_summary,True,7186
9055,details_summary,True,3028
9074,details_summary,True,7450
9075,details_summary,True,7452
9076,details_summary,True,4311
9077,details_summary,True,12621
9079,details_summary,True,7686
9080,details_summary,True,29271
9082,details_summary,True,9507
9083,details_summary,True,25912
9086,details_summary,True,30801
909,details_summary,True,4069
9097,details_summary,True,6599
9098,details_summary,True,6572
9099,details_summary,True,1539
9100,details_summary,True,1369
9101,details_summary,True,35002
9102,details_summary,True,9173
9103,details_summary,True,10125
9104,details_summary,True,10104
9105,details_summary,True,10104
9108,details_summary,True,18405
9110,details_summary,True,1698
9119,details_summary,True,12012
9120,details_summary,True,8796
9128,details_summary,True,1887
9129,details_summary,True,25824
913,details_summary,True,8240
9130,details_summary,True,3892
9131,details_summary,True,3886
9133,details_summary,True,11451
9134,details_summary,True,166778
9135,details_summary,True,16772
9136,details_summary,True,3818
9138,details_summary,True,4297
9139,details_summary,True,4297
914,details_summary,True,8689
9140,details_summary,True,2407
9141,details_summary,True,2407
9142,details_summary,True,2412
9143,details_summary,True,2407
9144,details_summary,True,2412
9145,details_summary,True,2412
9148,details_summary,True,2123
9149,details_summary,True,7455
915,details_summary,True,3964
9150,details_summary,True,18991
9151,details_summary,True,61686
9152,details_summary,True,15054
9153,details_summary,True,4899
9154,details_summary,True,10605
9158,details_summary,True,3721
9159,details_summary,True,4321
916,details_summary,True,7711
9160,details_summary,True,4479
9161,details_summary,True,9732
9162,details_summary,True,8759
9164,details_summary,True,6909
9165,details_summary,True,2748
9166,details_summary,True,2913
9167,details_summary,True,2912
9168,details_summary,True,2912
9169,details_summary,True,2912
917,details_summary,True,7708
9170,details_summary,True,4352
9171,details_summary,True,1075
9172,details_summary,True,2593
9173,details_summary,True,10362
9174,details_summary,True,17382
9176,details_summary,True,2016
9178,details_summary,True,7813
9179,details_summary,True,7871
9180,details_summary,True,7848
9181,details_summary,True,18554
9184,details_summary,True,11413
9185,details_summary,True,6538
9186,details_summary,True,9529
9187,details_summary,True,6991
9188,details_summary,True,14083
9189,details_summary,True,14106
9190,details_summary,True,3877
9191,details_summary,True,11705
9192,details_summary,True,12840
9195,details_summary,True,12382
9197,details_summary,True,23491
9198,details_summary,True,14791
9199,details_summary,True,3277
920,details_summary,True,2828
9200,details_summary,True,33015
9203,details_summary,True,3737
9204,details_summary,True,22371
9207,details_summary,True,7272
9208,details_summary,True,7262
921,details_summary,True,2806
9210,details_summary,True,2211
9211,details_summary,True,2259
9212,details_summary,True,6929
9213,details_summary,True,6748
9214,details_summary,True,2231
9215,details_summary,True,2240
9216,details_summary,True,2247
9219,details_summary,True,1483
922,details_summary,True,2602
9224,details_summary,True,7914
9226,details_summary,True,7955
9227,details_summary,True,4330
9228,details_summary,True,3279
9229,details_summary,True,17079
9232,details_summary,True,10805
9233,details_summary,True,36009
9235,details_summary,True,15908
924,details_summary,True,2688
9245,details_summary,True,5897
9246,details_summary,True,9569
925,details_summary,True,2685
9255,details_summary,True,11221
926,details_summary,True,6145
9260,details_summary,True,3051
927,details_summary,True,7932
9270,details_summary,True,10780
9271,details_summary,True,9923
9272,details_summary,True,9923
9273,details_summary,True,1406
9274,details_summary,True,1483
9275,details_summary,True,8113
9276,details_summary,True,2398
9277,details_summary,True,17015
9278,details_summary,True,14572
9280,details_summary,True,7236
9286,details_summary,True,8627
9289,details_summary,True,15898
929,details_summary,True,4237
9290,details_summary,True,7233
9291,details_summary,True,2182
9292,details_summary,True,5680
9293,details_summary,True,48858
9294,details_summary,True,48685
930,details_summary,True,4182
9305,details_summary,True,4759
931,details_summary,True,4183
9312,details_summary,True,9597
9313,details_summary,True,12153
9316,details_summary,True,14801
9317,details_summary,True,13790
9318,details_summary,True,791
9319,details_summary,True,790
932,details_summary,True,4182
9320,details_summary,True,791
9321,details_summary,True,4534
9323,details_summary,True,5939
9325,details_summary,True,20310
9326,details_summary,True,11284
9327,details_summary,True,11284
9328,details_summary,True,11314
9329,details_summary,True,11129
933,details_summary,True,4189
9330,details_summary,True,11120
9331,details_summary,True,11147
9332,details_summary,True,11079
9334,details_summary,True,7156
9335,details_summary,True,2327
934,details_summary,True,3840
9345,details_summary,True,3310
9346,details_summary,True,3310
9347,details_summary,True,14372
9349,details_summary,True,24557
935,details_summary,True,8090
9352,details_summary,True,2515
9353,details_summary,True,2506
9354,details_summary,True,2507
9355,details_summary,True,1126
9356,details_summary,True,2076
9361,details_summary,True,10553
9362,details_summary,True,13177
9363,details_summary,True,13175
9364,details_summary,True,3740
9368,details_summary,True,72299
937,details_summary,True,3967
9370,details_summary,True,19014
9373,details_summary,True,9958
9376,details_summary,True,6138
9377,details_summary,True,9210
9378,details_summary,True,5108
938,details_summary,True,4938
9380,details_summary,True,6677
9383,details_summary,True,9905
9384,details_summary,True,9818
9389,details_summary,True,16787
939,details_summary,True,4645
9390,details_summary,True,16842
9391,details_summary,True,16842
9392,details_summary,True,16259
9396,details_summary,True,15890
9397,details_summary,True,15889
940,details_summary,True,4564
9401,details_summary,True,17564
941,details_summary,True,4341
9410,details_summary,True,271865
9417,details_summary,True,4363
942,details_summary,True,3609
9423,details_summary,True,7662
9425,details_summary,True,8054
943,details_summary,True,3610
9436,details_summary,True,2358
9438,details_summary,True,14877
9439,details_summary,True,240575
944,details_summary,True,8738
9441,details_summary,True,12699
9442,details_summary,True,145799
9443,details_summary,True,6237
9444,details_summary,True,6237
9445,details_summary,True,6237
9446,details_summary,True,9395
9448,details_summary,True,7728
9449,details_summary,True,6677
945,details_summary,True,10613
9450,details_summary,True,7823
9451,details_summary,True,5107
9452,details_summary,True,5106
9453,details_summary,True,5106
9454,details_summary,True,5106
9456,details_summary,True,107610
9457,details_summary,True,7216
947,details_summary,True,8189
9476,details_summary,True,4223
9477,details_summary,True,4223
9478,details_summary,True,15734
9479,details_summary,True,3131
948,details_summary,True,1939
9480,details_summary,True,6873
9484,details_summary,True,10473
9485,details_summary,True,17564
9486,details_summary,True,17564
9487,details_summary,True,17564
9488,details_summary,True,22371
949,details_summary,True,5067
9491,details_summary,True,3443
9495,details_summary,True,66012
9496,details_summary,True,9917
9499,details_summary,True,38295
95,details_summary,True,5485
950,details_summary,True,6532
9500,details_summary,True,38287
9501,details_summary,True,26052
9502,details_summary,True,10384
951,details_summary,True,5662
9510,details_summary,True,21080
9511,details_summary,True,21225
9512,details_summary,True,20888
9513,details_summary,True,21127
9515,details_summary,True,2844
9517,details_summary,True,2845
9518,generic_fallback,True,11524
9519,generic_fallback,True,18970
952,details_summary,True,4863
9523,details_summary,True,10769
9524,details_summary,True,4086
9532,details_summary,True,13303
9534,details_summary,True,25662
9537,details_summary,True,24580
9538,details_summary,True,3048
9543,details_summary,True,15163
9544,details_summary,True,15161
9545,details_summary,True,15137
9546,details_summary,True,30799
9547,details_summary,True,30799
9548,details_summary,True,29848
9549,details_summary,True,29848
9558,details_summary,True,1627
9559,details_summary,True,1715
9560,details_summary,True,3188
9562,details_summary,True,2467
9563,details_summary,True,2467
9564,details_summary,True,15704
9565,details_summary,True,8195
9567,details_summary,True,6768
9568,details_summary,True,6422
9569,details_summary,True,3331
9570,details_summary,True,25425
9571,details_summary,True,3287
9572,details_summary,True,6366
9573,details_summary,True,14496
9575,details_summary,True,835
9576,details_summary,True,699
9577,details_summary,True,11705
9578,details_summary,True,11715
9579,details_summary,True,11915
958,details_summary,True,784
9581,details_summary,True,11702
9582,details_summary,True,8365
9583,details_summary,True,11700
9584,details_summary,True,11722
9585,details_summary,True,11727
9586,details_summary,True,11727
9587,details_summary,True,21106
959,details_summary,True,1121
9593,details_summary,True,29955
9594,details_summary,True,29998
9595,details_summary,True,3287
9599,details_summary,True,15238
96,details_summary,True,5488
960,details_summary,True,713
9600,details_summary,True,8365
9601,details_summary,True,15221
9607,details_summary,True,5648
9608,details_summary,True,9865
9609,details_summary,True,9865
9616,details_summary,True,9073
962,details_summary,True,10604
9621,details_summary,True,8867
963,generic_fallback,True,49449
9632,details_summary,True,6845
9634,details_summary,True,8580
964,details_summary,True,20475
9649,details_summary,True,2875
9650,details_summary,True,7011
9651,details_summary,True,3498
966,details_summary,True,3598
9662,details_summary,True,1316
9664,details_summary,True,2692
9669,details_summary,True,13665
9670,details_summary,True,11652
9671,details_summary,True,10584
9672,details_summary,True,10538
9678,details_summary,True,30939
9679,details_summary,True,30713
9682,details_summary,True,8005
9684,details_summary,True,7301
9691,details_summary,True,23187
9692,details_summary,True,6864
9693,details_summary,True,11219
9694,details_summary,True,14351
9696,details_summary,True,5211
97,details_summary,True,6341
9701,details_summary,True,79102
9705,details_summary,True,11794
9706,details_summary,True,11788
9715,details_summary,True,7215
9716,details_summary,True,21939
9717,details_summary,True,22981
9719,details_summary,True,22070
9720,details_summary,True,22591
9721,details_summary,True,21836
9722,details_summary,True,21613
9724,details_summary,True,4678
9729,details_summary,True,11627
9730,details_summary,True,11641
9731,details_summary,True,11624
9732,details_summary,True,15541
9733,details_summary,True,11624
9734,details_summary,True,9117
9746,details_summary,True,1769
9748,details_summary,True,15915
9749,details_summary,True,16432
975,details_summary,True,6208
9750,details_summary,True,15904
9751,details_summary,True,1083
9752,details_summary,True,3406
9754,details_summary,True,933
9755,details_summary,True,899
9756,details_summary,True,9658
9759,details_summary,True,8175
976,details_summary,True,6101
9760,details_summary,True,10130
9762,details_summary,True,5964
9765,details_summary,True,20512
9770,details_summary,True,966
9771,details_summary,True,1480
9772,details_summary,True,4296
9774,details_summary,True,7908
9775,details_summary,True,9529
9776,details_summary,True,9708
9777,details_summary,True,7677
9779,details_summary,True,14750
9780,details_summary,True,17101
9785,details_summary,True,13687
9786,details_summary,True,13696
979,details_summary,True,4675
9797,details_summary,True,14371
9798,details_summary,True,14383
9799,details_summary,True,14382
9800,details_summary,True,13419
9803,details_summary,True,14050
9805,details_summary,True,5269
9806,details_summary,True,5523
981,details_summary,True,5526
9813,details_summary,True,8206
9816,details_summary,True,5521
9817,details_summary,True,5729
9818,details_summary,True,5684
9819,details_summary,True,3955
9822,details_summary,True,17276
9824,details_summary,True,17793
9825,details_summary,True,3880
983,details_summary,True,4852
9830,details_summary,True,10733
9832,details_summary,True,11187
9834,details_summary,True,7775
9838,details_summary,True,4372
9839,details_summary,True,11224
984,details_summary,True,5168
9840,details_summary,True,11254
9841,details_summary,True,11307
9844,details_summary,True,11323
9845,details_summary,True,16439
9849,details_summary,True,13282
9850,details_summary,True,2620
9854,details_summary,True,10646
9855,details_summary,True,10637
9856,details_summary,True,8764
9857,details_summary,True,6440
9858,details_summary,True,6433
9859,details_summary,True,6449
986,details_summary,True,1718
9860,details_summary,True,6441
9862,details_summary,True,6832
9864,details_summary,True,35002
9867,details_summary,True,16739
9868,details_summary,True,13885
9869,details_summary,True,14703
987,details_summary,True,2743
9872,details_summary,True,11251
9873,details_summary,True,9776
9874,details_summary,True,10783
9875,details_summary,True,9075
9877,details_summary,True,7793
9878,details_summary,True,7295
9879,details_summary,True,7289
9881,details_summary,True,23057
9883,details_summary,True,9152
9884,details_summary,True,13463
9885,details_summary,True,13446
9886,details_summary,True,13304
9888,details_summary,True,7662
9889,details_summary,True,21051
9890,details_summary,True,4446
9891,details_summary,True,25935
9892,details_summary,True,3877
9893,details_summary,True,3877
9894,details_summary,True,3799
9896,details_summary,True,12950
9897,details_summary,True,12965
9898,details_summary,True,12950
9899,details_summary,True,13084
9900,details_summary,True,20455
9901,details_summary,True,4985
9902,details_summary,True,8575
9903,details_summary,True,4312
9904,details_summary,True,6954
9905,details_summary,True,7874
9906,details_summary,True,13011
9907,details_summary,True,12737
9908,details_summary,True,12720
9909,details_summary,True,7765
9910,details_summary,True,7924
9911,details_summary,True,7871
9912,details_summary,True,17595
9913,details_summary,True,17595
9914,details_summary,True,17594
9915,details_summary,True,10124
9916,details_summary,True,11449
9917,details_summary,True,25304
9918,details_summary,True,10332
992,details_summary,True,14652
9920,details_summary,True,16123
9921,details_summary,True,16123
9922,details_summary,True,16123
9923,details_summary,True,17076
9924,details_summary,True,5939
9925,details_summary,True,5962
9926,details_summary,True,5117
9927,details_summary,True,5182
9928,details_summary,True,34997
993,details_summary,True,8847
994,details_summary,True,9037
9940,details_summary,True,10398
9941,details_summary,True,10432
9942,details_summary,True,10434
9945,details_summary,True,18418
995,details_summary,True,12351
9951,details_summary,True,7121
9952,details_summary,True,15028
9953,details_summary,True,6543
9957,details_summary,True,23571
9958,details_summary,True,6537
996,details_summary,True,12350
9962,details_summary,True,14931
9963,details_summary,True,15293
9964,details_summary,True,15293
9965,details_summary,True,15169
9966,details_summary,True,8240
9967,generic_fallback,True,19586
9968,details_summary,True,14168
9969,details_summary,True,16123
997,details_summary,True,12335
9970,details_summary,True,14154
9971,details_summary,True,12315
9972,details_summary,True,10382
9973,details_summary,True,21514
9974,details_summary,True,21514
9975,details_summary,True,21506
9976,details_summary,True,12315
9977,details_summary,True,12315
9978,details_summary,True,12315
9979,details_summary,True,15903
998,details_summary,True,11605
9980,details_summary,True,22203
9981,details_summary,True,10382
9982,details_summary,True,10382
9986,details_summary,True,9983
999,details_summary,True,5812
9992,details_summary,True,8240
9994,details_summary,True,4122
9996,details_summary,True,4474
9997,details_summary,True,2289
9998,details_summary,True,2272
9999,details_summary,True,5705
