product_id,status,found_4_8,has_table,has_list
10,Success,True,True,False
100,Success,True,False,False
1000,Success,True,False,False
10000,Success,True,True,False
100003,Success,True,True,False
100005,Success,True,False,False
100006,Success,True,False,False
100008,Success,True,True,False
100009,Success,True,True,False
10001,Success,True,False,False
100011,Success,True,False,False
100012,Success,True,True,False
100013,Success,True,True,False
100017,Success,True,True,False
100018,Success,True,True,False
100020,Success,True,True,False
100021,Success,True,True,False
100022,Success,True,True,False
100026,Success,True,True,False
100027,Success,True,True,False
100028,Success,True,True,False
100029,Success,True,True,False
100030,Success,True,True,False
100031,Success,True,True,False
100032,Success,True,True,False
100033,Success,True,True,False
100034,Success,True,True,False
100035,Success,True,True,False
100039,Success,True,True,False
100040,Success,True,True,False
100041,Success,True,True,False
100042,Success,True,True,False
100043,Success,True,True,False
100044,Success,True,True,False
100045,Success,True,True,False
100047,Success,True,False,False
100049,Success,True,True,False
100050,Success,True,True,False
100051,Success,True,True,False
100071,Success,True,True,False
100072,Success,True,True,False
10008,Success,True,True,False
100080,Success,True,False,False
100081,Success,True,False,False
100082,Success,True,False,False
100083,Success,True,True,False
100084,Success,True,True,False
100085,Success,True,True,False
100086,Success,True,True,False
100087,Success,True,True,False
100088,Success,True,True,False
100089,Success,True,True,False
100090,Success,True,True,False
100091,Success,True,True,False
100092,Success,True,False,False
100093,Success,True,False,False
100094,Success,True,True,False
100095,Success,True,True,False
100096,Success,True,False,False
100097,Success,True,True,False
1001,Success,True,False,False
10010,Success,True,True,False
100102,Success,True,True,False
100107,Success,True,True,False
100108,Success,True,True,False
100109,Success,True,True,False
100111,Success,True,True,False
100113,Success,True,True,False
100114,Success,True,True,False
100116,Success,True,True,False
100121,Success,True,True,False
100122,Success,True,True,False
100132,Success,True,True,False
100135,Success,True,True,False
100136,Success,True,True,False
100137,Success,True,True,False
100138,Success,True,True,False
100139,Success,True,True,False
10014,Success,True,True,False
100140,Success,True,True,False
100141,Success,True,True,False
100142,Success,True,True,False
100143,Success,True,True,False
100144,Success,True,True,False
100145,Success,True,True,False
100146,Success,True,True,False
100147,Success,True,True,False
100148,Success,True,True,False
100149,Success,True,True,False
100151,Success,True,True,False
100152,Success,True,True,False
100156,Success,True,True,False
100157,Success,True,True,False
100159,Success,True,True,False
10016,Success,True,True,False
100160,Success,True,True,False
100163,Success,True,True,False
100164,Success,True,True,False
100165,Success,True,True,False
100167,Success,True,True,False
100169,Success,True,True,False
10017,Success,True,True,False
100171,Success,True,False,False
100175,Success,True,True,False
100176,Success,True,True,False
100178,Success,True,True,False
100179,Success,True,True,False
100180,Success,True,True,False
100181,Success,True,True,False
100182,Success,True,True,False
100183,Success,True,True,False
100184,Success,True,True,False
100185,Success,True,True,False
100186,Success,True,True,False
100187,Success,True,True,False
100188,Success,True,True,False
100189,Success,True,False,False
100190,Success,True,False,False
100192,Success,True,True,False
100193,Success,True,True,False
100194,Success,True,True,False
100195,Success,True,False,False
100196,Success,True,False,False
100197,Success,True,False,False
100198,Success,True,False,False
100199,Success,True,False,False
1002,Success,True,True,False
100200,Success,True,False,False
100201,Success,True,False,False
100202,Success,True,False,False
100203,Success,True,False,False
100204,Success,True,False,False
100206,Success,True,False,False
100208,Success,True,True,False
100209,Success,True,True,False
100210,Success,True,True,False
100211,Success,True,False,False
100212,Success,True,False,False
100216,Success,True,True,False
100217,Success,True,True,False
100219,Success,True,False,False
10022,Success,True,True,False
100222,Success,True,True,False
100224,Success,True,True,False
100225,Success,True,True,False
100226,Success,True,True,False
100228,Success,True,True,False
100229,Success,True,True,False
10023,Success,True,True,False
100232,Success,True,True,False
100234,Success,True,False,False
100235,Success,True,True,False
100236,Success,True,True,False
100238,Success,True,True,False
100239,Success,True,True,False
10024,Success,True,True,False
100240,Success,True,True,False
100241,Success,True,True,False
100242,Success,True,True,False
100244,Success,True,True,False
100245,Success,True,True,False
100246,Success,True,True,False
100247,Success,True,True,False
100248,Success,True,True,False
100249,Success,True,True,False
10025,Success,True,True,False
100250,Success,True,True,False
100253,Success,True,True,False
100254,Success,True,True,False
100255,Success,True,True,False
100257,Success,True,False,False
100259,Success,True,True,False
100260,Success,True,True,False
100265,Success,True,True,False
100270,Success,True,True,False
100272,Success,True,True,False
100273,Success,True,True,False
100274,Success,True,True,False
100275,Success,True,True,False
100276,Success,True,True,False
100277,Success,True,True,False
100278,Success,True,True,False
100279,Success,True,True,False
100280,Success,True,True,False
100281,Success,True,True,False
100282,Success,True,True,False
100283,Success,True,True,False
100284,Success,True,True,False
100285,Success,True,True,False
100286,Success,True,True,False
100287,Success,True,True,False
100288,Success,True,True,False
100289,Success,True,True,False
100290,Success,True,True,False
100291,Success,True,True,False
100292,Success,True,True,False
100293,Success,True,False,False
100294,Success,True,True,False
100296,Success,True,True,False
100297,Success,True,True,False
100299,Success,True,True,False
100300,Success,True,True,False
100303,Success,True,True,False
100306,Success,True,True,False
100307,Success,True,True,False
100309,Success,True,True,False
100312,Success,True,True,False
100313,Success,True,True,False
100314,Success,True,True,False
100317,Success,True,True,False
100318,Success,True,True,False
100319,Success,True,True,False
100320,Success,True,True,False
100321,Success,True,True,False
100322,Success,True,True,False
100323,Success,True,True,False
100324,Success,True,True,False
100327,Success,True,True,False
100328,Success,True,True,False
100329,Success,True,True,False
100330,Success,True,True,False
100331,Success,True,True,False
100332,Success,True,True,False
100333,Success,True,True,False
100334,Success,True,True,False
100335,Success,True,False,False
10034,Success,True,True,False
100341,Success,True,True,False
100349,Success,True,True,False
100351,Success,True,True,False
100352,Success,True,True,False
100353,Success,True,True,False
100356,Success,True,True,False
100358,Success,True,True,False
100359,Success,True,True,False
100360,Success,True,True,False
100361,Success,True,True,False
100363,Success,True,True,False
100364,Success,True,True,False
100367,Success,True,True,False
100368,Success,True,True,False
100370,Success,True,True,False
100372,Success,True,True,False
100373,Success,True,True,False
100374,Success,True,True,False
100375,Success,True,True,False
100376,Success,True,True,False
100379,Success,True,True,False
10038,Success,True,True,False
100380,Success,True,True,False
100382,Success,True,True,False
100383,Success,True,True,False
100384,Success,True,True,False
100385,Success,True,True,False
100386,Success,True,True,False
100387,Success,True,True,False
100388,Success,True,True,False
100389,Success,True,False,False
10039,Success,True,True,False
100390,Success,True,True,False
100391,Success,True,True,False
100392,Success,True,True,False
100394,Success,True,True,False
100396,Success,True,True,False
100397,Success,True,True,False
1004,Success,True,True,False
10040,Success,True,True,False
100404,Success,True,True,False
100405,Success,True,True,False
100409,Success,True,False,False
10041,Success,True,True,False
100410,Success,True,True,False
100413,Success,True,True,False
100414,Success,True,True,False
100416,Success,True,True,False
100417,Success,True,True,False
100418,Success,True,True,False
100419,Success,True,True,False
100420,Success,True,True,False
100424,Success,True,True,False
100425,Success,True,True,False
100426,Success,True,True,False
100431,Success,True,True,False
100432,Success,True,True,False
100433,Success,True,True,False
100434,Success,True,True,False
100435,Success,True,True,False
100437,Success,True,True,False
100438,Success,True,True,False
100439,Success,True,True,False
100443,Success,True,True,False
100445,Success,True,False,False
100446,Success,True,False,False
100447,Success,True,True,False
100451,Success,True,True,False
100452,Success,True,True,False
100453,Success,True,True,False
100454,Success,True,True,False
100455,Success,True,True,False
100456,Success,True,True,False
100458,Success,True,True,False
100464,Success,True,True,False
100465,Success,True,True,False
100466,Success,True,True,False
100467,Success,True,True,False
100468,Success,True,True,False
100469,Success,True,True,False
100470,Success,True,True,False
100471,Success,True,True,False
100472,Success,True,True,False
100473,Success,True,True,False
100474,Success,True,True,False
100475,Success,True,True,False
100476,Success,True,True,False
100477,Success,True,True,False
100479,Success,True,True,False
10048,Success,True,True,False
100480,Success,True,True,False
100481,Success,True,True,False
100483,Success,True,True,False
100485,Success,True,True,False
100486,Success,True,True,False
100488,Success,True,True,False
100489,Success,True,True,False
10049,Success,True,True,False
100490,Success,True,True,False
100491,Success,True,False,False
100492,Success,True,True,False
100493,Success,True,True,False
100496,Success,True,True,False
100497,Success,True,True,False
100498,Success,True,True,False
100499,Success,True,True,False
100504,Success,True,True,False
100506,Success,True,True,False
100509,Success,True,True,False
10051,Success,True,True,False
100510,Success,True,True,False
100511,Success,True,True,False
100512,Success,True,True,False
100513,Success,True,True,False
100518,Success,True,True,False
100519,Success,True,True,False
10052,Success,True,True,False
100520,Success,True,True,False
100521,Success,True,True,False
100522,Success,True,True,False
100525,Success,True,True,False
100528,Success,True,True,False
100529,Success,True,True,False
10053,Success,True,True,False
100530,Success,True,True,False
100531,Success,True,True,False
100532,Success,True,True,False
100533,Success,True,True,False
100534,Success,True,True,False
100535,Success,True,True,False
100536,Success,True,False,False
100537,Success,True,False,False
100538,Success,True,False,False
100539,Success,True,True,False
100540,Success,True,True,False
100543,Success,True,True,False
100544,Success,True,True,False
100545,Success,True,True,False
100546,Success,True,True,False
100547,Success,True,True,False
100548,Success,True,True,False
100549,Success,True,True,False
10055,Success,True,True,False
100550,Success,True,True,False
100551,Success,True,True,False
100552,Success,True,True,False
100553,Success,True,True,False
100554,Success,True,True,False
100555,Success,True,True,False
100556,Success,True,True,False
100557,Success,True,True,False
100558,Success,True,True,False
100559,Success,True,True,False
100560,Success,True,True,False
100561,Success,True,True,False
100562,Success,True,True,False
100563,Success,True,True,False
100564,Success,True,True,False
100565,Success,True,True,False
100566,Success,True,True,False
100567,Success,True,True,False
100568,Success,True,True,False
100569,Success,True,True,False
10057,Success,True,True,False
100570,Success,True,True,False
100576,Success,True,True,False
100577,Success,True,True,False
100578,Success,True,True,False
100579,Success,True,False,False
100580,Success,True,False,False
100582,Success,True,False,False
100583,Success,True,False,False
100584,Success,True,True,False
100585,Success,True,True,False
100586,Success,True,True,False
10059,Success,True,True,False
100592,Success,True,True,False
100593,Success,True,True,False
100594,Success,True,True,False
100598,Success,True,True,False
100599,Success,True,True,False
1006,Success,True,True,False
10060,Success,True,True,False
100601,Success,True,True,False
100602,Success,True,True,False
100603,Success,True,True,False
100604,Success,True,True,False
100605,Success,True,True,False
100606,Success,True,True,False
100607,Success,True,True,False
100608,Success,True,True,False
10061,Success,True,True,False
100610,Success,True,True,False
100611,Success,True,True,False
100613,Success,True,True,False
100614,Success,True,True,False
100615,Success,True,True,False
100616,Success,True,True,False
100617,Success,True,True,False
100618,Success,True,True,False
100619,Success,True,True,False
10062,Success,True,True,False
100620,Success,True,True,False
100621,Success,True,True,False
100622,Success,True,True,False
100623,Success,True,True,False
100625,Success,True,True,False
100626,Success,True,True,False
100627,Success,True,True,False
100628,Success,True,True,False
100629,Success,True,True,False
10063,Success,True,False,False
100630,Success,True,True,False
100631,Success,True,True,False
100632,Success,True,True,False
100633,Success,True,True,False
100634,Success,True,True,False
100635,Success,True,True,False
100636,Success,True,True,False
100638,Success,True,True,False
100639,Success,True,True,False
10064,Success,True,False,False
100640,Success,True,True,False
100644,Success,True,True,False
100645,Success,True,True,False
100646,Success,True,False,False
100649,Success,True,False,False
10065,Success,True,False,False
100651,Success,True,True,False
100652,Success,True,True,False
100653,Success,True,True,False
100654,Success,True,True,False
100657,Success,True,True,False
100658,Success,True,True,False
100659,Success,True,True,False
10066,Success,True,True,False
100660,Success,True,True,False
100661,Success,True,True,False
100662,Success,True,True,False
100663,Success,True,True,False
100664,Success,True,True,False
100665,Success,True,True,False
100667,Success,True,True,False
100668,Success,True,True,False
100669,Success,True,True,False
10067,Success,True,True,False
100673,Success,True,True,False
100674,Success,True,True,False
100676,Success,True,True,False
100677,Success,True,True,False
100678,Success,True,True,False
100679,Success,True,True,False
10068,Success,True,True,False
100680,Success,True,True,False
100681,Success,True,True,False
100682,Success,True,True,False
100684,Success,True,True,False
100685,Success,True,True,False
100686,Success,True,True,False
100687,Success,True,True,False
100688,Success,True,True,False
100689,Success,True,True,False
10069,Success,True,False,False
100692,Success,True,True,False
100693,Success,True,True,False
100694,Success,True,True,False
100695,Success,True,True,False
100696,Success,True,True,False
100699,Success,True,True,False
1007,Success,True,True,False
10070,Success,True,True,False
100700,Success,True,True,False
100701,Success,True,True,False
100702,Success,True,True,False
100703,Success,True,True,False
100704,Success,True,True,False
100705,Success,True,True,False
100706,Success,True,True,False
100707,Success,True,True,False
100708,Success,True,True,False
10071,Success,True,True,False
100710,Success,True,True,False
100714,Success,True,True,False
100715,Success,True,True,False
100716,Success,True,True,False
100717,Success,True,True,False
100719,Success,True,True,False
10072,Success,True,True,False
100720,Success,True,True,False
100721,Success,True,True,False
100722,Success,True,True,False
100723,Success,True,True,False
100724,Success,True,True,False
100725,Success,True,True,False
100726,Success,True,True,False
100727,Success,True,True,False
100729,Success,True,True,False
10073,Success,True,True,False
100735,Success,True,True,False
100737,Success,True,True,False
100738,Success,True,True,False
100739,Success,True,True,False
10074,Success,True,True,False
100741,Success,True,True,False
100742,Success,True,True,False
100743,Success,True,True,False
100744,Success,True,True,False
100745,Success,True,True,False
100746,Success,True,True,False
100748,Success,True,True,False
100749,Success,True,True,False
100750,Success,True,True,False
100751,Success,True,True,False
100752,Success,True,True,False
100753,Success,True,True,False
100754,Success,True,False,False
100756,Success,True,True,False
100757,Success,True,True,False
100758,Success,True,False,False
100759,Success,True,True,False
10076,Success,True,True,False
100764,Success,True,True,False
100765,Success,True,False,False
100769,Success,True,True,False
10077,Success,True,True,False
100770,Success,True,False,False
100773,Success,True,True,False
100774,Success,True,True,False
100776,Success,True,True,False
10078,Success,True,True,False
100782,Success,True,True,False
100783,Success,True,True,False
100785,Success,True,True,False
100786,Success,True,True,False
100788,Success,True,True,False
10079,Success,True,True,False
100790,Success,True,True,False
100791,Success,True,True,False
100792,Success,True,True,False
100793,Success,True,True,False
100794,Success,True,True,False
100795,Success,True,True,False
100796,Success,True,True,False
100799,Success,True,True,False
1008,Success,True,True,False
10080,Success,True,True,False
100800,Success,True,True,False
100801,Success,True,True,False
100803,Success,True,True,False
100804,Success,True,True,False
100805,Success,True,False,False
100806,Success,True,True,False
100807,Success,True,False,False
100808,Success,True,True,False
100810,Success,True,True,False
100811,Success,True,True,False
100812,Success,True,True,False
100814,Success,True,True,False
100815,Success,True,True,False
100816,Success,True,False,False
100817,Success,True,False,False
100818,Success,True,True,False
100819,Success,True,True,False
10082,Success,True,True,False
100820,Success,True,True,False
100821,Success,True,True,False
100822,Success,True,True,False
100823,Success,True,True,False
100825,Success,True,False,False
100826,Success,True,True,False
100827,Success,True,False,False
100828,Success,True,True,False
100829,Success,True,True,False
10083,Success,True,True,False
100831,Success,True,False,False
100832,Success,True,True,False
100834,Success,True,True,False
100835,Success,True,True,False
100836,Success,True,True,False
10084,Success,True,True,False
100840,Success,True,True,False
100841,Success,True,True,False
100842,Success,True,True,False
100843,Success,True,True,False
100844,Success,True,True,False
10085,Success,True,True,False
100850,Success,True,True,False
100851,Success,True,True,False
100852,Success,True,True,False
100858,Success,True,True,False
100859,Success,True,True,False
10086,Success,True,True,False
100860,Success,True,True,False
100861,Success,True,False,False
100862,Success,True,True,False
100864,Success,True,True,False
100865,Success,True,True,False
100866,Success,True,True,False
100867,Success,True,True,False
100868,Success,True,True,False
100869,Success,True,True,False
10087,Success,True,True,False
100870,Success,True,False,False
100872,Success,True,True,False
100877,Success,True,True,False
100878,Success,True,True,False
10088,Success,True,True,False
100880,Success,True,True,False
10089,Success,True,True,False
100890,Success,True,True,False
100891,Success,True,True,False
100892,Success,True,True,False
100893,Success,True,True,False
100896,Success,True,True,False
1009,Success,True,False,False
10090,Success,True,True,False
100905,Success,True,True,False
100906,Success,True,True,False
100907,Success,True,True,False
10091,Success,True,True,False
100914,Success,True,True,False
100916,Success,True,True,False
100922,Success,True,True,False
100923,Success,True,True,False
100925,Success,True,True,False
100927,Success,True,True,False
100928,Success,True,True,False
100931,Success,True,True,False
100932,Success,True,True,False
100934,Success,True,True,False
100935,Success,True,True,False
100936,Success,True,True,False
100937,Success,True,True,False
100938,Success,True,True,False
100939,Success,True,True,False
10094,Success,True,True,False
100940,Success,True,True,False
100941,Success,True,True,False
100942,Success,True,True,False
100943,Success,True,True,False
100944,Success,True,True,False
100945,Success,True,True,False
100946,Success,True,True,False
100947,Success,True,True,False
100948,Success,True,True,False
100949,Success,True,True,False
100952,Success,True,True,False
100953,Success,True,True,False
100954,Success,True,True,False
100955,Success,True,True,False
100956,Success,True,True,False
100957,Success,True,True,False
100958,Success,True,True,False
10096,Success,True,True,False
100961,Success,True,True,False
100962,Success,True,True,False
100963,Success,True,True,False
100964,Success,True,True,False
100965,Success,True,True,False
100966,Success,True,True,False
100967,Success,True,True,False
100968,Success,True,False,False
100969,Success,True,True,False
100970,Success,True,True,False
100971,Success,True,True,False
100972,Success,True,False,False
100973,Success,True,True,False
100974,Success,True,True,False
100975,Success,True,True,False
100976,Success,True,True,False
100978,Success,True,True,False
100979,Success,True,True,False
100980,Success,True,True,False
100982,Success,True,True,False
100983,Success,True,True,False
100984,Success,True,True,False
100986,Success,True,True,False
100989,Success,True,True,False
10099,Success,True,True,False
100991,Success,True,True,False
100992,Success,True,True,False
100995,Success,True,True,False
100996,Success,True,True,False
100997,Success,True,True,False
100999,Success,True,True,False
1010,Success,True,False,False
10100,Success,True,True,False
101000,Success,True,True,False
101001,Success,True,True,False
101002,Success,True,True,False
101003,Success,True,True,False
101004,Success,True,True,False
101005,Success,True,True,False
101006,Success,True,True,False
101007,Success,True,True,False
101008,Success,True,True,False
101009,Success,True,True,False
10101,Success,True,True,False
101010,Success,True,True,False
101011,Success,True,True,False
101012,Success,True,True,False
101020,Success,True,False,False
101021,Success,True,False,False
101022,Success,True,True,False
101023,Success,True,True,False
101024,Success,True,True,False
101025,Success,True,True,False
101026,Success,True,True,False
101027,Success,True,True,False
101028,Success,True,True,False
101029,Success,True,True,False
101030,Success,True,True,False
101037,Success,True,True,False
101038,Success,True,True,False
101039,Success,True,False,False
101040,Success,True,True,False
101043,Success,True,True,False
101044,Success,True,True,False
101045,Success,True,True,False
101046,Success,True,True,False
101047,Success,True,True,False
101048,Success,True,True,False
101049,Success,True,True,False
101051,Success,True,True,False
101052,Success,True,True,False
101053,Success,True,True,False
101054,Success,True,True,False
101055,Success,True,True,False
101056,Success,True,True,False
101063,Success,True,True,False
101064,Success,True,True,False
101065,Success,True,True,False
101066,Success,True,True,False
101067,Success,True,True,False
101068,Success,True,False,False
101069,Success,True,False,False
10107,Success,True,True,False
101070,Success,True,True,False
101074,Success,True,True,False
101076,Success,True,True,False
101077,Success,True,True,False
101078,Success,True,True,False
101081,Success,True,True,False
101082,Success,True,False,False
101083,Success,True,False,False
101086,Success,True,True,False
101087,Success,True,True,False
101091,Success,True,True,False
101092,Success,True,True,False
101093,Success,True,True,False
101094,Success,True,True,False
101095,Success,True,True,False
101097,Success,True,True,False
101099,Success,True,True,False
101100,Success,True,True,False
101101,Success,True,True,False
101102,Success,True,True,False
101104,Success,True,True,False
101105,Success,True,False,False
101106,Success,True,False,False
101107,Success,True,False,False
101108,Success,True,False,False
101109,Success,True,False,False
10111,Success,True,True,False
101113,Success,True,True,False
101114,Success,True,True,False
101115,Success,True,True,False
101116,Success,True,True,False
101117,Success,True,True,False
101118,Success,True,True,False
101119,Success,True,True,False
10112,Success,True,True,False
101120,Success,True,True,False
101121,Success,True,True,False
101122,Success,True,True,False
101124,Success,True,True,False
101125,Success,True,True,False
101127,Success,True,True,False
101129,Success,True,False,False
10113,Success,True,True,False
101131,Success,True,False,False
101132,Success,True,False,False
101133,Success,True,True,False
101134,Success,True,True,False
101135,Success,True,True,False
101136,Success,True,True,False
101137,Success,True,True,False
101138,Success,True,True,False
10114,Success,True,True,False
101141,Success,True,False,False
101145,Success,True,True,False
101147,Success,True,True,False
101149,Success,True,True,False
10115,Success,True,True,False
101150,Success,True,True,False
101151,Success,True,True,False
101152,Success,True,True,False
101154,Success,True,True,False
101155,Success,True,True,False
101156,Success,True,True,False
101157,Success,True,False,False
101158,Success,True,True,False
10116,Success,True,True,False
101160,Success,True,True,False
101161,Success,True,False,False
101162,Success,True,False,False
101163,Success,True,True,False
101166,Success,True,True,False
101167,Success,True,True,False
101168,Success,True,True,False
101169,Success,True,True,False
10117,Success,True,True,False
101170,Success,True,True,False
101171,Success,True,True,False
101172,Success,True,True,False
101174,Success,True,True,False
101175,Success,True,True,False
101177,Success,True,True,False
101178,Success,True,True,False
101179,Success,True,True,False
10118,Success,True,True,False
101180,Success,True,True,False
101181,Success,True,False,False
101182,Success,True,False,False
101183,Success,True,True,False
101184,Success,True,True,False
101185,Success,True,True,False
101186,Success,True,True,False
101187,Success,True,False,False
101188,Success,True,True,False
101189,Success,True,True,False
10119,Success,True,True,False
101190,Success,True,False,False
101193,Success,True,True,False
101194,Success,True,False,False
101195,Success,True,False,False
101196,Success,True,False,False
101197,Success,True,True,False
101199,Success,True,True,False
1012,Success,True,True,False
10120,Success,True,True,False
101200,Success,True,True,False
101201,Success,True,True,False
101202,Success,True,False,False
101203,Success,True,False,False
101204,Success,True,True,False
101205,Success,True,True,False
101206,Success,True,True,False
101207,Success,True,True,False
101208,Success,True,True,False
101209,Success,True,False,False
10121,Success,True,True,False
101210,Success,True,False,False
101212,Success,True,True,False
101213,Success,True,True,False
101214,Success,True,True,False
101215,Success,True,True,False
101216,Success,True,True,False
101217,Success,True,True,False
101218,Success,True,True,False
10122,Success,True,True,False
101224,Success,True,True,False
101225,Success,True,True,False
101226,Success,True,True,False
101229,Success,True,True,False
101230,Success,True,True,False
101231,Success,True,True,False
101232,Success,True,True,False
101233,Success,True,True,False
101234,Success,True,False,False
101235,Success,True,False,False
101236,Success,True,False,False
101237,Success,True,True,False
101238,Success,True,False,False
101239,Success,True,True,False
101240,Success,True,True,False
101241,Success,True,True,False
101243,Success,True,True,False
101244,Success,True,True,False
101245,Success,True,True,False
101246,Success,True,True,False
101247,Success,True,True,False
101249,Success,True,True,False
101250,Success,True,True,False
101251,Success,True,True,False
101253,Success,True,True,False
101255,Success,True,True,False
101256,Success,True,True,False
101257,Success,True,True,False
101259,Success,True,False,False
101262,Success,True,True,False
101263,Success,True,True,False
101264,Success,True,True,False
101265,Success,True,True,False
101266,Success,True,True,False
101267,Success,True,True,False
101268,Success,True,True,False
101269,Success,True,False,False
101270,Success,True,False,False
101272,Success,True,True,False
101273,Success,True,False,False
101274,Success,True,True,False
101275,Success,True,False,False
101276,Success,True,True,False
101277,Success,True,False,False
101278,Success,True,True,False
101279,Success,True,False,False
10128,Success,True,True,False
101282,Success,True,True,False
101283,Success,True,True,False
101284,Success,True,True,False
101287,Success,True,True,False
101288,Success,True,True,False
101289,Success,True,True,False
10129,Success,True,True,False
101290,Success,True,True,False
101291,Success,True,True,False
101292,Success,True,True,False
101293,Success,True,True,False
101294,Success,True,True,False
101295,Success,True,False,False
101296,Success,True,False,False
101297,Success,True,True,False
101298,Success,True,True,False
101299,Success,True,True,False
10130,Success,True,True,False
101300,Success,True,False,False
101303,Success,True,True,False
101305,Success,True,True,False
101306,Success,True,True,False
101308,Success,True,True,False
101309,Success,True,True,False
101310,Success,True,False,False
101311,Success,True,False,False
101312,Success,True,True,False
101313,Success,True,True,False
101314,Success,True,True,False
101315,Success,True,True,False
101316,Success,True,True,False
101317,Success,True,True,False
101318,Success,True,True,False
10132,Success,True,False,False
101320,Success,True,True,False
101321,Success,True,True,False
101322,Success,True,True,False
101323,Success,True,True,False
101324,Success,True,True,False
101325,Success,True,True,False
101326,Success,True,True,False
101327,Success,True,True,False
101328,Success,True,True,False
101329,Success,True,True,False
10133,Success,True,True,False
101330,Success,True,True,False
101331,Success,True,True,False
101333,Success,True,True,False
101334,Success,True,True,False
101335,Success,True,False,False
101336,Success,True,True,False
101339,Success,True,True,False
101340,Success,True,True,False
101341,Success,True,True,False
101346,Success,True,True,False
101351,Success,True,True,False
101352,Success,True,True,False
101353,Success,True,True,False
101354,Success,True,True,False
101355,Success,True,True,False
101360,Success,True,True,False
101361,Success,True,False,False
101362,Success,True,True,False
101363,Success,True,True,False
101364,Success,True,True,False
101365,Success,True,True,False
101366,Success,True,True,False
101367,Success,True,True,False
101368,Success,True,True,False
101376,Success,True,True,False
101377,Success,True,True,False
101378,Success,True,True,False
101381,Success,True,True,False
101382,Success,True,True,False
101383,Success,True,True,False
101385,Success,True,True,False
101388,Success,True,True,False
101389,Success,True,True,False
101390,Success,True,True,False
101391,Success,True,True,False
101392,Success,True,True,False
101393,Success,True,True,False
101395,Success,True,False,False
101396,Success,True,False,False
101397,Success,True,True,False
101398,Success,True,True,False
1014,Success,True,True,False
101401,Success,True,True,False
101403,Success,True,True,False
101404,Success,True,True,False
101405,Success,True,True,False
101406,Success,True,True,False
101407,Success,True,True,False
101420,Success,True,True,False
101421,Success,True,True,False
101422,Success,True,True,False
101423,Success,True,True,False
101424,Success,True,True,False
101427,Success,True,True,False
101428,Success,True,True,False
101429,Success,True,True,False
101430,Success,True,True,False
101433,Success,True,True,False
101437,Success,True,False,False
101438,Success,True,True,False
101439,Success,True,True,False
101440,Success,True,True,False
101441,Success,True,True,False
101444,Success,True,True,False
101445,Success,True,True,False
101446,Success,True,True,False
101448,Success,True,True,False
101449,Success,True,True,False
10145,Success,True,True,False
101453,Success,True,True,False
101454,Success,True,True,False
101455,Success,True,True,False
101456,Success,True,False,False
101457,Success,True,True,False
101458,Success,True,True,False
101459,Success,True,True,False
10146,Success,True,True,False
101460,Success,True,True,False
101461,Success,True,True,False
101462,Success,True,True,False
101463,Success,True,True,False
101464,Success,True,True,False
101465,Success,True,True,False
101466,Success,True,True,False
101467,Success,True,False,False
101468,Success,True,True,False
101469,Success,True,True,False
10147,Success,True,False,False
101470,Success,True,True,False
101471,Success,True,True,False
101472,Success,True,True,False
101473,Success,True,True,False
101474,Success,True,True,False
101475,Success,True,True,False
101476,Success,True,True,False
101477,Success,True,False,False
101478,Success,True,True,False
101479,Success,True,True,False
10148,Success,True,True,False
101480,Success,True,True,False
101483,Success,True,False,False
101484,Success,True,True,False
101485,Success,True,True,False
101486,Success,True,True,False
101487,Success,True,True,False
101489,Success,True,True,False
10149,Success,True,True,False
101491,Success,True,False,False
101492,Success,True,True,False
101495,Success,True,True,False
101496,Success,True,True,False
101498,Success,True,True,False
101499,Success,True,True,False
10150,Success,True,True,False
101500,Success,True,False,False
101504,Success,True,True,False
101508,Success,True,True,False
101509,Success,True,True,False
10151,Success,True,False,False
101510,Success,True,True,False
101511,Success,True,True,False
101512,Success,True,True,False
101515,Success,True,True,False
101516,Success,True,True,False
101517,Success,True,True,False
101518,Success,True,True,False
101519,Success,True,True,False
10152,Success,True,True,False
101520,Success,True,True,False
101521,Success,True,True,False
101522,Success,True,True,False
101523,Success,True,True,False
101524,Success,True,True,False
101525,Success,True,True,False
101527,Success,True,True,False
101529,Success,True,True,False
10153,Success,True,True,False
101530,Success,True,True,False
101531,Success,True,True,False
101532,Success,True,True,False
101533,Success,True,True,False
101534,Success,True,True,False
101536,Success,True,True,False
101537,Success,True,True,False
101538,Success,True,True,False
101539,Success,True,True,False
101540,Success,True,True,False
101541,Success,True,False,False
101542,Success,True,True,False
101543,Success,True,True,False
101546,Success,True,True,False
101547,Success,True,True,False
101548,Success,True,True,False
101549,Success,True,True,False
10155,Success,True,True,False
101554,Success,True,True,False
101555,Success,True,True,False
101556,Success,True,True,False
101557,Success,True,True,False
101558,Success,True,True,False
101559,Success,True,True,False
101561,Success,True,True,False
101564,Success,True,False,False
101565,Success,True,False,False
101566,Success,True,False,False
101567,Success,True,True,False
101568,Success,True,True,False
10157,Success,True,True,False
101571,Success,True,True,False
101572,Success,True,True,False
101573,Success,True,True,False
101574,Success,True,True,False
101579,Success,True,True,False
10158,Success,True,False,False
101581,Success,True,False,False
101582,Success,True,True,False
101583,Success,True,True,False
101584,Success,True,True,False
101589,Success,True,True,False
10159,Success,True,True,False
101590,Success,True,True,False
101591,Success,True,True,False
101592,Success,True,True,False
1016,Success,True,True,False
10160,Success,True,True,False
101600,Success,True,True,False
101601,Success,True,True,False
101602,Success,True,True,False
101603,Success,True,False,False
101604,Success,True,True,False
101605,Success,True,True,False
101606,Success,True,False,False
101607,Success,True,False,False
101608,Success,True,True,False
101609,Success,True,True,False
10161,Success,True,True,False
101611,Success,True,True,False
101612,Success,True,True,False
101613,Success,True,True,False
101614,Success,True,True,False
101615,Success,True,True,False
101617,Success,True,True,False
101618,Success,True,True,False
101620,Success,True,True,False
101621,Success,True,True,False
101622,Success,True,True,False
101623,Success,True,True,False
101624,Success,True,True,False
101625,Success,True,True,False
101626,Success,True,True,False
101628,Success,True,False,False
101631,Success,True,False,False
101632,Success,True,True,False
101635,Success,True,True,False
101640,Success,True,True,False
101643,Success,True,True,False
101648,Success,True,True,False
101649,Success,True,True,False
101650,Success,True,True,False
101651,Success,True,True,False
101652,Success,True,True,False
101654,Success,True,True,False
101655,Success,True,True,False
101660,Success,True,True,False
101661,Success,True,True,False
101667,Success,True,True,False
101668,Success,True,True,False
101669,Success,True,True,False
101670,Success,True,True,False
101671,Success,True,True,False
101678,Success,True,True,False
101679,Success,True,True,False
101680,Success,True,True,False
101682,Success,True,True,False
101684,Success,True,True,False
101685,Success,True,True,False
101686,Success,True,False,False
101688,Success,True,True,False
101689,Success,True,True,False
101690,Success,True,True,False
101691,Success,True,True,False
101692,Success,True,True,False
101696,Success,True,True,False
101697,Success,True,False,False
101698,Success,True,False,False
10170,Success,True,True,False
101701,Success,True,True,False
101702,Success,True,True,False
101703,Success,True,False,False
101709,Success,True,True,False
10171,Success,True,True,False
101711,Success,True,True,False
101713,Success,True,True,False
101717,Success,True,True,False
101718,Success,True,True,False
10172,Success,True,True,False
101721,Success,True,False,False
101722,Success,True,False,False
101723,Success,True,True,False
101725,Success,True,True,False
101726,Success,True,True,False
101727,Success,True,True,False
101731,Success,True,True,False
101732,Success,True,True,False
101733,Success,True,True,False
101736,Success,True,True,False
101738,Success,True,True,False
101739,Success,True,True,False
101740,Success,True,True,False
101741,Success,True,True,False
101742,Success,True,False,False
101743,Success,True,True,False
101749,Success,True,True,False
101752,Success,True,True,False
101753,Success,True,False,False
101754,Success,True,False,False
101755,Success,True,False,False
101756,Success,True,True,False
101757,Success,True,False,False
101760,Success,True,True,False
101761,Success,True,True,False
101763,Success,True,True,False
101764,Success,True,True,False
101765,Success,True,True,False
101766,Success,True,True,False
101767,Success,True,True,False
101769,Success,True,True,False
101770,Success,True,True,False
101773,Success,True,True,False
101774,Success,True,True,False
101776,Success,True,True,False
101777,Success,True,True,False
101778,Success,True,True,False
101779,Success,True,True,False
101780,Success,True,True,False
101781,Success,True,True,False
101782,Success,True,True,False
101783,Success,True,True,False
101784,Success,True,True,False
101785,Success,True,True,False
101786,Success,True,False,False
101787,Success,True,True,False
101788,Success,True,True,False
101790,Success,True,False,False
101791,Success,True,True,False
101792,Success,True,True,False
101793,Success,True,False,False
101794,Success,True,False,False
101797,Success,True,True,False
1018,Success,True,True,False
101801,Success,True,True,False
101803,Success,True,True,False
101804,Success,True,True,False
101805,Success,True,True,False
101806,Success,True,True,False
101807,Success,True,True,False
101808,Success,True,True,False
101809,Success,True,True,False
101812,Success,True,True,False
101813,Success,True,False,False
101814,Success,True,True,False
101827,Success,True,True,False
101828,Success,True,True,False
101829,Success,True,True,False
101830,Success,True,True,False
101831,Success,True,True,False
101832,Success,True,True,False
101835,Success,True,True,False
101836,Success,True,True,False
101838,Success,True,True,False
101839,Success,True,True,False
101840,Success,True,True,False
101843,Success,True,True,False
101844,Success,True,True,False
101845,Success,True,True,False
101846,Success,True,True,False
101847,Success,True,True,False
101849,Success,True,True,False
10185,Success,True,True,False
101850,Success,True,True,False
101851,Success,True,True,False
101853,Success,True,True,False
101854,Success,True,True,False
101855,Success,True,True,False
101859,Success,True,True,False
101860,Success,True,True,False
101861,Success,True,True,False
101863,Success,True,True,False
101864,Success,True,True,False
101865,Success,True,True,False
101866,Success,True,True,False
101869,Success,True,True,False
101870,Success,True,False,False
101873,Success,True,True,False
101874,Success,True,True,False
101875,Success,True,True,False
101876,Success,True,True,False
101877,Success,True,True,False
101878,Success,True,True,False
101881,Success,True,True,False
101882,Success,True,True,False
101883,Success,True,True,False
101884,Success,True,True,False
101885,Success,True,True,False
101886,Success,True,True,False
101887,Success,True,True,False
101888,Success,True,True,False
101889,Success,True,True,False
101890,Success,True,True,False
101891,Success,True,True,False
101892,Success,True,False,False
101893,Success,True,False,False
101894,Success,True,True,False
101896,Success,True,False,False
101897,Success,True,False,False
101900,Success,True,True,False
101901,Success,True,True,False
101902,Success,True,True,False
101903,Success,True,True,False
101904,Success,True,True,False
101907,Success,True,True,False
101908,Success,True,True,False
101909,Success,True,True,False
101910,Success,True,True,False
101911,Success,True,True,False
101912,Success,True,True,False
101913,Success,True,True,False
101914,Success,True,True,False
101915,Success,True,True,False
101916,Success,True,True,False
101918,Success,True,True,False
101920,Success,True,True,False
101924,Success,True,True,False
101925,Success,True,True,False
101926,Success,True,True,False
101927,Success,True,True,False
101928,Success,True,True,False
101929,Success,True,True,False
10193,Success,True,True,False
101931,Success,True,True,False
101932,Success,True,True,False
101934,Success,True,True,False
101935,Success,True,False,False
101936,Success,True,True,False
101937,Success,True,True,False
101938,Success,True,True,False
101939,Success,True,True,False
10194,Success,True,False,False
101940,Success,True,True,False
101941,Success,True,True,False
101942,Success,True,True,False
101943,Success,True,True,False
101944,Success,True,True,False
101945,Success,True,True,False
101946,Success,True,True,False
101947,Success,True,True,False
101948,Success,True,True,False
101949,Success,True,True,False
10195,Success,True,True,False
101951,Success,True,True,False
101952,Success,True,True,False
101953,Success,True,True,False
101954,Success,True,True,False
101955,Success,True,True,False
101956,Success,True,True,False
101957,Success,True,True,False
101958,Success,True,True,False
101959,Success,True,True,False
10196,Success,True,False,False
101963,Success,True,True,False
101964,Success,True,True,False
101965,Success,True,True,False
101966,Success,True,True,False
101967,Success,True,True,False
101968,Success,True,True,False
101969,Success,True,True,False
10197,Success,True,False,False
101971,Success,True,True,False
101972,Success,True,True,False
101973,Success,True,True,False
101975,Success,True,True,False
101976,Success,True,True,False
101977,Success,True,True,False
101978,Success,True,True,False
101979,Success,True,True,False
101980,Success,True,True,False
101983,Success,True,True,False
101984,Success,True,True,False
101985,Success,True,False,False
101987,Success,True,False,False
101988,Success,True,True,False
101989,Success,True,True,False
101990,Success,True,True,False
101991,Success,True,True,False
101992,Success,True,True,False
101993,Success,True,True,False
101994,Success,True,True,False
101996,Success,True,True,False
101997,Success,True,True,False
101998,Success,True,True,False
101999,Success,True,True,False
102,Success,True,True,False
1020,Success,True,True,False
10200,Success,True,True,False
102000,Success,True,True,False
102001,Success,True,True,False
102002,Success,True,True,False
102003,Success,True,True,False
102004,Success,True,True,False
102005,Success,True,True,False
102006,Success,True,True,False
102007,Success,True,True,False
10201,Success,True,True,False
102013,Success,True,True,False
102015,Success,True,True,False
102019,Success,True,True,False
102026,Success,True,True,False
102027,Success,True,True,False
10203,Success,True,True,False
10204,Success,True,True,False
10205,Success,True,True,False
1022,Success,True,True,False
10228,Success,True,True,False
10230,Success,True,True,False
10231,Success,True,True,False
10232,Success,True,True,False
10233,Success,True,True,False
10239,Success,True,True,False
1024,Success,True,True,False
10240,Success,True,True,False
10241,Success,True,True,False
10242,Success,True,True,False
10243,Success,True,True,False
10244,Success,True,True,False
10245,Success,True,True,False
10246,Success,True,True,False
10247,Success,True,True,False
10248,Success,True,True,False
10249,Success,True,True,False
1025,Success,True,True,False
10256,Success,True,True,False
10257,Success,True,True,False
10258,Success,True,True,False
10259,Success,True,True,False
10261,Success,True,True,False
10265,Success,True,True,False
10266,Success,True,True,False
10267,Success,True,True,False
10268,Success,True,True,False
10269,Success,True,True,False
10270,Success,True,True,False
10271,Success,True,True,False
10272,Success,True,True,False
10273,Success,True,True,False
10274,Success,True,True,False
10275,Success,True,True,False
10276,Success,True,True,False
10277,Success,True,True,False
1028,Success,True,True,False
10282,Success,True,True,False
10285,Success,True,True,False
10286,Success,True,True,False
10289,Success,True,True,False
1029,Success,True,True,False
10290,Success,True,True,False
10291,Success,True,True,False
10292,Success,True,True,False
10297,Success,True,True,False
10298,Success,True,True,False
10299,Success,True,True,False
10300,Success,True,True,False
10301,Success,True,True,False
10302,Success,True,True,False
10303,Success,True,True,False
10304,Success,True,True,False
10305,Success,True,True,False
10306,Success,True,True,False
10307,Success,True,True,False
10308,Success,True,True,False
10309,Success,True,True,False
1031,Success,True,True,False
10310,Success,True,True,False
10315,Success,True,True,False
10316,Success,True,True,False
10317,Success,True,True,False
10318,Success,True,True,False
10322,Success,True,True,False
10323,Success,True,True,False
10325,Success,True,True,False
10327,Success,True,True,False
1033,Success,True,True,False
10330,Success,True,True,False
10331,Success,True,True,False
10332,Success,True,True,False
10333,Success,True,True,False
10334,Success,True,True,False
10335,Success,True,True,False
10336,Success,True,True,False
10337,Success,True,True,False
10338,Success,True,True,False
10339,Success,True,True,False
1034,Success,True,True,False
10340,Success,True,True,False
10341,Success,True,True,False
10342,Success,True,True,False
10343,Success,True,True,False
10344,Success,True,True,False
10345,Success,True,True,False
10346,Success,True,True,False
10347,Success,True,True,False
10349,Success,True,True,False
10350,Success,True,True,False
10351,Success,True,True,False
10352,Success,True,True,False
10353,Success,True,True,False
10354,Success,True,True,False
10355,Success,True,True,False
10356,Success,True,True,False
10357,Success,True,True,False
1036,Success,True,True,False
10360,Success,True,True,False
10361,Success,True,True,False
10362,Success,True,False,False
10363,Success,True,True,False
10368,Success,True,True,False
10377,Success,True,True,False
1038,Success,True,True,False
10384,Success,True,True,False
10385,Success,True,True,False
10386,Success,True,True,False
10390,Success,True,True,False
10398,Success,True,True,False
10399,Success,True,True,False
1040,Success,True,True,False
10403,Success,True,True,False
10405,Success,True,True,False
10406,Success,True,True,False
10408,Success,True,True,False
1041,Success,True,True,False
10413,Success,True,True,False
10414,Success,True,True,False
10415,Success,True,True,False
10416,Success,True,True,False
10418,Success,True,True,False
10419,Success,True,True,False
10420,Success,True,True,False
10421,Success,True,True,False
10422,Success,True,True,False
10423,Success,True,True,False
10424,Success,True,True,False
10425,Success,True,False,False
10427,Success,True,True,False
10428,Success,True,True,False
10429,Success,True,True,False
1043,Success,True,True,False
10430,Success,True,True,False
10431,Success,True,True,False
10432,Success,True,True,False
10433,Success,True,True,False
10434,Success,True,True,False
10435,Success,True,True,False
10437,Success,True,False,False
10438,Success,True,True,False
1044,Success,True,True,False
10440,Success,True,True,False
10441,Success,True,True,False
10444,Success,True,True,False
10446,Success,True,True,False
10447,Success,True,True,False
1045,Success,True,True,False
10458,Success,True,True,False
10459,Success,True,True,False
1046,Success,True,True,False
10463,Success,True,True,False
10464,Success,True,True,False
10475,Success,True,True,False
10476,Success,True,True,False
10477,Success,True,True,False
10478,Success,True,True,False
1048,Success,True,True,False
10482,Success,True,True,False
10483,Success,True,True,False
10484,Success,True,True,False
10485,Success,True,True,False
10486,Success,True,True,False
10487,Success,True,True,False
10488,Success,True,True,False
1049,Success,True,True,False
10491,Success,True,True,False
10492,Success,True,True,False
10493,Success,True,True,False
10494,Success,True,True,False
10495,Success,True,True,False
10496,Success,True,True,False
10497,Success,True,True,False
10498,Success,True,True,False
10499,Success,True,True,False
10501,Success,True,True,False
10502,Success,True,False,False
10503,Success,True,True,False
10504,Success,True,True,False
10505,Success,True,True,False
10506,Success,True,True,False
10507,Success,True,True,False
10508,Success,True,True,False
10509,Success,True,True,False
10510,Success,True,True,False
10511,Success,True,True,False
10512,Success,True,True,False
10513,Success,True,True,False
10514,Success,True,True,False
10520,Success,True,True,False
10523,Success,True,True,False
10524,Success,True,True,False
10533,Success,True,True,False
10534,Success,True,True,False
10536,Success,True,True,False
10537,Success,True,True,False
10538,Success,True,True,False
10539,Success,True,True,False
1054,Success,True,False,False
10540,Success,True,True,False
10541,Success,True,True,False
10542,Success,True,True,False
10543,Success,True,True,False
10544,Success,True,True,False
10545,Success,True,True,False
10546,Success,True,True,False
10547,Success,True,False,False
10549,Success,True,True,False
1055,Success,True,False,False
10551,Success,True,True,False
10552,Success,True,True,False
10554,Success,True,True,False
10555,Success,True,True,False
10556,Success,True,True,False
10558,Success,True,True,False
10559,Success,True,True,False
1056,Success,True,True,False
10560,Success,True,True,False
10562,Success,True,True,False
10563,Success,True,True,False
10564,Success,True,True,False
10568,Success,True,True,False
10570,Success,True,True,False
10571,Success,True,True,False
10572,Success,True,True,False
10573,Success,True,True,False
10574,Success,True,True,False
10575,Success,True,True,False
10576,Success,True,True,False
10577,Success,True,True,False
10586,Success,True,True,False
10588,Success,True,True,False
10589,Success,True,True,False
1059,Success,True,False,False
10590,Success,True,True,False
10591,Success,True,True,False
10595,Success,True,True,False
10596,Success,True,True,False
10597,Success,True,True,False
10598,Success,True,True,False
10599,Success,True,True,False
10600,Success,True,True,False
10601,Success,True,True,False
10602,Success,True,True,False
10605,Success,True,True,False
10606,Success,True,False,False
10608,Success,True,True,False
10609,Success,True,True,False
10610,Success,True,True,False
10611,Success,True,False,False
10612,Success,True,False,False
10613,Success,True,False,False
10614,Success,True,True,False
10616,Success,True,True,False
10617,Success,True,True,False
10618,Success,True,True,False
10619,Success,True,True,False
1062,Success,True,True,False
10626,Success,True,True,False
10627,Success,True,True,False
10628,Success,True,True,False
10629,Success,True,True,False
10630,Success,True,True,False
10631,Success,True,True,False
10632,Success,True,True,False
10633,Success,True,True,False
10634,Success,True,True,False
10636,Success,True,True,False
10637,Success,True,True,False
10638,Success,True,True,False
10639,Success,True,False,False
1064,Success,True,True,False
10640,Success,True,True,False
10641,Success,True,True,False
10643,Success,True,True,False
10644,Success,True,True,False
10645,Success,True,True,False
1065,Success,True,True,False
10650,Success,True,True,False
10651,Success,True,True,False
10652,Success,True,True,False
10653,Success,True,True,False
10658,Success,True,True,False
10659,Success,True,True,False
10660,Success,True,True,False
10661,Success,True,True,False
10662,Success,True,True,False
10663,Success,True,True,False
10664,Success,True,True,False
10665,Success,True,False,False
10666,Success,True,False,False
10667,Success,True,False,False
10668,Success,True,False,False
10669,Success,True,True,False
10670,Success,True,True,False
10671,Success,True,True,False
10672,Success,True,True,False
10673,Success,True,True,False
10674,Success,True,True,False
10675,Success,True,True,False
10676,Success,True,True,False
10677,Success,True,False,False
10679,Success,True,True,False
1068,Success,True,True,False
10680,Success,True,True,False
10681,Success,True,True,False
10682,Success,True,True,False
10683,Success,True,True,False
10684,Success,True,True,False
10685,Success,True,True,False
10686,Success,True,True,False
10687,Success,True,True,False
10688,Success,True,True,False
10689,Success,True,True,False
1069,Success,True,True,False
10690,Success,True,True,False
10691,Success,True,True,False
10694,Success,True,True,False
10697,Success,True,True,False
107,Success,True,True,False
1070,Success,True,True,False
10701,Success,True,True,False
10706,Success,True,True,False
10707,Success,True,True,False
10708,Success,True,True,False
10709,Success,True,True,False
1071,Success,True,True,False
10710,Success,True,True,False
10711,Success,True,True,False
10712,Success,True,True,False
10716,Success,True,True,False
10717,Success,True,True,False
10718,Success,True,True,False
1072,Success,True,True,False
10720,Success,True,True,False
10721,Success,True,False,False
10722,Success,True,False,False
10723,Success,True,False,False
10729,Success,True,True,False
1073,Success,True,True,False
10730,Success,True,True,False
10731,Success,True,True,False
10732,Success,True,True,False
10733,Success,True,True,False
10734,Success,True,True,False
10735,Success,True,True,False
10736,Success,True,True,False
10737,Success,True,True,False
10738,Success,True,True,False
10739,Success,True,True,False
1074,Success,True,True,False
10740,Success,True,True,False
10741,Success,True,True,False
10742,Success,True,False,False
10743,Success,True,False,False
10744,Success,True,False,False
10745,Success,True,False,False
10746,Success,True,True,False
10748,Success,True,True,False
10750,Success,True,True,False
10753,Success,True,True,False
10754,Success,True,True,False
10755,Success,True,True,False
10756,Success,True,True,False
10757,Success,True,True,False
10758,Success,True,True,False
10759,Success,True,False,False
1076,Success,True,True,False
10760,Success,True,False,False
10761,Success,True,True,False
10764,Success,True,True,False
10765,Success,True,True,False
10767,Success,True,True,False
10768,Success,True,True,False
10769,Success,True,True,False
1077,Success,True,True,False
10770,Success,True,True,False
10771,Success,True,True,False
10772,Success,True,True,False
10773,Success,True,True,False
10774,Success,True,True,False
10775,Success,True,True,False
10776,Success,True,True,False
10778,Success,True,True,False
10779,Success,True,True,False
1078,Success,True,True,False
10780,Success,True,True,False
10781,Success,True,True,False
10798,Success,True,True,False
10799,Success,True,True,False
108,Success,True,True,False
1080,Success,True,True,False
10800,Success,True,True,False
10802,Success,True,True,False
10803,Success,True,True,False
10804,Success,True,True,False
10805,Success,True,True,False
10806,Success,True,True,False
10807,Success,True,False,False
10808,Success,True,False,False
10809,Success,True,False,False
1081,Success,True,True,False
10810,Success,True,False,False
10811,Success,True,True,False
10812,Success,True,True,False
10813,Success,True,True,False
10814,Success,True,False,False
10815,Success,True,True,False
10816,Success,True,True,False
10818,Success,True,True,False
10819,Success,True,True,False
10821,Success,True,True,False
10822,Success,True,True,False
10823,Success,True,True,False
10824,Success,True,True,False
10826,Success,True,True,False
10827,Success,True,True,False
10828,Success,True,False,False
10829,Success,True,False,False
1083,Success,True,True,False
10830,Success,True,True,False
10831,Success,True,True,False
10832,Success,True,True,False
10837,Success,True,True,False
10838,Success,True,True,False
10839,Success,True,True,False
1084,Success,True,True,False
10840,Success,True,True,False
10841,Success,True,True,False
10842,Success,True,True,False
10843,Success,True,True,False
10844,Success,True,True,False
10845,Success,True,True,False
10846,Success,True,True,False
10847,Success,True,True,False
10848,Success,True,True,False
10849,Success,True,True,False
1085,Success,True,True,False
10850,Success,True,True,False
10851,Success,True,True,False
10852,Success,True,False,False
10853,Success,True,True,False
10854,Success,True,True,False
10856,Success,True,True,False
10859,Success,True,True,False
1086,Success,True,True,False
10860,Success,True,True,False
10861,Success,True,True,False
10866,Success,True,True,False
10867,Success,True,True,False
10868,Success,True,True,False
1087,Success,True,True,False
10873,Success,True,True,False
10877,Success,True,True,False
10878,Success,True,True,False
1088,Success,True,True,False
10882,Success,True,True,False
10883,Success,True,True,False
10884,Success,True,True,False
10885,Success,True,True,False
10886,Success,True,True,False
10887,Success,True,True,False
10888,Success,True,False,False
10889,Success,True,False,False
1089,Success,True,True,False
10890,Success,True,True,False
10891,Success,True,True,False
10892,Success,True,True,False
10894,Success,True,True,False
10896,Success,True,True,False
10898,Success,True,True,False
10899,Success,True,True,False
109,Success,True,True,False
1090,Success,True,True,False
10900,Success,True,True,False
10902,Success,True,True,False
10907,Success,True,True,False
10908,Success,True,False,False
10909,Success,True,False,False
1091,Success,True,True,False
10912,Success,True,True,False
10913,Success,True,True,False
10917,Success,True,True,False
10918,Success,True,True,False
10919,Success,True,True,False
1092,Success,True,True,False
10920,Success,True,True,False
10921,Success,True,True,False
10923,Success,True,True,False
10924,Success,True,True,False
10925,Success,True,False,False
10926,Success,True,True,False
10927,Success,True,True,False
10928,Success,True,True,False
10929,Success,True,True,False
10930,Success,True,True,False
10931,Success,True,True,False
10932,Success,True,True,False
10933,Success,True,True,False
10934,Success,True,True,False
10936,Success,True,False,False
10938,Success,True,True,False
1094,Success,True,False,False
10942,Success,True,True,False
10943,Success,True,True,False
10944,Success,True,True,False
10945,Success,True,True,False
10948,Success,True,True,False
10949,Success,True,False,False
10950,Success,True,False,False
10952,Success,True,True,False
10953,Success,True,False,False
10954,Success,True,True,False
10955,Success,True,True,False
10956,Success,True,True,False
10958,Success,True,False,False
10959,Success,True,True,False
1096,Success,True,True,False
10960,Success,True,True,False
10961,Success,True,True,False
10969,Success,True,True,False
1097,Success,True,True,False
10970,Success,True,True,False
10971,Success,True,False,False
10972,Success,True,True,False
10976,Success,True,True,False
10977,Success,True,True,False
1098,Success,True,True,False
10980,Success,True,False,False
10981,Success,True,True,False
10982,Success,True,True,False
10983,Success,True,True,False
10984,Success,True,True,False
10985,Success,True,True,False
10986,Success,True,False,False
10988,Success,True,True,False
1099,Success,True,True,False
10990,Success,True,True,False
10991,Success,True,True,False
10992,Success,True,True,False
10993,Success,True,True,False
10994,Success,True,True,False
10996,Success,True,False,False
10997,Success,True,False,False
10999,Success,True,True,False
11,Success,True,False,False
110,Success,True,True,False
1100,Success,True,False,False
11000,Success,True,True,False
11001,Success,True,True,False
11002,Success,True,True,False
11003,Success,True,True,False
11004,Success,True,False,False
11008,Success,True,True,False
11012,Success,True,True,False
11013,Success,True,True,False
11014,Success,True,True,False
11015,Success,True,True,False
11019,Success,True,True,False
1102,Success,True,True,False
11020,Success,True,True,False
11024,Success,True,True,False
11025,Success,True,True,False
11026,Success,True,True,False
11027,Success,True,True,False
11028,Success,True,True,False
11029,Success,True,True,False
1103,Success,True,True,False
11030,Success,True,True,False
11031,Success,True,True,False
11032,Success,True,True,False
11035,Success,True,True,False
11036,Success,True,True,False
11038,Success,True,True,False
11039,Success,True,True,False
1104,Success,True,True,False
11041,Success,True,True,False
11043,Success,True,True,False
11044,Success,True,True,False
11046,Success,True,True,False
11047,Success,True,True,False
11049,Success,True,True,False
11052,Success,True,True,False
11053,Success,True,True,False
11054,Success,True,True,False
11055,Success,True,True,False
11056,Success,True,True,False
11057,Success,True,True,False
11058,Success,True,True,False
11062,Success,True,True,False
11068,Success,True,True,False
11071,Success,True,True,False
11074,Success,True,False,False
11076,Success,True,True,False
11077,Success,True,True,False
11078,Success,True,True,False
11079,Success,True,True,False
11085,Success,True,True,False
11086,Success,True,True,False
1109,Success,True,True,False
111,Success,True,False,False
1110,Success,True,True,False
11101,Success,True,True,False
11105,Success,True,True,False
11107,Success,True,True,False
11108,Success,True,True,False
11109,Success,True,True,False
1111,Success,True,True,False
11119,Success,True,True,False
1112,Success,True,False,False
11121,Success,True,True,False
11122,Success,True,True,False
11123,Success,True,True,False
11124,Success,True,True,False
11125,Success,True,True,False
11126,Success,True,True,False
11127,Success,True,True,False
11128,Success,True,True,False
11129,Success,True,True,False
11130,Success,True,True,False
11131,Success,True,True,False
11132,Success,True,True,False
11133,Success,True,True,False
11136,Success,True,True,False
11137,Success,True,True,False
11138,Success,True,True,False
11139,Success,True,True,False
11140,Success,True,True,False
11141,Success,True,True,False
11142,Success,True,False,False
11143,Success,True,False,False
11145,Success,True,True,False
11151,Success,True,True,False
11152,Success,True,False,False
11159,Success,True,True,False
1116,Success,True,True,False
11160,Success,True,True,False
11161,Success,True,True,False
11162,Success,True,True,False
11163,Success,True,True,False
11164,Success,True,True,False
11165,Success,True,True,False
11166,Success,True,True,False
11168,Success,True,False,False
11169,Success,True,True,False
11170,Success,True,True,False
11171,Success,True,True,False
11173,Success,True,True,False
11174,Success,True,True,False
11175,Success,True,True,False
11176,Success,True,True,False
11180,Success,True,True,False
11182,Success,True,True,False
11183,Success,True,True,False
11184,Success,True,True,False
11187,Success,True,True,False
11189,Success,True,True,False
11190,Success,True,True,False
11194,Success,True,True,False
112,Success,True,True,False
1121,Success,True,True,False
11216,Success,True,True,False
11217,Success,True,True,False
11218,Success,True,True,False
1122,Success,True,True,False
11222,Success,True,True,False
11227,Success,True,True,False
1123,Success,True,True,False
11231,Success,True,True,False
11232,Success,True,True,False
11233,Success,True,True,False
1124,Success,True,True,False
11240,Success,True,False,False
11241,Success,True,True,False
11242,Success,True,True,False
11243,Success,True,True,False
11246,Success,True,True,False
11247,Success,True,True,False
11250,Success,True,True,False
11251,Success,True,True,False
11252,Success,True,True,False
11257,Success,True,True,False
11258,Success,True,True,False
11259,Success,True,True,False
1126,Success,True,False,False
11266,Success,True,True,False
11267,Success,True,True,False
11268,Success,True,False,False
1127,Success,True,True,False
11270,Success,True,True,False
11273,Success,True,True,False
11274,Success,True,True,False
11276,Success,True,False,False
11277,Success,True,False,False
11278,Success,True,True,False
11279,Success,True,True,False
1128,Success,True,True,False
11284,Success,True,False,False
11294,Success,True,True,False
11295,Success,True,True,False
113,Success,True,True,False
1130,Success,True,True,False
11302,Success,True,True,False
11305,Success,True,True,False
11307,Success,True,True,False
11308,Success,True,True,False
11309,Success,True,True,False
1131,Success,True,True,False
1132,Success,True,True,False
11320,Success,True,True,False
11321,Success,True,True,False
11323,Success,True,True,False
11324,Success,True,True,False
11329,Success,True,True,False
1133,Success,True,False,False
11331,Success,True,True,False
11332,Success,True,True,False
11333,Success,True,True,False
11336,Success,True,True,False
11337,Success,True,True,False
11338,Success,True,True,False
11339,Success,True,True,False
1134,Success,True,True,False
11340,Success,True,True,False
11341,Success,True,True,False
11342,Success,True,True,False
11343,Success,True,True,False
11344,Success,True,True,False
11345,Success,True,True,False
11346,Success,True,True,False
1135,Success,True,True,False
11351,Success,True,False,False
11352,Success,True,False,False
11353,Success,True,False,False
11354,Success,True,False,False
11355,Success,True,False,False
11356,Success,True,False,False
11357,Success,True,False,False
11358,Success,True,False,False
11359,Success,True,False,False
11361,Success,True,True,False
11362,Success,True,True,False
11363,Success,True,True,False
11370,Success,True,True,False
11371,Success,True,True,False
11372,Success,True,True,False
11373,Success,True,True,False
1138,Success,True,False,False
1139,Success,True,True,False
11394,Success,True,True,False
11395,Success,True,True,False
11396,Success,True,True,False
11398,Success,True,True,False
11403,Success,True,True,False
11404,Success,True,True,False
11405,Success,True,True,False
11406,Success,True,False,False
11407,Success,True,False,False
11408,Success,True,False,False
11409,Success,True,True,False
11410,Success,True,True,False
11411,Success,True,True,False
11412,Success,True,True,False
11413,Success,True,True,False
11414,Success,True,True,False
11415,Success,True,True,False
11416,Success,True,True,False
11417,Success,True,True,False
11418,Success,True,True,False
11419,Success,True,True,False
11420,Success,True,True,False
11421,Success,True,True,False
11425,Success,True,True,False
11426,Success,True,True,False
11427,Success,True,True,False
11428,Success,True,True,False
11430,Success,True,True,False
11431,Success,True,True,False
11434,Success,True,True,False
11436,Success,True,True,False
11437,Success,True,True,False
11439,Success,True,True,False
1144,Success,True,True,False
11440,Success,True,True,False
11441,Success,True,True,False
11443,Success,True,True,False
11444,Success,True,True,False
11446,Success,True,True,False
11447,Success,True,True,False
11448,Success,True,True,False
11449,Success,True,True,False
1145,Success,True,False,False
11451,Success,True,False,False
11457,Success,True,True,False
1146,Success,True,False,False
11461,Success,True,True,False
11462,Success,True,True,False
11464,Success,True,False,False
11465,Success,True,True,False
11466,Success,True,True,False
11468,Success,True,True,False
11469,Success,True,True,False
1147,Success,True,False,False
11470,Success,True,True,False
11473,Success,True,True,False
11474,Success,True,False,False
11475,Success,True,False,False
11479,Success,True,True,False
1148,Success,True,False,False
11481,Success,True,True,False
11482,Success,True,True,False
11483,Success,True,True,False
11484,Success,True,True,False
11485,Success,True,True,False
11486,Success,True,True,False
11488,Success,True,True,False
11489,Success,True,True,False
1149,Success,True,True,False
11491,Success,True,True,False
11496,Success,True,True,False
11499,Success,True,True,False
1150,Success,True,False,False
11500,Success,True,True,False
11507,Success,True,True,False
11509,Success,True,False,False
1151,Success,True,True,False
11512,Success,True,True,False
11513,Success,True,False,False
11516,Success,True,True,False
11517,Success,True,True,False
1152,Success,True,True,False
11521,Success,True,True,False
11522,Success,True,False,False
11523,Success,True,False,False
11524,Success,True,False,False
11525,Success,True,False,False
11527,Success,True,True,False
11528,Success,True,True,False
11529,Success,True,True,False
11530,Success,True,True,False
11531,Success,True,False,False
11533,Success,True,True,False
11534,Success,True,True,False
11536,Success,True,True,False
11537,Success,True,True,False
11538,Success,True,True,False
11539,Success,True,True,False
11540,Success,True,True,False
11541,Success,True,True,False
11542,Success,True,True,False
11543,Success,True,True,False
11544,Success,True,True,False
11548,Success,True,True,False
11549,Success,True,True,False
1155,Success,True,True,False
11550,Success,True,True,False
11553,Success,True,False,False
11559,Success,True,True,False
1156,Success,True,True,False
11560,Success,True,True,False
11561,Success,True,False,False
11562,Success,True,False,False
11563,Success,True,True,False
11564,Success,True,True,False
11566,Success,True,False,False
11567,Success,True,False,False
11568,Success,True,False,False
11569,Success,True,False,False
1157,Success,True,True,False
11570,Success,True,False,False
11571,Success,True,True,False
11572,Success,True,True,False
11574,Success,True,True,False
11577,Success,True,False,False
11578,Success,True,False,False
1158,Success,True,True,False
11581,Success,True,True,False
11582,Success,True,True,False
11584,Success,True,True,False
11587,Success,True,True,False
11588,Success,True,True,False
11589,Success,True,True,False
1159,Success,True,True,False
11590,Success,True,True,False
11591,Success,True,True,False
11592,Success,True,True,False
11593,Success,True,True,False
11597,Success,True,True,False
1160,Success,True,True,False
11602,Success,True,False,False
11603,Success,True,False,False
11604,Success,True,True,False
11607,Success,True,True,False
11608,Success,True,True,False
11609,Success,True,False,False
1161,Success,True,False,False
11610,Success,True,True,False
11611,Success,True,True,False
11612,Success,True,True,False
11616,Success,True,True,False
11621,Success,True,True,False
11622,Success,True,True,False
11626,Success,True,True,False
11627,Success,True,True,False
1163,Success,True,True,False
11630,Success,True,True,False
11634,Success,True,False,False
11635,Success,True,True,False
11637,Success,True,True,False
11638,Success,True,True,False
11639,Success,True,True,False
1164,Success,True,True,False
11640,Success,True,True,False
11646,Success,True,True,False
11654,Success,True,True,False
11655,Success,True,True,False
11656,Success,True,True,False
11657,Success,True,True,False
11658,Success,True,True,False
11659,Success,True,True,False
11660,Success,True,True,False
11661,Success,True,True,False
11662,Success,True,False,False
11663,Success,True,True,False
11664,Success,True,True,False
11665,Success,True,True,False
11667,Success,True,False,False
11668,Success,True,False,False
1167,Success,True,True,False
11670,Success,True,True,False
11672,Success,True,True,False
11673,Success,True,False,False
11674,Success,True,False,False
11675,Success,True,True,False
1168,Success,True,True,False
11682,Success,True,True,False
11683,Success,True,True,False
11684,Success,True,True,False
11685,Success,True,False,False
11686,Success,True,True,False
11687,Success,True,True,False
11689,Success,True,False,False
1169,Success,True,True,False
11691,Success,True,True,False
11692,Success,True,True,False
11693,Success,True,True,False
11695,Success,True,True,False
11696,Success,True,True,False
11697,Success,True,True,False
11698,Success,True,True,False
1170,Success,True,True,False
11701,Success,True,True,False
11703,Success,True,True,False
11704,Success,True,True,False
11705,Success,True,True,False
11706,Success,True,True,False
11708,Success,True,False,False
1171,Success,True,False,False
11710,Success,True,True,False
11711,Success,True,True,False
11712,Success,True,True,False
11713,Success,True,True,False
11714,Success,True,True,False
11715,Success,True,True,False
11716,Success,True,False,False
11718,Success,True,True,False
11719,Success,True,True,False
1172,Success,True,False,False
11720,Success,True,True,False
11721,Success,True,False,False
11722,Success,True,False,False
11723,Success,True,True,False
11724,Success,True,True,False
11726,Success,True,True,False
11728,Success,True,False,False
11729,Success,True,True,False
1173,Success,True,True,False
11731,Success,True,True,False
11732,Success,True,True,False
11733,Success,True,True,False
11734,Success,True,True,False
11735,Success,True,True,False
11738,Success,True,True,False
11739,Success,True,True,False
1174,Success,True,True,False
11742,Success,True,False,False
11743,Success,True,True,False
11744,Success,True,True,False
11745,Success,True,False,False
11746,Success,True,False,False
11747,Success,True,False,False
11748,Success,True,False,False
11750,Success,True,True,False
11752,Success,True,True,False
11753,Success,True,False,False
11754,Success,True,False,False
11755,Success,True,True,False
11756,Success,True,True,False
11757,Success,True,True,False
11758,Success,True,True,False
11759,Success,True,True,False
1176,Success,True,True,False
11768,Success,True,True,False
11771,Success,True,True,False
11779,Success,True,True,False
1178,Success,True,False,False
11783,Success,True,True,False
11784,Success,True,True,False
11788,Success,True,True,False
11789,Success,True,True,False
1179,Success,True,True,False
11790,Success,True,True,False
11792,Success,True,True,False
11793,Success,True,True,False
11795,Success,True,True,False
11796,Success,True,True,False
11797,Success,True,True,False
11798,Success,True,True,False
11799,Success,True,False,False
11800,Success,True,True,False
11801,Success,True,True,False
11804,Success,True,True,False
11805,Success,True,True,False
11806,Success,True,True,False
11807,Success,True,False,False
11808,Success,True,True,False
11809,Success,True,True,False
1181,Success,True,True,False
11810,Success,True,True,False
11811,Success,True,True,False
11812,Success,True,True,False
11813,Success,True,False,False
11814,Success,True,True,False
1182,Success,True,True,False
11826,Success,True,False,False
1183,Success,True,True,False
11830,Success,True,True,False
11831,Success,True,True,False
11832,Success,True,True,False
11833,Success,True,True,False
11834,Success,True,True,False
11835,Success,True,True,False
11837,Success,True,True,False
11838,Success,True,True,False
1184,Success,True,True,False
11841,Success,True,False,False
11844,Success,True,True,False
11847,Success,True,True,False
11848,Success,True,True,False
11849,Success,True,True,False
1185,Success,True,True,False
11850,Success,True,False,False
11851,Success,True,True,False
11852,Success,True,True,False
11854,Success,True,True,False
11855,Success,True,True,False
11856,Success,True,True,False
11857,Success,True,True,False
11858,Success,True,True,False
11865,Success,True,True,False
11866,Success,True,True,False
11867,Success,True,True,False
11868,Success,True,True,False
11869,Success,True,True,False
1187,Success,True,True,False
11870,Success,True,True,False
11871,Success,True,True,False
11872,Success,True,True,False
11873,Success,True,True,False
1188,Success,True,True,False
11883,Success,True,True,False
11884,Success,True,True,False
11886,Success,True,True,False
11888,Success,True,False,False
11889,Success,True,True,False
1189,Success,True,True,False
11890,Success,True,True,False
11891,Success,True,True,False
11892,Success,True,True,False
11893,Success,True,True,False
11894,Success,True,True,False
11895,Success,True,True,False
11899,Success,True,True,False
1190,Success,True,True,False
11901,Success,True,False,False
11906,Success,True,True,False
11907,Success,True,True,False
11908,Success,True,True,False
11909,Success,True,True,False
1191,Success,True,False,False
11912,Success,True,False,False
11913,Success,True,False,False
11915,Success,True,True,False
11918,Success,True,True,False
11921,Success,True,True,False
11922,Success,True,True,False
11924,Success,True,True,False
11925,Success,True,False,False
11926,Success,True,False,False
11927,Success,True,False,False
11929,Success,True,True,False
1193,Success,True,True,False
11930,Success,True,True,False
11931,Success,True,True,False
11936,Success,True,True,False
11937,Success,True,True,False
11938,Success,True,True,False
11939,Success,True,False,False
1194,Success,True,True,False
11942,Success,True,True,False
11943,Success,True,True,False
11944,Success,True,True,False
11945,Success,True,True,False
11946,Success,True,True,False
1195,Success,True,True,False
11954,Success,True,True,False
11955,Success,True,True,False
11956,Success,True,True,False
11958,Success,True,True,False
11959,Success,True,True,False
11960,Success,True,True,False
11961,Success,True,True,False
11962,Success,True,True,False
11963,Success,True,True,False
11964,Success,True,True,False
11965,Success,True,True,False
11966,Success,True,True,False
11967,Success,True,True,False
11968,Success,True,True,False
11971,Success,True,True,False
11972,Success,True,True,False
11973,Success,True,True,False
11974,Success,True,True,False
11975,Success,True,True,False
11976,Success,True,True,False
11977,Success,True,True,False
11978,Success,True,True,False
11979,Success,True,False,False
11980,Success,True,False,False
11981,Success,True,False,False
11982,Success,True,False,False
11985,Success,True,True,False
11986,Success,True,True,False
11987,Success,True,True,False
11988,Success,True,True,False
11989,Success,True,True,False
1199,Success,True,True,False
11990,Success,True,True,False
11991,Success,True,True,False
11992,Success,True,True,False
11998,Success,True,True,False
11999,Success,True,False,False
12,Success,True,False,False
120,Success,True,True,False
12000,Success,True,False,False
12001,Success,True,True,False
12002,Success,True,False,False
12006,Success,True,True,False
12007,Success,True,True,False
12008,Success,True,True,False
12009,Success,True,True,False
12015,Success,True,True,False
12016,Success,True,True,False
12017,Success,True,True,False
12018,Success,True,True,False
12019,Success,True,True,False
1202,Success,True,False,False
12020,Success,True,True,False
12022,Success,True,True,False
12024,Success,True,True,False
12028,Success,True,True,False
12039,Success,True,True,False
1204,Success,True,True,False
12040,Success,True,True,False
12041,Success,True,True,False
12045,Success,True,True,False
12047,Success,True,True,False
12048,Success,True,True,False
1205,Success,True,True,False
12051,Success,True,True,False
12054,Success,True,True,False
12061,Success,True,False,False
12063,Success,True,True,False
12066,Success,True,True,False
12067,Success,True,True,False
12069,Success,True,True,False
12079,Success,True,True,False
1208,Success,True,False,False
12080,Success,True,True,False
12082,Success,True,True,False
12083,Success,True,True,False
12084,Success,True,False,False
12085,Success,True,False,False
12086,Success,True,False,False
1209,Success,True,False,False
1210,Success,True,True,False
12100,Success,True,True,False
12101,Success,True,True,False
12108,Success,True,True,False
1211,Success,True,True,False
12111,Success,True,False,False
12112,Success,True,False,False
12113,Success,True,False,False
12118,Success,True,True,False
1212,Success,True,True,False
12121,Success,True,True,False
12123,Success,True,True,False
12129,Success,True,True,False
12130,Success,True,True,False
12135,Success,True,True,False
12137,Success,True,True,False
12138,Success,True,True,False
12139,Success,True,True,False
1214,Success,True,True,False
12140,Success,True,True,False
12142,Success,True,True,False
12143,Success,True,True,False
12147,Success,True,True,False
12152,Success,True,True,False
12153,Success,True,True,False
12154,Success,True,True,False
1216,Success,True,True,False
12168,Success,True,True,False
1217,Success,True,True,False
12171,Success,True,True,False
12173,Success,True,True,False
12179,Success,True,True,False
1218,Success,True,True,False
12180,Success,True,True,False
1219,Success,True,True,False
12193,Success,True,False,False
12194,Success,True,False,False
12195,Success,True,True,False
12196,Success,True,True,False
12211,Success,True,True,False
1222,Success,True,True,False
12225,Success,True,True,False
1223,Success,True,True,False
12236,Success,True,False,False
12238,Success,True,True,False
12239,Success,True,True,False
1224,Success,True,True,False
12240,Success,True,True,False
12245,Success,True,False,False
1226,Success,True,True,False
12262,Success,True,True,False
12263,Success,True,True,False
1227,Success,True,True,False
1229,Success,True,False,False
123,Success,True,False,False
1230,Success,True,False,False
1231,Success,True,False,False
12318,Success,True,True,False
12319,Success,True,True,False
12320,Success,True,True,False
12321,Success,True,True,False
12322,Success,True,False,False
12323,Success,True,False,False
12324,Success,True,False,False
12325,Success,True,False,False
12341,Success,True,False,False
12348,Success,True,False,False
12361,Success,True,True,False
12362,Success,True,False,False
12372,Success,True,True,False
12383,Success,True,True,False
12384,Success,True,True,False
12385,Success,True,True,False
12387,Success,True,True,False
12388,Success,True,True,False
1239,Success,True,True,False
12390,Success,True,True,False
12391,Success,True,True,False
12395,Success,True,True,False
12396,Success,True,True,False
124,Success,True,True,False
12406,Success,True,True,False
12407,Success,True,True,False
1242,Success,True,False,False
12433,Success,True,True,False
12443,Success,True,True,False
12451,Success,True,True,False
12453,Success,True,True,False
12454,Success,True,True,False
12457,Success,True,True,False
12463,Success,True,True,False
12465,Success,True,True,False
12466,Success,True,True,False
12467,Success,True,True,False
12468,Success,True,True,False
12469,Success,True,True,False
12470,Success,True,True,False
12474,Success,True,False,False
12475,Success,True,True,False
12476,Success,True,True,False
12481,Success,True,True,False
12484,Success,True,False,False
12485,Success,True,True,False
12486,Success,True,True,False
12489,Success,True,True,False
12494,Success,True,True,False
12495,Success,True,True,False
12496,Success,True,True,False
12497,Success,True,True,False
125,Success,True,True,False
12500,Success,True,True,False
12501,Success,True,True,False
12502,Success,True,False,False
12503,Success,True,False,False
12504,Success,True,True,False
12505,Success,True,True,False
12506,Success,True,True,False
12508,Success,True,True,False
12509,Success,True,True,False
12511,Success,True,True,False
12515,Success,True,True,False
12516,Success,True,True,False
12517,Success,True,True,False
12520,Success,True,True,False
12524,Success,True,True,False
12525,Success,True,True,False
12526,Success,True,True,False
12527,Success,True,True,False
12528,Success,True,True,False
12530,Success,True,True,False
12531,Success,True,True,False
12547,Success,True,True,False
12556,Success,True,True,False
12561,Success,True,True,False
12562,Success,True,True,False
12563,Success,True,False,False
12564,Success,True,True,False
12565,Success,True,True,False
12568,Success,True,True,False
12569,Success,True,True,False
12571,Success,True,True,False
12572,Success,True,True,False
12573,Success,True,True,False
12574,Success,True,True,False
12575,Success,True,True,False
12576,Success,True,True,False
12577,Success,True,True,False
12582,Success,True,True,False
12583,Success,True,True,False
12584,Success,True,True,False
12585,Success,True,True,False
12586,Success,True,True,False
12588,Success,True,True,False
126,Success,True,True,False
1260,Success,True,True,False
12604,Success,True,True,False
12605,Success,True,True,False
12606,Success,True,True,False
12608,Success,True,True,False
12609,Success,True,True,False
12610,Success,True,True,False
12611,Success,True,True,False
1262,Success,True,True,False
12620,Success,True,True,False
12621,Success,True,True,False
12622,Success,True,True,False
12623,Success,True,True,False
12624,Success,True,False,False
12625,Success,True,True,False
12626,Success,True,True,False
12627,Success,True,True,False
12628,Success,True,True,False
12629,Success,True,True,False
1263,Success,True,True,False
12630,Success,True,True,False
12631,Success,True,True,False
12632,Success,True,True,False
12633,Success,True,True,False
12636,Success,True,True,False
12637,Success,True,True,False
12639,Success,True,True,False
12640,Success,True,True,False
12641,Success,True,True,False
12642,Success,True,True,False
12644,Success,True,True,False
12645,Success,True,True,False
12646,Success,True,True,False
12647,Success,True,True,False
12648,Success,True,True,False
12649,Success,True,True,False
1265,Success,True,True,False
12651,Success,True,True,False
12652,Success,True,True,False
12653,Success,True,True,False
12654,Success,True,True,False
12657,Success,True,True,False
12658,Success,True,True,False
12659,Success,True,True,False
1266,Success,True,True,False
12660,Success,True,True,False
12663,Success,True,True,False
12664,Success,True,True,False
12665,Success,True,True,False
12666,Success,True,True,False
12669,Success,True,True,False
12670,Success,True,True,False
12671,Success,True,True,False
12672,Success,True,True,False
12673,Success,True,True,False
12674,Success,True,True,False
1268,Success,True,True,False
12680,Success,True,True,False
12681,Success,True,True,False
12682,Success,True,True,False
12683,Success,True,True,False
12684,Success,True,True,False
12686,Success,True,True,False
12695,Success,True,True,False
12696,Success,True,True,False
127,Success,True,True,False
1270,Success,True,True,False
12705,Success,True,True,False
12706,Success,True,True,False
12707,Success,True,True,False
1271,Success,True,True,False
12718,Success,True,True,False
1272,Success,True,True,False
12721,Success,True,True,False
12722,Success,True,False,False
12723,Success,True,True,False
12724,Success,True,True,False
12725,Success,True,True,False
12731,Success,True,True,False
12733,Success,True,True,False
12736,Success,True,True,False
12737,Success,True,True,False
12738,Success,True,True,False
12739,Success,True,True,False
12741,Success,True,True,False
12742,Success,True,True,False
12745,Success,True,True,False
12746,Success,True,True,False
12749,Success,True,True,False
12750,Success,True,True,False
12753,Success,True,True,False
12754,Success,True,True,False
1276,Success,True,True,False
12764,Success,True,True,False
12766,Success,True,False,False
12767,Success,True,False,False
1277,Success,True,True,False
12772,Success,True,True,False
12773,Success,True,True,False
12774,Success,True,True,False
12775,Success,True,True,False
12777,Success,True,True,False
12778,Success,True,True,False
12779,Success,True,True,False
12780,Success,True,True,False
12781,Success,True,True,False
12787,Success,True,True,False
12788,Success,True,True,False
12789,Success,True,True,False
1279,Success,True,True,False
12790,Success,True,True,False
12794,Success,True,True,False
12795,Success,True,True,False
1280,Success,True,True,False
12800,Success,True,False,False
12802,Success,True,True,False
12803,Success,True,True,False
12805,Success,True,True,False
12806,Success,True,True,False
12807,Success,True,True,False
1281,Success,True,True,False
12813,Success,True,True,False
12814,Success,True,True,False
12815,Success,True,True,False
12816,Success,True,True,False
12817,Success,True,False,False
12818,Success,True,True,False
1282,Success,True,False,False
12821,Success,True,True,False
12822,Success,True,True,False
12823,Success,True,True,False
12824,Success,True,True,False
12825,Success,True,True,False
12826,Success,True,True,False
12827,Success,True,True,False
12829,Success,True,True,False
1283,Success,True,True,False
12830,Success,True,True,False
12831,Success,True,True,False
12833,Success,True,True,False
12834,Success,True,True,False
12835,Success,True,True,False
12836,Success,True,True,False
12841,Success,True,True,False
12842,Success,True,True,False
12843,Success,True,False,False
12844,Success,True,False,False
12845,Success,True,False,False
12846,Success,True,False,False
12847,Success,True,False,False
12848,Success,True,True,False
12849,Success,True,True,False
1285,Success,True,False,False
12850,Success,True,True,False
12851,Success,True,True,False
12852,Success,True,True,False
12853,Success,True,True,False
12854,Success,True,True,False
12857,Success,True,True,False
12858,Success,True,True,False
12859,Success,True,True,False
1286,Success,True,True,False
12860,Success,True,True,False
12861,Success,True,True,False
12862,Success,True,False,False
12865,Success,True,True,False
12866,Success,True,True,False
12867,Success,True,True,False
12868,Success,True,True,False
12869,Success,True,True,False
12871,Success,True,True,False
12872,Success,True,True,False
12873,Success,True,True,False
12874,Success,True,True,False
12876,Success,True,True,False
12877,Success,True,True,False
1288,Success,True,True,False
12880,Success,True,True,False
12883,Success,True,True,False
1289,Success,True,True,False
12890,Success,True,False,False
12891,Success,True,False,False
12892,Success,True,False,False
12893,Success,True,True,False
12894,Success,True,False,False
12895,Success,True,False,False
12896,Success,True,True,False
12897,Success,True,False,False
12898,Success,True,True,False
12899,Success,True,False,False
1290,Success,True,True,False
12900,Success,True,False,False
12901,Success,True,False,False
12902,Success,True,False,False
12903,Success,True,True,False
12904,Success,True,True,False
12905,Success,True,True,False
12906,Success,True,True,False
12907,Success,True,False,False
12908,Success,True,False,False
12909,Success,True,False,False
1291,Success,True,True,False
12910,Success,True,False,False
12911,Success,True,True,False
12912,Success,True,True,False
12913,Success,True,False,False
12914,Success,True,True,False
12916,Success,True,True,False
12917,Success,True,True,False
12918,Success,True,True,False
1292,Success,True,True,False
12922,Success,True,True,False
12923,Success,True,False,False
12924,Success,True,False,False
12925,Success,True,True,False
1293,Success,True,True,False
12931,Success,True,True,False
12932,Success,True,True,False
12934,Success,True,True,False
12937,Success,True,True,False
12938,Success,True,True,False
1294,Success,True,True,False
12940,Success,True,True,False
12941,Success,True,False,False
12942,Success,True,False,False
12944,Success,True,True,False
12946,Success,True,False,False
12947,Success,True,True,False
12948,Success,True,True,False
12949,Success,True,True,False
1295,Success,True,False,False
12950,Success,True,True,False
12951,Success,True,True,False
12952,Success,True,True,False
12953,Success,True,True,False
12954,Success,True,True,False
12955,Success,True,True,False
12956,Success,True,True,False
12957,Success,True,True,False
12958,Success,True,True,False
12959,Success,True,True,False
1296,Success,True,True,False
12960,Success,True,True,False
12961,Success,True,True,False
12963,Success,True,True,False
12964,Success,True,True,False
12965,Success,True,True,False
12966,Success,True,True,False
12967,Success,True,True,False
12968,Success,True,True,False
12970,Success,True,True,False
12971,Success,True,True,False
12972,Success,True,True,False
12973,Success,True,True,False
12974,Success,True,True,False
12975,Success,True,True,False
12976,Success,True,True,False
12977,Success,True,True,False
1298,Success,True,False,False
12983,Success,True,True,False
12985,Success,True,False,False
12986,Success,True,True,False
12988,Success,True,True,False
12989,Success,True,True,False
12991,Success,True,True,False
12992,Success,True,True,False
12993,Success,True,True,False
12994,Success,True,False,False
12995,Success,True,False,False
13,Success,True,False,False
1300,Success,True,False,False
13003,Success,True,True,False
13004,Success,True,True,False
13005,Success,True,True,False
13008,Success,True,True,False
13009,Success,True,True,False
1301,Success,True,False,False
13010,Success,True,True,False
13011,Success,True,True,False
13012,Success,True,True,False
13015,Success,True,False,False
13016,Success,True,True,False
13018,Success,True,True,False
1302,Success,True,False,False
13022,Success,True,True,False
13023,Success,True,False,False
13024,Success,True,True,False
13025,Success,True,True,False
13026,Success,True,True,False
13027,Success,True,True,False
13028,Success,True,True,False
13029,Success,True,True,False
13039,Success,True,True,False
1304,Success,True,True,False
13044,Success,True,True,False
13045,Success,True,True,False
13046,Success,True,True,False
13049,Success,True,False,False
1305,Success,True,True,False
13050,Success,True,False,False
13051,Success,True,True,False
13052,Success,True,True,False
13053,Success,True,True,False
13054,Success,True,True,False
13055,Success,True,True,False
13057,Success,True,False,False
13058,Success,True,True,False
1306,Success,True,True,False
13060,Success,True,True,False
13061,Success,True,True,False
13073,Success,True,True,False
13075,Success,True,True,False
13077,Success,True,True,False
13078,Success,True,True,False
13079,Success,True,True,False
13080,Success,True,True,False
13081,Success,True,True,False
13082,Success,True,True,False
13083,Success,True,True,False
13084,Success,True,True,False
13086,Success,True,True,False
13087,Success,True,True,False
13088,Success,True,True,False
1309,Success,True,True,False
13091,Success,True,True,False
13092,Success,True,False,False
13098,Success,True,True,False
13099,Success,True,False,False
1310,Success,True,True,False
13100,Success,True,False,False
13101,Success,True,True,False
13103,Success,True,False,False
13104,Success,True,False,False
13108,Success,True,True,False
13110,Success,True,True,False
13113,Success,True,False,False
13116,Success,True,False,False
13118,Success,True,False,False
13119,Success,True,False,False
1312,Success,True,True,False
13121,Success,True,True,False
13125,Success,True,True,False
13126,Success,True,True,False
13127,Success,True,True,False
1313,Success,True,True,False
13131,Success,True,False,False
13132,Success,True,False,False
13133,Success,True,False,False
13135,Success,True,False,False
13136,Success,True,True,False
13137,Success,True,True,False
1314,Success,True,True,False
13145,Success,True,True,False
1315,Success,True,True,False
13150,Success,True,True,False
13152,Success,True,True,False
13153,Success,True,True,False
13154,Success,True,True,False
13155,Success,True,True,False
13156,Success,True,True,False
13157,Success,True,False,False
13158,Success,True,True,False
13159,Success,True,True,False
1316,Success,True,True,False
13160,Success,True,False,False
13161,Success,True,False,False
13162,Success,True,True,False
13163,Success,True,True,False
13164,Success,True,True,False
13165,Success,True,False,False
13166,Success,True,False,False
13167,Success,True,True,False
13168,Success,True,True,False
13169,Success,True,False,False
1317,Success,True,True,False
13170,Success,True,False,False
13171,Success,True,False,False
13172,Success,True,True,False
13173,Success,True,True,False
13174,Success,True,True,False
13175,Success,True,True,False
13176,Success,True,False,False
13177,Success,True,False,False
13178,Success,True,True,False
13179,Success,True,True,False
1318,Success,True,False,False
13180,Success,True,True,False
13181,Success,True,False,False
13182,Success,True,False,False
13186,Success,True,True,False
13187,Success,True,False,False
13192,Success,True,True,False
13193,Success,True,True,False
13194,Success,True,True,False
13195,Success,True,True,False
13196,Success,True,True,False
13198,Success,True,True,False
132,Success,True,True,False
1320,Success,True,False,False
13200,Success,True,True,False
13201,Success,True,True,False
13202,Success,True,True,False
13203,Success,True,False,False
13204,Success,True,False,False
13205,Success,True,False,False
13206,Success,True,False,False
13207,Success,True,True,False
13208,Success,True,False,False
13209,Success,True,True,False
1321,Success,True,False,False
13210,Success,True,True,False
13215,Success,True,True,False
13216,Success,True,True,False
13217,Success,True,True,False
13218,Success,True,True,False
13219,Success,True,True,False
13220,Success,True,True,False
13221,Success,True,True,False
13222,Success,True,True,False
13223,Success,True,True,False
1323,Success,True,True,False
13232,Success,True,True,False
13233,Success,True,True,False
13234,Success,True,True,False
13235,Success,True,True,False
13236,Success,True,True,False
13237,Success,True,False,False
13238,Success,True,False,False
13239,Success,True,False,False
1324,Success,True,True,False
13240,Success,True,False,False
13241,Success,True,False,False
13242,Success,True,True,False
13243,Success,True,True,False
13244,Success,True,True,False
13246,Success,True,True,False
13247,Success,True,True,False
1325,Success,True,False,False
13254,Success,True,False,False
13255,Success,True,True,False
13256,Success,True,True,False
13257,Success,True,True,False
13258,Success,True,True,False
13259,Success,True,True,False
1326,Success,True,True,False
13260,Success,True,True,False
13261,Success,True,True,False
13262,Success,True,True,False
13263,Success,True,True,False
13264,Success,True,False,False
13265,Success,True,False,False
13267,Success,True,True,False
13269,Success,True,True,False
1327,Success,True,True,False
13271,Success,True,True,False
13272,Success,True,True,False
13273,Success,True,True,False
13274,Success,True,True,False
13275,Success,True,True,False
13276,Success,True,True,False
13277,Success,True,False,False
13278,Success,True,True,False
13279,Success,True,True,False
13280,Success,True,True,False
13281,Success,True,False,False
13282,Success,True,True,False
13283,Success,True,True,False
133,Success,True,True,False
13304,Success,True,True,False
13305,Success,True,True,False
13306,Success,True,True,False
13307,Success,True,True,False
13308,Success,True,True,False
13310,Success,True,False,False
13311,Success,True,False,False
13312,Success,True,False,False
13313,Success,True,False,False
13314,Success,True,True,False
13315,Success,True,True,False
13316,Success,True,False,False
13317,Success,True,True,False
13318,Success,True,True,False
13319,Success,True,True,False
13320,Success,True,True,False
13321,Success,True,True,False
13322,Success,True,True,False
13323,Success,True,True,False
13324,Success,True,True,False
13325,Success,True,False,False
13326,Success,True,False,False
13327,Success,True,True,False
13330,Success,True,True,False
13332,Success,True,True,False
13333,Success,True,False,False
13334,Success,True,True,False
13336,Success,True,True,False
13342,Success,True,True,False
13343,Success,True,True,False
13344,Success,True,True,False
13345,Success,True,False,False
13346,Success,True,True,False
13347,Success,True,True,False
13348,Success,True,True,False
13349,Success,True,True,False
13350,Success,True,True,False
13351,Success,True,True,False
13352,Success,True,True,False
13353,Success,True,True,False
13354,Success,True,True,False
13355,Success,True,True,False
13356,Success,True,False,False
13357,Success,True,True,False
13358,Success,True,True,False
13359,Success,True,True,False
13360,Success,True,False,False
13362,Success,True,True,False
13369,Success,True,True,False
13371,Success,True,True,False
13372,Success,True,False,False
13373,Success,True,True,False
13374,Success,True,True,False
13376,Success,True,True,False
13377,Success,True,True,False
13378,Success,True,True,False
13379,Success,True,True,False
13382,Success,True,True,False
13383,Success,True,True,False
13384,Success,True,True,False
13385,Success,True,True,False
13386,Success,True,True,False
13387,Success,True,True,False
13388,Success,True,True,False
13390,Success,True,True,False
13391,Success,True,True,False
13392,Success,True,True,False
13397,Success,True,True,False
134,Success,True,False,False
13401,Success,True,True,False
13402,Success,True,True,False
13403,Success,True,True,False
13404,Success,True,True,False
13405,Success,True,True,False
13406,Success,True,True,False
13407,Success,True,True,False
13408,Success,True,True,False
13409,Success,True,True,False
1341,Success,True,False,False
13411,Success,True,True,False
13412,Success,True,True,False
13413,Success,True,True,False
13414,Success,True,True,False
13417,Success,True,True,False
13419,Success,True,True,False
1342,Success,True,False,False
13420,Success,True,True,False
13421,Success,True,True,False
13422,Success,True,True,False
13423,Success,True,True,False
13424,Success,True,True,False
13425,Success,True,True,False
13426,Success,True,True,False
13427,Success,True,True,False
13428,Success,True,True,False
13429,Success,True,True,False
13430,Success,True,False,False
13431,Success,True,True,False
13432,Success,True,True,False
13433,Success,True,True,False
13434,Success,True,True,False
13435,Success,True,True,False
13436,Success,True,True,False
13437,Success,True,True,False
13438,Success,True,True,False
13439,Success,True,True,False
1344,Success,True,True,False
13440,Success,True,True,False
13441,Success,True,True,False
13442,Success,True,True,False
13443,Success,True,True,False
13444,Success,True,True,False
13446,Success,True,True,False
1345,Success,True,True,False
13450,Success,True,False,False
13451,Success,True,True,False
13453,Success,True,True,False
13454,Success,True,True,False
13455,Success,True,True,False
13456,Success,True,True,False
13457,Success,True,True,False
13458,Success,True,True,False
1346,Success,True,True,False
13461,Success,True,True,False
13462,Success,True,True,False
13463,Success,True,True,False
13464,Success,True,True,False
13465,Success,True,True,False
13466,Success,True,True,False
13469,Success,True,True,False
1347,Success,True,True,False
13470,Success,True,True,False
13471,Success,True,True,False
13472,Success,True,True,False
13474,Success,True,True,False
13476,Success,True,True,False
13477,Success,True,True,False
13478,Success,True,True,False
13479,Success,True,True,False
13482,Success,True,True,False
13483,Success,True,True,False
13486,Success,True,True,False
1349,Success,True,False,False
13493,Success,True,True,False
13494,Success,True,True,False
13495,Success,True,False,False
13496,Success,True,False,False
13497,Success,True,True,False
13498,Success,True,True,False
13499,Success,True,True,False
13500,Success,True,True,False
13501,Success,True,True,False
13502,Success,True,True,False
13503,Success,True,False,False
13504,Success,True,False,False
13505,Success,True,False,False
13506,Success,True,False,False
13507,Success,True,False,False
13508,Success,True,False,False
13509,Success,True,False,False
1351,Success,True,False,False
13510,Success,True,False,False
13511,Success,True,False,False
13512,Success,True,False,False
13513,Success,True,False,False
13514,Success,True,False,False
13515,Success,True,True,False
13516,Success,True,True,False
13517,Success,True,True,False
13518,Success,True,True,False
13519,Success,True,True,False
1352,Success,True,False,False
13520,Success,True,True,False
13521,Success,True,False,False
13522,Success,True,False,False
13523,Success,True,True,False
13524,Success,True,True,False
13525,Success,True,True,False
13526,Success,True,True,False
13527,Success,True,False,False
13528,Success,True,False,False
13529,Success,True,True,False
1353,Success,True,False,False
13530,Success,True,True,False
13531,Success,True,True,False
13532,Success,True,False,False
13533,Success,True,False,False
13534,Success,True,True,False
13535,Success,True,True,False
13536,Success,True,True,False
13537,Success,True,True,False
13538,Success,True,True,False
13539,Success,True,True,False
1354,Success,True,True,False
13540,Success,True,True,False
13541,Success,True,True,False
13542,Success,True,True,False
13543,Success,True,True,False
13544,Success,True,True,False
13545,Success,True,True,False
13546,Success,True,True,False
13547,Success,True,True,False
13548,Success,True,True,False
13549,Success,True,True,False
13550,Success,True,True,False
13551,Success,True,True,False
13552,Success,True,True,False
13553,Success,True,True,False
13554,Success,True,True,False
13555,Success,True,True,False
1356,Success,True,False,False
13560,Success,True,True,False
13561,Success,True,True,False
13562,Success,True,True,False
13563,Success,True,True,False
13564,Success,True,True,False
13565,Success,True,True,False
13566,Success,True,True,False
13567,Success,True,True,False
13568,Success,True,False,False
13569,Success,True,True,False
1357,Success,True,True,False
13571,Success,True,True,False
13572,Success,True,True,False
13573,Success,True,True,False
13574,Success,True,True,False
13575,Success,True,True,False
13576,Success,True,True,False
13577,Success,True,True,False
13578,Success,True,True,False
13579,Success,True,True,False
1358,Success,True,True,False
13580,Success,True,True,False
13581,Success,True,True,False
13582,Success,True,True,False
13583,Success,True,True,False
13584,Success,True,True,False
13585,Success,True,True,False
13586,Success,True,True,False
13587,Success,True,True,False
13588,Success,True,True,False
13589,Success,True,True,False
1359,Success,True,True,False
13590,Success,True,True,False
13591,Success,True,True,False
13592,Success,True,True,False
13593,Success,True,True,False
13595,Success,True,True,False
13596,Success,True,False,False
13599,Success,True,True,False
1360,Success,True,True,False
13600,Success,True,True,False
13601,Success,True,True,False
13602,Success,True,True,False
13603,Success,True,True,False
13604,Success,True,True,False
13605,Success,True,True,False
13606,Success,True,True,False
13607,Success,True,True,False
13608,Success,True,True,False
13609,Success,True,True,False
1361,Success,True,True,False
13610,Success,True,False,False
13611,Success,True,False,False
13612,Success,True,True,False
13613,Success,True,True,False
13614,Success,True,True,False
13615,Success,True,True,False
13616,Success,True,True,False
13617,Success,True,True,False
13618,Success,True,True,False
1362,Success,True,True,False
13626,Success,True,True,False
13627,Success,True,True,False
13628,Success,True,True,False
13629,Success,True,True,False
13630,Success,True,True,False
13631,Success,True,True,False
13632,Success,True,True,False
13633,Success,True,False,False
13634,Success,True,False,False
13635,Success,True,False,False
13636,Success,True,False,False
13637,Success,True,False,False
13638,Success,True,False,False
13639,Success,True,False,False
13640,Success,True,True,False
13641,Success,True,True,False
13642,Success,True,True,False
13643,Success,True,True,False
13644,Success,True,True,False
13646,Success,True,True,False
13647,Success,True,True,False
13648,Success,True,True,False
13649,Success,True,True,False
1365,Success,True,True,False
13650,Success,True,True,False
13651,Success,True,True,False
13652,Success,True,True,False
13653,Success,True,True,False
13654,Success,True,True,False
13655,Success,True,True,False
13656,Success,True,True,False
13659,Success,True,True,False
1366,Success,True,True,False
13660,Success,True,True,False
13661,Success,True,True,False
13662,Success,True,True,False
13663,Success,True,True,False
13664,Success,True,True,False
13666,Success,True,False,False
13667,Success,True,False,False
13668,Success,True,False,False
13669,Success,True,True,False
1367,Success,True,True,False
13670,Success,True,True,False
13672,Success,True,False,False
13673,Success,True,False,False
13674,Success,True,False,False
13675,Success,True,False,False
13676,Success,True,False,False
13677,Success,True,True,False
13678,Success,True,True,False
13679,Success,True,True,False
1368,Success,True,True,False
13680,Success,True,True,False
13681,Success,True,True,False
13683,Success,True,True,False
13684,Success,True,True,False
13686,Success,True,True,False
13687,Success,True,True,False
13688,Success,True,True,False
13689,Success,True,True,False
1369,Success,True,False,False
13690,Success,True,True,False
13691,Success,True,False,False
13692,Success,True,True,False
13693,Success,True,True,False
13694,Success,True,False,False
13696,Success,True,True,False
13697,Success,True,True,False
13698,Success,True,False,False
137,Success,True,True,False
1370,Success,True,False,False
13700,Success,True,False,False
13701,Success,True,True,False
13703,Success,True,False,False
13704,Success,True,False,False
13705,Success,True,False,False
13707,Success,True,True,False
13710,Success,True,True,False
13711,Success,True,True,False
13712,Success,True,True,False
13713,Success,True,True,False
13714,Success,True,True,False
13715,Success,True,True,False
13716,Success,True,True,False
13717,Success,True,True,False
1372,Success,True,True,False
13722,Success,True,True,False
13723,Success,True,True,False
13724,Success,True,True,False
13725,Success,True,True,False
13726,Success,True,True,False
13727,Success,True,True,False
13728,Success,True,True,False
13729,Success,True,False,False
1373,Success,True,True,False
13730,Success,True,True,False
13731,Success,True,True,False
13732,Success,True,True,False
13735,Success,True,True,False
13737,Success,True,True,False
13738,Success,True,True,False
13739,Success,True,True,False
1374,Success,True,True,False
13740,Success,True,True,False
13741,Success,True,True,False
13742,Success,True,True,False
13743,Success,True,True,False
13744,Success,True,True,False
13745,Success,True,True,False
13747,Success,True,True,False
13748,Success,True,True,False
13749,Success,True,True,False
1375,Success,True,True,False
13750,Success,True,True,False
13752,Success,True,True,False
13753,Success,True,True,False
13754,Success,True,True,False
13755,Success,True,True,False
13756,Success,True,True,False
13757,Success,True,True,False
13758,Success,True,True,False
13759,Success,True,True,False
13760,Success,True,True,False
13761,Success,True,True,False
13762,Success,True,True,False
13765,Success,True,True,False
13766,Success,True,True,False
13768,Success,True,True,False
13769,Success,True,True,False
13770,Success,True,True,False
13771,Success,True,True,False
13773,Success,True,True,False
13774,Success,True,True,False
13775,Success,True,True,False
13776,Success,True,True,False
13777,Success,True,True,False
13778,Success,True,True,False
13779,Success,True,True,False
13780,Success,True,True,False
13781,Success,True,True,False
13782,Success,True,True,False
13786,Success,True,False,False
13787,Success,True,False,False
13788,Success,True,True,False
13789,Success,True,True,False
1379,Success,True,False,False
13790,Success,True,True,False
13793,Success,True,True,False
13796,Success,True,True,False
13797,Success,True,True,False
13798,Success,True,True,False
13799,Success,True,True,False
138,Success,True,True,False
1380,Success,True,True,False
13800,Success,True,True,False
13801,Success,True,True,False
13802,Success,True,True,False
13803,Success,True,True,False
13804,Success,True,True,False
13806,Success,True,True,False
13807,Success,True,True,False
13809,Success,True,True,False
1381,Success,True,True,False
13810,Success,True,True,False
13811,Success,True,True,False
13812,Success,True,True,False
13815,Success,True,True,False
13816,Success,True,True,False
13817,Success,True,True,False
13818,Success,True,True,False
13819,Success,True,True,False
1382,Success,True,False,False
13820,Success,True,True,False
13821,Success,True,True,False
13822,Success,True,True,False
13823,Success,True,True,False
13824,Success,True,True,False
13827,Success,True,True,False
13829,Success,True,False,False
1383,Success,True,True,False
13830,Success,True,True,False
13833,Success,True,True,False
13834,Success,True,True,False
13835,Success,True,True,False
13842,Success,True,True,False
13845,Success,True,True,False
13846,Success,True,True,False
13847,Success,True,True,False
13848,Success,True,True,False
13849,Success,True,True,False
1385,Success,True,True,False
13851,Success,True,True,False
13852,Success,True,True,False
13853,Success,True,True,False
13854,Success,True,True,False
13858,Success,True,True,False
1386,Success,True,True,False
13861,Success,True,True,False
13862,Success,True,True,False
13863,Success,True,True,False
13864,Success,True,True,False
13866,Success,True,True,False
13867,Success,True,True,False
13868,Success,True,True,False
1387,Success,True,True,False
13873,Success,True,True,False
13874,Success,True,False,False
13875,Success,True,True,False
13876,Success,True,True,False
13877,Success,True,True,False
13878,Success,True,False,False
13879,Success,True,False,False
1388,Success,True,True,False
13881,Success,True,True,False
13882,Success,True,False,False
13883,Success,True,True,False
13884,Success,True,True,False
13885,Success,True,True,False
13886,Success,True,True,False
13888,Success,True,False,False
13889,Success,True,False,False
13890,Success,True,True,False
13891,Success,True,True,False
13892,Success,True,True,False
13893,Success,True,True,False
13894,Success,True,False,False
13895,Success,True,False,False
13896,Success,True,True,False
13898,Success,True,True,False
13899,Success,True,True,False
139,Success,True,True,False
13900,Success,True,True,False
13902,Success,True,False,False
13903,Success,True,True,False
13904,Success,True,True,False
13906,Success,True,True,False
13907,Success,True,True,False
13908,Success,True,True,False
13910,Success,True,True,False
13911,Success,True,True,False
13912,Success,True,True,False
13913,Success,True,True,False
13914,Success,True,True,False
1392,Success,True,True,False
13920,Success,True,True,False
13921,Success,True,True,False
13922,Success,True,True,False
13923,Success,True,True,False
13924,Success,True,True,False
13925,Success,True,True,False
13926,Success,True,True,False
13927,Success,True,True,False
13928,Success,True,True,False
13929,Success,True,True,False
1393,Success,True,True,False
13930,Success,True,True,False
13931,Success,True,True,False
13932,Success,True,True,False
13935,Success,True,True,False
13936,Success,True,True,False
13937,Success,True,True,False
13939,Success,True,True,False
1394,Success,True,True,False
13940,Success,True,True,False
13941,Success,True,True,False
13942,Success,True,True,False
13943,Success,True,True,False
13945,Success,True,True,False
13946,Success,True,True,False
13947,Success,True,True,False
13954,Success,True,True,False
13955,Success,True,True,False
13959,Success,True,False,False
1396,Success,True,True,False
13960,Success,True,True,False
13965,Success,True,True,False
13966,Success,True,True,False
1397,Success,True,True,False
13970,Success,True,True,False
13971,Success,True,True,False
13972,Success,True,True,False
13973,Success,True,True,False
13974,Success,True,True,False
13975,Success,True,True,False
13976,Success,True,True,False
13977,Success,True,True,False
13979,Success,True,True,False
13980,Success,True,True,False
13984,Success,True,True,False
13986,Success,True,True,False
13987,Success,True,False,False
13988,Success,True,True,False
13989,Success,True,True,False
13990,Success,True,True,False
13991,Success,True,True,False
13992,Success,True,False,False
13993,Success,True,True,False
13994,Success,True,True,False
13995,Success,True,True,False
13996,Success,True,True,False
13997,Success,True,True,False
13999,Success,True,False,False
14,Success,True,False,False
140,Success,True,True,False
14000,Success,True,True,False
14001,Success,True,True,False
14002,Success,True,True,False
14003,Success,True,False,False
14004,Success,True,False,False
14005,Success,True,False,False
14006,Success,True,False,False
14007,Success,True,True,False
14008,Success,True,True,False
14009,Success,True,True,False
1401,Success,True,True,False
14010,Success,True,True,False
14011,Success,True,False,False
14012,Success,True,False,False
14013,Success,True,False,False
14014,Success,True,False,False
14015,Success,True,False,False
14017,Success,True,True,False
14018,Success,True,True,False
14019,Success,True,True,False
1402,Success,True,True,False
14020,Success,True,True,False
14022,Success,True,True,False
14023,Success,True,False,False
14034,Success,True,True,False
14035,Success,True,True,False
14036,Success,True,True,False
14037,Success,True,True,False
14038,Success,True,True,False
14039,Success,True,True,False
1404,Success,True,False,False
14049,Success,True,True,False
1405,Success,True,False,False
14050,Success,True,True,False
14051,Success,True,True,False
14052,Success,True,True,False
14053,Success,True,True,False
14054,Success,True,True,False
14055,Success,True,True,False
14056,Success,True,True,False
14057,Success,True,True,False
14058,Success,True,True,False
14059,Success,True,True,False
14060,Success,True,True,False
14064,Success,True,True,False
14068,Success,True,True,False
14069,Success,True,True,False
14070,Success,True,True,False
14072,Success,True,True,False
14073,Success,True,True,False
14074,Success,True,True,False
14075,Success,True,True,False
14076,Success,True,True,False
14077,Success,True,True,False
14078,Success,True,True,False
14079,Success,True,True,False
14081,Success,True,True,False
14082,Success,True,True,False
14084,Success,True,True,False
14085,Success,True,True,False
14089,Success,True,True,False
14090,Success,True,True,False
14091,Success,True,True,False
14092,Success,True,True,False
14093,Success,True,True,False
14094,Success,True,True,False
14095,Success,True,True,False
14096,Success,True,True,False
14097,Success,True,True,False
14098,Success,True,True,False
14099,Success,True,True,False
141,Success,True,True,False
1410,Success,True,True,False
14100,Success,True,True,False
14101,Success,True,True,False
14102,Success,True,True,False
14103,Success,True,True,False
14104,Success,True,True,False
14105,Success,True,True,False
14106,Success,True,True,False
14107,Success,True,True,False
14108,Success,True,True,False
14109,Success,True,True,False
1411,Success,True,True,False
14110,Success,True,True,False
14111,Success,True,True,False
14112,Success,True,True,False
14116,Success,True,True,False
14117,Success,True,True,False
14119,Success,True,False,False
1412,Success,True,True,False
14120,Success,True,True,False
14121,Success,True,True,False
14122,Success,True,True,False
14126,Success,True,True,False
14132,Success,True,True,False
14133,Success,True,True,False
14143,Success,True,True,False
14144,Success,True,True,False
14145,Success,True,True,False
14146,Success,True,True,False
14147,Success,True,False,False
14148,Success,True,False,False
14149,Success,True,True,False
1415,Success,True,True,False
14150,Success,True,False,False
14151,Success,True,True,False
14152,Success,True,True,False
14153,Success,True,True,False
14154,Success,True,True,False
14157,Success,True,True,False
14158,Success,True,True,False
14159,Success,True,True,False
1416,Success,True,True,False
14160,Success,True,True,False
14161,Success,True,True,False
14162,Success,True,True,False
14163,Success,True,True,False
14164,Success,True,True,False
14165,Success,True,True,False
14166,Success,True,True,False
14167,Success,True,True,False
14168,Success,True,True,False
14169,Success,True,True,False
1417,Success,True,True,False
14170,Success,True,True,False
14172,Success,True,True,False
14173,Success,True,True,False
14174,Success,True,False,False
14175,Success,True,False,False
14178,Success,True,True,False
14179,Success,True,True,False
14180,Success,True,True,False
14182,Success,True,True,False
14183,Success,True,True,False
14184,Success,True,True,False
14185,Success,True,True,False
14186,Success,True,True,False
14187,Success,True,False,False
14189,Success,True,True,False
14191,Success,True,False,False
14192,Success,True,True,False
14193,Success,True,False,False
14194,Success,True,True,False
14195,Success,True,True,False
14196,Success,True,True,False
14197,Success,True,True,False
14198,Success,True,True,False
14199,Success,True,True,False
142,Success,True,True,False
1420,Success,True,True,False
14200,Success,True,True,False
14207,Success,True,True,False
14208,Success,True,True,False
14209,Success,True,True,False
1421,Success,True,True,False
14210,Success,True,True,False
14211,Success,True,True,False
14212,Success,True,True,False
14213,Success,True,True,False
14214,Success,True,True,False
14215,Success,True,True,False
14216,Success,True,True,False
14217,Success,True,True,False
14218,Success,True,True,False
14219,Success,True,True,False
1422,Success,True,True,False
14220,Success,True,True,False
14221,Success,True,True,False
14222,Success,True,True,False
14223,Success,True,True,False
14224,Success,True,True,False
14225,Success,True,True,False
14226,Success,True,True,False
14227,Success,True,True,False
14228,Success,True,True,False
14229,Success,True,False,False
1423,Success,True,True,False
14230,Success,True,True,False
14231,Success,True,False,False
14232,Success,True,True,False
14233,Success,True,True,False
14234,Success,True,True,False
14235,Success,True,True,False
14236,Success,True,True,False
14238,Success,True,True,False
14239,Success,True,True,False
14240,Success,True,True,False
14241,Success,True,True,False
14243,Success,True,True,False
14244,Success,True,True,False
14245,Success,True,True,False
14246,Success,True,True,False
14247,Success,True,True,False
14248,Success,True,True,False
14249,Success,True,True,False
1425,Success,True,True,False
14250,Success,True,True,False
14252,Success,True,False,False
14253,Success,True,False,False
14254,Success,True,True,False
14255,Success,True,True,False
14256,Success,True,True,False
14257,Success,True,True,False
14258,Success,True,True,False
14259,Success,True,True,False
14260,Success,True,True,False
14261,Success,True,True,False
14262,Success,True,True,False
14263,Success,True,True,False
14264,Success,True,True,False
14266,Success,True,True,False
14267,Success,True,True,False
14268,Success,True,True,False
14269,Success,True,True,False
1427,Success,True,True,False
14270,Success,True,True,False
14272,Success,True,True,False
14273,Success,True,True,False
14274,Success,True,True,False
14275,Success,True,True,False
14276,Success,True,True,False
14277,Success,True,True,False
14278,Success,True,False,False
1428,Success,True,False,False
14283,Success,True,True,False
14284,Success,True,True,False
14285,Success,True,False,False
14286,Success,True,True,False
14287,Success,True,True,False
14288,Success,True,True,False
14289,Success,True,True,False
1429,Success,True,False,False
14290,Success,True,True,False
14291,Success,True,True,False
14292,Success,True,True,False
14293,Success,True,True,False
14294,Success,True,True,False
14295,Success,True,True,False
14296,Success,True,True,False
14297,Success,True,True,False
14298,Success,True,False,False
14299,Success,True,False,False
143,Success,True,True,False
1430,Success,True,False,False
14300,Success,True,True,False
14303,Success,True,False,False
14304,Success,True,True,False
14305,Success,True,False,False
14306,Success,True,False,False
14307,Success,True,False,False
14308,Success,True,False,False
14309,Success,True,True,False
14310,Success,True,True,False
14311,Success,True,True,False
14312,Success,True,True,False
14313,Success,True,True,False
14314,Success,True,True,False
14315,Success,True,True,False
14316,Success,True,True,False
14317,Success,True,True,False
14318,Success,True,True,False
14319,Success,True,True,False
14320,Success,True,True,False
14321,Success,True,True,False
14322,Success,True,False,False
14323,Success,True,False,False
14324,Success,True,False,False
14326,Success,True,True,False
14327,Success,True,True,False
14328,Success,True,True,False
14329,Success,True,True,False
1433,Success,True,False,False
14330,Success,True,True,False
14331,Success,True,True,False
14332,Success,True,True,False
14333,Success,True,True,False
14334,Success,True,True,False
14335,Success,True,True,False
14336,Success,True,True,False
14337,Success,True,True,False
14338,Success,True,True,False
14339,Success,True,False,False
14340,Success,True,False,False
14341,Success,True,False,False
14342,Success,True,False,False
14343,Success,True,False,False
14345,Success,True,True,False
14346,Success,True,True,False
14347,Success,True,True,False
14348,Success,True,True,False
14349,Success,True,True,False
14351,Success,True,True,False
14352,Success,True,True,False
14353,Success,True,True,False
14354,Success,True,True,False
14355,Success,True,True,False
14356,Success,True,True,False
14357,Success,True,True,False
14358,Success,True,True,False
14359,Success,True,True,False
14360,Success,True,True,False
14362,Success,True,False,False
14363,Success,True,True,False
14364,Success,True,True,False
14365,Success,True,True,False
14366,Success,True,True,False
14367,Success,True,False,False
14368,Success,True,False,False
14370,Success,True,True,False
14371,Success,True,True,False
14372,Success,True,False,False
14373,Success,True,True,False
14374,Success,True,True,False
14375,Success,True,True,False
14378,Success,True,True,False
14379,Success,True,True,False
14380,Success,True,True,False
14381,Success,True,True,False
14382,Success,True,True,False
14383,Success,True,True,False
14384,Success,True,True,False
14385,Success,True,True,False
14386,Success,True,True,False
14387,Success,True,False,False
14388,Success,True,True,False
14389,Success,True,True,False
1439,Success,True,False,False
14390,Success,True,True,False
14391,Success,True,False,False
14392,Success,True,False,False
14393,Success,True,False,False
14394,Success,True,True,False
14395,Success,True,False,False
14396,Success,True,True,False
14397,Success,True,False,False
14398,Success,True,True,False
14399,Success,True,True,False
14400,Success,True,True,False
14401,Success,True,True,False
14402,Success,True,True,False
14403,Success,True,True,False
14404,Success,True,True,False
14407,Success,True,True,False
14408,Success,True,True,False
14409,Success,True,True,False
14410,Success,True,True,False
14411,Success,True,True,False
14419,Success,True,True,False
1442,Success,True,True,False
14420,Success,True,True,False
14422,Success,True,True,False
14423,Success,True,True,False
14424,Success,True,True,False
14426,Success,True,True,False
14427,Success,True,True,False
14428,Success,True,True,False
14429,Success,True,True,False
14430,Success,True,True,False
14431,Success,True,True,False
14432,Success,True,True,False
14433,Success,True,True,False
14434,Success,True,True,False
14435,Success,True,True,False
14437,Success,True,True,False
14438,Success,True,True,False
14439,Success,True,True,False
1444,Success,True,False,False
14440,Success,True,True,False
14441,Success,True,True,False
14442,Success,True,True,False
14443,Success,True,True,False
14444,Success,True,True,False
14445,Success,True,False,False
14447,Success,True,True,False
1445,Success,True,False,False
14454,Success,True,True,False
14455,Success,True,True,False
14456,Success,True,False,False
14458,Success,True,False,False
1446,Success,True,False,False
14460,Success,True,True,False
14461,Success,True,True,False
14462,Success,True,True,False
14463,Success,True,True,False
14464,Success,True,True,False
14465,Success,True,True,False
14466,Success,True,True,False
14467,Success,True,True,False
14468,Success,True,True,False
14469,Success,True,True,False
1447,Success,True,True,False
14470,Success,True,True,False
14471,Success,True,False,False
14472,Success,True,False,False
14473,Success,True,True,False
14474,Success,True,True,False
14475,Success,True,False,False
14477,Success,True,True,False
14478,Success,True,True,False
14479,Success,True,True,False
14480,Success,True,True,False
14481,Success,True,True,False
14482,Success,True,True,False
14483,Success,True,True,False
14484,Success,True,True,False
14485,Success,True,True,False
14487,Success,True,False,False
14488,Success,True,False,False
14489,Success,True,False,False
14490,Success,True,False,False
14491,Success,True,True,False
14492,Success,True,True,False
14493,Success,True,True,False
14494,Success,True,True,False
14495,Success,True,True,False
14496,Success,True,True,False
14497,Success,True,False,False
14498,Success,True,True,False
14499,Success,True,True,False
145,Success,True,True,False
1450,Success,True,False,False
14500,Success,True,True,False
14502,Success,True,True,False
14503,Success,True,True,False
14504,Success,True,True,False
14505,Success,True,True,False
14506,Success,True,True,False
1451,Success,True,False,False
14512,Success,True,True,False
14513,Success,True,True,False
14515,Success,True,True,False
14516,Success,True,True,False
14517,Success,True,True,False
14518,Success,True,True,False
14519,Success,True,True,False
1452,Success,True,True,False
14520,Success,True,True,False
14521,Success,True,True,False
14522,Success,True,True,False
14523,Success,True,True,False
14524,Success,True,True,False
14525,Success,True,True,False
14526,Success,True,True,False
14527,Success,True,True,False
14528,Success,True,True,False
14529,Success,True,True,False
1453,Success,True,True,False
14530,Success,True,True,False
14531,Success,True,True,False
14532,Success,True,True,False
14533,Success,True,True,False
14534,Success,True,True,False
14535,Success,True,True,False
14536,Success,True,True,False
14537,Success,True,True,False
14538,Success,True,True,False
14539,Success,True,True,False
1454,Success,True,True,False
14544,Success,True,True,False
14545,Success,True,True,False
14546,Success,True,True,False
14547,Success,True,True,False
14548,Success,True,True,False
14549,Success,True,True,False
1455,Success,True,False,False
14550,Success,True,True,False
14551,Success,True,True,False
14553,Success,True,True,False
14554,Success,True,True,False
14555,Success,True,True,False
14556,Success,True,True,False
14557,Success,True,True,False
14558,Success,True,True,False
14559,Success,True,True,False
14561,Success,True,True,False
14562,Success,True,True,False
14563,Success,True,True,False
14564,Success,True,True,False
14565,Success,True,True,False
14566,Success,True,True,False
14567,Success,True,True,False
14568,Success,True,True,False
14569,Success,True,True,False
14570,Success,True,True,False
14571,Success,True,True,False
14572,Success,True,True,False
14573,Success,True,True,False
14574,Success,True,True,False
14575,Success,True,True,False
14576,Success,True,True,False
14579,Success,True,True,False
14580,Success,True,True,False
14582,Success,True,True,False
14583,Success,True,True,False
14584,Success,True,True,False
14585,Success,True,True,False
14586,Success,True,True,False
14587,Success,True,True,False
14588,Success,True,True,False
14589,Success,True,False,False
14590,Success,True,True,False
14591,Success,True,True,False
14592,Success,True,True,False
14593,Success,True,True,False
14595,Success,True,True,False
14596,Success,True,True,False
14597,Success,True,False,False
14598,Success,True,False,False
14599,Success,True,False,False
146,Success,True,True,False
1460,Success,True,False,False
14600,Success,True,True,False
14601,Success,True,True,False
14602,Success,True,True,False
14603,Success,True,True,False
14604,Success,True,True,False
14606,Success,True,True,False
14607,Success,True,True,False
14608,Success,True,True,False
14609,Success,True,True,False
1461,Success,True,False,False
14610,Success,True,True,False
14611,Success,True,True,False
14614,Success,True,True,False
14615,Success,True,True,False
14616,Success,True,False,False
14617,Success,True,True,False
14618,Success,True,True,False
14619,Success,True,True,False
14620,Success,True,True,False
14621,Success,True,False,False
14622,Success,True,False,False
14623,Success,True,True,False
14624,Success,True,True,False
14626,Success,True,True,False
14627,Success,True,True,False
14629,Success,True,True,False
1463,Success,True,True,False
14630,Success,True,True,False
14631,Success,True,True,False
14635,Success,True,True,False
14636,Success,True,True,False
14637,Success,True,True,False
14638,Success,True,True,False
14639,Success,True,True,False
1464,Success,True,False,False
14640,Success,True,True,False
14641,Success,True,True,False
14642,Success,True,True,False
14643,Success,True,True,False
14644,Success,True,True,False
14645,Success,True,True,False
14646,Success,True,True,False
14647,Success,True,True,False
14648,Success,True,False,False
14649,Success,True,True,False
1465,Success,True,True,False
14650,Success,True,True,False
14651,Success,True,True,False
14652,Success,True,True,False
14653,Success,True,True,False
14654,Success,True,True,False
14655,Success,True,True,False
14656,Success,True,True,False
14657,Success,True,True,False
14658,Success,True,True,False
14659,Success,True,True,False
1466,Success,True,False,False
14660,Success,True,True,False
14663,Success,True,True,False
14666,Success,True,True,False
14667,Success,True,True,False
14669,Success,True,True,False
1467,Success,True,False,False
14670,Success,True,True,False
14671,Success,True,True,False
14673,Success,True,True,False
14674,Success,True,False,False
14675,Success,True,True,False
14676,Success,True,True,False
14677,Success,True,True,False
14678,Success,True,True,False
14679,Success,True,True,False
1468,Success,True,False,False
14680,Success,True,True,False
14681,Success,True,True,False
14682,Success,True,True,False
14683,Success,True,True,False
14684,Success,True,True,False
14685,Success,True,True,False
14686,Success,True,True,False
14687,Success,True,True,False
14688,Success,True,True,False
14689,Success,True,True,False
14690,Success,True,True,False
14691,Success,True,True,False
14692,Success,True,True,False
14693,Success,True,True,False
14694,Success,True,True,False
14695,Success,True,True,False
14696,Success,True,True,False
14697,Success,True,True,False
14699,Success,True,True,False
1470,Success,True,True,False
14700,Success,True,True,False
14702,Success,True,True,False
14703,Success,True,True,False
14704,Success,True,True,False
14707,Success,True,True,False
14708,Success,True,False,False
1471,Success,True,True,False
14710,Success,True,False,False
14711,Success,True,False,False
14713,Success,True,True,False
14714,Success,True,True,False
14715,Success,True,True,False
14716,Success,True,True,False
14717,Success,True,True,False
14718,Success,True,True,False
14719,Success,True,True,False
14720,Success,True,True,False
14721,Success,True,True,False
14722,Success,True,True,False
14723,Success,True,True,False
14724,Success,True,True,False
14725,Success,True,True,False
14726,Success,True,True,False
14727,Success,True,True,False
14728,Success,True,True,False
14729,Success,True,False,False
1473,Success,True,True,False
14730,Success,True,True,False
14731,Success,True,True,False
14732,Success,True,True,False
14733,Success,True,True,False
14734,Success,True,True,False
14735,Success,True,True,False
14736,Success,True,True,False
14737,Success,True,True,False
14738,Success,True,True,False
14739,Success,True,True,False
14740,Success,True,True,False
14741,Success,True,True,False
14742,Success,True,False,False
14743,Success,True,False,False
14744,Success,True,False,False
14745,Success,True,True,False
14746,Success,True,True,False
14747,Success,True,True,False
14749,Success,True,True,False
1475,Success,True,True,False
14750,Success,True,True,False
14753,Success,True,True,False
14754,Success,True,True,False
14755,Success,True,True,False
14756,Success,True,True,False
14757,Success,True,True,False
14759,Success,True,True,False
1476,Success,True,True,False
14760,Success,True,True,False
14761,Success,True,True,False
14762,Success,True,True,False
14763,Success,True,True,False
14764,Success,True,True,False
14765,Success,True,True,False
14766,Success,True,True,False
1477,Success,True,False,False
14770,Success,True,True,False
14771,Success,True,True,False
14772,Success,True,True,False
14774,Success,True,True,False
14775,Success,True,True,False
14776,Success,True,True,False
14777,Success,True,True,False
14778,Success,True,True,False
14779,Success,True,True,False
1478,Success,True,True,False
14780,Success,True,False,False
14781,Success,True,True,False
14782,Success,True,True,False
14784,Success,True,False,False
14785,Success,True,False,False
14786,Success,True,True,False
14787,Success,True,True,False
14788,Success,True,False,False
14789,Success,True,True,False
1479,Success,True,True,False
14790,Success,True,True,False
14791,Success,True,False,False
14792,Success,True,False,False
14793,Success,True,False,False
14795,Success,True,True,False
14796,Success,True,True,False
14797,Success,True,False,False
14798,Success,True,True,False
14799,Success,True,True,False
1480,Success,True,True,False
14800,Success,True,True,False
14801,Success,True,True,False
14803,Success,True,True,False
14804,Success,True,False,False
14805,Success,True,False,False
14806,Success,True,True,False
14807,Success,True,True,False
14808,Success,True,True,False
14809,Success,True,True,False
14810,Success,True,False,False
14811,Success,True,True,False
14812,Success,True,False,False
14815,Success,True,True,False
14816,Success,True,False,False
14817,Success,True,True,False
14820,Success,True,True,False
14821,Success,True,True,False
14822,Success,True,True,False
14823,Success,True,True,False
14824,Success,True,False,False
14825,Success,True,False,False
14826,Success,True,True,False
14827,Success,True,True,False
14828,Success,True,True,False
14829,Success,True,True,False
14830,Success,True,True,False
14831,Success,True,True,False
14832,Success,True,True,False
14833,Success,True,True,False
14835,Success,True,False,False
14836,Success,True,False,False
14837,Success,True,False,False
14838,Success,True,False,False
14839,Success,True,True,False
14841,Success,True,True,False
14843,Success,True,True,False
14844,Success,True,True,False
14845,Success,True,True,False
14846,Success,True,False,False
14848,Success,True,True,False
14852,Success,True,True,False
14853,Success,True,True,False
14854,Success,True,True,False
14855,Success,True,True,False
14856,Success,True,True,False
1486,Success,True,True,False
14860,Success,True,True,False
14863,Success,True,True,False
14867,Success,True,True,False
14868,Success,True,True,False
1487,Success,True,True,False
14871,Success,True,True,False
14872,Success,True,False,False
14875,Success,True,True,False
14876,Success,True,True,False
14877,Success,True,True,False
1488,Success,True,True,False
14881,Success,True,True,False
14882,Success,True,True,False
14884,Success,True,True,False
14885,Success,True,True,False
14886,Success,True,True,False
14887,Success,True,True,False
14888,Success,True,True,False
14889,Success,True,True,False
14890,Success,True,True,False
14891,Success,True,True,False
14892,Success,True,True,False
14893,Success,True,True,False
14894,Success,True,True,False
14895,Success,True,True,False
14896,Success,True,True,False
14898,Success,True,True,False
149,Success,True,True,False
1490,Success,True,True,False
14903,Success,True,True,False
14904,Success,True,True,False
14905,Success,True,False,False
14906,Success,True,False,False
14907,Success,True,False,False
14908,Success,True,False,False
14909,Success,True,False,False
14910,Success,True,False,False
14911,Success,True,True,False
14912,Success,True,True,False
14913,Success,True,False,False
14914,Success,True,False,False
14915,Success,True,False,False
14916,Success,True,True,False
14917,Success,True,True,False
14918,Success,True,True,False
14919,Success,True,True,False
14920,Success,True,True,False
14925,Success,True,True,False
14926,Success,True,True,False
14929,Success,True,True,False
1493,Success,True,True,False
14930,Success,True,True,False
14931,Success,True,True,False
14933,Success,True,True,False
14934,Success,True,False,False
14935,Success,True,False,False
14936,Success,True,True,False
14937,Success,True,True,False
14938,Success,True,True,False
1494,Success,True,True,False
14945,Success,True,True,False
14946,Success,True,False,False
14947,Success,True,True,False
14948,Success,True,True,False
14949,Success,True,True,False
1495,Success,True,True,False
14950,Success,True,True,False
14951,Success,True,True,False
14955,Success,True,True,False
14957,Success,True,True,False
14958,Success,True,True,False
1496,Success,True,False,False
14960,Success,True,True,False
14967,Success,True,True,False
14968,Success,True,True,False
14969,Success,True,True,False
1497,Success,True,True,False
14975,Success,True,True,False
14976,Success,True,False,False
14977,Success,True,True,False
14978,Success,True,True,False
14979,Success,True,True,False
1498,Success,True,True,False
14980,Success,True,True,False
14981,Success,True,True,False
14982,Success,True,True,False
14983,Success,True,True,False
14984,Success,True,True,False
14985,Success,True,True,False
14986,Success,True,True,False
14987,Success,True,True,False
14988,Success,True,True,False
1499,Success,True,True,False
14990,Success,True,True,False
14991,Success,True,True,False
14992,Success,True,True,False
14993,Success,True,True,False
14997,Success,True,True,False
14999,Success,True,True,False
15,Success,True,False,False
1500,Success,True,False,False
15000,Success,True,True,False
15001,Success,True,True,False
15002,Success,True,True,False
15003,Success,True,True,False
15004,Success,True,True,False
15005,Success,True,True,False
15006,Success,True,True,False
15007,Success,True,True,False
15008,Success,True,True,False
15009,Success,True,True,False
1501,Success,True,True,False
15010,Success,True,True,False
15011,Success,True,True,False
15012,Success,True,True,False
15013,Success,True,True,False
15014,Success,True,True,False
15015,Success,True,True,False
15016,Success,True,True,False
15017,Success,True,True,False
15018,Success,True,True,False
15019,Success,True,True,False
15020,Success,True,True,False
15021,Success,True,True,False
15022,Success,True,True,False
15023,Success,True,True,False
15024,Success,True,True,False
15025,Success,True,True,False
15026,Success,True,True,False
15028,Success,True,True,False
15029,Success,True,True,False
15030,Success,True,True,False
15031,Success,True,True,False
15032,Success,True,True,False
15033,Success,True,True,False
15034,Success,True,True,False
15036,Success,True,True,False
15037,Success,True,True,False
15038,Success,True,True,False
15039,Success,True,True,False
1504,Success,True,False,False
15041,Success,True,True,False
15045,Success,True,True,False
15046,Success,True,True,False
15047,Success,True,True,False
15048,Success,True,True,False
15049,Success,True,True,False
1505,Success,True,False,False
15050,Success,True,False,False
15051,Success,True,True,False
15052,Success,True,True,False
15053,Success,True,True,False
15054,Success,True,True,False
15055,Success,True,True,False
15056,Success,True,True,False
15057,Success,True,True,False
15058,Success,True,True,False
15059,Success,True,True,False
1506,Success,True,False,False
15060,Success,True,True,False
15061,Success,True,True,False
15062,Success,True,True,False
15063,Success,True,True,False
15064,Success,True,True,False
15066,Success,True,True,False
15067,Success,True,True,False
15068,Success,True,True,False
15069,Success,True,True,False
1507,Success,True,False,False
15070,Success,True,True,False
15071,Success,True,True,False
15072,Success,True,True,False
15073,Success,True,True,False
15074,Success,True,True,False
15075,Success,True,True,False
15076,Success,True,True,False
15077,Success,True,True,False
15078,Success,True,True,False
15079,Success,True,True,False
1508,Success,True,True,False
15080,Success,True,False,False
15081,Success,True,True,False
15082,Success,True,True,False
15083,Success,True,True,False
15084,Success,True,True,False
15086,Success,True,True,False
15088,Success,True,True,False
15089,Success,True,True,False
1509,Success,True,True,False
15090,Success,True,True,False
15091,Success,True,True,False
15092,Success,True,True,False
15093,Success,True,True,False
15094,Success,True,True,False
15095,Success,True,True,False
15096,Success,True,True,False
15097,Success,True,True,False
15098,Success,True,True,False
1510,Success,True,True,False
15100,Success,True,True,False
15101,Success,True,True,False
15102,Success,True,False,False
15103,Success,True,True,False
15104,Success,True,True,False
15105,Success,True,True,False
15106,Success,True,True,False
15107,Success,True,True,False
15108,Success,True,True,False
15110,Success,True,True,False
15111,Success,True,False,False
15112,Success,True,False,False
15114,Success,True,True,False
15115,Success,True,True,False
15117,Success,True,False,False
15118,Success,True,True,False
15121,Success,True,True,False
15122,Success,True,True,False
15123,Success,True,True,False
15124,Success,True,True,False
15125,Success,True,True,False
15126,Success,True,True,False
15127,Success,True,True,False
15128,Success,True,True,False
15129,Success,True,False,False
15130,Success,True,True,False
15132,Success,True,False,False
15136,Success,True,True,False
15137,Success,True,True,False
15138,Success,True,True,False
15139,Success,True,True,False
1514,Success,True,True,False
15140,Success,True,True,False
15141,Success,True,False,False
15142,Success,True,True,False
15143,Success,True,False,False
15144,Success,True,True,False
15145,Success,True,False,False
15146,Success,True,False,False
15147,Success,True,False,False
15148,Success,True,True,False
15149,Success,True,True,False
15150,Success,True,True,False
15151,Success,True,False,False
15152,Success,True,True,False
15153,Success,True,True,False
15154,Success,True,True,False
15155,Success,True,True,False
15156,Success,True,True,False
15157,Success,True,True,False
15158,Success,True,True,False
15160,Success,True,True,False
15161,Success,True,True,False
15162,Success,True,True,False
15163,Success,True,True,False
15164,Success,True,True,False
15166,Success,True,True,False
15167,Success,True,True,False
15168,Success,True,True,False
15169,Success,True,True,False
15172,Success,True,True,False
15173,Success,True,True,False
15176,Success,True,True,False
15177,Success,True,True,False
15178,Success,True,True,False
15179,Success,True,True,False
15180,Success,True,True,False
15182,Success,True,True,False
15186,Success,True,False,False
15187,Success,True,True,False
15188,Success,True,True,False
15189,Success,True,True,False
15190,Success,True,True,False
15191,Success,True,True,False
15192,Success,True,True,False
15195,Success,True,True,False
15196,Success,True,False,False
15199,Success,True,True,False
152,Success,True,False,False
1520,Success,True,False,False
15200,Success,True,True,False
15201,Success,True,True,False
15202,Success,True,True,False
15203,Success,True,True,False
15204,Success,True,True,False
15205,Success,True,True,False
15206,Success,True,True,False
15208,Success,True,True,False
15209,Success,True,True,False
1521,Success,True,True,False
15210,Success,True,True,False
15212,Success,True,True,False
15213,Success,True,True,False
15214,Success,True,True,False
15215,Success,True,True,False
15216,Success,True,True,False
15217,Success,True,True,False
15218,Success,True,True,False
15219,Success,True,False,False
15220,Success,True,False,False
15221,Success,True,False,False
15222,Success,True,False,False
15223,Success,True,False,False
15225,Success,True,False,False
15226,Success,True,True,False
15227,Success,True,False,False
15228,Success,True,False,False
15229,Success,True,True,False
1523,Success,True,True,False
15230,Success,True,True,False
15231,Success,True,True,False
15232,Success,True,True,False
15234,Success,True,True,False
15235,Success,True,True,False
15236,Success,True,True,False
15237,Success,True,True,False
15238,Success,True,True,False
15239,Success,True,True,False
1524,Success,True,True,False
15240,Success,True,True,False
15242,Success,True,True,False
15243,Success,True,True,False
15244,Success,True,True,False
15245,Success,True,True,False
15246,Success,True,True,False
15252,Success,True,True,False
15254,Success,True,True,False
15256,Success,True,True,False
15257,Success,True,True,False
15258,Success,True,True,False
15259,Success,True,True,False
1526,Success,True,True,False
15260,Success,True,True,False
15261,Success,True,True,False
15262,Success,True,True,False
15263,Success,True,True,False
15264,Success,True,True,False
15265,Success,True,True,False
15266,Success,True,True,False
15268,Success,True,True,False
15269,Success,True,True,False
15270,Success,True,True,False
15272,Success,True,False,False
15273,Success,True,False,False
15274,Success,True,False,False
15275,Success,True,True,False
15276,Success,True,False,False
15277,Success,True,True,False
15279,Success,True,True,False
1528,Success,True,True,False
15280,Success,True,True,False
15281,Success,True,True,False
15282,Success,True,True,False
15283,Success,True,True,False
15284,Success,True,True,False
15285,Success,True,True,False
15288,Success,True,True,False
15289,Success,True,True,False
15290,Success,True,True,False
15291,Success,True,True,False
15292,Success,True,True,False
15293,Success,True,True,False
15294,Success,True,True,False
15296,Success,True,True,False
15297,Success,True,False,False
15298,Success,True,True,False
15299,Success,True,True,False
153,Success,True,False,False
1530,Success,True,False,False
15300,Success,True,True,False
15301,Success,True,True,False
15302,Success,True,True,False
15303,Success,True,True,False
15307,Success,True,True,False
15309,Success,True,True,False
1531,Success,True,True,False
15310,Success,True,True,False
15311,Success,True,True,False
15312,Success,True,True,False
15313,Success,True,True,False
15314,Success,True,True,False
15315,Success,True,True,False
15316,Success,True,True,False
15317,Success,True,True,False
15318,Success,True,True,False
15319,Success,True,True,False
15320,Success,True,True,False
15321,Success,True,True,False
15322,Success,True,True,False
15323,Success,True,True,False
15324,Success,True,True,False
15325,Success,True,True,False
15328,Success,True,True,False
15329,Success,True,True,False
15330,Success,True,True,False
15331,Success,True,True,False
15332,Success,True,True,False
15333,Success,True,True,False
15334,Success,True,True,False
15335,Success,True,True,False
15336,Success,True,True,False
15337,Success,True,True,False
15338,Success,True,True,False
15339,Success,True,True,False
15340,Success,True,True,False
15341,Success,True,False,False
15342,Success,True,False,False
15343,Success,True,False,False
15344,Success,True,True,False
15345,Success,True,True,False
15346,Success,True,True,False
15347,Success,True,True,False
15349,Success,True,True,False
1535,Success,True,True,False
15350,Success,True,True,False
15351,Success,True,True,False
15352,Success,True,True,False
15353,Success,True,True,False
15354,Success,True,True,False
15359,Success,True,True,False
1536,Success,True,True,False
15360,Success,True,True,False
15361,Success,True,True,False
15362,Success,True,True,False
15363,Success,True,True,False
15364,Success,True,True,False
15365,Success,True,True,False
15366,Success,True,True,False
15367,Success,True,True,False
15368,Success,True,True,False
15369,Success,True,True,False
1537,Success,True,True,False
15370,Success,True,True,False
15371,Success,True,True,False
15372,Success,True,True,False
15373,Success,True,True,False
15374,Success,True,True,False
15375,Success,True,True,False
15376,Success,True,True,False
15377,Success,True,True,False
15378,Success,True,True,False
1538,Success,True,True,False
15380,Success,True,True,False
15382,Success,True,True,False
15383,Success,True,True,False
15384,Success,True,True,False
15385,Success,True,True,False
15386,Success,True,True,False
15387,Success,True,True,False
15388,Success,True,True,False
1539,Success,True,True,False
15391,Success,True,True,False
15392,Success,True,True,False
15393,Success,True,True,False
15395,Success,True,True,False
15396,Success,True,False,False
15397,Success,True,True,False
15398,Success,True,True,False
154,Success,True,False,False
15401,Success,True,True,False
15402,Success,True,True,False
15403,Success,True,False,False
15405,Success,True,False,False
15406,Success,True,False,False
15407,Success,True,False,False
15408,Success,True,True,False
15409,Success,True,True,False
15410,Success,True,False,False
15413,Success,True,True,False
15414,Success,True,True,False
15415,Success,True,True,False
15416,Success,True,True,False
15418,Success,True,True,False
15419,Success,True,True,False
1542,Success,True,True,False
15420,Success,True,True,False
15421,Success,True,True,False
15422,Success,True,True,False
15423,Success,True,True,False
15425,Success,True,True,False
15426,Success,True,True,False
15427,Success,True,True,False
15428,Success,True,True,False
15429,Success,True,True,False
1543,Success,True,True,False
15430,Success,True,True,False
15432,Success,True,True,False
15435,Success,True,True,False
15436,Success,True,True,False
15437,Success,True,True,False
15438,Success,True,True,False
15439,Success,True,False,False
15440,Success,True,False,False
15441,Success,True,True,False
15442,Success,True,False,False
15443,Success,True,True,False
15444,Success,True,True,False
15445,Success,True,True,False
15446,Success,True,True,False
15448,Success,True,True,False
15449,Success,True,True,False
15450,Success,True,True,False
15451,Success,True,True,False
15452,Success,True,True,False
15453,Success,True,True,False
15454,Success,True,False,False
15455,Success,True,True,False
15457,Success,True,True,False
15458,Success,True,True,False
15459,Success,True,True,False
1546,Success,True,True,False
15460,Success,True,True,False
15461,Success,True,True,False
15462,Success,True,True,False
15463,Success,True,True,False
15464,Success,True,True,False
15465,Success,True,True,False
15466,Success,True,True,False
15467,Success,True,True,False
15468,Success,True,True,False
15469,Success,True,True,False
15470,Success,True,True,False
15471,Success,True,True,False
15472,Success,True,True,False
15473,Success,True,True,False
15474,Success,True,True,False
15476,Success,True,True,False
15479,Success,True,True,False
1548,Success,True,True,False
15480,Success,True,True,False
15481,Success,True,True,False
15482,Success,True,True,False
15483,Success,True,True,False
15484,Success,True,True,False
15485,Success,True,True,False
15486,Success,True,True,False
15487,Success,True,True,False
15488,Success,True,True,False
15489,Success,True,True,False
15490,Success,True,True,False
15491,Success,True,True,False
15492,Success,True,True,False
15493,Success,True,True,False
15494,Success,True,True,False
15495,Success,True,True,False
15496,Success,True,True,False
15497,Success,True,True,False
15498,Success,True,True,False
15499,Success,True,True,False
1550,Success,True,True,False
15500,Success,True,True,False
15501,Success,True,True,False
15502,Success,True,True,False
15503,Success,True,True,False
15504,Success,True,True,False
15505,Success,True,True,False
15506,Success,True,True,False
15507,Success,True,False,False
15508,Success,True,True,False
1551,Success,True,False,False
15512,Success,True,True,False
15513,Success,True,False,False
15514,Success,True,True,False
15515,Success,True,True,False
15516,Success,True,True,False
15517,Success,True,True,False
15518,Success,True,True,False
15519,Success,True,True,False
1552,Success,True,False,False
15521,Success,True,True,False
15522,Success,True,True,False
15529,Success,True,True,False
1553,Success,True,True,False
15530,Success,True,True,False
15531,Success,True,True,False
15532,Success,True,True,False
15533,Success,True,True,False
15534,Success,True,True,False
15535,Success,True,True,False
15537,Success,True,True,False
15538,Success,True,True,False
15539,Success,True,True,False
15543,Success,True,True,False
15544,Success,True,True,False
15545,Success,True,True,False
15546,Success,True,True,False
15547,Success,True,True,False
15548,Success,True,True,False
15549,Success,True,True,False
15550,Success,True,True,False
15551,Success,True,True,False
15552,Success,True,True,False
15553,Success,True,True,False
15554,Success,True,False,False
15555,Success,True,True,False
15556,Success,True,True,False
15557,Success,True,True,False
15558,Success,True,True,False
15559,Success,True,True,False
1556,Success,True,True,False
15560,Success,True,False,False
15561,Success,True,True,False
15562,Success,True,True,False
15563,Success,True,True,False
15564,Success,True,True,False
15565,Success,True,True,False
15566,Success,True,True,False
15567,Success,True,True,False
15568,Success,True,True,False
15569,Success,True,False,False
1557,Success,True,True,False
15570,Success,True,True,False
15571,Success,True,True,False
15572,Success,True,True,False
15573,Success,True,True,False
15574,Success,True,True,False
15575,Success,True,True,False
15576,Success,True,True,False
15577,Success,True,True,False
15578,Success,True,True,False
15579,Success,True,True,False
15580,Success,True,True,False
15581,Success,True,True,False
15582,Success,True,True,False
15583,Success,True,True,False
15584,Success,True,True,False
15585,Success,True,True,False
15586,Success,True,True,False
15587,Success,True,True,False
15588,Success,True,True,False
15589,Success,True,True,False
1559,Success,True,True,False
15590,Success,True,True,False
15591,Success,True,True,False
15592,Success,True,True,False
15593,Success,True,True,False
15594,Success,True,True,False
15595,Success,True,True,False
15596,Success,True,True,False
15597,Success,True,True,False
15598,Success,True,True,False
15599,Success,True,True,False
1560,Success,True,True,False
15600,Success,True,True,False
15601,Success,True,True,False
15602,Success,True,True,False
15603,Success,True,True,False
15604,Success,True,True,False
15605,Success,True,True,False
15606,Success,True,True,False
15607,Success,True,True,False
15608,Success,True,True,False
15609,Success,True,True,False
1561,Success,True,True,False
15610,Success,True,True,False
15613,Success,True,True,False
15615,Success,True,True,False
15616,Success,True,True,False
15618,Success,True,True,False
15619,Success,True,True,False
1562,Success,True,False,False
15620,Success,True,True,False
15621,Success,True,True,False
15622,Success,True,True,False
15623,Success,True,True,False
15624,Success,True,True,False
15626,Success,True,True,False
15627,Success,True,True,False
15628,Success,True,True,False
1563,Success,True,False,False
15630,Success,True,True,False
15631,Success,True,True,False
15632,Success,True,True,False
15633,Success,True,True,False
15634,Success,True,True,False
15635,Success,True,True,False
15636,Success,True,False,False
15637,Success,True,True,False
15638,Success,True,False,False
15639,Success,True,True,False
1564,Success,True,False,False
15640,Success,True,False,False
15641,Success,True,True,False
15642,Success,True,True,False
15643,Success,True,True,False
15644,Success,True,True,False
15645,Success,True,True,False
15646,Success,True,True,False
15647,Success,True,True,False
15648,Success,True,True,False
15649,Success,True,True,False
1565,Success,True,True,False
15650,Success,True,True,False
15651,Success,True,True,False
15652,Success,True,True,False
15653,Success,True,True,False
15654,Success,True,True,False
15655,Success,True,False,False
15656,Success,True,True,False
1566,Success,True,False,False
15660,Success,True,True,False
15664,Success,True,True,False
15666,Success,True,True,False
15667,Success,True,True,False
1567,Success,True,True,False
15670,Success,True,True,False
15671,Success,True,True,False
15672,Success,True,True,False
15673,Success,True,True,False
15674,Success,True,True,False
15675,Success,True,True,False
15676,Success,True,True,False
15678,Success,True,True,False
15679,Success,True,True,False
1568,Success,True,True,False
15680,Success,True,True,False
15681,Success,True,True,False
15682,Success,True,True,False
15684,Success,True,False,False
15685,Success,True,True,False
15686,Success,True,True,False
15687,Success,True,True,False
15688,Success,True,True,False
15689,Success,True,True,False
1569,Success,True,True,False
15690,Success,True,True,False
15691,Success,True,True,False
15692,Success,True,True,False
15693,Success,True,True,False
15694,Success,True,True,False
15695,Success,True,True,False
15696,Success,True,True,False
15697,Success,True,True,False
15698,Success,True,True,False
15699,Success,True,True,False
157,Success,True,True,False
1570,Success,True,False,False
15700,Success,True,True,False
15702,Success,True,True,False
15703,Success,True,True,False
15704,Success,True,True,False
15705,Success,True,True,False
15706,Success,True,True,False
15707,Success,True,True,False
15708,Success,True,True,False
15709,Success,True,True,False
1571,Success,True,False,False
15710,Success,True,True,False
15711,Success,True,True,False
15712,Success,True,True,False
15713,Success,True,True,False
15714,Success,True,True,False
15715,Success,True,True,False
15716,Success,True,True,False
15717,Success,True,True,False
15718,Success,True,True,False
15719,Success,True,True,False
1572,Success,True,True,False
15720,Success,True,True,False
15721,Success,True,True,False
15722,Success,True,True,False
15723,Success,True,True,False
15724,Success,True,True,False
15725,Success,True,True,False
15726,Success,True,True,False
15727,Success,True,True,False
15728,Success,True,True,False
15729,Success,True,True,False
1573,Success,True,False,False
15730,Success,True,True,False
15731,Success,True,False,False
15732,Success,True,False,False
15733,Success,True,True,False
15736,Success,True,True,False
15737,Success,True,True,False
15738,Success,True,False,False
15739,Success,True,False,False
15740,Success,True,False,False
15741,Success,True,True,False
15742,Success,True,True,False
15744,Success,True,False,False
15745,Success,True,True,False
15746,Success,True,True,False
15747,Success,True,True,False
15748,Success,True,True,False
15749,Success,True,True,False
1575,Success,True,True,False
15750,Success,True,True,False
15751,Success,True,True,False
15752,Success,True,True,False
15753,Success,True,True,False
15754,Success,True,True,False
15755,Success,True,True,False
15756,Success,True,True,False
15757,Success,True,True,False
15758,Success,True,True,False
15759,Success,True,True,False
1576,Success,True,True,False
15760,Success,True,True,False
15761,Success,True,True,False
15762,Success,True,True,False
15764,Success,True,True,False
15765,Success,True,True,False
15766,Success,True,True,False
15767,Success,True,True,False
15768,Success,True,True,False
15769,Success,True,True,False
1577,Success,True,True,False
15770,Success,True,True,False
15771,Success,True,False,False
15772,Success,True,True,False
15776,Success,True,True,False
15777,Success,True,True,False
15778,Success,True,True,False
15779,Success,True,True,False
1578,Success,True,True,False
15780,Success,True,True,False
15781,Success,True,True,False
15782,Success,True,True,False
15783,Success,True,False,False
15784,Success,True,False,False
15785,Success,True,False,False
15786,Success,True,False,False
15788,Success,True,True,False
15789,Success,True,False,False
1579,Success,True,False,False
15790,Success,True,True,False
15791,Success,True,True,False
15792,Success,True,True,False
15793,Success,True,True,False
15794,Success,True,False,False
15795,Success,True,False,False
15796,Success,True,False,False
15797,Success,True,True,False
15798,Success,True,True,False
15799,Success,True,True,False
158,Success,True,True,False
15801,Success,True,True,False
15802,Success,True,True,False
15803,Success,True,True,False
15804,Success,True,True,False
15805,Success,True,True,False
15806,Success,True,True,False
15807,Success,True,True,False
15808,Success,True,True,False
15809,Success,True,True,False
15810,Success,True,True,False
15811,Success,True,True,False
15812,Success,True,True,False
15813,Success,True,True,False
15814,Success,True,True,False
15815,Success,True,True,False
15818,Success,True,True,False
15819,Success,True,True,False
15820,Success,True,True,False
15821,Success,True,True,False
15822,Success,True,True,False
15823,Success,True,True,False
15824,Success,True,True,False
15825,Success,True,True,False
15826,Success,True,True,False
15827,Success,True,True,False
15828,Success,True,False,False
15829,Success,True,True,False
15830,Success,True,True,False
15831,Success,True,True,False
15833,Success,True,True,False
15834,Success,True,True,False
15835,Success,True,True,False
15836,Success,True,True,False
15837,Success,True,True,False
15838,Success,True,True,False
15839,Success,True,True,False
1584,Success,True,False,False
15840,Success,True,True,False
15841,Success,True,True,False
15842,Success,True,True,False
15844,Success,True,True,False
15845,Success,True,True,False
15846,Success,True,True,False
15847,Success,True,False,False
15848,Success,True,False,False
15849,Success,True,True,False
1585,Success,True,False,False
15850,Success,True,True,False
15851,Success,True,True,False
15852,Success,True,True,False
15853,Success,True,True,False
15854,Success,True,True,False
15856,Success,True,True,False
15857,Success,True,True,False
15858,Success,True,True,False
15859,Success,True,True,False
1586,Success,True,False,False
15860,Success,True,True,False
15862,Success,True,True,False
15864,Success,True,True,False
15866,Success,True,True,False
15867,Success,True,True,False
15868,Success,True,False,False
15869,Success,True,True,False
15870,Success,True,True,False
15871,Success,True,True,False
15872,Success,True,True,False
15873,Success,True,True,False
15874,Success,True,True,False
15875,Success,True,True,False
15876,Success,True,True,False
15877,Success,True,True,False
15880,Success,True,True,False
15881,Success,True,True,False
15882,Success,True,True,False
15883,Success,True,False,False
15884,Success,True,False,False
15885,Success,True,True,False
15886,Success,True,True,False
15887,Success,True,True,False
15888,Success,True,False,False
15889,Success,True,True,False
1589,Success,True,False,False
15890,Success,True,True,False
15891,Success,True,True,False
15892,Success,True,True,False
15893,Success,True,True,False
15894,Success,True,False,False
15895,Success,True,True,False
15896,Success,True,True,False
15897,Success,True,True,False
15898,Success,True,True,False
15899,Success,True,True,False
159,Success,True,True,False
15900,Success,True,True,False
15901,Success,True,True,False
15902,Success,True,True,False
15903,Success,True,True,False
15904,Success,True,True,False
15905,Success,True,True,False
15908,Success,True,True,False
15909,Success,True,True,False
15910,Success,True,True,False
15911,Success,True,True,False
15912,Success,True,True,False
15913,Success,True,True,False
15914,Success,True,True,False
15915,Success,True,True,False
15916,Success,True,True,False
15917,Success,True,True,False
15918,Success,True,True,False
15919,Success,True,True,False
15920,Success,True,True,False
15921,Success,True,True,False
15922,Success,True,True,False
15923,Success,True,True,False
15924,Success,True,True,False
15925,Success,True,True,False
15926,Success,True,False,False
15927,Success,True,True,False
15929,Success,True,True,False
15930,Success,True,True,False
15931,Success,True,True,False
15932,Success,True,True,False
15933,Success,True,True,False
15934,Success,True,True,False
15935,Success,True,True,False
15936,Success,True,True,False
15937,Success,True,True,False
15938,Success,True,True,False
15939,Success,True,True,False
15940,Success,True,True,False
15941,Success,True,True,False
15945,Success,True,True,False
15946,Success,True,True,False
15947,Success,True,True,False
15958,Success,True,True,False
1596,Success,True,True,False
15960,Success,True,True,False
15961,Success,True,True,False
15962,Success,True,True,False
15963,Success,True,True,False
15964,Success,True,True,False
15965,Success,True,True,False
15966,Success,True,True,False
15967,Success,True,True,False
15968,Success,True,True,False
15969,Success,True,True,False
1597,Success,True,True,False
15970,Success,True,True,False
15971,Success,True,False,False
15972,Success,True,True,False
15973,Success,True,True,False
15974,Success,True,True,False
15975,Success,True,True,False
15976,Success,True,True,False
15977,Success,True,True,False
15978,Success,True,True,False
15979,Success,True,True,False
1598,Success,True,False,False
15980,Success,True,True,False
15981,Success,True,True,False
15982,Success,True,True,False
15983,Success,True,True,False
15984,Success,True,True,False
15985,Success,True,True,False
15986,Success,True,True,False
15987,Success,True,True,False
15988,Success,True,True,False
15989,Success,True,True,False
1599,Success,True,False,False
15990,Success,True,True,False
15991,Success,True,True,False
15992,Success,True,True,False
15996,Success,True,True,False
15997,Success,True,True,False
15998,Success,True,True,False
15999,Success,True,True,False
16,Success,True,False,False
160,Success,True,True,False
1600,Success,True,True,False
16000,Success,True,True,False
16001,Success,True,True,False
16002,Success,True,True,False
16003,Success,True,True,False
16004,Success,True,True,False
16005,Success,True,True,False
16006,Success,True,True,False
16007,Success,True,False,False
16008,Success,True,False,False
16009,Success,True,False,False
16010,Success,True,True,False
16011,Success,True,True,False
16012,Success,True,True,False
16013,Success,True,True,False
16014,Success,True,True,False
16015,Success,True,True,False
16016,Success,True,True,False
16017,Success,True,True,False
16018,Success,True,True,False
16019,Success,True,True,False
1602,Success,True,True,False
16020,Success,True,True,False
16021,Success,True,True,False
16022,Success,True,True,False
16023,Success,True,True,False
16024,Success,True,True,False
16025,Success,True,True,False
16026,Success,True,True,False
16027,Success,True,True,False
16028,Success,True,True,False
1605,Success,True,True,False
1606,Success,True,True,False
1607,Success,True,True,False
1608,Success,True,True,False
1609,Success,True,True,False
1610,Success,True,True,False
1612,Success,True,True,False
1614,Success,True,True,False
1615,Success,True,True,False
1616,Success,True,True,False
1617,Success,True,True,False
1618,Success,True,False,False
1619,Success,True,True,False
162,Success,True,True,False
1620,Success,True,True,False
1626,Success,True,True,False
1627,Success,True,True,False
1628,Success,True,True,False
1633,Success,True,False,False
1634,Success,True,False,False
1637,Success,True,True,False
1638,Success,True,True,False
1639,Success,True,True,False
1640,Success,True,True,False
1642,Success,True,True,False
1644,Success,True,True,False
1645,Success,True,False,False
1651,Success,True,True,False
1654,Success,True,False,False
1655,Success,True,False,False
1656,Success,True,True,False
1657,Success,True,True,False
1658,Success,True,True,False
1659,Success,True,True,False
166,Success,True,True,False
1660,Success,True,False,False
1661,Success,True,False,False
1662,Success,True,True,False
1663,Success,True,True,False
167,Success,True,True,False
1671,Success,True,False,False
1672,Success,True,False,False
1673,Success,True,False,False
1674,Success,True,False,False
1675,Success,True,False,False
1676,Success,True,True,False
1677,Success,True,False,False
1678,Success,True,False,False
1679,Success,True,False,False
168,Success,True,True,False
1680,Success,True,False,False
1681,Success,True,False,False
1682,Success,True,False,False
1683,Success,True,True,False
1684,Success,True,True,False
1685,Success,True,True,False
1686,Success,True,True,False
1687,Success,True,False,False
1688,Success,True,True,False
169,Success,True,True,False
1690,Success,True,True,False
1691,Success,True,True,False
1692,Success,True,True,False
1693,Success,True,True,False
1695,Success,True,True,False
1698,Success,True,True,False
17,Success,True,False,False
170,Success,True,False,False
1702,Success,True,True,False
1705,Success,True,True,False
1706,Success,True,False,False
171,Success,True,True,False
1710,Success,True,True,False
1711,Success,True,True,False
1712,Success,True,False,False
1713,Success,True,True,False
1714,Success,True,True,False
1716,Success,True,True,False
1717,Success,True,True,False
1718,Success,True,False,False
1719,Success,True,True,False
172,Success,True,True,False
1720,Success,True,True,False
1721,Success,True,True,False
1722,Success,True,True,False
1723,Success,True,True,False
1724,Success,True,True,False
1726,Success,True,False,False
1727,Success,True,False,False
1728,Success,True,False,False
1729,Success,True,False,False
1730,Success,True,True,False
1731,Success,True,True,False
1732,Success,True,False,False
1733,Success,True,True,False
1734,Success,True,False,False
1735,Success,True,True,False
175,Success,True,True,False
1750,Success,True,True,False
1753,Success,True,False,False
1756,Success,True,True,False
1757,Success,True,True,False
1758,Success,True,True,False
1759,Success,True,True,False
176,Success,True,True,False
1760,Success,True,True,False
1761,Success,True,True,False
1762,Success,True,True,False
1763,Success,True,True,False
1764,Success,True,False,False
1766,Success,True,True,False
1769,Success,True,True,False
177,Success,True,True,False
1770,Success,True,True,False
1771,Success,True,True,False
1775,Success,True,False,False
178,Success,True,False,False
1786,Success,True,True,False
1787,Success,True,True,False
1788,Success,True,True,False
1789,Success,True,True,False
179,Success,True,False,False
1791,Success,True,True,False
1792,Success,True,True,False
1793,Success,True,True,False
1794,Success,True,True,False
1795,Success,True,True,False
18,Success,True,True,False
1800,Success,True,True,False
1801,Success,True,True,False
1803,Success,True,True,False
1806,Success,True,True,False
1807,Success,True,True,False
1808,Success,True,True,False
1809,Success,True,False,False
181,Success,True,True,False
1810,Success,True,False,False
1811,Success,True,False,False
1812,Success,True,True,False
1813,Success,True,True,False
1814,Success,True,True,False
1815,Success,True,True,False
1816,Success,True,True,False
1817,Success,True,True,False
1818,Success,True,True,False
1819,Success,True,True,False
1823,Success,True,True,False
1824,Success,True,True,False
1825,Success,True,True,False
1826,Success,True,True,False
1827,Success,True,True,False
1828,Success,True,True,False
1829,Success,True,True,False
183,Success,True,True,False
1830,Success,True,True,False
1832,Success,True,True,False
1834,Success,True,True,False
1835,Success,True,True,False
1837,Success,True,True,False
1838,Success,True,True,False
1839,Success,True,True,False
184,Success,True,False,False
1840,Success,True,True,False
1842,Success,True,True,False
1843,Success,True,True,False
1844,Success,True,True,False
1845,Success,True,True,False
1846,Success,True,True,False
1847,Success,True,True,False
1848,Success,True,True,False
1849,Success,True,True,False
1850,Success,True,True,False
1851,Success,True,True,False
1852,Success,True,True,False
1853,Success,True,True,False
1854,Success,True,True,False
1855,Success,True,True,False
1856,Success,True,True,False
1857,Success,True,True,False
1858,Success,True,True,False
1859,Success,True,True,False
186,Success,True,True,False
1860,Success,True,True,False
1861,Success,True,True,False
1862,Success,True,True,False
1863,Success,True,True,False
1864,Success,True,True,False
1865,Success,True,True,False
1866,Success,True,True,False
1867,Success,True,True,False
1868,Success,True,True,False
1869,Success,True,True,False
1870,Success,True,True,False
1871,Success,True,True,False
1875,Success,True,True,False
1876,Success,True,True,False
1878,Success,True,True,False
1880,Success,True,True,False
1882,Success,True,True,False
1883,Success,True,True,False
1884,Success,True,True,False
1885,Success,True,True,False
1886,Success,True,True,False
1887,Success,True,True,False
1888,Success,True,True,False
1889,Success,True,False,False
189,Success,True,False,False
1890,Success,True,True,False
1891,Success,True,True,False
1892,Success,True,True,False
1894,Success,True,True,False
1895,Success,True,True,False
1899,Success,True,True,False
190,Success,True,False,False
1902,Success,True,True,False
1908,Success,True,True,False
1909,Success,True,True,False
191,Success,True,True,False
1915,Success,True,True,False
1916,Success,True,True,False
1920,Success,True,True,False
1921,Success,True,True,False
1922,Success,True,True,False
1923,Success,True,True,False
1925,Success,True,True,False
1926,Success,True,False,False
1927,Success,True,True,False
193,Success,True,True,False
1932,Success,True,True,False
1936,Success,True,True,False
1938,Success,True,True,False
1939,Success,True,True,False
1943,Success,True,False,False
1944,Success,True,False,False
1945,Success,True,False,False
1954,Success,True,True,False
196,Success,True,True,False
1962,Success,True,False,False
1963,Success,True,True,False
1964,Success,True,True,False
1967,Success,True,True,False
1969,Success,True,True,False
197,Success,True,True,False
1970,Success,True,False,False
1971,Success,True,True,False
1972,Success,True,True,False
1973,Success,True,True,False
1974,Success,True,True,False
1976,Success,True,True,False
1977,Success,True,True,False
198,Success,True,True,False
1982,Success,True,True,False
1983,Success,True,True,False
1985,Success,True,True,False
1986,Success,True,False,False
1987,Success,True,True,False
1988,Success,True,False,False
199,Success,True,True,False
1990,Success,True,False,False
1991,Success,True,False,False
1992,Success,True,False,False
1993,Success,True,False,False
1994,Success,True,False,False
1995,Success,True,False,False
1996,Success,True,True,False
1997,Success,True,True,False
1998,Success,True,True,False
200,Success,True,True,False
2002,Success,True,True,False
2003,Success,True,True,False
2004,Success,True,True,False
2005,Success,True,True,False
2006,Success,True,True,False
2008,Success,True,True,False
202,Success,True,True,False
2022,Success,True,True,False
2023,Success,True,True,False
2024,Success,True,False,False
203,Success,True,True,False
204,Success,True,True,False
2041,Success,True,True,False
2042,Success,True,False,False
2045,Success,True,True,False
2047,Success,True,True,False
2048,Success,True,True,False
2049,Success,True,True,False
205,Success,True,True,False
2050,Success,True,True,False
2051,Success,True,True,False
2052,Success,True,True,False
2053,Success,True,True,False
2054,Success,True,True,False
2055,Success,True,True,False
2058,Success,True,True,False
2059,Success,True,True,False
2061,Success,True,False,False
2062,Success,True,False,False
2065,Success,True,False,False
207,Success,True,True,False
2070,Success,True,True,False
2073,Success,True,True,False
2074,Success,True,True,False
2079,Success,True,True,False
2080,Success,True,True,False
2083,Success,True,True,False
2086,Success,True,False,False
2087,Success,True,True,False
2088,Success,True,True,False
2089,Success,True,True,False
2092,Success,True,False,False
2097,Success,True,True,False
2098,Success,True,True,False
2099,Success,True,True,False
21,Success,True,True,False
210,Success,True,True,False
2103,Success,True,True,False
2104,Success,True,True,False
2105,Success,True,True,False
2107,Success,True,True,False
2108,Success,True,True,False
2115,Success,True,True,False
2116,Success,True,True,False
2117,Success,True,True,False
212,Success,True,False,False
213,Success,True,True,False
2132,Success,True,True,False
2136,Success,True,True,False
2139,Success,True,True,False
2140,Success,True,True,False
2143,Success,True,True,False
2144,Success,True,True,False
2146,Success,True,True,False
2147,Success,True,True,False
215,Success,True,True,False
2150,Success,True,True,False
2151,Success,True,True,False
2159,Success,True,True,False
216,Success,True,True,False
2162,Success,True,True,False
2163,Success,True,True,False
2192,Success,True,True,False
2193,Success,True,True,False
2194,Success,True,True,False
2198,Success,True,True,False
2199,Success,True,True,False
2203,Success,True,False,False
2204,Success,True,False,False
2205,Success,True,False,False
2206,Success,True,False,False
2207,Success,True,False,False
2209,Success,True,False,False
2210,Success,True,True,False
2211,Success,True,False,False
2213,Success,True,True,False
2214,Success,True,True,False
2215,Success,True,True,False
2218,Success,True,True,False
2219,Success,True,True,False
222,Success,True,True,False
2223,Success,True,False,False
2225,Success,True,True,False
2228,Success,True,True,False
2229,Success,True,True,False
2230,Success,True,False,False
2231,Success,True,True,False
2232,Success,True,False,False
2233,Success,True,False,False
2234,Success,True,True,False
2237,Success,True,False,False
2238,Success,True,False,False
2239,Success,True,False,False
2241,Success,True,True,False
2243,Success,True,True,False
2246,Success,True,True,False
2247,Success,True,True,False
2248,Success,True,True,False
2250,Success,True,False,False
2251,Success,True,True,False
2254,Success,True,True,False
2255,Success,True,True,False
2257,Success,True,True,False
2259,Success,True,True,False
226,Success,True,True,False
2260,Success,True,True,False
2261,Success,True,True,False
2265,Success,True,True,False
2267,Success,True,True,False
2268,Success,True,True,False
2269,Success,True,True,False
227,Success,True,True,False
2270,Success,True,True,False
2272,Success,True,True,False
2273,Success,True,False,False
2274,Success,True,False,False
2275,Success,True,False,False
2276,Success,True,True,False
2278,Success,True,True,False
228,Success,True,True,False
2282,Success,True,True,False
2283,Success,True,True,False
2284,Success,True,True,False
2285,Success,True,True,False
2286,Success,True,True,False
2288,Success,True,True,False
229,Success,True,False,False
2291,Success,True,True,False
2292,Success,True,True,False
2293,Success,True,True,False
2294,Success,True,True,False
2295,Success,True,True,False
2296,Success,True,True,False
2297,Success,True,True,False
2298,Success,True,True,False
23,Success,True,True,False
2301,Success,True,True,False
2304,Success,True,False,False
2305,Success,True,False,False
2306,Success,True,False,False
231,Success,True,True,False
2310,Success,True,True,False
2311,Success,True,True,False
2312,Success,True,True,False
2313,Success,True,True,False
2314,Success,True,True,False
2315,Success,True,False,False
2316,Success,True,True,False
2317,Success,True,True,False
2326,Success,True,False,False
2328,Success,True,False,False
2334,Success,True,True,False
2335,Success,True,True,False
2349,Success,True,True,False
235,Success,True,True,False
2350,Success,True,True,False
2351,Success,True,False,False
2352,Success,True,False,False
2353,Success,True,False,False
2354,Success,True,True,False
2356,Success,True,False,False
2369,Success,True,False,False
237,Success,True,True,False
2374,Success,True,False,False
2375,Success,True,False,False
2376,Success,True,True,False
2378,Success,True,True,False
2381,Success,True,True,False
2384,Success,True,True,False
2385,Success,True,True,False
2386,Success,True,True,False
239,Success,True,True,False
2394,Success,True,False,False
2396,Success,True,True,False
2397,Success,True,True,False
240,Success,True,True,False
2404,Success,True,True,False
2405,Success,True,True,False
2407,Success,True,False,False
241,Success,True,True,False
2412,Success,True,True,False
2413,Success,True,True,False
2418,Success,True,True,False
242,Success,True,True,False
2420,Success,True,True,False
2424,Success,True,True,False
2427,Success,True,True,False
2428,Success,True,True,False
2429,Success,True,True,False
243,Success,True,True,False
2430,Success,True,False,False
2431,Success,True,False,False
2434,Success,True,True,False
2438,Success,True,True,False
244,Success,True,False,False
2442,Success,True,True,False
2443,Success,True,True,False
2444,Success,True,True,False
2447,Success,True,True,False
2449,Success,True,True,False
2450,Success,True,True,False
2451,Success,True,True,False
2452,Success,True,True,False
2453,Success,True,True,False
2454,Success,True,True,False
2455,Success,True,True,False
2456,Success,True,True,False
2457,Success,True,True,False
2458,Success,True,True,False
2459,Success,True,True,False
2460,Success,True,True,False
2461,Success,True,True,False
2462,Success,True,True,False
2463,Success,True,True,False
2465,Success,True,True,False
2466,Success,True,False,False
2468,Success,True,True,False
2469,Success,True,True,False
2470,Success,True,True,False
2471,Success,True,True,False
2474,Success,True,False,False
2475,Success,True,True,False
2476,Success,True,True,False
2477,Success,True,True,False
2478,Success,True,True,False
2479,Success,True,True,False
2480,Success,True,True,False
2481,Success,True,True,False
2483,Success,True,False,False
2488,Success,True,True,False
2495,Success,True,False,False
2496,Success,True,False,False
2497,Success,True,False,False
2498,Success,True,True,False
2499,Success,True,True,False
2500,Success,True,True,False
2501,Success,True,True,False
2508,Success,True,True,False
2516,Success,True,True,False
2518,Success,True,True,False
2520,Success,True,True,False
253,Success,True,False,False
2532,Success,True,True,False
2533,Success,True,True,False
2534,Success,True,True,False
2535,Success,True,True,False
2538,Success,True,True,False
2539,Success,True,True,False
254,Success,True,True,False
2543,Success,True,False,False
255,Success,True,True,False
2550,Success,True,True,False
2551,Success,True,False,False
2552,Success,True,True,False
2553,Success,True,True,False
256,Success,True,True,False
2561,Success,True,True,False
2567,Success,True,True,False
2568,Success,True,True,False
257,Success,True,True,False
2576,Success,True,True,False
2577,Success,True,False,False
2578,Success,True,False,False
2579,Success,True,True,False
2586,Success,True,True,False
2587,Success,True,False,False
2588,Success,True,False,False
259,Success,True,True,False
2590,Success,True,True,False
2592,Success,True,True,False
2594,Success,True,True,False
2595,Success,True,True,False
2596,Success,True,True,False
2597,Success,True,True,False
260,Success,True,True,False
2600,Success,True,True,False
2602,Success,True,True,False
2604,Success,True,False,False
2605,Success,True,False,False
2609,Success,True,True,False
2612,Success,True,True,False
2613,Success,True,True,False
2614,Success,True,True,False
2615,Success,True,True,False
2616,Success,True,False,False
2617,Success,True,False,False
2619,Success,True,True,False
262,Success,True,True,False
2622,Success,True,True,False
2623,Success,True,False,False
2625,Success,True,False,False
2629,Success,True,True,False
263,Success,True,True,False
2633,Success,True,False,False
2639,Success,True,False,False
264,Success,True,True,False
2642,Success,True,True,False
2646,Success,True,False,False
2647,Success,True,False,False
2648,Success,True,False,False
265,Success,True,False,False
2653,Success,True,True,False
2654,Success,True,True,False
266,Success,True,True,False
2661,Success,True,True,False
2662,Success,True,True,False
2665,Success,True,True,False
2666,Success,True,True,False
2668,Success,True,True,False
2670,Success,True,True,False
2671,Success,True,True,False
2672,Success,True,True,False
2673,Success,True,True,False
2675,Success,True,True,False
2677,Success,True,False,False
2678,Success,True,False,False
2681,Success,True,True,False
2683,Success,True,True,False
2684,Success,True,True,False
2685,Success,True,True,False
2686,Success,True,True,False
2687,Success,True,True,False
2688,Success,True,True,False
2689,Success,True,True,False
2690,Success,True,False,False
2691,Success,True,False,False
2692,Success,True,True,False
2693,Success,True,False,False
2694,Success,True,False,False
2696,Success,True,False,False
2697,Success,True,False,False
2698,Success,True,False,False
27,Success,True,False,False
2700,Success,True,True,False
2701,Success,True,True,False
2702,Success,True,False,False
2704,Success,True,True,False
2706,Success,True,True,False
2708,Success,True,True,False
2711,Success,True,False,False
2712,Success,True,True,False
2713,Success,True,True,False
2714,Success,True,True,False
2715,Success,True,True,False
2719,Success,True,False,False
272,Success,True,True,False
2720,Success,True,False,False
2722,Success,True,True,False
2729,Success,True,False,False
273,Success,True,True,False
2731,Success,True,True,False
2736,Success,True,True,False
2739,Success,True,True,False
274,Success,True,False,False
2741,Success,True,True,False
2743,Success,True,True,False
2746,Success,True,True,False
2749,Success,True,True,False
2757,Success,True,True,False
2758,Success,True,True,False
2759,Success,True,True,False
2763,Success,True,True,False
2764,Success,True,True,False
2766,Success,True,False,False
2768,Success,True,True,False
2770,Success,True,False,False
2771,Success,True,False,False
2772,Success,True,False,False
2773,Success,True,False,False
2774,Success,True,False,False
2775,Success,True,False,False
278,Success,True,True,False
2781,Success,True,False,False
2782,Success,True,False,False
2784,Success,True,True,False
2785,Success,True,True,False
2786,Success,True,True,False
2788,Success,True,True,False
279,Success,True,True,False
2793,Success,True,True,False
2794,Success,True,True,False
2796,Success,True,True,False
2797,Success,True,True,False
280,Success,True,True,False
2800,Success,True,False,False
2801,Success,True,True,False
2802,Success,True,True,False
2803,Success,True,True,False
2804,Success,True,True,False
2805,Success,True,True,False
2806,Success,True,True,False
2807,Success,True,True,False
2808,Success,True,True,False
2809,Success,True,True,False
281,Success,True,True,False
2810,Success,True,True,False
2813,Success,True,False,False
2821,Success,True,False,False
2822,Success,True,False,False
2824,Success,True,True,False
2825,Success,True,True,False
2827,Success,True,True,False
283,Success,True,False,False
2833,Success,True,True,False
2834,Success,True,True,False
2835,Success,True,True,False
2836,Success,True,True,False
2837,Success,True,True,False
2838,Success,True,True,False
284,Success,True,False,False
2840,Success,True,True,False
2846,Success,True,True,False
2847,Success,True,True,False
285,Success,True,True,False
2850,Success,True,True,False
2852,Success,True,True,False
2853,Success,True,False,False
2855,Success,True,False,False
2857,Success,True,True,False
2858,Success,True,False,False
2859,Success,True,True,False
286,Success,True,True,False
2865,Success,True,True,False
2867,Success,True,False,False
2868,Success,True,True,False
287,Success,True,True,False
2873,Success,True,True,False
2875,Success,True,True,False
2876,Success,True,True,False
2877,Success,True,True,False
2878,Success,True,True,False
2879,Success,True,True,False
288,Success,True,True,False
2881,Success,True,True,False
2882,Success,True,True,False
2883,Success,True,True,False
2888,Success,True,True,False
2889,Success,True,True,False
289,Success,True,True,False
2895,Success,True,True,False
2898,Success,True,True,False
2899,Success,True,True,False
29,Success,True,True,False
290,Success,True,True,False
2901,Success,True,True,False
2902,Success,True,True,False
2910,Success,True,True,False
2911,Success,True,True,False
2912,Success,True,True,False
2917,Success,True,True,False
2918,Success,True,True,False
2925,Success,True,True,False
2926,Success,True,True,False
2927,Success,True,True,False
2929,Success,True,True,False
293,Success,True,True,False
2931,Success,True,True,False
2939,Success,True,True,False
294,Success,True,True,False
2940,Success,True,True,False
2941,Success,True,True,False
2942,Success,True,True,False
2943,Success,True,True,False
2944,Success,True,True,False
2945,Success,True,True,False
2946,Success,True,False,False
2947,Success,True,True,False
2948,Success,True,False,False
2949,Success,True,True,False
296,Success,True,False,False
2961,Success,True,False,False
2962,Success,True,False,False
2963,Success,True,False,False
2964,Success,True,False,False
2969,Success,True,False,False
297,Success,True,False,False
2971,Success,True,True,False
2976,Success,True,True,False
2977,Success,True,True,False
2978,Success,True,True,False
298,Success,True,True,False
2980,Success,True,True,False
2981,Success,True,False,False
2982,Success,True,False,False
2983,Success,True,True,False
2984,Success,True,True,False
2985,Success,True,True,False
2986,Success,True,True,False
2987,Success,True,False,False
2988,Success,True,False,False
299,Success,True,False,False
2993,Success,True,True,False
2996,Success,True,True,False
2997,Success,True,True,False
2998,Success,True,True,False
2999,Success,True,True,False
3,Success,True,False,False
3000,Success,True,True,False
3001,Success,True,True,False
3006,Success,True,True,False
3008,Success,True,True,False
3013,Success,True,True,False
3014,Success,True,True,False
3018,Success,True,False,False
3019,Success,True,True,False
302,Success,True,True,False
3020,Success,True,False,False
3022,Success,True,True,False
3023,Success,True,True,False
3024,Success,True,True,False
3025,Success,True,False,False
3026,Success,True,True,False
3027,Success,True,True,False
3028,Success,True,True,False
3029,Success,True,True,False
303,Success,True,False,False
3031,Success,True,True,False
3037,Success,True,True,False
3038,Success,True,True,False
304,Success,True,False,False
3040,Success,True,True,False
3041,Success,True,True,False
3043,Success,True,True,False
3046,Success,True,False,False
3047,Success,True,False,False
305,Success,True,False,False
3050,Success,True,False,False
3051,Success,True,True,False
3052,Success,True,True,False
3054,Success,True,False,False
3057,Success,True,True,False
306,Success,True,True,False
3060,Success,True,True,False
3061,Success,True,True,False
3064,Success,True,True,False
3066,Success,True,True,False
3067,Success,True,True,False
3068,Success,True,True,False
3069,Success,True,True,False
307,Success,True,True,False
3070,Success,True,True,False
3071,Success,True,True,False
3072,Success,True,True,False
3073,Success,True,True,False
3074,Success,True,True,False
3075,Success,True,True,False
3076,Success,True,True,False
3077,Success,True,True,False
3078,Success,True,True,False
3079,Success,True,True,False
3080,Success,True,True,False
3081,Success,True,True,False
3082,Success,True,True,False
3083,Success,True,True,False
3084,Success,True,True,False
3085,Success,True,True,False
3086,Success,True,False,False
3087,Success,True,False,False
3088,Success,True,False,False
3089,Success,True,False,False
3090,Success,True,False,False
3091,Success,True,False,False
3092,Success,True,False,False
3093,Success,True,True,False
3095,Success,True,True,False
3096,Success,True,True,False
3097,Success,True,True,False
31,Success,True,True,False
3102,Success,True,True,False
3103,Success,True,True,False
3104,Success,True,True,False
3105,Success,True,False,False
3106,Success,True,False,False
3107,Success,True,False,False
3108,Success,True,False,False
311,Success,True,True,False
3112,Success,True,True,False
3113,Success,True,True,False
3115,Success,True,True,False
3116,Success,True,True,False
3119,Success,True,True,False
312,Success,True,True,False
3123,Success,True,False,False
313,Success,True,True,False
3130,Success,True,False,False
314,Success,True,True,False
3147,Success,True,True,False
3148,Success,True,True,False
315,Success,True,True,False
3154,Success,True,True,False
3158,Success,True,True,False
3162,Success,True,True,False
3164,Success,True,True,False
3165,Success,True,True,False
317,Success,True,True,False
3170,Success,True,True,False
3188,Success,True,True,False
3189,Success,True,True,False
3195,Success,True,True,False
3196,Success,True,True,False
3197,Success,True,True,False
3198,Success,True,True,False
32,Success,True,True,False
320,Success,True,False,False
321,Success,True,True,False
3217,Success,True,True,False
322,Success,True,True,False
3222,Success,True,True,False
323,Success,True,True,False
3233,Success,True,True,False
3238,Success,True,True,False
324,Success,True,True,False
3244,Success,True,True,False
3248,Success,True,True,False
3249,Success,True,True,False
325,Success,True,True,False
3251,Success,True,True,False
3254,Success,True,True,False
3255,Success,True,True,False
326,Success,True,True,False
3260,Success,True,True,False
3262,Success,True,True,False
3266,Success,True,True,False
3267,Success,True,True,False
3268,Success,True,True,False
3269,Success,True,True,False
327,Success,True,True,False
3274,Success,True,True,False
3279,Success,True,True,False
328,Success,True,False,False
3283,Success,True,False,False
3285,Success,True,True,False
3287,Success,True,True,False
3288,Success,True,True,False
3290,Success,True,True,False
3291,Success,True,False,False
3294,Success,True,True,False
3297,Success,True,False,False
3299,Success,True,True,False
3302,Success,True,True,False
3304,Success,True,True,False
3305,Success,True,True,False
3306,Success,True,True,False
3307,Success,True,True,False
3308,Success,True,True,False
3309,Success,True,True,False
3310,Success,True,True,False
3312,Success,True,True,False
3314,Success,True,True,False
3317,Success,True,True,False
3318,Success,True,True,False
3323,Success,True,True,False
3324,Success,True,True,False
3329,Success,True,True,False
3330,Success,True,True,False
3331,Success,True,True,False
3332,Success,True,True,False
3333,Success,True,True,False
3334,Success,True,True,False
3335,Success,True,True,False
3336,Success,True,True,False
3337,Success,True,True,False
3338,Success,True,True,False
3339,Success,True,True,False
334,Success,True,True,False
3340,Success,True,True,False
3346,Success,True,True,False
3347,Success,True,True,False
3348,Success,True,True,False
3349,Success,True,True,False
335,Success,True,True,False
3350,Success,True,True,False
3351,Success,True,True,False
3354,Success,True,True,False
3355,Success,True,True,False
3359,Success,True,True,False
3364,Success,True,True,False
3365,Success,True,True,False
3366,Success,True,True,False
3367,Success,True,True,False
3369,Success,True,True,False
3370,Success,True,True,False
3374,Success,True,True,False
3375,Success,True,True,False
3378,Success,True,True,False
3380,Success,True,True,False
3382,Success,True,True,False
3387,Success,True,True,False
3388,Success,True,True,False
3389,Success,True,True,False
339,Success,True,True,False
3390,Success,True,False,False
3392,Success,True,True,False
3395,Success,True,False,False
3398,Success,True,True,False
3399,Success,True,True,False
3400,Success,True,True,False
3401,Success,True,True,False
3402,Success,True,True,False
3407,Success,True,True,False
3409,Success,True,True,False
341,Success,True,True,False
3410,Success,True,True,False
3411,Success,True,True,False
3413,Success,True,True,False
3415,Success,True,True,False
3418,Success,True,True,False
3420,Success,True,False,False
3421,Success,True,True,False
3426,Success,True,True,False
3427,Success,True,True,False
3428,Success,True,True,False
3429,Success,True,True,False
3430,Success,True,True,False
3431,Success,True,True,False
3432,Success,True,True,False
3433,Success,True,True,False
3434,Success,True,True,False
3435,Success,True,True,False
3437,Success,True,True,False
3438,Success,True,True,False
3439,Success,True,True,False
3442,Success,True,True,False
3443,Success,True,True,False
3447,Success,True,False,False
3448,Success,True,True,False
3449,Success,True,True,False
345,Success,True,True,False
3453,Success,True,True,False
346,Success,True,True,False
3461,Success,True,True,False
3464,Success,True,True,False
3465,Success,True,True,False
3466,Success,True,True,False
3468,Success,True,True,False
3469,Success,True,True,False
3470,Success,True,True,False
3471,Success,True,True,False
3472,Success,True,True,False
3473,Success,True,True,False
3475,Success,True,True,False
3476,Success,True,True,False
3477,Success,True,True,False
3478,Success,True,True,False
348,Success,True,True,False
3487,Success,True,False,False
3488,Success,True,False,False
3489,Success,True,True,False
349,Success,True,True,False
3493,Success,True,True,False
3494,Success,True,True,False
3495,Success,True,True,False
3496,Success,True,True,False
3499,Success,True,True,False
350,Success,True,True,False
3500,Success,True,True,False
3501,Success,True,True,False
3505,Success,True,True,False
3506,Success,True,True,False
3512,Success,True,True,False
3513,Success,True,True,False
3514,Success,True,True,False
3515,Success,True,True,False
3516,Success,True,True,False
3517,Success,True,True,False
3518,Success,True,True,False
352,Success,True,True,False
3520,Success,True,True,False
3521,Success,True,True,False
3522,Success,True,True,False
3524,Success,True,True,False
3525,Success,True,True,False
3526,Success,True,True,False
3527,Success,True,True,False
3529,Success,True,False,False
353,Success,True,True,False
3530,Success,True,False,False
3532,Success,True,True,False
3534,Success,True,False,False
3535,Success,True,False,False
3537,Success,True,True,False
3538,Success,True,False,False
3539,Success,True,False,False
354,Success,True,True,False
3540,Success,True,False,False
3547,Success,True,True,False
3548,Success,True,True,False
355,Success,True,True,False
3559,Success,True,True,False
356,Success,True,True,False
3560,Success,True,True,False
3561,Success,True,True,False
3568,Success,True,True,False
3569,Success,True,False,False
357,Success,True,True,False
3572,Success,True,False,False
3573,Success,True,True,False
3574,Success,True,True,False
3575,Success,True,True,False
3576,Success,True,True,False
3577,Success,True,True,False
3578,Success,True,False,False
3579,Success,True,False,False
3580,Success,True,False,False
3581,Success,True,False,False
3583,Success,True,False,False
3585,Success,True,False,False
3587,Success,True,False,False
3590,Success,True,False,False
3592,Success,True,False,False
3594,Success,True,False,False
3595,Success,True,False,False
3596,Success,True,False,False
3599,Success,True,True,False
36,Success,True,True,False
360,Success,True,True,False
3600,Success,True,True,False
3601,Success,True,True,False
3602,Success,True,True,False
3604,Success,True,False,False
3605,Success,True,True,False
3606,Success,True,False,False
3607,Success,True,False,False
3608,Success,True,False,False
3609,Success,True,False,False
361,Success,True,False,False
3611,Success,True,True,False
3612,Success,True,True,False
3613,Success,True,True,False
3614,Success,True,True,False
3615,Success,True,True,False
3616,Success,True,True,False
3618,Success,True,False,False
362,Success,True,True,False
3623,Success,True,True,False
3634,Success,True,True,False
3635,Success,True,True,False
3638,Success,True,True,False
3640,Success,True,True,False
3643,Success,True,True,False
3647,Success,True,True,False
3648,Success,True,True,False
3651,Success,True,True,False
3658,Success,True,True,False
3659,Success,True,False,False
366,Success,True,True,False
3660,Success,True,True,False
3662,Success,True,True,False
3664,Success,True,True,False
3665,Success,True,True,False
3666,Success,True,True,False
3668,Success,True,False,False
3669,Success,True,True,False
367,Success,True,True,False
3670,Success,True,True,False
3671,Success,True,True,False
3672,Success,True,True,False
3673,Success,True,False,False
3675,Success,True,True,False
3676,Success,True,True,False
368,Success,True,True,False
3682,Success,True,True,False
369,Success,True,True,False
3691,Success,True,False,False
3692,Success,True,False,False
3693,Success,True,True,False
3694,Success,True,False,False
3695,Success,True,False,False
3697,Success,True,False,False
370,Success,True,True,False
3701,Success,True,False,False
3702,Success,True,False,False
3704,Success,True,False,False
3706,Success,True,True,False
3707,Success,True,True,False
3708,Success,True,True,False
3709,Success,True,True,False
371,Success,True,True,False
3710,Success,True,True,False
3714,Success,True,True,False
3715,Success,True,True,False
3716,Success,True,True,False
3718,Success,True,True,False
3719,Success,True,True,False
3720,Success,True,True,False
3721,Success,True,True,False
3725,Success,True,True,False
373,Success,True,True,False
3731,Success,True,False,False
3732,Success,True,True,False
3733,Success,True,True,False
3734,Success,True,False,False
3736,Success,True,True,False
3737,Success,True,False,False
3738,Success,True,False,False
3739,Success,True,True,False
3740,Success,True,False,False
3741,Success,True,True,False
3742,Success,True,True,False
3743,Success,True,False,False
3744,Success,True,False,False
3745,Success,True,False,False
3746,Success,True,False,False
3747,Success,True,False,False
3749,Success,True,False,False
375,Success,True,True,False
3750,Success,True,True,False
3751,Success,True,False,False
3752,Success,True,False,False
3753,Success,True,False,False
3756,Success,True,False,False
3759,Success,True,True,False
376,Success,True,True,False
3761,Success,True,True,False
3764,Success,True,False,False
3765,Success,True,False,False
3766,Success,True,False,False
3767,Success,True,False,False
377,Success,True,True,False
3771,Success,True,False,False
3772,Success,True,False,False
3776,Success,True,True,False
378,Success,True,True,False
3784,Success,True,True,False
3785,Success,True,True,False
3787,Success,True,True,False
3788,Success,True,True,False
379,Success,True,True,False
3790,Success,True,True,False
3791,Success,True,True,False
3792,Success,True,True,False
3794,Success,True,False,False
3795,Success,True,False,False
3798,Success,True,True,False
3799,Success,True,True,False
3800,Success,True,True,False
3801,Success,True,True,False
3804,Success,True,True,False
3805,Success,True,True,False
3806,Success,True,True,False
3807,Success,True,True,False
3808,Success,True,True,False
3809,Success,True,True,False
3810,Success,True,True,False
3811,Success,True,True,False
3812,Success,True,True,False
3813,Success,True,True,False
3814,Success,True,True,False
3815,Success,True,True,False
3818,Success,True,True,False
3819,Success,True,True,False
3820,Success,True,True,False
3821,Success,True,False,False
3824,Success,True,True,False
3825,Success,True,True,False
3827,Success,True,True,False
3828,Success,True,False,False
3829,Success,True,True,False
3830,Success,True,True,False
3831,Success,True,True,False
3834,Success,True,True,False
3837,Success,True,True,False
3838,Success,True,True,False
3839,Success,True,True,False
3843,Success,True,True,False
3844,Success,True,True,False
3848,Success,True,True,False
3849,Success,True,True,False
385,Success,True,False,False
3850,Success,True,True,False
3851,Success,True,True,False
3855,Success,True,False,False
3856,Success,True,True,False
3857,Success,True,False,False
3861,Success,True,True,False
3862,Success,True,True,False
3863,Success,True,True,False
3866,Success,True,True,False
3869,Success,True,True,False
3872,Success,True,True,False
3877,Success,True,True,False
388,Success,True,True,False
3880,Success,True,True,False
3881,Success,True,True,False
3883,Success,True,True,False
3884,Success,True,False,False
3885,Success,True,True,False
3887,Success,True,True,False
3888,Success,True,True,False
389,Success,True,True,False
3890,Success,True,True,False
3891,Success,True,True,False
3892,Success,True,True,False
3893,Success,True,True,False
3894,Success,True,True,False
39,Success,True,True,False
390,Success,True,True,False
3901,Success,True,False,False
3903,Success,True,True,False
3904,Success,True,True,False
3906,Success,True,True,False
3908,Success,True,False,False
3909,Success,True,True,False
3910,Success,True,True,False
3911,Success,True,True,False
3912,Success,True,True,False
3913,Success,True,True,False
3919,Success,True,True,False
392,Success,True,True,False
3925,Success,True,True,False
3927,Success,True,True,False
3928,Success,True,True,False
3929,Success,True,False,False
393,Success,True,True,False
3931,Success,True,True,False
3933,Success,True,True,False
3937,Success,True,True,False
394,Success,True,False,False
3940,Success,True,True,False
3944,Success,True,True,False
3945,Success,True,True,False
3948,Success,True,True,False
395,Success,True,True,False
3951,Success,True,True,False
3952,Success,True,True,False
3953,Success,True,True,False
3955,Success,True,True,False
3956,Success,True,True,False
3957,Success,True,True,False
3958,Success,True,True,False
3959,Success,True,True,False
396,Success,True,True,False
3960,Success,True,False,False
3962,Success,True,False,False
3964,Success,True,False,False
3965,Success,True,False,False
3966,Success,True,False,False
3969,Success,True,True,False
397,Success,True,True,False
3970,Success,True,False,False
3971,Success,True,True,False
3975,Success,True,False,False
3976,Success,True,False,False
3979,Success,True,False,False
398,Success,True,False,False
3982,Success,True,True,False
3984,Success,True,True,False
3987,Success,True,False,False
3988,Success,True,False,False
3989,Success,True,False,False
399,Success,True,False,False
3990,Success,True,False,False
3991,Success,True,False,False
3993,Success,True,False,False
3996,Success,True,False,False
3997,Success,True,False,False
3998,Success,True,False,False
4,Success,True,True,False
40,Success,True,False,False
4001,Success,True,True,False
4002,Success,True,True,False
4004,Success,True,True,False
401,Success,True,False,False
403,Success,True,True,False
404,Success,True,True,False
405,Success,True,True,False
4051,Success,True,False,False
4053,Success,True,True,False
406,Success,True,True,False
4066,Success,True,True,False
4067,Success,True,True,False
4068,Success,True,True,False
407,Success,True,True,False
4074,Success,True,True,False
4075,Success,True,True,False
4076,Success,True,True,False
4077,Success,True,True,False
4078,Success,True,True,False
408,Success,True,False,False
4085,Success,True,True,False
4095,Success,True,True,False
4098,Success,True,True,False
41,Success,True,False,False
410,Success,True,True,False
4108,Success,True,False,False
411,Success,True,False,False
4110,Success,True,True,False
4111,Success,True,True,False
4112,Success,True,True,False
4114,Success,True,True,False
4115,Success,True,True,False
4117,Success,True,True,False
4118,Success,True,True,False
4120,Success,True,True,False
4121,Success,True,True,False
4122,Success,True,True,False
4123,Success,True,True,False
4126,Success,True,False,False
4129,Success,True,False,False
413,Success,True,True,False
4132,Success,True,True,False
4135,Success,True,True,False
4136,Success,True,False,False
4138,Success,True,True,False
4139,Success,True,True,False
4140,Success,True,True,False
4145,Success,True,True,False
4147,Success,True,True,False
4148,Success,True,True,False
415,Success,True,False,False
4155,Success,True,True,False
4156,Success,True,True,False
416,Success,True,False,False
4161,Success,True,True,False
4166,Success,True,True,False
4167,Success,True,True,False
4168,Success,True,False,False
417,Success,True,True,False
4171,Success,True,True,False
418,Success,True,False,False
4180,Success,True,False,False
4186,Success,True,False,False
4187,Success,True,False,False
4188,Success,True,True,False
4192,Success,True,False,False
4194,Success,True,True,False
4195,Success,True,False,False
4196,Success,True,True,False
4197,Success,True,True,False
4199,Success,True,False,False
420,Success,True,True,False
4200,Success,True,True,False
4204,Success,True,False,False
4209,Success,True,False,False
421,Success,True,True,False
4218,Success,True,False,False
4225,Success,True,False,False
4230,Success,True,False,False
4231,Success,True,False,False
4237,Success,True,True,False
4241,Success,True,True,False
4242,Success,True,True,False
4243,Success,True,True,False
4244,Success,True,True,False
4245,Success,True,True,False
4246,Success,True,True,False
4247,Success,True,True,False
4248,Success,True,True,False
4252,Success,True,True,False
4253,Success,True,True,False
4258,Success,True,True,False
426,Success,True,True,False
4260,Success,True,True,False
4266,Success,True,False,False
427,Success,True,False,False
4275,Success,True,True,False
4276,Success,True,True,False
4277,Success,True,True,False
4278,Success,True,True,False
4279,Success,True,True,False
428,Success,True,True,False
4285,Success,True,False,False
4289,Success,True,True,False
4290,Success,True,True,False
4291,Success,True,True,False
4292,Success,True,True,False
4293,Success,True,True,False
4294,Success,True,True,False
4295,Success,True,True,False
4296,Success,True,True,False
4297,Success,True,True,False
4298,Success,True,True,False
43,Success,True,True,False
430,Success,True,True,False
4301,Success,True,True,False
4304,Success,True,False,False
4306,Success,True,True,False
4307,Success,True,True,False
4308,Success,True,True,False
4309,Success,True,False,False
431,Success,True,True,False
4310,Success,True,False,False
4318,Success,True,True,False
4319,Success,True,True,False
4320,Success,True,True,False
4321,Success,True,True,False
4322,Success,True,True,False
4325,Success,True,True,False
4326,Success,True,True,False
4327,Success,True,False,False
4329,Success,True,True,False
433,Success,True,False,False
4333,Success,True,True,False
4334,Success,True,False,False
4335,Success,True,False,False
4336,Success,True,False,False
4337,Success,True,False,False
4338,Success,True,False,False
4339,Success,True,True,False
434,Success,True,True,False
4341,Success,True,True,False
4342,Success,True,True,False
4343,Success,True,True,False
4344,Success,True,True,False
4345,Success,True,True,False
4346,Success,True,True,False
4347,Success,True,True,False
4348,Success,True,True,False
4349,Success,True,False,False
435,Success,True,True,False
4350,Success,True,True,False
4351,Success,True,True,False
4352,Success,True,True,False
4353,Success,True,True,False
4356,Success,True,True,False
4357,Success,True,True,False
4358,Success,True,True,False
4359,Success,True,True,False
436,Success,True,True,False
4360,Success,True,True,False
4363,Success,True,True,False
4364,Success,True,True,False
4365,Success,True,True,False
4366,Success,True,True,False
4367,Success,True,True,False
4368,Success,True,True,False
4369,Success,True,True,False
437,Success,True,True,False
4370,Success,True,True,False
4372,Success,True,True,False
4373,Success,True,True,False
4376,Success,True,True,False
4381,Success,True,False,False
4382,Success,True,False,False
4383,Success,True,True,False
4386,Success,True,True,False
4387,Success,True,True,False
439,Success,True,True,False
4390,Success,True,True,False
4391,Success,True,True,False
4395,Success,True,True,False
4396,Success,True,True,False
4397,Success,True,True,False
4398,Success,True,True,False
4399,Success,True,True,False
440,Success,True,False,False
4402,Success,True,True,False
4407,Success,True,True,False
4408,Success,True,True,False
4409,Success,True,True,False
441,Success,True,True,False
4411,Success,True,True,False
4412,Success,True,True,False
4413,Success,True,True,False
4415,Success,True,True,False
4416,Success,True,True,False
4417,Success,True,True,False
4419,Success,True,False,False
442,Success,True,True,False
4420,Success,True,False,False
4422,Success,True,True,False
4426,Success,True,True,False
4427,Success,True,True,False
4428,Success,True,True,False
4429,Success,True,True,False
443,Success,True,True,False
4436,Success,True,True,False
4437,Success,True,True,False
4438,Success,True,True,False
4439,Success,True,True,False
4440,Success,True,True,False
4441,Success,True,True,False
4445,Success,True,True,False
4446,Success,True,True,False
4447,Success,True,True,False
4448,Success,True,True,False
445,Success,True,True,False
4450,Success,True,True,False
4455,Success,True,True,False
4456,Success,True,True,False
4457,Success,True,False,False
4459,Success,True,False,False
4460,Success,True,True,False
4465,Success,True,True,False
4470,Success,True,False,False
4471,Success,True,True,False
4479,Success,True,True,False
4480,Success,True,False,False
4483,Success,True,True,False
4488,Success,True,False,False
449,Success,True,True,False
4490,Success,True,True,False
4492,Success,True,True,False
4493,Success,True,False,False
4494,Success,True,False,False
4495,Success,True,False,False
4496,Success,True,False,False
4497,Success,True,True,False
4498,Success,True,True,False
4499,Success,True,True,False
450,Success,True,True,False
4502,Success,True,True,False
4503,Success,True,True,False
4504,Success,True,True,False
4506,Success,True,True,False
4508,Success,True,False,False
451,Success,True,True,False
4510,Success,True,False,False
4511,Success,True,False,False
4512,Success,True,False,False
4517,Success,True,True,False
4518,Success,True,False,False
4519,Success,True,False,False
4520,Success,True,True,False
4521,Success,True,True,False
4525,Success,True,True,False
4526,Success,True,False,False
453,Success,True,True,False
454,Success,True,True,False
4545,Success,True,True,False
4551,Success,True,True,False
4559,Success,True,True,False
4560,Success,True,True,False
4561,Success,True,False,False
4562,Success,True,False,False
4563,Success,True,False,False
4564,Success,True,True,False
4565,Success,True,False,False
4566,Success,True,False,False
4567,Success,True,True,False
4568,Success,True,True,False
457,Success,True,False,False
4570,Success,True,False,False
4571,Success,True,False,False
4573,Success,True,True,False
4574,Success,True,False,False
4575,Success,True,False,False
4576,Success,True,False,False
4578,Success,True,True,False
4579,Success,True,True,False
458,Success,True,True,False
4580,Success,True,True,False
4582,Success,True,True,False
4583,Success,True,True,False
4584,Success,True,True,False
4585,Success,True,True,False
4587,Success,True,False,False
459,Success,True,False,False
4590,Success,True,True,False
4592,Success,True,True,False
4594,Success,True,True,False
4595,Success,True,True,False
4596,Success,True,True,False
4597,Success,True,False,False
4599,Success,True,False,False
4606,Success,True,True,False
4608,Success,True,True,False
4609,Success,True,True,False
461,Success,True,True,False
4611,Success,True,False,False
4612,Success,True,False,False
4613,Success,True,True,False
4614,Success,True,True,False
4617,Success,True,True,False
4621,Success,True,True,False
4622,Success,True,False,False
4623,Success,True,False,False
4626,Success,True,True,False
4638,Success,True,True,False
4639,Success,True,True,False
464,Success,True,False,False
4640,Success,True,True,False
4641,Success,True,True,False
4643,Success,True,True,False
4645,Success,True,True,False
4646,Success,True,True,False
4648,Success,True,True,False
4649,Success,True,True,False
465,Success,True,False,False
4650,Success,True,True,False
4651,Success,True,True,False
4653,Success,True,True,False
4654,Success,True,True,False
4655,Success,True,True,False
4656,Success,True,True,False
4657,Success,True,True,False
4658,Success,True,True,False
4659,Success,True,False,False
466,Success,True,False,False
4662,Success,True,True,False
4664,Success,True,True,False
4665,Success,True,False,False
4666,Success,True,False,False
4667,Success,True,True,False
4668,Success,True,True,False
4669,Success,True,True,False
4670,Success,True,False,False
4671,Success,True,False,False
4672,Success,True,True,False
4674,Success,True,False,False
4675,Success,True,True,False
4677,Success,True,True,False
4679,Success,True,True,False
4680,Success,True,True,False
4681,Success,True,False,False
4682,Success,True,True,False
4683,Success,True,True,False
4684,Success,True,True,False
4685,Success,True,True,False
4687,Success,True,True,False
4688,Success,True,True,False
4689,Success,True,True,False
4690,Success,True,True,False
4691,Success,True,True,False
4697,Success,True,True,False
47,Success,True,False,False
4701,Success,True,True,False
4703,Success,True,True,False
4705,Success,True,False,False
4706,Success,True,True,False
4707,Success,True,True,False
4708,Success,True,True,False
4717,Success,True,True,False
4718,Success,True,True,False
4719,Success,True,True,False
472,Success,True,True,False
4720,Success,True,True,False
4721,Success,True,True,False
4722,Success,True,True,False
4723,Success,True,False,False
4724,Success,True,True,False
4725,Success,True,True,False
4726,Success,True,True,False
473,Success,True,True,False
4732,Success,True,True,False
4734,Success,True,True,False
4735,Success,True,True,False
4736,Success,True,True,False
4737,Success,True,True,False
4738,Success,True,True,False
4739,Success,True,True,False
4740,Success,True,True,False
4741,Success,True,True,False
4742,Success,True,True,False
4743,Success,True,True,False
4745,Success,True,True,False
4746,Success,True,True,False
4747,Success,True,True,False
4748,Success,True,True,False
4749,Success,True,True,False
475,Success,True,False,False
4752,Success,True,True,False
4756,Success,True,True,False
4757,Success,True,True,False
4758,Success,True,True,False
4759,Success,True,True,False
4760,Success,True,True,False
4762,Success,True,True,False
4763,Success,True,True,False
4764,Success,True,True,False
4765,Success,True,False,False
4766,Success,True,False,False
4767,Success,True,False,False
4778,Success,True,True,False
4779,Success,True,True,False
478,Success,True,True,False
4781,Success,True,False,False
4783,Success,True,True,False
4784,Success,True,True,False
4786,Success,True,False,False
48,Success,True,True,False
4807,Success,True,False,False
4809,Success,True,True,False
481,Success,True,True,False
4814,Success,True,False,False
4815,Success,True,False,False
4817,Success,True,False,False
4818,Success,True,False,False
4819,Success,True,False,False
482,Success,True,True,False
4820,Success,True,False,False
4821,Success,True,False,False
4822,Success,True,False,False
4823,Success,True,False,False
4826,Success,True,False,False
4828,Success,True,False,False
4829,Success,True,False,False
4830,Success,True,False,False
4831,Success,True,False,False
4832,Success,True,True,False
4833,Success,True,False,False
4834,Success,True,False,False
4835,Success,True,True,False
4837,Success,True,False,False
4838,Success,True,True,False
4839,Success,True,True,False
4841,Success,True,False,False
4843,Success,True,False,False
4845,Success,True,False,False
4846,Success,True,False,False
4847,Success,True,False,False
4848,Success,True,False,False
4849,Success,True,False,False
4850,Success,True,False,False
4851,Success,True,True,False
4852,Success,True,False,False
4853,Success,True,False,False
4854,Success,True,True,False
4855,Success,True,False,False
4856,Success,True,True,False
4857,Success,True,False,False
4859,Success,True,False,False
4860,Success,True,False,False
4861,Success,True,False,False
4864,Success,True,True,False
4866,Success,True,False,False
4867,Success,True,False,False
4868,Success,True,False,False
4869,Success,True,False,False
487,Success,True,True,False
4870,Success,True,False,False
4871,Success,True,False,False
4872,Success,True,False,False
4874,Success,True,True,False
4875,Success,True,False,False
4876,Success,True,False,False
4877,Success,True,False,False
4878,Success,True,False,False
488,Success,True,True,False
489,Success,True,False,False
4894,Success,True,True,False
4895,Success,True,True,False
4896,Success,True,True,False
4897,Success,True,False,False
4898,Success,True,False,False
4899,Success,True,False,False
4900,Success,True,False,False
4901,Success,True,False,False
4902,Success,True,False,False
4903,Success,True,False,False
4905,Success,True,True,False
4906,Success,True,False,False
4907,Success,True,True,False
4908,Success,True,True,False
4909,Success,True,False,False
4910,Success,True,False,False
4918,Success,True,False,False
4920,Success,True,False,False
4921,Success,True,True,False
4922,Success,True,False,False
4923,Success,True,False,False
4925,Success,True,True,False
4926,Success,True,False,False
4927,Success,True,False,False
4928,Success,True,True,False
4929,Success,True,False,False
4930,Success,True,False,False
4932,Success,True,False,False
4935,Success,True,True,False
4936,Success,True,False,False
4937,Success,True,False,False
4939,Success,True,True,False
494,Success,True,True,False
4941,Success,True,True,False
4942,Success,True,False,False
4943,Success,True,True,False
4944,Success,True,True,False
4948,Success,True,False,False
4949,Success,True,False,False
495,Success,True,True,False
4952,Success,True,False,False
4955,Success,True,True,False
496,Success,True,False,False
4961,Success,True,False,False
4962,Success,True,False,False
4963,Success,True,True,False
4965,Success,True,True,False
4966,Success,True,True,False
4967,Success,True,True,False
4968,Success,True,True,False
4969,Success,True,True,False
497,Success,True,True,False
4970,Success,True,True,False
4971,Success,True,True,False
4972,Success,True,True,False
4975,Success,True,True,False
4976,Success,True,True,False
498,Success,True,False,False
4982,Success,True,True,False
4986,Success,True,False,False
4989,Success,True,True,False
499,Success,True,True,False
4993,Success,True,True,False
4994,Success,True,True,False
4999,Success,True,True,False
5000,Success,True,True,False
5004,Success,True,False,False
5008,Success,True,False,False
5009,Success,True,True,False
501,Success,True,True,False
5018,Success,True,True,False
502,Success,True,True,False
503,Success,True,True,False
5059,Success,True,True,False
506,Success,True,True,False
5060,Success,True,True,False
5061,Success,True,True,False
5062,Success,True,True,False
5063,Success,True,True,False
5064,Success,True,True,False
5067,Success,True,True,False
5069,Success,True,True,False
507,Success,True,True,False
5071,Success,True,True,False
5072,Success,True,True,False
5073,Success,True,False,False
5074,Success,True,True,False
5075,Success,True,True,False
5076,Success,True,True,False
508,Success,True,True,False
5082,Success,True,True,False
5084,Success,True,False,False
5087,Success,True,True,False
5088,Success,True,False,False
5089,Success,True,True,False
509,Success,True,False,False
5090,Success,True,True,False
5091,Success,True,True,False
5092,Success,True,True,False
5097,Success,True,False,False
5099,Success,True,True,False
510,Success,True,True,False
5100,Success,True,True,False
5105,Success,True,False,False
511,Success,True,True,False
5110,Success,True,False,False
5111,Success,True,False,False
5113,Success,True,True,False
5114,Success,True,True,False
5115,Success,True,False,False
5116,Success,True,True,False
5117,Success,True,True,False
5120,Success,True,True,False
5127,Success,True,True,False
5129,Success,True,True,False
513,Success,True,True,False
5131,Success,True,True,False
5132,Success,True,False,False
5133,Success,True,True,False
514,Success,True,True,False
5143,Success,True,True,False
5144,Success,True,True,False
5145,Success,True,True,False
5146,Success,True,True,False
5147,Success,True,True,False
515,Success,True,False,False
5158,Success,True,True,False
5159,Success,True,True,False
516,Success,True,False,False
5162,Success,True,True,False
5164,Success,True,False,False
5166,Success,True,True,False
5168,Success,True,True,False
517,Success,True,False,False
5172,Success,True,False,False
5176,Success,True,True,False
5177,Success,True,True,False
5178,Success,True,True,False
5179,Success,True,True,False
518,Success,True,False,False
5180,Success,True,True,False
5181,Success,True,True,False
5182,Success,True,True,False
5185,Success,True,True,False
5188,Success,True,True,False
5189,Success,True,True,False
519,Success,True,False,False
5190,Success,True,True,False
5195,Success,True,False,False
5199,Success,True,True,False
52,Success,True,True,False
5200,Success,True,True,False
5202,Success,True,True,False
5203,Success,True,True,False
5204,Success,True,True,False
5205,Success,True,True,False
5206,Success,True,True,False
5207,Success,True,True,False
5208,Success,True,True,False
5209,Success,True,True,False
5210,Success,True,True,False
5211,Success,True,True,False
5216,Success,True,False,False
5218,Success,True,True,False
522,Success,True,True,False
5222,Success,True,False,False
5223,Success,True,True,False
5224,Success,True,True,False
5225,Success,True,True,False
5226,Success,True,True,False
5227,Success,True,True,False
523,Success,True,True,False
5234,Success,True,True,False
5235,Success,True,True,False
5237,Success,True,False,False
5238,Success,True,False,False
5239,Success,True,False,False
524,Success,True,True,False
5240,Success,True,False,False
5241,Success,True,False,False
5242,Success,True,True,False
5243,Success,True,True,False
5245,Success,True,True,False
5246,Success,True,False,False
5247,Success,True,True,False
5249,Success,True,True,False
525,Success,True,True,False
5250,Success,True,True,False
5252,Success,True,True,False
5256,Success,True,True,False
526,Success,True,True,False
5263,Success,True,True,False
5264,Success,True,True,False
5265,Success,True,True,False
5266,Success,True,False,False
5267,Success,True,False,False
5268,Success,True,True,False
5269,Success,True,False,False
5270,Success,True,True,False
5271,Success,True,False,False
5272,Success,True,False,False
5273,Success,True,False,False
5277,Success,True,True,False
5281,Success,True,False,False
5282,Success,True,False,False
5289,Success,True,True,False
529,Success,True,True,False
5293,Success,True,True,False
5297,Success,True,True,False
530,Success,True,False,False
5300,Success,True,True,False
5301,Success,True,True,False
5302,Success,True,True,False
5303,Success,True,True,False
5304,Success,True,True,False
5309,Success,True,True,False
531,Success,True,True,False
5312,Success,True,True,False
5313,Success,True,False,False
5314,Success,True,True,False
5315,Success,True,True,False
5316,Success,True,True,False
5317,Success,True,True,False
5318,Success,True,True,False
5319,Success,True,True,False
532,Success,True,True,False
5320,Success,True,True,False
5321,Success,True,False,False
5322,Success,True,False,False
5323,Success,True,False,False
5324,Success,True,True,False
5327,Success,True,True,False
5329,Success,True,True,False
533,Success,True,True,False
5331,Success,True,True,False
5333,Success,True,True,False
5334,Success,True,True,False
5335,Success,True,True,False
5336,Success,True,True,False
5338,Success,True,True,False
534,Success,True,True,False
5340,Success,True,True,False
5341,Success,True,True,False
5343,Success,True,False,False
5346,Success,True,True,False
5347,Success,True,True,False
5348,Success,True,True,False
5349,Success,True,True,False
535,Success,True,True,False
5353,Success,True,True,False
5354,Success,True,False,False
5355,Success,True,False,False
5356,Success,True,True,False
5357,Success,True,True,False
5358,Success,True,True,False
5359,Success,True,False,False
536,Success,True,True,False
5360,Success,True,False,False
5361,Success,True,True,False
5362,Success,True,False,False
537,Success,True,False,False
5370,Success,True,False,False
5371,Success,True,False,False
5373,Success,True,True,False
5384,Success,True,True,False
5386,Success,True,False,False
5388,Success,True,True,False
5389,Success,True,True,False
539,Success,True,False,False
5395,Success,True,True,False
5396,Success,True,True,False
5397,Success,True,True,False
5398,Success,True,True,False
5399,Success,True,True,False
5405,Success,True,True,False
5406,Success,True,True,False
541,Success,True,True,False
5411,Success,True,False,False
5412,Success,True,True,False
5414,Success,True,True,False
5418,Success,True,True,False
5419,Success,True,True,False
542,Success,True,False,False
5420,Success,True,True,False
5421,Success,True,True,False
5422,Success,True,True,False
5423,Success,True,True,False
543,Success,True,False,False
5440,Success,True,True,False
5441,Success,True,True,False
5442,Success,True,True,False
5443,Success,True,False,False
5444,Success,True,True,False
5447,Success,True,False,False
5450,Success,True,False,False
5452,Success,True,True,False
5453,Success,True,False,False
5454,Success,True,False,False
5455,Success,True,False,False
5457,Success,True,False,False
5459,Success,True,True,False
5460,Success,True,True,False
5461,Success,True,True,False
5462,Success,True,True,False
5463,Success,True,True,False
5464,Success,True,True,False
5465,Success,True,True,False
5467,Success,True,True,False
5468,Success,True,False,False
547,Success,True,True,False
5470,Success,True,True,False
5471,Success,True,True,False
5472,Success,True,False,False
5474,Success,True,True,False
5476,Success,True,True,False
548,Success,True,False,False
5483,Success,True,False,False
5484,Success,True,True,False
5485,Success,True,True,False
5486,Success,True,True,False
5487,Success,True,False,False
5488,Success,True,True,False
549,Success,True,True,False
5490,Success,True,True,False
5491,Success,True,True,False
5492,Success,True,True,False
5495,Success,True,True,False
5497,Success,True,True,False
5498,Success,True,True,False
5499,Success,True,True,False
550,Success,True,True,False
5500,Success,True,True,False
5501,Success,True,True,False
5502,Success,True,True,False
5504,Success,True,True,False
5505,Success,True,False,False
5507,Success,True,True,False
551,Success,True,False,False
5510,Success,True,True,False
5511,Success,True,True,False
5513,Success,True,True,False
5514,Success,True,True,False
5515,Success,True,True,False
5516,Success,True,True,False
5517,Success,True,True,False
5518,Success,True,True,False
5519,Success,True,True,False
552,Success,True,False,False
5520,Success,True,True,False
5521,Success,True,True,False
5523,Success,True,True,False
5524,Success,True,True,False
5525,Success,True,True,False
5527,Success,True,True,False
5529,Success,True,False,False
553,Success,True,True,False
5530,Success,True,True,False
5531,Success,True,True,False
5532,Success,True,False,False
5533,Success,True,True,False
5536,Success,True,True,False
5537,Success,True,True,False
5538,Success,True,False,False
5539,Success,True,True,False
554,Success,True,False,False
5541,Success,True,True,False
5542,Success,True,True,False
5543,Success,True,True,False
5544,Success,True,True,False
5545,Success,True,True,False
5546,Success,True,True,False
5547,Success,True,True,False
555,Success,True,False,False
5550,Success,True,False,False
5552,Success,True,True,False
5558,Success,True,False,False
5559,Success,True,True,False
5560,Success,True,True,False
5561,Success,True,True,False
5564,Success,True,True,False
5566,Success,True,True,False
5568,Success,True,True,False
5569,Success,True,True,False
557,Success,True,True,False
5572,Success,True,True,False
5573,Success,True,True,False
5574,Success,True,True,False
5575,Success,True,True,False
5576,Success,True,True,False
5577,Success,True,True,False
5578,Success,True,True,False
558,Success,True,True,False
5580,Success,True,True,False
5581,Success,True,True,False
5582,Success,True,True,False
5586,Success,True,False,False
5588,Success,True,False,False
5589,Success,True,True,False
559,Success,True,True,False
5597,Success,True,True,False
5599,Success,True,True,False
560,Success,True,False,False
5600,Success,True,True,False
5601,Success,True,True,False
5605,Success,True,True,False
5606,Success,True,True,False
5609,Success,True,True,False
561,Success,True,False,False
5610,Success,True,True,False
5612,Success,True,True,False
5614,Success,True,True,False
5615,Success,True,True,False
5616,Success,True,True,False
5617,Success,True,True,False
5618,Success,True,True,False
562,Success,True,False,False
5620,Success,True,True,False
5626,Success,True,True,False
5627,Success,True,True,False
5628,Success,True,True,False
5629,Success,True,True,False
5630,Success,True,True,False
5631,Success,True,True,False
5632,Success,True,True,False
5633,Success,True,True,False
5634,Success,True,True,False
5635,Success,True,True,False
5636,Success,True,False,False
5637,Success,True,True,False
5638,Success,True,True,False
564,Success,True,True,False
5640,Success,True,True,False
5641,Success,True,True,False
5642,Success,True,True,False
5646,Success,True,True,False
565,Success,True,False,False
5650,Success,True,True,False
5651,Success,True,True,False
5652,Success,True,True,False
5653,Success,True,True,False
5654,Success,True,True,False
566,Success,True,True,False
5662,Success,True,True,False
5663,Success,True,True,False
5668,Success,True,True,False
567,Success,True,True,False
5671,Success,True,True,False
5676,Success,True,True,False
5677,Success,True,True,False
5678,Success,True,True,False
568,Success,True,True,False
5680,Success,True,True,False
5681,Success,True,True,False
5682,Success,True,True,False
5683,Success,True,True,False
5686,Success,True,False,False
5687,Success,True,False,False
5688,Success,True,False,False
5689,Success,True,True,False
5690,Success,True,True,False
5703,Success,True,True,False
5704,Success,True,True,False
5706,Success,True,True,False
5707,Success,True,True,False
571,Success,True,False,False
5716,Success,True,False,False
5719,Success,True,True,False
572,Success,True,True,False
5720,Success,True,True,False
5721,Success,True,True,False
5725,Success,True,True,False
573,Success,True,True,False
5732,Success,True,True,False
574,Success,True,True,False
5740,Success,True,False,False
5743,Success,True,True,False
5745,Success,True,True,False
5747,Success,True,True,False
5748,Success,True,True,False
575,Success,True,True,False
5750,Success,True,True,False
5759,Success,True,True,False
576,Success,True,True,False
5760,Success,True,True,False
5762,Success,True,True,False
5763,Success,True,True,False
5764,Success,True,True,False
5765,Success,True,True,False
5766,Success,True,True,False
5767,Success,True,True,False
577,Success,True,True,False
578,Success,True,True,False
5781,Success,True,True,False
5782,Success,True,True,False
5785,Success,True,True,False
5786,Success,True,True,False
579,Success,True,True,False
5804,Success,True,True,False
581,Success,True,True,False
582,Success,True,True,False
5837,Success,True,True,False
5838,Success,True,True,False
5839,Success,True,True,False
584,Success,True,True,False
5840,Success,True,True,False
5846,Success,True,True,False
5848,Success,True,False,False
5849,Success,True,False,False
585,Success,True,True,False
5850,Success,True,True,False
5852,Success,True,True,False
586,Success,True,True,False
5860,Success,True,True,False
5869,Success,True,True,False
59,Success,True,True,False
5905,Success,True,True,False
5906,Success,True,True,False
5908,Success,True,True,False
5909,Success,True,True,False
591,Success,True,False,False
5910,Success,True,True,False
5911,Success,True,True,False
5932,Success,True,True,False
5934,Success,True,True,False
5935,Success,True,True,False
5936,Success,True,True,False
5937,Success,True,True,False
5938,Success,True,False,False
5947,Success,True,True,False
5949,Success,True,True,False
5956,Success,True,True,False
5957,Success,True,False,False
5958,Success,True,False,False
5960,Success,True,False,False
597,Success,True,False,False
5974,Success,True,True,False
598,Success,True,False,False
5981,Success,True,True,False
5982,Success,True,True,False
5983,Success,True,True,False
5984,Success,True,True,False
5991,Success,True,True,False
6,Success,True,True,False
600,Success,True,True,False
601,Success,True,True,False
602,Success,True,True,False
6021,Success,True,False,False
6022,Success,True,False,False
6030,Success,True,True,False
6031,Success,True,True,False
6032,Success,True,True,False
6033,Success,True,True,False
6035,Success,True,True,False
6036,Success,True,True,False
604,Success,True,True,False
605,Success,True,True,False
606,Success,True,True,False
607,Success,True,False,False
6078,Success,True,True,False
6079,Success,True,True,False
608,Success,True,True,False
6087,Success,True,True,False
609,Success,True,True,False
61,Success,True,True,False
6102,Success,True,False,False
6113,Success,True,False,False
612,Success,True,True,False
6120,Success,True,True,False
6121,Success,True,True,False
6123,Success,True,True,False
6124,Success,True,True,False
6137,Success,True,True,False
6138,Success,True,True,False
614,Success,True,True,False
6141,Success,True,False,False
6144,Success,True,True,False
6154,Success,True,True,False
6156,Success,True,True,False
6157,Success,True,True,False
6164,Success,True,True,False
6166,Success,True,True,False
6167,Success,True,True,False
6169,Success,True,False,False
617,Success,True,True,False
6171,Success,True,True,False
6172,Success,True,True,False
6174,Success,True,True,False
6175,Success,True,False,False
6177,Success,True,False,False
6178,Success,True,True,False
618,Success,True,True,False
6180,Success,True,True,False
6182,Success,True,True,False
6184,Success,True,True,False
6185,Success,True,True,False
6187,Success,True,True,False
6188,Success,True,False,False
6189,Success,True,True,False
6191,Success,True,True,False
6194,Success,True,True,False
6195,Success,True,True,False
6196,Success,True,True,False
6197,Success,True,True,False
6198,Success,True,True,False
6199,Success,True,True,False
6202,Success,True,True,False
6205,Success,True,True,False
6206,Success,True,True,False
6207,Success,True,True,False
6208,Success,True,True,False
6209,Success,True,True,False
621,Success,True,True,False
6212,Success,True,True,False
6213,Success,True,True,False
6218,Success,True,False,False
622,Success,True,True,False
6223,Success,True,True,False
6224,Success,True,True,False
6225,Success,True,True,False
6226,Success,True,True,False
6228,Success,True,True,False
6229,Success,True,True,False
623,Success,True,True,False
6231,Success,True,True,False
6233,Success,True,True,False
6234,Success,True,True,False
6235,Success,True,False,False
6236,Success,True,True,False
6237,Success,True,True,False
6238,Success,True,True,False
6239,Success,True,True,False
624,Success,True,True,False
6240,Success,True,True,False
6241,Success,True,True,False
6243,Success,True,False,False
6244,Success,True,True,False
6245,Success,True,True,False
6247,Success,True,True,False
625,Success,True,True,False
6251,Success,True,True,False
6253,Success,True,True,False
6254,Success,True,True,False
6257,Success,True,True,False
6258,Success,True,True,False
6259,Success,True,True,False
6260,Success,True,True,False
6262,Success,True,True,False
6263,Success,True,True,False
6264,Success,True,True,False
6265,Success,True,False,False
6266,Success,True,True,False
6267,Success,True,False,False
6268,Success,True,True,False
6269,Success,True,True,False
627,Success,True,True,False
6271,Success,True,False,False
6272,Success,True,True,False
6273,Success,True,False,False
6274,Success,True,True,False
6275,Success,True,False,False
6276,Success,True,True,False
6277,Success,True,False,False
6279,Success,True,True,False
6281,Success,True,False,False
6282,Success,True,True,False
6283,Success,True,True,False
6284,Success,True,False,False
6285,Success,True,True,False
6289,Success,True,True,False
6291,Success,True,True,False
6292,Success,True,True,False
6294,Success,True,True,False
6295,Success,True,True,False
6296,Success,True,True,False
6297,Success,True,True,False
6298,Success,True,False,False
6299,Success,True,False,False
6300,Success,True,True,False
6301,Success,True,False,False
6302,Success,True,True,False
6304,Success,True,True,False
6307,Success,True,True,False
6309,Success,True,True,False
6310,Success,True,True,False
6311,Success,True,True,False
6312,Success,True,True,False
6313,Success,True,False,False
6314,Success,True,True,False
6316,Success,True,True,False
6317,Success,True,True,False
6318,Success,True,True,False
6322,Success,True,True,False
6323,Success,True,False,False
6324,Success,True,False,False
6325,Success,True,False,False
6326,Success,True,False,False
6328,Success,True,False,False
6330,Success,True,False,False
6332,Success,True,False,False
6334,Success,True,True,False
6339,Success,True,True,False
6340,Success,True,True,False
6343,Success,True,True,False
6344,Success,True,True,False
6346,Success,True,True,False
6347,Success,True,True,False
6350,Success,True,True,False
6353,Success,True,True,False
6354,Success,True,True,False
6360,Success,True,True,False
6361,Success,True,True,False
6363,Success,True,True,False
6364,Success,True,True,False
6373,Success,True,True,False
6375,Success,True,True,False
6377,Success,True,True,False
638,Success,True,True,False
6382,Success,True,True,False
6383,Success,True,True,False
6384,Success,True,True,False
6385,Success,True,True,False
6386,Success,True,True,False
6388,Success,True,False,False
6389,Success,True,False,False
6391,Success,True,True,False
6392,Success,True,False,False
6393,Success,True,False,False
6396,Success,True,False,False
6398,Success,True,True,False
6399,Success,True,True,False
64,Success,True,True,False
6401,Success,True,True,False
6402,Success,True,True,False
6404,Success,True,True,False
6405,Success,True,False,False
6406,Success,True,False,False
6408,Success,True,True,False
6409,Success,True,True,False
641,Success,True,True,False
6413,Success,True,True,False
6414,Success,True,True,False
6415,Success,True,False,False
6417,Success,True,True,False
6418,Success,True,True,False
6419,Success,True,True,False
6420,Success,True,True,False
6421,Success,True,True,False
6423,Success,True,True,False
6426,Success,True,True,False
6427,Success,True,True,False
6428,Success,True,True,False
6430,Success,True,True,False
6431,Success,True,False,False
6435,Success,True,True,False
6436,Success,True,True,False
6437,Success,True,True,False
6438,Success,True,True,False
6439,Success,True,True,False
6440,Success,True,True,False
6441,Success,True,True,False
6442,Success,True,False,False
6449,Success,True,True,False
6450,Success,True,True,False
6451,Success,True,True,False
6452,Success,True,True,False
6454,Success,True,True,False
6455,Success,True,True,False
6456,Success,True,True,False
6460,Success,True,True,False
6461,Success,True,True,False
6462,Success,True,True,False
6464,Success,True,False,False
6465,Success,True,True,False
6468,Success,True,True,False
6469,Success,True,True,False
6473,Success,True,True,False
6474,Success,True,True,False
6476,Success,True,True,False
6477,Success,True,True,False
6480,Success,True,True,False
6482,Success,True,True,False
6483,Success,True,True,False
6492,Success,True,True,False
6495,Success,True,False,False
65,Success,True,True,False
650,Success,True,True,False
6500,Success,True,True,False
6506,Success,True,True,False
651,Success,True,True,False
6510,Success,True,True,False
6512,Success,True,True,False
6513,Success,True,True,False
6514,Success,True,False,False
6516,Success,True,True,False
6517,Success,True,True,False
6518,Success,True,True,False
6519,Success,True,True,False
652,Success,True,True,False
6521,Success,True,True,False
6523,Success,True,False,False
6524,Success,True,False,False
6526,Success,True,True,False
6527,Success,True,True,False
653,Success,True,True,False
6530,Success,True,True,False
6533,Success,True,True,False
6534,Success,True,True,False
6535,Success,True,True,False
6536,Success,True,True,False
6537,Success,True,True,False
6538,Success,True,True,False
6539,Success,True,True,False
654,Success,True,True,False
6540,Success,True,False,False
6541,Success,True,True,False
6542,Success,True,True,False
6543,Success,True,True,False
6544,Success,True,True,False
6545,Success,True,False,False
6546,Success,True,False,False
6549,Success,True,True,False
655,Success,True,True,False
6552,Success,True,True,False
6553,Success,True,True,False
6554,Success,True,True,False
6555,Success,True,True,False
6557,Success,True,False,False
6558,Success,True,True,False
6560,Success,True,True,False
6564,Success,True,True,False
6566,Success,True,True,False
6570,Success,True,True,False
6571,Success,True,True,False
6576,Success,True,True,False
6578,Success,True,True,False
658,Success,True,True,False
6580,Success,True,True,False
6581,Success,True,True,False
6582,Success,True,True,False
6584,Success,True,True,False
6586,Success,True,True,False
6588,Success,True,True,False
6589,Success,True,False,False
6593,Success,True,False,False
6594,Success,True,True,False
6595,Success,True,True,False
6596,Success,True,True,False
6597,Success,True,True,False
6598,Success,True,True,False
6599,Success,True,True,False
66,Success,True,True,False
660,Success,True,True,False
6600,Success,True,True,False
6602,Success,True,True,False
6603,Success,True,True,False
6605,Success,True,True,False
6606,Success,True,False,False
6608,Success,True,True,False
6610,Success,True,False,False
6612,Success,True,False,False
6617,Success,True,True,False
6618,Success,True,True,False
6619,Success,True,True,False
662,Success,True,True,False
6621,Success,True,True,False
6622,Success,True,True,False
6625,Success,True,False,False
6627,Success,True,True,False
663,Success,True,True,False
6630,Success,True,True,False
6632,Success,True,True,False
6634,Success,True,True,False
6635,Success,True,True,False
664,Success,True,True,False
6642,Success,True,False,False
6643,Success,True,True,False
6644,Success,True,True,False
6646,Success,True,True,False
6647,Success,True,True,False
6648,Success,True,True,False
6649,Success,True,False,False
665,Success,True,True,False
6650,Success,True,True,False
6652,Success,True,True,False
6654,Success,True,False,False
6655,Success,True,False,False
6658,Success,True,True,False
6659,Success,True,True,False
6660,Success,True,True,False
6661,Success,True,True,False
6663,Success,True,False,False
6666,Success,True,False,False
6667,Success,True,True,False
6668,Success,True,True,False
6669,Success,True,True,False
6670,Success,True,False,False
6671,Success,True,True,False
6672,Success,True,True,False
6673,Success,True,True,False
6674,Success,True,True,False
6675,Success,True,True,False
6676,Success,True,False,False
6678,Success,True,True,False
6679,Success,True,True,False
668,Success,True,True,False
6680,Success,True,True,False
6681,Success,True,True,False
6683,Success,True,False,False
6686,Success,True,True,False
6687,Success,True,True,False
6689,Success,True,True,False
669,Success,True,True,False
6690,Success,True,True,False
6691,Success,True,True,False
6692,Success,True,True,False
6693,Success,True,True,False
6694,Success,True,True,False
6696,Success,True,True,False
6697,Success,True,True,False
6698,Success,True,True,False
6699,Success,True,True,False
6704,Success,True,True,False
6707,Success,True,True,False
6708,Success,True,False,False
6710,Success,True,True,False
6712,Success,True,True,False
6713,Success,True,True,False
6715,Success,True,True,False
6716,Success,True,True,False
6720,Success,True,True,False
6721,Success,True,True,False
6722,Success,True,True,False
6724,Success,True,False,False
6729,Success,True,True,False
6731,Success,True,True,False
6733,Success,True,False,False
6734,Success,True,False,False
674,Success,True,True,False
6747,Success,True,True,False
6748,Success,True,True,False
6751,Success,True,True,False
6752,Success,True,True,False
6753,Success,True,True,False
6756,Success,True,False,False
6758,Success,True,True,False
6760,Success,True,True,False
6764,Success,True,True,False
6768,Success,True,True,False
6771,Success,True,True,False
6775,Success,True,True,False
6777,Success,True,True,False
6779,Success,True,True,False
6791,Success,True,True,False
6792,Success,True,True,False
6795,Success,True,True,False
68,Success,True,True,False
6803,Success,True,True,False
6808,Success,True,True,False
6809,Success,True,True,False
681,Success,True,True,False
6811,Success,True,False,False
6812,Success,True,False,False
6815,Success,True,True,False
6816,Success,True,True,False
6817,Success,True,True,False
6818,Success,True,True,False
6819,Success,True,True,False
6824,Success,True,True,False
6825,Success,True,True,False
6826,Success,True,True,False
6827,Success,True,True,False
6832,Success,True,True,False
6833,Success,True,True,False
6834,Success,True,True,False
6835,Success,True,True,False
6836,Success,True,True,False
6837,Success,True,True,False
6846,Success,True,True,False
6847,Success,True,True,False
6848,Success,True,True,False
6849,Success,True,True,False
685,Success,True,True,False
6854,Success,True,True,False
6861,Success,True,False,False
6869,Success,True,True,False
6870,Success,True,True,False
6871,Success,True,True,False
6872,Success,True,True,False
6873,Success,True,True,False
6877,Success,True,True,False
6878,Success,True,True,False
6879,Success,True,True,False
688,Success,True,True,False
6880,Success,True,True,False
6881,Success,True,True,False
6888,Success,True,True,False
6892,Success,True,True,False
6898,Success,True,True,False
6899,Success,True,True,False
69,Success,True,True,False
6901,Success,True,True,False
6902,Success,True,True,False
6903,Success,True,True,False
6904,Success,True,True,False
6905,Success,True,True,False
6906,Success,True,True,False
6907,Success,True,True,False
6908,Success,True,True,False
6910,Success,True,True,False
6911,Success,True,True,False
6912,Success,True,False,False
6913,Success,True,False,False
6917,Success,True,True,False
6924,Success,True,True,False
6925,Success,True,True,False
6926,Success,True,True,False
6927,Success,True,True,False
693,Success,True,True,False
6930,Success,True,True,False
6935,Success,True,True,False
6936,Success,True,True,False
6937,Success,True,True,False
6938,Success,True,True,False
6939,Success,True,True,False
694,Success,True,True,False
6940,Success,True,True,False
6941,Success,True,True,False
6942,Success,True,True,False
6944,Success,True,False,False
6945,Success,True,True,False
6946,Success,True,True,False
695,Success,True,True,False
6950,Success,True,True,False
6951,Success,True,False,False
6954,Success,True,True,False
6955,Success,True,True,False
6956,Success,True,True,False
6957,Success,True,True,False
6958,Success,True,True,False
6959,Success,True,True,False
6960,Success,True,True,False
6961,Success,True,True,False
6962,Success,True,True,False
6963,Success,True,True,False
6964,Success,True,False,False
6966,Success,True,True,False
6967,Success,True,True,False
6969,Success,True,False,False
6970,Success,True,False,False
6973,Success,True,False,False
6974,Success,True,True,False
6975,Success,True,True,False
6976,Success,True,True,False
6977,Success,True,True,False
6978,Success,True,True,False
6979,Success,True,True,False
6980,Success,True,True,False
6981,Success,True,True,False
6982,Success,True,True,False
6983,Success,True,True,False
6987,Success,True,True,False
6988,Success,True,True,False
6989,Success,True,True,False
6990,Success,True,True,False
6991,Success,True,True,False
6992,Success,True,True,False
6993,Success,True,True,False
6994,Success,True,True,False
6996,Success,True,True,False
6997,Success,True,True,False
6998,Success,True,False,False
6999,Success,True,True,False
70,Success,True,True,False
7004,Success,True,True,False
7005,Success,True,True,False
7007,Success,True,True,False
7008,Success,True,True,False
7009,Success,True,True,False
7010,Success,True,True,False
7011,Success,True,True,False
7012,Success,True,True,False
7016,Success,True,True,False
7019,Success,True,True,False
7020,Success,True,True,False
7021,Success,True,True,False
7023,Success,True,False,False
7026,Success,True,True,False
7027,Success,True,False,False
7028,Success,True,False,False
7031,Success,True,False,False
7039,Success,True,True,False
704,Success,True,True,False
7041,Success,True,False,False
7043,Success,True,True,False
7044,Success,True,False,False
7045,Success,True,True,False
7046,Success,True,True,False
7047,Success,True,True,False
7048,Success,True,True,False
7049,Success,True,True,False
705,Success,True,True,False
7050,Success,True,True,False
7051,Success,True,True,False
7052,Success,True,False,False
7053,Success,True,False,False
7058,Success,True,True,False
7059,Success,True,True,False
7060,Success,True,True,False
7061,Success,True,True,False
7062,Success,True,True,False
7063,Success,True,True,False
7065,Success,True,True,False
7066,Success,True,True,False
7068,Success,True,True,False
7069,Success,True,True,False
7070,Success,True,True,False
7072,Success,True,True,False
7073,Success,True,True,False
7074,Success,True,True,False
7075,Success,True,True,False
7076,Success,True,True,False
7077,Success,True,True,False
7078,Success,True,True,False
7079,Success,True,True,False
7080,Success,True,True,False
7081,Success,True,True,False
7085,Success,True,True,False
7088,Success,True,True,False
7089,Success,True,True,False
7090,Success,True,True,False
7092,Success,True,True,False
7093,Success,True,True,False
7097,Success,True,True,False
7098,Success,True,True,False
7099,Success,True,True,False
71,Success,True,True,False
7100,Success,True,True,False
7101,Success,True,True,False
7102,Success,True,True,False
7103,Success,True,True,False
7104,Success,True,True,False
7105,Success,True,True,False
7108,Success,True,True,False
7109,Success,True,True,False
7111,Success,True,True,False
7113,Success,True,True,False
7114,Success,True,True,False
7115,Success,True,True,False
7116,Success,True,True,False
7117,Success,True,True,False
7121,Success,True,True,False
7122,Success,True,True,False
7123,Success,True,True,False
7124,Success,True,True,False
7125,Success,True,True,False
7126,Success,True,True,False
7127,Success,True,True,False
7128,Success,True,True,False
7129,Success,True,False,False
7132,Success,True,True,False
7133,Success,True,True,False
7138,Success,True,True,False
7139,Success,True,True,False
7140,Success,True,True,False
7141,Success,True,True,False
7142,Success,True,True,False
7143,Success,True,True,False
7144,Success,True,True,False
7146,Success,True,True,False
7148,Success,True,True,False
7149,Success,True,True,False
716,Success,True,True,False
718,Success,True,True,False
7181,Success,True,True,False
7186,Success,True,True,False
7187,Success,True,True,False
7188,Success,True,True,False
7189,Success,True,True,False
719,Success,True,True,False
72,Success,True,True,False
7202,Success,True,True,False
7203,Success,True,True,False
7204,Success,True,True,False
7205,Success,True,True,False
7206,Success,True,True,False
721,Success,True,False,False
7211,Success,True,True,False
7212,Success,True,True,False
7222,Success,True,True,False
7223,Success,True,True,False
7225,Success,True,True,False
7226,Success,True,True,False
7227,Success,True,True,False
7230,Success,True,True,False
7233,Success,True,True,False
7234,Success,True,True,False
7247,Success,True,True,False
7249,Success,True,True,False
7250,Success,True,True,False
7253,Success,True,True,False
7254,Success,True,True,False
7255,Success,True,True,False
7256,Success,True,True,False
7257,Success,True,True,False
7258,Success,True,True,False
726,Success,True,True,False
7260,Success,True,True,False
7261,Success,True,True,False
7262,Success,True,True,False
7263,Success,True,False,False
7265,Success,True,True,False
727,Success,True,True,False
7277,Success,True,True,False
7278,Success,True,False,False
7279,Success,True,True,False
7280,Success,True,True,False
7283,Success,True,False,False
7284,Success,True,False,False
7292,Success,True,True,False
7293,Success,True,True,False
7294,Success,True,True,False
7295,Success,True,False,False
7296,Success,True,False,False
7298,Success,True,True,False
7299,Success,True,False,False
73,Success,True,True,False
730,Success,True,False,False
7300,Success,True,True,False
7302,Success,True,True,False
7305,Success,True,True,False
7306,Success,True,True,False
7308,Success,True,True,False
7309,Success,True,True,False
731,Success,True,True,False
7310,Success,True,True,False
7311,Success,True,True,False
7317,Success,True,True,False
732,Success,True,True,False
7324,Success,True,True,False
7325,Success,True,True,False
7326,Success,True,False,False
7327,Success,True,False,False
7329,Success,True,True,False
733,Success,True,True,False
7330,Success,True,True,False
7333,Success,True,True,False
7334,Success,True,True,False
7335,Success,True,True,False
7336,Success,True,True,False
734,Success,True,True,False
7344,Success,True,True,False
7345,Success,True,True,False
7349,Success,True,True,False
735,Success,True,True,False
7353,Success,True,True,False
7354,Success,True,True,False
7355,Success,True,True,False
7358,Success,True,True,False
736,Success,True,True,False
7362,Success,True,True,False
7366,Success,True,True,False
7367,Success,True,False,False
7368,Success,True,False,False
7369,Success,True,False,False
737,Success,True,True,False
7372,Success,True,True,False
7373,Success,True,True,False
7374,Success,True,True,False
7376,Success,True,True,False
738,Success,True,True,False
7380,Success,True,True,False
7381,Success,True,False,False
7382,Success,True,True,False
7384,Success,True,True,False
7385,Success,True,True,False
7386,Success,True,True,False
7387,Success,True,True,False
739,Success,True,True,False
7390,Success,True,True,False
7391,Success,True,True,False
7392,Success,True,True,False
7393,Success,True,True,False
7394,Success,True,True,False
7398,Success,True,True,False
7399,Success,True,True,False
74,Success,True,True,False
740,Success,True,True,False
7400,Success,True,True,False
7402,Success,True,True,False
7403,Success,True,False,False
7404,Success,True,False,False
7405,Success,True,True,False
7406,Success,True,True,False
7407,Success,True,True,False
741,Success,True,True,False
7411,Success,True,True,False
7413,Success,True,True,False
7418,Success,True,True,False
7419,Success,True,True,False
742,Success,True,True,False
7421,Success,True,True,False
7422,Success,True,True,False
743,Success,True,True,False
7430,Success,True,True,False
7431,Success,True,True,False
7432,Success,True,True,False
7433,Success,True,True,False
7434,Success,True,True,False
7436,Success,True,True,False
7438,Success,True,True,False
7439,Success,True,True,False
744,Success,True,True,False
7440,Success,True,True,False
7441,Success,True,True,False
7443,Success,True,True,False
7450,Success,True,True,False
7455,Success,True,True,False
7456,Success,True,True,False
7460,Success,True,True,False
7461,Success,True,True,False
7462,Success,True,True,False
7464,Success,True,True,False
7473,Success,True,True,False
7474,Success,True,True,False
7475,Success,True,True,False
7476,Success,True,True,False
7480,Success,True,True,False
7481,Success,True,True,False
7482,Success,True,True,False
7483,Success,True,True,False
7484,Success,True,True,False
7485,Success,True,True,False
7486,Success,True,True,False
7487,Success,True,True,False
7488,Success,True,True,False
7489,Success,True,True,False
7493,Success,True,True,False
7494,Success,True,True,False
7495,Success,True,True,False
7496,Success,True,True,False
7497,Success,True,True,False
75,Success,True,True,False
7507,Success,True,True,False
7509,Success,True,True,False
751,Success,True,True,False
7510,Success,True,True,False
7511,Success,True,True,False
7512,Success,True,True,False
7513,Success,True,True,False
7514,Success,True,True,False
7515,Success,True,True,False
752,Success,True,True,False
7522,Success,True,True,False
7524,Success,True,True,False
7526,Success,True,True,False
7533,Success,True,True,False
7534,Success,True,True,False
7537,Success,True,True,False
7539,Success,True,True,False
7540,Success,True,True,False
7541,Success,True,False,False
7542,Success,True,False,False
7543,Success,True,True,False
7545,Success,True,True,False
7547,Success,True,True,False
7549,Success,True,True,False
7550,Success,True,True,False
7551,Success,True,True,False
7553,Success,True,True,False
7554,Success,True,True,False
7555,Success,True,True,False
7556,Success,True,False,False
7558,Success,True,False,False
7559,Success,True,True,False
7560,Success,True,False,False
7561,Success,True,True,False
7563,Success,True,True,False
7564,Success,True,True,False
7565,Success,True,True,False
7566,Success,True,True,False
7571,Success,True,True,False
7572,Success,True,True,False
7573,Success,True,True,False
7574,Success,True,True,False
7582,Success,True,True,False
7583,Success,True,True,False
7585,Success,True,True,False
7586,Success,True,True,False
7587,Success,True,True,False
7588,Success,True,True,False
7589,Success,True,True,False
7590,Success,True,True,False
7592,Success,True,False,False
7593,Success,True,False,False
7595,Success,True,False,False
7596,Success,True,True,False
7597,Success,True,True,False
7598,Success,True,True,False
7599,Success,True,True,False
76,Success,True,False,False
7600,Success,True,True,False
7601,Success,True,True,False
7602,Success,True,True,False
7603,Success,True,True,False
7604,Success,True,True,False
7605,Success,True,True,False
7606,Success,True,True,False
7607,Success,True,True,False
7608,Success,True,True,False
7609,Success,True,True,False
761,Success,True,True,False
7610,Success,True,True,False
7611,Success,True,True,False
7612,Success,True,True,False
7613,Success,True,True,False
7614,Success,True,True,False
7615,Success,True,True,False
7616,Success,True,True,False
7618,Success,True,False,False
7627,Success,True,True,False
763,Success,True,True,False
7630,Success,True,True,False
7636,Success,True,True,False
7637,Success,True,True,False
7638,Success,True,True,False
7639,Success,True,True,False
764,Success,True,True,False
7644,Success,True,True,False
7645,Success,True,True,False
7648,Success,True,True,False
7649,Success,True,True,False
765,Success,True,True,False
7652,Success,True,True,False
7653,Success,True,True,False
7654,Success,True,True,False
7655,Success,True,True,False
766,Success,True,True,False
7661,Success,True,True,False
7662,Success,True,True,False
7663,Success,True,True,False
7664,Success,True,True,False
7665,Success,True,True,False
7666,Success,True,True,False
7667,Success,True,True,False
7668,Success,True,True,False
7669,Success,True,True,False
7670,Success,True,True,False
7671,Success,True,True,False
7673,Success,True,True,False
7674,Success,True,True,False
7675,Success,True,True,False
7676,Success,True,True,False
7677,Success,True,True,False
7678,Success,True,True,False
7679,Success,True,True,False
768,Success,True,True,False
7680,Success,True,True,False
7681,Success,True,True,False
7682,Success,True,True,False
7685,Success,True,True,False
7686,Success,True,True,False
7688,Success,True,True,False
7689,Success,True,True,False
769,Success,True,True,False
7690,Success,True,True,False
7691,Success,True,True,False
7692,Success,True,True,False
7693,Success,True,True,False
7694,Success,True,True,False
7695,Success,True,True,False
7697,Success,True,True,False
7699,Success,True,True,False
77,Success,True,False,False
7700,Success,True,True,False
7701,Success,True,True,False
7702,Success,True,True,False
7703,Success,True,True,False
7704,Success,True,True,False
7705,Success,True,True,False
7706,Success,True,True,False
7708,Success,True,True,False
7709,Success,True,True,False
7710,Success,True,True,False
7711,Success,True,True,False
7713,Success,True,True,False
7715,Success,True,True,False
7716,Success,True,True,False
7718,Success,True,True,False
772,Success,True,True,False
7722,Success,True,True,False
7727,Success,True,True,False
773,Success,True,True,False
7732,Success,True,True,False
7733,Success,True,True,False
7737,Success,True,True,False
774,Success,True,False,False
7741,Success,True,True,False
7742,Success,True,True,False
7743,Success,True,True,False
7744,Success,True,True,False
7745,Success,True,True,False
7746,Success,True,True,False
7747,Success,True,True,False
7748,Success,True,True,False
7749,Success,True,True,False
7751,Success,True,True,False
7752,Success,True,True,False
7759,Success,True,False,False
7762,Success,True,True,False
7763,Success,True,True,False
7764,Success,True,True,False
7765,Success,True,True,False
7766,Success,True,True,False
7767,Success,True,True,False
7768,Success,True,True,False
7769,Success,True,True,False
7770,Success,True,True,False
7771,Success,True,True,False
7772,Success,True,True,False
7773,Success,True,True,False
7774,Success,True,True,False
7775,Success,True,True,False
7779,Success,True,True,False
7781,Success,True,True,False
7783,Success,True,True,False
7784,Success,True,True,False
7785,Success,True,True,False
7786,Success,True,True,False
7788,Success,True,True,False
7789,Success,True,False,False
779,Success,True,True,False
7790,Success,True,True,False
7791,Success,True,False,False
7792,Success,True,True,False
7793,Success,True,True,False
7794,Success,True,True,False
7797,Success,True,False,False
7798,Success,True,True,False
7799,Success,True,True,False
78,Success,True,True,False
780,Success,True,True,False
7800,Success,True,True,False
7801,Success,True,True,False
7802,Success,True,True,False
7803,Success,True,True,False
7804,Success,True,True,False
7805,Success,True,False,False
7806,Success,True,True,False
7807,Success,True,True,False
7808,Success,True,True,False
7809,Success,True,False,False
781,Success,True,True,False
7810,Success,True,False,False
7812,Success,True,True,False
7818,Success,True,True,False
7819,Success,True,True,False
782,Success,True,True,False
7820,Success,True,True,False
7822,Success,True,True,False
7825,Success,True,True,False
7827,Success,True,True,False
7828,Success,True,True,False
7829,Success,True,True,False
783,Success,True,True,False
7830,Success,True,True,False
7831,Success,True,True,False
7832,Success,True,True,False
7833,Success,True,True,False
7834,Success,True,False,False
7837,Success,True,True,False
784,Success,True,True,False
7843,Success,True,True,False
7844,Success,True,True,False
7845,Success,True,True,False
7846,Success,True,True,False
7847,Success,True,True,False
7848,Success,True,True,False
7849,Success,True,True,False
785,Success,True,True,False
7851,Success,True,True,False
7852,Success,True,True,False
7857,Success,True,True,False
7858,Success,True,True,False
7859,Success,True,True,False
7861,Success,True,True,False
7862,Success,True,True,False
7863,Success,True,True,False
7864,Success,True,True,False
7865,Success,True,True,False
7867,Success,True,True,False
7868,Success,True,True,False
7869,Success,True,True,False
7870,Success,True,True,False
7871,Success,True,True,False
7872,Success,True,True,False
7874,Success,True,True,False
7876,Success,True,True,False
7877,Success,True,True,False
7878,Success,True,True,False
7879,Success,True,True,False
7881,Success,True,True,False
7886,Success,True,True,False
7887,Success,True,True,False
7888,Success,True,True,False
7889,Success,True,True,False
79,Success,True,True,False
7902,Success,True,True,False
7907,Success,True,True,False
7908,Success,True,True,False
7909,Success,True,True,False
791,Success,True,True,False
7910,Success,True,True,False
7915,Success,True,True,False
7919,Success,True,True,False
7920,Success,True,True,False
7921,Success,True,True,False
7922,Success,True,True,False
7923,Success,True,True,False
7924,Success,True,True,False
7925,Success,True,True,False
7926,Success,True,True,False
7927,Success,True,True,False
7928,Success,True,True,False
793,Success,True,True,False
7932,Success,True,True,False
7933,Success,True,True,False
7936,Success,True,True,False
7938,Success,True,True,False
7939,Success,True,True,False
794,Success,True,True,False
7940,Success,True,True,False
7943,Success,True,True,False
7944,Success,True,True,False
7947,Success,True,True,False
7948,Success,True,True,False
7949,Success,True,True,False
795,Success,True,True,False
7950,Success,True,True,False
7951,Success,True,True,False
7952,Success,True,True,False
7953,Success,True,True,False
7954,Success,True,True,False
7955,Success,True,True,False
7956,Success,True,True,False
7957,Success,True,True,False
7958,Success,True,True,False
7959,Success,True,True,False
7960,Success,True,True,False
7961,Success,True,True,False
7962,Success,True,True,False
7963,Success,True,True,False
7965,Success,True,True,False
7966,Success,True,True,False
7968,Success,True,True,False
7969,Success,True,True,False
7970,Success,True,True,False
7971,Success,True,True,False
7972,Success,True,True,False
7973,Success,True,True,False
7974,Success,True,True,False
7976,Success,True,True,False
7977,Success,True,True,False
7978,Success,True,True,False
7979,Success,True,False,False
7980,Success,True,True,False
7981,Success,True,True,False
7983,Success,True,True,False
7986,Success,True,True,False
7991,Success,True,True,False
7992,Success,True,True,False
7993,Success,True,True,False
7994,Success,True,True,False
7995,Success,True,True,False
7996,Success,True,True,False
7997,Success,True,True,False
8,Success,True,False,False
800,Success,True,True,False
8003,Success,True,True,False
8019,Success,True,True,False
8020,Success,True,True,False
8028,Success,True,True,False
8032,Success,True,True,False
8042,Success,True,False,False
8043,Success,True,False,False
8046,Success,True,True,False
8048,Success,True,False,False
8049,Success,True,True,False
8050,Success,True,True,False
8052,Success,True,True,False
8058,Success,True,True,False
8059,Success,True,True,False
806,Success,True,True,False
8060,Success,True,True,False
8064,Success,True,True,False
8065,Success,True,True,False
8066,Success,True,True,False
8067,Success,True,True,False
807,Success,True,True,False
8072,Success,True,False,False
8073,Success,True,False,False
8074,Success,True,False,False
8075,Success,True,True,False
8076,Success,True,True,False
8077,Success,True,True,False
8078,Success,True,True,False
8079,Success,True,True,False
808,Success,True,True,False
8080,Success,True,True,False
8081,Success,True,True,False
8082,Success,True,True,False
8083,Success,True,True,False
8084,Success,True,True,False
809,Success,True,True,False
8090,Success,True,False,False
8091,Success,True,False,False
8092,Success,True,True,False
8093,Success,True,True,False
8094,Success,True,True,False
8095,Success,True,True,False
8096,Success,True,False,False
8097,Success,True,True,False
8098,Success,True,True,False
81,Success,True,False,False
8100,Success,True,True,False
8108,Success,True,True,False
8109,Success,True,True,False
811,Success,True,True,False
8110,Success,True,True,False
8116,Success,True,True,False
8118,Success,True,True,False
8119,Success,True,True,False
812,Success,True,True,False
8122,Success,True,True,False
8124,Success,True,True,False
8127,Success,True,True,False
813,Success,True,True,False
8133,Success,True,True,False
8134,Success,True,True,False
8135,Success,True,True,False
8136,Success,True,True,False
8137,Success,True,True,False
8138,Success,True,True,False
8139,Success,True,True,False
814,Success,True,True,False
8140,Success,True,True,False
8141,Success,True,True,False
8142,Success,True,True,False
8146,Success,True,False,False
8147,Success,True,True,False
8150,Success,True,False,False
8151,Success,True,False,False
8157,Success,True,False,False
8158,Success,True,False,False
816,Success,True,True,False
8168,Success,True,True,False
817,Success,True,True,False
8170,Success,True,True,False
8171,Success,True,True,False
8172,Success,True,True,False
8173,Success,True,True,False
8177,Success,True,True,False
8178,Success,True,True,False
8179,Success,True,True,False
818,Success,True,True,False
8180,Success,True,True,False
8181,Success,True,True,False
8184,Success,True,True,False
8185,Success,True,True,False
8186,Success,True,True,False
8187,Success,True,True,False
819,Success,True,True,False
8190,Success,True,True,False
8191,Success,True,False,False
8192,Success,True,False,False
8193,Success,True,False,False
8194,Success,True,False,False
8195,Success,True,False,False
8196,Success,True,False,False
8197,Success,True,False,False
8198,Success,True,False,False
8199,Success,True,True,False
82,Success,True,False,False
820,Success,True,True,False
8208,Success,True,True,False
821,Success,True,True,False
8211,Success,True,False,False
8212,Success,True,False,False
8213,Success,True,False,False
8214,Success,True,False,False
8215,Success,True,False,False
8216,Success,True,False,False
8217,Success,True,False,False
8218,Success,True,False,False
8219,Success,True,False,False
8220,Success,True,True,False
8222,Success,True,True,False
8223,Success,True,False,False
8225,Success,True,False,False
8227,Success,True,True,False
8228,Success,True,True,False
823,Success,True,True,False
8235,Success,True,False,False
8236,Success,True,False,False
8237,Success,True,True,False
8238,Success,True,True,False
8239,Success,True,True,False
8261,Success,True,True,False
8262,Success,True,False,False
8271,Success,True,False,False
8292,Success,True,False,False
83,Success,True,False,False
833,Success,True,True,False
834,Success,True,True,False
836,Success,True,True,False
837,Success,True,False,False
8395,Success,True,False,False
84,Success,True,False,False
840,Success,True,True,False
8404,Success,True,True,False
8406,Success,True,True,False
8407,Success,True,True,False
8408,Success,True,True,False
841,Success,True,True,False
8419,Success,True,True,False
842,Success,True,True,False
8420,Success,True,False,False
8421,Success,True,False,False
8424,Success,True,True,False
8428,Success,True,True,False
843,Success,True,True,False
8430,Success,True,True,False
8435,Success,True,True,False
8436,Success,True,True,False
8438,Success,True,True,False
844,Success,True,True,False
8442,Success,True,True,False
8443,Success,True,False,False
845,Success,True,True,False
8453,Success,True,True,False
846,Success,True,True,False
8464,Success,True,True,False
8476,Success,True,True,False
8479,Success,True,True,False
848,Success,True,True,False
8481,Success,True,True,False
8482,Success,True,False,False
8483,Success,True,True,False
8484,Success,True,True,False
8485,Success,True,True,False
8488,Success,True,True,False
849,Success,True,True,False
8494,Success,True,True,False
8495,Success,True,True,False
8496,Success,True,True,False
850,Success,True,True,False
8504,Success,True,True,False
8505,Success,True,True,False
8506,Success,True,True,False
8507,Success,True,True,False
8508,Success,True,True,False
8509,Success,True,True,False
8510,Success,True,True,False
8519,Success,True,True,False
852,Success,True,True,False
8520,Success,True,True,False
8524,Success,True,True,False
8527,Success,True,True,False
8529,Success,True,True,False
853,Success,True,True,False
8532,Success,True,True,False
8534,Success,True,True,False
8535,Success,True,True,False
8536,Success,True,True,False
8537,Success,True,True,False
8538,Success,True,True,False
8539,Success,True,True,False
854,Success,True,True,False
8540,Success,True,True,False
8544,Success,True,True,False
8545,Success,True,True,False
855,Success,True,True,False
8553,Success,True,True,False
856,Success,True,True,False
8564,Success,True,True,False
8565,Success,True,True,False
8566,Success,True,True,False
8567,Success,True,True,False
8576,Success,True,True,False
8577,Success,True,True,False
8578,Success,True,True,False
8579,Success,True,True,False
8580,Success,True,True,False
859,Success,True,True,False
8602,Success,True,True,False
8606,Success,True,False,False
8607,Success,True,False,False
8608,Success,True,True,False
8617,Success,True,True,False
8627,Success,True,True,False
8633,Success,True,True,False
8639,Success,True,False,False
865,Success,True,True,False
8653,Success,True,True,False
866,Success,True,True,False
8666,Success,True,True,False
867,Success,True,True,False
8679,Success,True,True,False
868,Success,True,True,False
869,Success,True,True,False
870,Success,True,True,False
8706,Success,True,True,False
8707,Success,True,True,False
871,Success,True,True,False
872,Success,True,True,False
8724,Success,True,True,False
8725,Success,True,True,False
8726,Success,True,True,False
8727,Success,True,True,False
873,Success,True,True,False
8731,Success,True,True,False
8732,Success,True,True,False
8735,Success,True,True,False
8736,Success,True,True,False
8739,Success,True,False,False
874,Success,True,True,False
8740,Success,True,True,False
8741,Success,True,True,False
8742,Success,True,True,False
8743,Success,True,True,False
8744,Success,True,True,False
8745,Success,True,True,False
8746,Success,True,True,False
8747,Success,True,True,False
8748,Success,True,True,False
8749,Success,True,True,False
875,Success,True,True,False
8750,Success,True,True,False
8752,Success,True,True,False
8753,Success,True,True,False
8754,Success,True,True,False
8755,Success,True,False,False
8756,Success,True,True,False
8757,Success,True,True,False
8759,Success,True,True,False
8760,Success,True,True,False
8762,Success,True,True,False
8764,Success,True,True,False
8765,Success,True,True,False
8768,Success,True,True,False
8769,Success,True,True,False
877,Success,True,True,False
8771,Success,True,True,False
8773,Success,True,True,False
8774,Success,True,True,False
8775,Success,True,True,False
8776,Success,True,True,False
8779,Success,True,True,False
878,Success,True,True,False
8780,Success,True,True,False
8781,Success,True,True,False
8784,Success,True,True,False
8785,Success,True,True,False
8786,Success,True,True,False
8788,Success,True,False,False
8789,Success,True,False,False
8790,Success,True,True,False
8791,Success,True,True,False
8799,Success,True,True,False
88,Success,True,True,False
880,Success,True,True,False
881,Success,True,True,False
8810,Success,True,False,False
8814,Success,True,True,False
8818,Success,True,True,False
882,Success,True,False,False
8823,Success,True,True,False
8825,Success,True,True,False
8829,Success,True,True,False
883,Success,True,False,False
8830,Success,True,True,False
8831,Success,True,True,False
8835,Success,True,True,False
8836,Success,True,True,False
8837,Success,True,True,False
8838,Success,True,True,False
8839,Success,True,True,False
8840,Success,True,True,False
8841,Success,True,True,False
8842,Success,True,True,False
8844,Success,True,True,False
8845,Success,True,True,False
8846,Success,True,True,False
8847,Success,True,False,False
8849,Success,True,True,False
885,Success,True,True,False
8855,Success,True,True,False
8859,Success,True,True,False
886,Success,True,True,False
8860,Success,True,False,False
8861,Success,True,True,False
8862,Success,True,True,False
8863,Success,True,True,False
8864,Success,True,True,False
8874,Success,True,True,False
8878,Success,True,True,False
8880,Success,True,True,False
8886,Success,True,True,False
8887,Success,True,True,False
8896,Success,True,False,False
8898,Success,True,True,False
890,Success,True,True,False
8900,Success,True,True,False
8901,Success,True,True,False
8902,Success,True,True,False
8903,Success,True,True,False
8904,Success,True,True,False
8905,Success,True,True,False
8906,Success,True,True,False
8907,Success,True,True,False
8908,Success,True,True,False
891,Success,True,False,False
8911,Success,True,True,False
8918,Success,True,True,False
8919,Success,True,True,False
8920,Success,True,True,False
8921,Success,True,True,False
8922,Success,True,True,False
8923,Success,True,True,False
8924,Success,True,True,False
8925,Success,True,True,False
8926,Success,True,True,False
8927,Success,True,True,False
8928,Success,True,True,False
8933,Success,True,True,False
8936,Success,True,False,False
894,Success,True,True,False
8941,Success,True,True,False
8943,Success,True,True,False
8944,Success,True,True,False
8945,Success,True,True,False
8946,Success,True,False,False
8947,Success,True,False,False
8948,Success,True,False,False
8949,Success,True,False,False
895,Success,True,True,False
8950,Success,True,False,False
8952,Success,True,True,False
8954,Success,True,True,False
8957,Success,True,True,False
8959,Success,True,True,False
8961,Success,True,True,False
8967,Success,True,True,False
8968,Success,True,False,False
898,Success,True,True,False
8981,Success,True,True,False
8989,Success,True,True,False
8994,Success,True,False,False
8995,Success,True,True,False
8996,Success,True,True,False
9028,Success,True,True,False
9036,Success,True,True,False
9037,Success,True,False,False
9038,Success,True,False,False
9039,Success,True,False,False
9040,Success,True,False,False
9041,Success,True,True,False
9042,Success,True,True,False
9043,Success,True,True,False
9047,Success,True,True,False
9049,Success,True,True,False
905,Success,True,False,False
9052,Success,True,True,False
9055,Success,True,True,False
9074,Success,True,True,False
9075,Success,True,True,False
9076,Success,True,False,False
9077,Success,True,True,False
9079,Success,True,True,False
9080,Success,True,True,False
9082,Success,True,True,False
9083,Success,True,True,False
9086,Success,True,True,False
909,Success,True,True,False
9097,Success,True,True,False
9098,Success,True,True,False
9099,Success,True,True,False
9100,Success,True,False,False
9101,Success,True,True,False
9102,Success,True,True,False
9103,Success,True,True,False
9104,Success,True,True,False
9105,Success,True,True,False
9108,Success,True,True,False
9110,Success,True,False,False
9119,Success,True,True,False
9120,Success,True,True,False
9128,Success,True,False,False
9129,Success,True,True,False
913,Success,True,True,False
9130,Success,True,True,False
9131,Success,True,True,False
9133,Success,True,True,False
9134,Success,True,True,False
9135,Success,True,True,False
9136,Success,True,False,False
9138,Success,True,False,False
9139,Success,True,False,False
914,Success,True,True,False
9140,Success,True,False,False
9141,Success,True,False,False
9142,Success,True,False,False
9143,Success,True,False,False
9144,Success,True,False,False
9145,Success,True,False,False
9148,Success,True,False,False
9149,Success,True,True,False
915,Success,True,True,False
9150,Success,True,True,False
9151,Success,True,True,False
9152,Success,True,True,False
9153,Success,True,False,False
9154,Success,True,True,False
9158,Success,True,False,False
9159,Success,True,False,False
916,Success,True,True,False
9160,Success,True,False,False
9161,Success,True,True,False
9162,Success,True,True,False
9164,Success,True,True,False
9165,Success,True,False,False
9166,Success,True,False,False
9167,Success,True,False,False
9168,Success,True,False,False
9169,Success,True,False,False
917,Success,True,True,False
9170,Success,True,True,False
9171,Success,True,False,False
9172,Success,True,False,False
9173,Success,True,True,False
9174,Success,True,True,False
9176,Success,True,False,False
9178,Success,True,True,False
9179,Success,True,True,False
9180,Success,True,True,False
9181,Success,True,True,False
9184,Success,True,True,False
9185,Success,True,True,False
9186,Success,True,True,False
9187,Success,True,True,False
9188,Success,True,True,False
9189,Success,True,True,False
9190,Success,True,True,False
9191,Success,True,True,False
9192,Success,True,True,False
9195,Success,True,True,False
9197,Success,True,True,False
9198,Success,True,True,False
9199,Success,True,True,False
920,Success,True,True,False
9200,Success,True,True,False
9203,Success,True,True,False
9204,Success,True,True,False
9207,Success,True,True,False
9208,Success,True,True,False
921,Success,True,True,False
9210,Success,True,False,False
9211,Success,True,False,False
9212,Success,True,True,False
9213,Success,True,True,False
9214,Success,True,False,False
9215,Success,True,False,False
9216,Success,True,False,False
9219,Success,True,False,False
922,Success,True,True,False
9224,Success,True,True,False
9226,Success,True,True,False
9227,Success,True,True,False
9228,Success,True,True,False
9229,Success,True,True,False
9232,Success,True,True,False
9233,Success,True,True,False
9235,Success,True,True,False
924,Success,True,True,False
9245,Success,True,True,False
9246,Success,True,True,False
925,Success,True,True,False
9255,Success,True,True,False
926,Success,True,True,False
9260,Success,True,False,False
927,Success,True,True,False
9270,Success,True,True,False
9271,Success,True,True,False
9272,Success,True,True,False
9273,Success,True,False,False
9274,Success,True,False,False
9275,Success,True,True,False
9276,Success,True,False,False
9277,Success,True,True,False
9278,Success,True,True,False
9280,Success,True,True,False
9286,Success,True,True,False
9289,Success,True,True,False
929,Success,True,True,False
9290,Success,True,True,False
9291,Success,True,False,False
9292,Success,True,True,False
9293,Success,True,True,False
9294,Success,True,True,False
930,Success,True,True,False
9305,Success,True,True,False
931,Success,True,True,False
9312,Success,True,True,False
9313,Success,True,True,False
9316,Success,True,True,False
9317,Success,True,True,False
9318,Success,True,False,False
9319,Success,True,False,False
932,Success,True,True,False
9320,Success,True,False,False
9321,Success,True,True,False
9323,Success,True,True,False
9325,Success,True,True,False
9326,Success,True,True,False
9327,Success,True,True,False
9328,Success,True,True,False
9329,Success,True,True,False
933,Success,True,True,False
9330,Success,True,True,False
9331,Success,True,True,False
9332,Success,True,True,False
9334,Success,True,True,False
9335,Success,True,True,False
934,Success,True,True,False
9345,Success,True,False,False
9346,Success,True,False,False
9347,Success,True,True,False
9349,Success,True,True,False
935,Success,True,False,False
9352,Success,True,False,False
9353,Success,True,False,False
9354,Success,True,False,False
9355,Success,True,False,False
9356,Success,True,True,False
9361,Success,True,True,False
9362,Success,True,True,False
9363,Success,True,True,False
9364,Success,True,False,False
9368,Success,True,True,False
937,Success,True,True,False
9370,Success,True,True,False
9373,Success,True,True,False
9376,Success,True,True,False
9377,Success,True,True,False
9378,Success,True,False,False
938,Success,True,True,False
9380,Success,True,True,False
9383,Success,True,True,False
9384,Success,True,True,False
9389,Success,True,True,False
939,Success,True,True,False
9390,Success,True,True,False
9391,Success,True,True,False
9392,Success,True,True,False
9396,Success,True,True,False
9397,Success,True,True,False
940,Success,True,True,False
9401,Success,True,True,False
941,Success,True,True,False
9410,Success,True,True,False
9417,Success,True,True,False
942,Success,True,False,False
9423,Success,True,True,False
9425,Success,True,False,False
943,Success,True,False,False
9436,Success,True,True,False
9438,Success,True,True,False
9439,Success,True,True,False
944,Success,True,True,False
9441,Success,True,True,False
9442,Success,True,True,False
9443,Success,True,True,False
9444,Success,True,True,False
9445,Success,True,True,False
9446,Success,True,True,False
9448,Success,True,True,False
9449,Success,True,True,False
945,Success,True,True,False
9450,Success,True,True,False
9451,Success,True,False,False
9452,Success,True,False,False
9453,Success,True,False,False
9454,Success,True,False,False
9456,Success,True,True,False
9457,Success,True,True,False
947,Success,True,True,False
9476,Success,True,False,False
9477,Success,True,False,False
9478,Success,True,True,False
9479,Success,True,False,False
948,Success,True,False,False
9480,Success,True,True,False
9484,Success,True,True,False
9485,Success,True,True,False
9486,Success,True,True,False
9487,Success,True,True,False
9488,Success,True,True,False
949,Success,True,True,False
9491,Success,True,True,False
9495,Success,True,True,False
9496,Success,True,True,False
9499,Success,True,True,False
95,Success,True,False,False
950,Success,True,False,False
9500,Success,True,True,False
9501,Success,True,True,False
9502,Success,True,True,False
951,Success,True,True,False
9510,Success,True,True,False
9511,Success,True,True,False
9512,Success,True,True,False
9513,Success,True,True,False
9515,Success,True,False,False
9517,Success,True,False,False
9518,Success,True,True,False
9519,Success,True,True,False
952,Success,True,True,False
9523,Success,True,True,False
9524,Success,True,False,False
9532,Success,True,True,False
9534,Success,True,True,False
9537,Success,True,True,False
9538,Success,True,True,False
9543,Success,True,True,False
9544,Success,True,True,False
9545,Success,True,True,False
9546,Success,True,True,False
9547,Success,True,True,False
9548,Success,True,True,False
9549,Success,True,True,False
9558,Success,True,False,False
9559,Success,True,False,False
9560,Success,True,True,False
9562,Success,True,False,False
9563,Success,True,False,False
9564,Success,True,True,False
9565,Success,True,True,False
9567,Success,True,True,False
9568,Success,True,True,False
9569,Success,True,True,False
9570,Success,True,False,False
9571,Success,True,False,False
9572,Success,True,True,False
9573,Success,True,True,False
9575,Success,True,False,False
9576,Success,True,False,False
9577,Success,True,True,False
9578,Success,True,True,False
9579,Success,True,True,False
958,Success,True,False,False
9581,Success,True,True,False
9582,Success,True,False,False
9583,Success,True,True,False
9584,Success,True,True,False
9585,Success,True,True,False
9586,Success,True,True,False
9587,Success,True,True,False
959,Success,True,False,False
9593,Success,True,True,False
9594,Success,True,True,False
9595,Success,True,False,False
9599,Success,True,True,False
96,Success,True,False,False
960,Success,True,False,False
9600,Success,True,False,False
9601,Success,True,True,False
9607,Success,True,True,False
9608,Success,True,True,False
9609,Success,True,True,False
9616,Success,True,True,False
962,Success,True,False,False
9621,Success,True,True,False
963,Success,True,True,False
9632,Success,True,True,False
9634,Success,True,True,False
964,Success,True,True,False
9649,Success,True,False,False
9650,Success,True,True,False
9651,Success,True,False,False
966,Success,True,True,False
9662,Success,True,False,False
9664,Success,True,False,False
9669,Success,True,True,False
9670,Success,True,True,False
9671,Success,True,True,False
9672,Success,True,True,False
9678,Success,True,True,False
9679,Success,True,True,False
9682,Success,True,True,False
9684,Success,True,True,False
9691,Success,True,True,False
9692,Success,True,True,False
9693,Success,True,True,False
9694,Success,True,True,False
9696,Success,True,True,False
97,Success,True,True,False
9701,Success,True,True,False
9705,Success,True,True,False
9706,Success,True,True,False
9715,Success,True,True,False
9716,Success,True,True,False
9717,Success,True,True,False
9719,Success,True,True,False
9720,Success,True,True,False
9721,Success,True,True,False
9722,Success,True,True,False
9724,Success,True,True,False
9729,Success,True,True,False
9730,Success,True,True,False
9731,Success,True,True,False
9732,Success,True,True,False
9733,Success,True,True,False
9734,Success,True,True,False
9746,Success,True,False,False
9748,Success,True,True,False
9749,Success,True,True,False
975,Success,True,True,False
9750,Success,True,True,False
9751,Success,True,False,False
9752,Success,True,True,False
9754,Success,True,False,False
9755,Success,True,False,False
9756,Success,True,True,False
9759,Success,True,True,False
976,Success,True,True,False
9760,Success,True,True,False
9762,Success,True,True,False
9765,Success,True,True,False
9770,Success,True,False,False
9771,Success,True,False,False
9772,Success,True,True,False
9774,Success,True,True,False
9775,Success,True,True,False
9776,Success,True,True,False
9777,Success,True,True,False
9779,Success,True,True,False
9780,Success,True,True,False
9785,Success,True,True,False
9786,Success,True,True,False
979,Success,True,True,False
9797,Success,True,True,False
9798,Success,True,True,False
9799,Success,True,True,False
9800,Success,True,True,False
9803,Success,True,True,False
9805,Success,True,True,False
9806,Success,True,True,False
981,Success,True,True,False
9813,Success,True,True,False
9816,Success,True,True,False
9817,Success,True,True,False
9818,Success,True,True,False
9819,Success,True,True,False
9822,Success,True,True,False
9824,Success,True,True,False
9825,Success,True,True,False
983,Success,True,True,False
9830,Success,True,True,False
9832,Success,True,True,False
9834,Success,True,True,False
9838,Success,True,True,False
9839,Success,True,True,False
984,Success,True,True,False
9840,Success,True,True,False
9841,Success,True,True,False
9844,Success,True,True,False
9845,Success,True,True,False
9849,Success,True,True,False
9850,Success,True,False,False
9854,Success,True,True,False
9855,Success,True,True,False
9856,Success,True,True,False
9857,Success,True,True,False
9858,Success,True,True,False
9859,Success,True,True,False
986,Success,True,False,False
9860,Success,True,True,False
9862,Success,True,False,False
9864,Success,True,True,False
9867,Success,True,True,False
9868,Success,True,True,False
9869,Success,True,True,False
987,Success,True,False,False
9872,Success,True,True,False
9873,Success,True,True,False
9874,Success,True,True,False
9875,Success,True,True,False
9877,Success,True,True,False
9878,Success,True,True,False
9879,Success,True,True,False
9881,Success,True,True,False
9883,Success,True,True,False
9884,Success,True,True,False
9885,Success,True,True,False
9886,Success,True,True,False
9888,Success,True,True,False
9889,Success,True,True,False
9890,Success,True,True,False
9891,Success,True,True,False
9892,Success,True,False,False
9893,Success,True,False,False
9894,Success,True,False,False
9896,Success,True,True,False
9897,Success,True,True,False
9898,Success,True,True,False
9899,Success,True,True,False
9900,Success,True,True,False
9901,Success,True,True,False
9902,Success,True,True,False
9903,Success,True,False,False
9904,Success,True,True,False
9905,Success,True,True,False
9906,Success,True,True,False
9907,Success,True,True,False
9908,Success,True,True,False
9909,Success,True,True,False
9910,Success,True,True,False
9911,Success,True,True,False
9912,Success,True,True,False
9913,Success,True,True,False
9914,Success,True,True,False
9915,Success,True,True,False
9916,Success,True,True,False
9917,Success,True,True,False
9918,Success,True,True,False
992,Success,True,True,False
9920,Success,True,True,False
9921,Success,True,True,False
9922,Success,True,True,False
9923,Success,True,True,False
9924,Success,True,True,False
9925,Success,True,True,False
9926,Success,True,True,False
9927,Success,True,True,False
9928,Success,True,True,False
993,Success,True,True,False
994,Success,True,True,False
9940,Success,True,True,False
9941,Success,True,True,False
9942,Success,True,True,False
9945,Success,True,True,False
995,Success,True,True,False
9951,Success,True,True,False
9952,Success,True,True,False
9953,Success,True,True,False
9957,Success,True,True,False
9958,Success,True,True,False
996,Success,True,True,False
9962,Success,True,True,False
9963,Success,True,True,False
9964,Success,True,True,False
9965,Success,True,True,False
9966,Success,True,True,False
9967,Success,True,True,False
9968,Success,True,True,False
9969,Success,True,True,False
997,Success,True,True,False
9970,Success,True,True,False
9971,Success,True,True,False
9972,Success,True,True,False
9973,Success,True,True,False
9974,Success,True,True,False
9975,Success,True,True,False
9976,Success,True,True,False
9977,Success,True,True,False
9978,Success,True,True,False
9979,Success,True,True,False
998,Success,True,True,False
9980,Success,True,True,False
9981,Success,True,True,False
9982,Success,True,True,False
9986,Success,True,True,False
999,Success,True,True,False
9992,Success,True,True,False
9994,Success,True,True,False
9996,Success,True,True,False
9997,Success,True,True,False
9998,Success,True,True,False
9999,Success,True,True,False
