entity_type,entity_value,query_used,target_field,source_vocab,matched_code,matched_name,status
drug,INSPRA 25 mg film-coated tablets.,INSPRA,atc_code,ATC,UNKNOWN,,not_found
drug,Targinact 5 mg/2.5 mg prolonged-release tablets,Targinact,atc_code,ATC,UNKNOWN,,not_found
drug,"Aspire Allergy Relief 2% w/v eye drops, Solution (eye drops) Optrex Allergy 2%w/v Eye Drops, Solution (eye drops) EM Pharma Allergy Relief 2%w/v Eye Drops, Solution (eye drops)",Aspire Allergy Relief,atc_code,ATC,UNKNOWN,,not_found
drug,Deximune 25 mg soft capsules,Deximune,atc_code,ATC,UNKNOWN,,not_found
drug,Labetalol 200 mg Film-coated Tablets,Labetalol,atc_code,ATC,C07AG01,labetalol,matched_exact
drug,Trileptal ® 150 mg Film-coated Tablets Trileptal ® 300 mg Film-coated Tablets Trileptal ® 600 mg Film-coated Tablets Oxcarbazepine ® 150mg Film-coated Tablets Oxcarbazepine ® 300mg Film-coated Tablets Oxcarbazepine ® 600mg Film-coated Tablets,Trileptal ®,atc_code,ATC,UNKNOWN,,not_found
drug,"Equasym XL 10 mg modified-release capsules, hard Equasym XL 20 mg modified-release capsules, hard Equasym XL 30 mg modified-release capsules, hard",Equasym XL,atc_code,ATC,UNKNOWN,,not_found
drug,"Primovist 0.25 mmol/ml, solution for injection, pre-filled syringe or Gadoxetate disodium 0.25 mmol/ml, solution for injection, pre-filled syringe",Primovist,atc_code,ATC,UNKNOWN,,not_found
drug,Perindopril 2 mg tablets,Perindopril,atc_code,ATC,C09AA04,perindopril,matched_exact
drug,Gentisone HC Ear Drops. Gentamicin 0.3% w/v and Hydrocortisone acetate 1% w/v Ear Drops,Gentisone HC Ear Drops. Gentamicin,atc_code,ATC,UNKNOWN,,not_found
drug,Mintreleq XL 50 mg prolonged-release tablets Mintreleq XL 150 mg prolonged-release tablets Mintreleq XL 200 mg prolonged-release tablets Mintreleq XL 300 mg prolonged-release tablets Mintreleq XL 400 mg prolonged-release tablets,Mintreleq XL,atc_code,ATC,UNKNOWN,,not_found
drug,Sevredol tablets 50mg,Sevredol,atc_code,ATC,UNKNOWN,,not_found
drug,Targinact 20 mg/10 mg prolonged-release tablets,Targinact,atc_code,ATC,UNKNOWN,,not_found
drug,PARIET 20 mg gastro-resistant tablet.,PARIET,atc_code,ATC,UNKNOWN,,not_found
drug,"Nurofen for Children Strawberry Baby Nurofen for Children 3 months to 9 years Strawberry Nurofen for Children Cold, Pain and Fever Strawberry Flavour 100 mg/5 ml Oral Suspension",Nurofen for Children Strawberry Baby Nurofen for Children,atc_code,ATC,UNKNOWN,,not_found
drug,Oxycodone Hydrochloride 10 mg/ml solution for injection or infusion,Oxycodone Hydrochloride,atc_code,ATC,UNKNOWN,,not_found
drug,Nurofen Joint & Muscular Pain Relief 200mg Medicated Plaster,Nurofen Joint & Muscular Pain Relief,atc_code,ATC,UNKNOWN,,not_found
drug,Budelin® Novolizer® 200 micrograms per actuation inhalation powder,Budelin® Novolizer®,atc_code,ATC,UNKNOWN,,not_found
drug,"COSOPT iMulti 20 mg/ml + 5 mg/ml eye drops, solution",COSOPT iMulti,atc_code,ATC,UNKNOWN,,not_found
drug,Riluzole 50 mg film-coated tablets,Riluzole,atc_code,ATC,N07XX02,riluzole,matched_exact
drug,Lyrica 225 mg hard capsules,Lyrica,atc_code,ATC,UNKNOWN,,not_found
drug,Atomoxetine 25 mg hard capsules,Atomoxetine,atc_code,ATC,N06BA09,atomoxetine,matched_exact
drug,Melatonin 1 mg/ ml oral solution,Melatonin,atc_code,ATC,N05CH01,melatonin,matched_exact
drug,Isotretinoin 10 mg soft capsules,Isotretinoin,atc_code,ATC,D10BA01,isotretinoin,matched_exact
drug,Coagadex 500 IU powder and solvent for solution for injection.,Coagadex,atc_code,ATC,UNKNOWN,,not_found
drug,"Pregabalin SUN 100 mg Capsules, Hard",Pregabalin SUN,atc_code,ATC,UNKNOWN,,not_found
drug,Olanzapine Glenmark 2.5 mg tablets,Olanzapine Glenmark,atc_code,ATC,UNKNOWN,,not_found
drug,Adenosine 30 mg/10 ml solution for infusion,Adenosine,atc_code,ATC,C01EB10,adenosine,matched_exact
drug,Zeposia 0.23 mg hard capsules Zeposia 0.46 mg hard capsules Zeposia 0.92 mg hard capsules,Zeposia,atc_code,ATC,UNKNOWN,,not_found
drug,Sotalol 80mg Tablets,Sotalol,atc_code,ATC,C07AA07,sotalol,matched_exact
drug,Sodium Valproate 100mg/ml Solution for Injection or Infusion,Sodium Valproate,atc_code,ATC,UNKNOWN,,not_found
drug,Efavirenz/Emtricitabine/Tenofovir disoproxil Glenmark 600 mg/ 200 mg/245 mg film-coated tablets,Efavirenz/Emtricitabine/Tenofovir disoproxil Glenmark,atc_code,ATC,UNKNOWN,,not_found
drug,Amoxicillin 250mg Capsules,Amoxicillin,atc_code,ATC,J01CA04,amoxicillin,matched_exact
drug,Fesoterodine fumarate 4 mg prolonged-release tablets,Fesoterodine fumarate,atc_code,ATC,UNKNOWN,,not_found
drug,Testavan 20 mg/g Transdermal gel,Testavan,atc_code,ATC,UNKNOWN,,not_found
drug,Amlodipine / Valsartan 5 mg / 80 mg film-coated tablets,Amlodipine / Valsartan,atc_code,ATC,C09DB01,valsartan and amlodipine,matched_words
drug,Montelukast 5 mg chewable tablets,Montelukast,atc_code,ATC,R03DC03,montelukast,matched_exact
drug,Lercanidipine hydrochloride 20 mg film-coated tablets,Lercanidipine hydrochloride,atc_code,ATC,UNKNOWN,,not_found
drug,Solifenacin succinate/tamsulosin hydrochloride Zentiva 6 mg/0.4 mg modified release tablets,Solifenacin succinate/tamsulosin hydrochloride Zentiva,atc_code,ATC,UNKNOWN,,not_found
drug,"VISIPAQUE 320 mg I/ml Solution for Injection, glass container and polypropylene container",VISIPAQUE,atc_code,ATC,UNKNOWN,,not_found
drug,Salazopyrin ® 500 mg Tablets Sulfasalazine 500 mg Tablets,Salazopyrin ®,atc_code,ATC,UNKNOWN,,not_found
drug,"Octalbin 5% , 50 g/l, solution for infusion",Octalbin,atc_code,ATC,UNKNOWN,,not_found
drug,"Ibuprofen 5% gel, Fenbid gel, Phorpain Gel, Flexigel, Ibuprofen Pain relief gel 5% w/w",Ibuprofen,atc_code,ATC,M01AE01,ibuprofen,matched_exact
drug,Ganciclovir 500 mg powder for concentrate for solution for infusion,Ganciclovir,atc_code,ATC,J05AB06,ganciclovir,matched_exact
drug,Bosutinib 100 mg film‑coated tablets,Bosutinib,atc_code,ATC,L01EA04,bosutinib,matched_exact
drug,Famotidine 40 mg film-coated tablets,Famotidine,atc_code,ATC,A02BA03,famotidine,matched_exact
drug,Mirtazapine 45 mg film-coated tablets,Mirtazapine,atc_code,ATC,N06AX11,mirtazapine,matched_exact
drug,Loperamide 2mg Tablets,Loperamide,atc_code,ATC,A07DA03,loperamide,matched_exact
drug,Vensir XL 75mg prolonged release hard capsules Venlafaxine Morningside 75mg prolonged release hard capsules,Vensir XL,atc_code,ATC,UNKNOWN,,not_found
drug,Cladribine Merck 10 mg tablets,Cladribine Merck,atc_code,ATC,UNKNOWN,,not_found
adr,pyelonephritis,pyelonephritis,meddra_code,MDR,10037596,Pyelonephritis,matched_exact
adr,pyelonephritis,pyelonephritis,icd_code,ICD10CM,N16,Renal tubulo-interstitial disorders in diseases classified elsewhere,matched_exact
adr,infection,infection,meddra_code,MDR,10021789,Infection,matched_exact
adr,infection,infection,icd_code,ICD10CM,N39.0,"Urinary tract infection, site not specified",matched_words
adr,pharyngitis,pharyngitis,meddra_code,MDR,10034835,Pharyngitis,matched_exact
adr,pharyngitis,pharyngitis,icd_code,ICD10CM,J02.0,Streptococcal pharyngitis,matched_words
adr,eosinophilia,eosinophilia,meddra_code,MDR,10014950,Eosinophilia,matched_exact
adr,eosinophilia,eosinophilia,icd_code,ICD10CM,D72.1,Eosinophilia,matched_exact
adr,hypothyroidism,hypothyroidism,meddra_code,MDR,10021114,Hypothyroidism,matched_exact
adr,hypothyroidism,hypothyroidism,icd_code,ICD10CM,E03.9,"Hypothyroidism, unspecified",matched_words
adr,hyperkalaemia,hyperkalaemia,meddra_code,MDR,10020646,Hyperkalaemia,matched_exact
adr,hyperkalaemia,hyperkalaemia,icd_code,ICD10,E87.5,Hyperkalaemia,matched_exact
adr,hypercholesterolaemia,hypercholesterolaemia,meddra_code,MDR,10020603,Hypercholesterolaemia,matched_exact
adr,hypercholesterolaemia,hypercholesterolaemia,icd_code,ICD10,E78.0,Pure hypercholesterolaemia,matched_words
adr,hyponatraemia,hyponatraemia,meddra_code,MDR,10021036,Hyponatraemia,matched_exact
adr,hyponatraemia,hyponatraemia,icd_code,ICD10,E87.1,Hypo-osmolality and hyponatraemia,matched_words
adr,dehydration,dehydration,meddra_code,MDR,10012174,Dehydration,matched_exact
adr,dehydration,dehydration,icd_code,ICD10CM,E86.0,Dehydration,matched_exact
adr,hypertriglyceridaemia,hypertriglyceridaemia,meddra_code,MDR,10020869,Hypertriglyceridaemia,matched_exact
adr,hypertriglyceridaemia,hypertriglyceridaemia,icd_code,ICD10,UNKNOWN,,not_found
adr,insomnia,insomnia,meddra_code,MDR,10022437,Insomnia,matched_exact
adr,insomnia,insomnia,icd_code,ICD10CM,G47.0,Insomnia,matched_exact
adr,syncope,syncope,meddra_code,MDR,10042772,Syncope,matched_exact
adr,syncope,syncope,icd_code,ICD10CM,R55,Syncope and collapse,matched_words
adr,dizziness,dizziness,meddra_code,MDR,10013573,Dizziness,matched_exact
adr,dizziness,dizziness,icd_code,ICD10CM,R42,Dizziness and giddiness,matched_words
adr,headache,headache,meddra_code,MDR,10019211,Headache,matched_exact
adr,headache,headache,icd_code,ICD10CM,R51,Headache,matched_exact
adr,hypoaesthesia,hypoaesthesia,meddra_code,MDR,10020937,Hypoaesthesia,matched_exact
adr,hypoaesthesia,hypoaesthesia,icd_code,ICD10,R20.1,Hypoaesthesia of skin,matched_words
adr,left ventricular failure,left ventricular failure,meddra_code,MDR,10024119,Left ventricular failure,matched_exact
adr,left ventricular failure,left ventricular failure,icd_code,ICD10CM,I50.1,"Left ventricular failure, unspecified",matched_words
adr,atrial fibrillation,atrial fibrillation,meddra_code,MDR,10003658,Atrial fibrillation,matched_exact
adr,atrial fibrillation,atrial fibrillation,icd_code,ICD10CM,I48.0,Paroxysmal atrial fibrillation,matched_words
adr,tachycardia,tachycardia,meddra_code,MDR,10043071,Tachycardia,matched_exact
adr,tachycardia,tachycardia,icd_code,ICD10CM,R00.0,"Tachycardia, unspecified",matched_words
adr,hypotension,hypotension,meddra_code,MDR,10021097,Hypotension,matched_exact
adr,hypotension,hypotension,icd_code,ICD10CM,I95,Hypotension,matched_exact
adr,arterial thrombosis limb,arterial thrombosis limb,meddra_code,MDR,10003180,Arterial thrombosis limb,matched_exact
adr,arterial thrombosis limb,arterial thrombosis limb,icd_code,ICD10,UNKNOWN,,not_found
adr,orthostatic hypotension,orthostatic hypotension,meddra_code,MDR,10031127,Orthostatic hypotension,matched_exact
adr,orthostatic hypotension,orthostatic hypotension,icd_code,ICD10CM,I95.1,Orthostatic hypotension,matched_exact
adr,cough,cough,meddra_code,MDR,10011224,Cough,matched_exact
adr,cough,cough,icd_code,ICD10CM,R05,Cough,matched_exact
adr,diarrhoea,diarrhoea,meddra_code,MDR,10012735,Diarrhoea,matched_exact
adr,diarrhoea,diarrhoea,icd_code,ICD10,K59.1,Functional diarrhoea,matched_words
adr,nausea,nausea,meddra_code,MDR,10028813,Nausea,matched_exact
adr,nausea,nausea,icd_code,ICD10CM,R11.0,Nausea,matched_exact
adr,constipation,constipation,meddra_code,MDR,10010774,Constipation,matched_exact
adr,constipation,constipation,icd_code,ICD10CM,K59.0,Constipation,matched_exact
adr,vomiting,vomiting,meddra_code,MDR,10047700,Vomiting,matched_exact
adr,vomiting,vomiting,icd_code,ICD10CM,R11.1,Vomiting,matched_exact
adr,flatulence,flatulence,meddra_code,MDR,10016766,Flatulence,matched_exact
adr,flatulence,flatulence,icd_code,ICD10CM,R14.3,Flatulence,matched_exact
adr,rash,rash,meddra_code,MDR,10037844,Rash,matched_exact
adr,rash,rash,icd_code,ICD10CM,R21,Rash and other nonspecific skin eruption,matched_words
adr,pruritus,pruritus,meddra_code,MDR,10037087,Pruritus,matched_exact
adr,pruritus,pruritus,icd_code,ICD10CM,L29,Pruritus,matched_exact
adr,angioedema,angioedema,meddra_code,MDR,10002424,Angioedema,matched_exact
adr,angioedema,angioedema,icd_code,ICD10CM,T78.3,Angioneurotic edema,matched_words
adr,hyperhidrosis,hyperhidrosis,meddra_code,MDR,10020642,Hyperhidrosis,matched_exact
adr,hyperhidrosis,hyperhidrosis,icd_code,ICD10CM,R61,Generalized hyperhidrosis,matched_words
adr,muscle spasms,muscle spasms,meddra_code,MDR,10028334,Muscle spasms,matched_exact
adr,muscle spasms,muscle spasms,icd_code,ICD10CM,M62.83,Muscle spasm,matched_words
adr,back pain,back pain,meddra_code,MDR,10003988,Back pain,matched_exact
adr,back pain,back pain,icd_code,ICD10CM,M54.9,"Dorsalgia, unspecified",matched_words
adr,musculoskeletal pain,musculoskeletal pain,meddra_code,MDR,10028391,Musculoskeletal pain,matched_exact
adr,musculoskeletal pain,musculoskeletal pain,icd_code,ICD10,UNKNOWN,,not_found
adr,renal impairment,renal impairment,meddra_code,MDR,10062237,Renal impairment,matched_exact
adr,renal impairment,renal impairment,icd_code,ICD10CM,N25,Disorders resulting from impaired renal tubular function,matched_words
adr,cholecystitis,cholecystitis,meddra_code,MDR,10008612,Cholecystitis,matched_exact
adr,cholecystitis,cholecystitis,icd_code,ICD10CM,K81,Cholecystitis,matched_exact
adr,gynaecomastia,gynaecomastia,meddra_code,MDR,10018800,Gynaecomastia,matched_exact
adr,gynaecomastia,gynaecomastia,icd_code,ICD10,UNKNOWN,,not_found
adr,asthenia,asthenia,meddra_code,MDR,10003549,Asthenia,matched_exact
adr,asthenia,asthenia,icd_code,ICD10CM,R53.1,Weakness,matched_words
adr,malaise,malaise,meddra_code,MDR,10025482,Malaise,matched_exact
adr,malaise,malaise,icd_code,ICD10CM,R53.81,Other malaise,matched_words
adr,blood urea increased,blood urea increased,meddra_code,MDR,10005851,Blood urea increased,matched_exact
adr,blood urea increased,blood urea increased,icd_code,ICD10,UNKNOWN,,not_found
adr,blood creatinine increased,blood creatinine increased,meddra_code,MDR,10005483,Blood creatinine increased,matched_exact
adr,blood creatinine increased,blood creatinine increased,icd_code,ICD10,UNKNOWN,,not_found
adr,epidermal growth factor receptor decreased,epidermal growth factor receptor decreased,meddra_code,MDR,10065124,Epidermal growth factor receptor decreased,matched_exact
adr,epidermal growth factor receptor decreased,epidermal growth factor receptor decreased,icd_code,ICD10,UNKNOWN,,not_found
adr,blood glucose increased,blood glucose increased,meddra_code,MDR,10005557,Blood glucose increased,matched_exact
adr,blood glucose increased,blood glucose increased,icd_code,ICD10,UNKNOWN,,not_found
adr,stroke,stroke,meddra_code,MDR,10042244,Stroke,matched_exact
adr,stroke,stroke,icd_code,ICD10CM,I63.9,"Cerebral infarction, unspecified",matched_words
adr,Hypersensitivity,Hypersensitivity,meddra_code,MDR,10020751,Hypersensitivity,matched_exact
adr,Hypersensitivity,Hypersensitivity,icd_code,ICD10CM,T78.40,"Allergy, unspecified",matched_words
adr,Decreased appetite up to loss of appetite,Decreased appetite up to loss of appetite,meddra_code,MDR,0,,not_found
adr,Decreased appetite up to loss of appetite,Decreased appetite up to loss of appetite,icd_code,ICD10,UNKNOWN,,not_found
adr,Insomnia,Insomnia,meddra_code,MDR,10022437,Insomnia,matched_exact
adr,Insomnia,Insomnia,icd_code,ICD10CM,G47.0,Insomnia,matched_exact
adr,Abnormal thinking,Abnormal thinking,meddra_code,MDR,10000182,Abnormal thinking,matched_exact
adr,Abnormal thinking,Abnormal thinking,icd_code,ICD10,UNKNOWN,,not_found
adr,Anxiety,Anxiety,meddra_code,MDR,10002855,Anxiety,matched_exact
adr,Anxiety,Anxiety,icd_code,ICD10CM,F41.1,Generalized anxiety disorder,matched_words
adr,Confusional state,Confusional state,meddra_code,MDR,10010305,Confusional state,matched_exact
adr,Confusional state,Confusional state,icd_code,ICD10CM,F05,Delirium due to known physiological condition,matched_words
adr,Libido decreased,Libido decreased,meddra_code,MDR,10024419,Libido decreased,matched_exact
adr,Libido decreased,Libido decreased,icd_code,ICD10CM,R68.82,Decreased libido,matched_words
adr,Nervousness,Nervousness,meddra_code,MDR,10029216,Nervousness,matched_exact
adr,Nervousness,Nervousness,icd_code,ICD10CM,R45.0,Nervousness,matched_exact
adr,Restlessness,Restlessness,meddra_code,MDR,10038743,Restlessness,matched_exact
adr,Restlessness,Restlessness,icd_code,ICD10CM,G25.81,Restless legs syndrome,matched_words
adr,Euphoric mood,Euphoric mood,meddra_code,MDR,10015535,Euphoric mood,matched_exact
adr,Euphoric mood,Euphoric mood,icd_code,ICD10,UNKNOWN,,not_found
adr,Hallucination,Hallucination,meddra_code,MDR,10019063,Hallucination,matched_exact
adr,Hallucination,Hallucination,icd_code,ICD10CM,R44.3,"Hallucinations, unspecified",matched_words
adr,Nightmares,Nightmares,meddra_code,MDR,10029414,Nightmares,matched_exact
adr,Nightmares,Nightmares,icd_code,ICD10CM,F51.5,Nightmare disorder,matched_words
adr,Aggression,Aggression,meddra_code,MDR,10001488,Aggression,matched_exact
adr,Aggression,Aggression,icd_code,ICD10CM,D48.11,Desmoid tumor,matched_words
adr,Drug dependence,Drug dependence,meddra_code,MDR,10013663,Drug dependence,matched_exact
adr,Drug dependence,Drug dependence,icd_code,ICD10CM,P96.1,Neonatal withdrawal symptoms from maternal use of drugs of addiction,matched_words
adr,Dizziness,Dizziness,meddra_code,MDR,10013573,Dizziness,matched_exact
adr,Dizziness,Dizziness,icd_code,ICD10CM,R42,Dizziness and giddiness,matched_words
adr,Headache,Headache,meddra_code,MDR,10019211,Headache,matched_exact
adr,Headache,Headache,icd_code,ICD10CM,R51,Headache,matched_exact
adr,Somnolence,Somnolence,meddra_code,MDR,10041349,Somnolence,matched_exact
adr,Somnolence,Somnolence,icd_code,ICD10CM,R40.0,Somnolence,matched_exact
adr,Convulsions,Convulsions,meddra_code,MDR,10010914,Convulsions,matched_exact
adr,Convulsions,Convulsions,icd_code,ICD10CM,G40.909,"Epilepsy, unspecified, not intractable, without status epilepticus",matched_words
adr,Disturbance in attention,Disturbance in attention,meddra_code,MDR,10013496,Disturbance in attention,matched_exact
adr,Disturbance in attention,Disturbance in attention,icd_code,ICD10,UNKNOWN,,not_found
adr,Dysgeusia,Dysgeusia,meddra_code,MDR,10013911,Dysgeusia,matched_exact
adr,Dysgeusia,Dysgeusia,icd_code,ICD10,UNKNOWN,,not_found
adr,Speech disorder,Speech disorder,meddra_code,MDR,10041466,Speech disorder,matched_exact
adr,Speech disorder,Speech disorder,icd_code,ICD10CM,F80.9,"Developmental disorder of speech and language, unspecified",matched_words
adr,Syncope,Syncope,meddra_code,MDR,10042772,Syncope,matched_exact
adr,Syncope,Syncope,icd_code,ICD10CM,R55,Syncope and collapse,matched_words
adr,Tremor,Tremor,meddra_code,MDR,10044565,Tremor,matched_exact
adr,Tremor,Tremor,icd_code,ICD10CM,R25.1,"Tremor, unspecified",matched_words
adr,Lethargy,Lethargy,meddra_code,MDR,10024264,Lethargy,matched_exact
adr,Lethargy,Lethargy,icd_code,ICD10CM,R53.83,Other fatigue,matched_exact
adr,Paraesthesia,Paraesthesia,meddra_code,MDR,10033775,Paraesthesia,matched_exact
adr,Paraesthesia,Paraesthesia,icd_code,ICD10,R20.2,Paraesthesia of skin,matched_words
adr,Sedation,Sedation,meddra_code,MDR,10039897,Sedation,matched_exact
adr,Sedation,Sedation,icd_code,ICD10CM,Z92.83,Personal history of failed moderate sedation,matched_words
adr,Visual impairment,Visual impairment,meddra_code,MDR,10047571,Visual impairment,matched_exact
adr,Visual impairment,Visual impairment,icd_code,ICD10CM,H54.7,Unspecified visual loss,matched_words
adr,Vertigo,Vertigo,meddra_code,MDR,10047340,Vertigo,matched_exact
adr,Vertigo,Vertigo,icd_code,ICD10CM,H81.0,Ménière's disease,matched_words
adr,Angina pectoris,Angina pectoris,meddra_code,MDR,10002383,Angina pectoris,matched_exact
adr,Angina pectoris,Angina pectoris,icd_code,ICD10CM,I20,Angina pectoris,matched_exact
adr,Palpitations,Palpitations,meddra_code,MDR,10033557,Palpitations,matched_exact
adr,Palpitations,Palpitations,icd_code,ICD10CM,R00.2,Palpitations,matched_exact
adr,Tachycardia,Tachycardia,meddra_code,MDR,10043071,Tachycardia,matched_exact
adr,Tachycardia,Tachycardia,icd_code,ICD10CM,R00.0,"Tachycardia, unspecified",matched_words
adr,Hot flush,Hot flush,meddra_code,MDR,10060800,Hot flush,matched_exact
adr,Hot flush,Hot flush,icd_code,ICD10,UNKNOWN,,not_found
adr,Blood pressure decreased,Blood pressure decreased,meddra_code,MDR,10005734,Blood pressure decreased,matched_exact
adr,Blood pressure decreased,Blood pressure decreased,icd_code,ICD10,UNKNOWN,,not_found
adr,Blood pressure increased,Blood pressure increased,meddra_code,MDR,10005750,Blood pressure increased,matched_exact
adr,Blood pressure increased,Blood pressure increased,icd_code,ICD10,UNKNOWN,,not_found
adr,Dyspnoea,Dyspnoea,meddra_code,MDR,10013968,Dyspnoea,matched_exact
adr,Dyspnoea,Dyspnoea,icd_code,ICD10,R06.0,Dyspnoea,matched_exact
adr,Rhinorrhoea,Rhinorrhoea,meddra_code,MDR,10039101,Rhinorrhoea,matched_exact
adr,Rhinorrhoea,Rhinorrhoea,icd_code,ICD10,UNKNOWN,,not_found
adr,Cough,Cough,meddra_code,MDR,10011224,Cough,matched_exact
adr,Cough,Cough,icd_code,ICD10CM,R05,Cough,matched_exact
adr,Yawning,Yawning,meddra_code,MDR,10048232,Yawning,matched_exact
adr,Yawning,Yawning,icd_code,ICD10,UNKNOWN,,not_found
adr,Respiratory depression,Respiratory depression,meddra_code,MDR,10038678,Respiratory depression,matched_exact
adr,Respiratory depression,Respiratory depression,icd_code,ICD10CM,P28.9,"Respiratory condition of newborn, unspecified",matched_words
adr,Central sleep apnoea syndrome,Central sleep apnoea syndrome,meddra_code,MDR,10007975,Central sleep apnoea syndrome,matched_exact
adr,Central sleep apnoea syndrome,Central sleep apnoea syndrome,icd_code,ICD10,UNKNOWN,,not_found
adr,Abdominal pain,Abdominal pain,meddra_code,MDR,10000081,Abdominal pain,matched_exact
adr,Abdominal pain,Abdominal pain,icd_code,ICD10CM,R10.9,Unspecified abdominal pain,matched_words
adr,Constipation,Constipation,meddra_code,MDR,10010774,Constipation,matched_exact
adr,Constipation,Constipation,icd_code,ICD10CM,K59.0,Constipation,matched_exact
adr,Diarrhoea,Diarrhoea,meddra_code,MDR,10012735,Diarrhoea,matched_exact
adr,Diarrhoea,Diarrhoea,icd_code,ICD10,K59.1,Functional diarrhoea,matched_words
adr,Dry mouth,Dry mouth,meddra_code,MDR,10013781,Dry mouth,matched_exact
adr,Dry mouth,Dry mouth,icd_code,ICD10CM,R68.2,"Dry mouth, unspecified",matched_words
adr,Dyspepsia,Dyspepsia,meddra_code,MDR,10013946,Dyspepsia,matched_exact
adr,Dyspepsia,Dyspepsia,icd_code,ICD10CM,R10.13,Epigastric pain,matched_exact
adr,Vomiting,Vomiting,meddra_code,MDR,10047700,Vomiting,matched_exact
adr,Vomiting,Vomiting,icd_code,ICD10CM,R11.1,Vomiting,matched_exact
adr,Nausea,Nausea,meddra_code,MDR,10028813,Nausea,matched_exact
adr,Nausea,Nausea,icd_code,ICD10CM,R11.0,Nausea,matched_exact
adr,Flatulence,Flatulence,meddra_code,MDR,10016766,Flatulence,matched_exact
adr,Flatulence,Flatulence,icd_code,ICD10CM,R14.3,Flatulence,matched_exact
adr,Abdominal distension,Abdominal distension,meddra_code,MDR,10000060,Abdominal distension,matched_exact
adr,Abdominal distension,Abdominal distension,icd_code,ICD10CM,R14.0,Abdominal distension (gaseous),matched_words
adr,Tooth disorder,Tooth disorder,meddra_code,MDR,10044034,Tooth disorder,matched_exact
adr,Tooth disorder,Tooth disorder,icd_code,ICD10CM,K08.9,"Disorder of teeth and supporting structures, unspecified",matched_words
adr,Eructation,Eructation,meddra_code,MDR,10015137,Eructation,matched_exact
adr,Eructation,Eructation,icd_code,ICD10CM,R14.2,Eructation,matched_exact
adr,Hepatic enzymes increased,Hepatic enzymes increased,meddra_code,MDR,10019662,Hepatic enzymes increased,matched_exact
adr,Hepatic enzymes increased,Hepatic enzymes increased,icd_code,ICD10,UNKNOWN,,not_found
adr,Biliary colic,Biliary colic,meddra_code,MDR,10004663,Biliary colic,matched_exact
adr,Biliary colic,Biliary colic,icd_code,ICD10,UNKNOWN,,not_found
adr,Pruritus,Pruritus,meddra_code,MDR,10037087,Pruritus,matched_exact
adr,Pruritus,Pruritus,icd_code,ICD10CM,L29,Pruritus,matched_exact
adr,Skin reactions,Skin reactions,meddra_code,MDR,10040935,Skin test reaction,matched_words
adr,Skin reactions,Skin reactions,icd_code,ICD10CM,R76.11,Nonspecific reaction to tuberculin skin test without active tuberculosis,matched_words
adr,Hyperhidrosis,Hyperhidrosis,meddra_code,MDR,10020642,Hyperhidrosis,matched_exact
adr,Hyperhidrosis,Hyperhidrosis,icd_code,ICD10CM,R61,Generalized hyperhidrosis,matched_words
adr,Muscle spasms,Muscle spasms,meddra_code,MDR,10028334,Muscle spasms,matched_exact
adr,Muscle spasms,Muscle spasms,icd_code,ICD10CM,M62.83,Muscle spasm,matched_words
adr,Muscle twitching,Muscle twitching,meddra_code,MDR,10028347,Muscle twitching,matched_exact
adr,Muscle twitching,Muscle twitching,icd_code,ICD10,UNKNOWN,,not_found
adr,Myalgia,Myalgia,meddra_code,MDR,10028411,Myalgia,matched_exact
adr,Myalgia,Myalgia,icd_code,ICD10CM,M79.1,Myalgia,matched_exact
adr,Micturition urgency,Micturition urgency,meddra_code,MDR,10027566,Micturition urgency,matched_exact
adr,Micturition urgency,Micturition urgency,icd_code,ICD10,UNKNOWN,,not_found
adr,Urinary retention,Urinary retention,meddra_code,MDR,10046555,Urinary retention,matched_exact
adr,Urinary retention,Urinary retention,icd_code,ICD10,UNKNOWN,,not_found
adr,Erectile dysfunction,Erectile dysfunction,meddra_code,MDR,10061461,Erectile dysfunction,matched_exact
adr,Erectile dysfunction,Erectile dysfunction,icd_code,ICD10CM,N52,Male erectile dysfunction,matched_words
adr,Amenorrhoea,Amenorrhoea,meddra_code,MDR,10001928,Amenorrhoea,matched_exact
adr,Amenorrhoea,Amenorrhoea,icd_code,ICD10,N91.2,"Amenorrhoea, unspecified",matched_words
adr,Asthenia,Asthenia,meddra_code,MDR,10003549,Asthenia,matched_exact
adr,Asthenia,Asthenia,icd_code,ICD10CM,R53.1,Weakness,matched_words
adr,Fatigue,Fatigue,meddra_code,MDR,10016256,Fatigue,matched_exact
adr,Fatigue,Fatigue,icd_code,ICD10CM,R53.83,Other fatigue,matched_words
adr,Chest pain,Chest pain,meddra_code,MDR,10008479,Chest pain,matched_exact
adr,Chest pain,Chest pain,icd_code,ICD10CM,I20.9,"Angina pectoris, unspecified",matched_words
adr,Chills,Chills,meddra_code,MDR,10008531,Chills,matched_exact
adr,Chills,Chills,icd_code,ICD10CM,R68.83,Chills (without fever),matched_words
adr,Malaise,Malaise,meddra_code,MDR,10025482,Malaise,matched_exact
adr,Malaise,Malaise,icd_code,ICD10CM,R53.81,Other malaise,matched_words
adr,Pain,Pain,meddra_code,MDR,10033371,Pain,matched_exact
adr,Pain,Pain,icd_code,ICD10CM,R52,"Pain, unspecified",matched_words
adr,Peripheral oedema,Peripheral oedema,meddra_code,MDR,10034611,Peripheral oedema,matched_exact
adr,Peripheral oedema,Peripheral oedema,icd_code,ICD10,UNKNOWN,,not_found
adr,Thirst,Thirst,meddra_code,MDR,10043458,Thirst,matched_exact
adr,Thirst,Thirst,icd_code,ICD10CM,R63.1,Polydipsia,matched_words
adr,Drug withdrawal syndrome,Drug withdrawal syndrome,meddra_code,MDR,10013754,Drug withdrawal syndrome,matched_exact
adr,Drug withdrawal syndrome,Drug withdrawal syndrome,icd_code,ICD10CM,P96.1,Neonatal withdrawal symptoms from maternal use of drugs of addiction,matched_words
adr,Weight decreased,Weight decreased,meddra_code,MDR,10047895,Weight decreased,matched_exact
adr,Weight decreased,Weight decreased,icd_code,ICD10CM,D68.020,"Von Willebrand disease, type 2A",matched_words
adr,Weight increased,Weight increased,meddra_code,MDR,10047899,Weight increased,matched_exact
adr,Weight increased,Weight increased,icd_code,ICD10,UNKNOWN,,not_found
adr,Injuries from accidents,Injuries from accidents,meddra_code,MDR,0,,not_found
adr,Injuries from accidents,Injuries from accidents,icd_code,ICD10,UNKNOWN,,not_found
adr,Respiratory depression,Respiratory depression,meddra_code,MDR,10038678,Respiratory depression,matched_exact
adr,Respiratory depression,Respiratory depression,icd_code,ICD10CM,P28.9,"Respiratory condition of newborn, unspecified",matched_words
adr,Anaphylactic reaction,Anaphylactic reaction,meddra_code,MDR,10002198,Anaphylactic reaction,matched_exact
adr,Anaphylactic reaction,Anaphylactic reaction,icd_code,ICD10CM,T78.2,"Anaphylactic shock, unspecified",matched_exact
adr,Dehydration,Dehydration,meddra_code,MDR,10012174,Dehydration,matched_exact
adr,Dehydration,Dehydration,icd_code,ICD10CM,E86.0,Dehydration,matched_exact
adr,Increased appetite,Increased appetite,meddra_code,MDR,10021654,Increased appetite,matched_exact
adr,Increased appetite,Increased appetite,icd_code,ICD10,UNKNOWN,,not_found
adr,Altered mood and personality change,Altered mood and personality change,meddra_code,MDR,0,,not_found
adr,Altered mood and personality change,Altered mood and personality change,icd_code,ICD10,UNKNOWN,,not_found
adr,Decreased activity,Decreased activity,meddra_code,MDR,10011953,Decreased activity,matched_exact
adr,Decreased activity,Decreased activity,icd_code,ICD10,UNKNOWN,,not_found
adr,Psychomotor hyperactivity,Psychomotor hyperactivity,meddra_code,MDR,10037211,Psychomotor hyperactivity,matched_exact
adr,Psychomotor hyperactivity,Psychomotor hyperactivity,icd_code,ICD10,UNKNOWN,,not_found
adr,Agitation,Agitation,meddra_code,MDR,10001497,Agitation,matched_exact
adr,Agitation,Agitation,icd_code,ICD10CM,R45.1,Restlessness and agitation,matched_words
adr,Perception disturbances,Perception disturbances,meddra_code,MDR,10082213,Perception disturbances NEC,matched_words
adr,Perception disturbances,Perception disturbances,icd_code,ICD10,UNKNOWN,,not_found
adr,Concentration impaired,Concentration impaired,meddra_code,MDR,10010249,Concentration impaired,matched_exact
adr,Concentration impaired,Concentration impaired,icd_code,ICD10,UNKNOWN,,not_found
adr,Migraine,Migraine,meddra_code,MDR,10027599,Migraine,matched_exact
adr,Migraine,Migraine,icd_code,ICD10CM,G43,Migraine,matched_exact
adr,Hypertonia,Hypertonia,meddra_code,MDR,10020852,Hypertonia,matched_exact
adr,Hypertonia,Hypertonia,icd_code,ICD10CM,P94.1,Congenital hypertonia,matched_words
adr,Involuntary muscle contractions,Involuntary muscle contractions,meddra_code,MDR,10028293,Muscle contractions involuntary,matched_words
adr,Involuntary muscle contractions,Involuntary muscle contractions,icd_code,ICD10,UNKNOWN,,not_found
adr,Hypoaesthesia,Hypoaesthesia,meddra_code,MDR,10020937,Hypoaesthesia,matched_exact
adr,Hypoaesthesia,Hypoaesthesia,icd_code,ICD10,R20.1,Hypoaesthesia of skin,matched_words
adr,Abnormal coordination,Abnormal coordination,meddra_code,MDR,10010947,Coordination abnormal,matched_words
adr,Abnormal coordination,Abnormal coordination,icd_code,ICD10,UNKNOWN,,not_found
adr,Hyperalgesia,Hyperalgesia,meddra_code,MDR,10020573,Hyperalgesia,matched_exact
adr,Hyperalgesia,Hyperalgesia,icd_code,ICD10,UNKNOWN,,not_found
adr,Hearing impaired,Hearing impaired,meddra_code,MDR,10019245,Hearing impaired,matched_exact
adr,Hearing impaired,Hearing impaired,icd_code,ICD10CM,Q16,Congenital malformations of ear causing impairment of hearing,matched_words
adr,Vasodilatation,Vasodilatation,meddra_code,MDR,10047141,Vasodilatation,matched_exact
adr,Vasodilatation,Vasodilatation,icd_code,ICD10,UNKNOWN,,not_found
adr,Dysphonia,Dysphonia,meddra_code,MDR,10013952,Dysphonia,matched_exact
adr,Dysphonia,Dysphonia,icd_code,ICD10CM,R49.0,Dysphonia,matched_exact
adr,Hiccups,Hiccups,meddra_code,MDR,10020039,Hiccups,matched_exact
adr,Hiccups,Hiccups,icd_code,ICD10CM,R06.6,Hiccough,matched_words
adr,Dysphagia,Dysphagia,meddra_code,MDR,10013950,Dysphagia,matched_exact
adr,Dysphagia,Dysphagia,icd_code,ICD10CM,R13.1,Dysphagia,matched_exact
adr,Ileus,Ileus,meddra_code,MDR,10021328,Ileus,matched_exact
adr,Ileus,Ileus,icd_code,ICD10CM,K56.0,Paralytic ileus,matched_words
adr,Mouth ulceration,Mouth ulceration,meddra_code,MDR,10028034,Mouth ulceration,matched_exact
adr,Mouth ulceration,Mouth ulceration,icd_code,ICD10,UNKNOWN,,not_found
adr,Stomatitis,Stomatitis,meddra_code,MDR,10042128,Stomatitis,matched_exact
adr,Stomatitis,Stomatitis,icd_code,ICD10CM,B37.0,Candidal stomatitis,matched_words
adr,Melaena,Melaena,meddra_code,MDR,10027141,Melaena,matched_exact
adr,Melaena,Melaena,icd_code,ICD10,K92.1,Melaena,matched_exact
adr,Gingival bleeding,Gingival bleeding,meddra_code,MDR,10018276,Gingival bleeding,matched_exact
adr,Gingival bleeding,Gingival bleeding,icd_code,ICD10,UNKNOWN,,not_found
adr,Dental caries,Dental caries,meddra_code,MDR,10012318,Dental caries,matched_exact
adr,Dental caries,Dental caries,icd_code,ICD10CM,K02,Dental caries,matched_exact
adr,Cholestasis,Cholestasis,meddra_code,MDR,10008635,Cholestasis,matched_exact
adr,Cholestasis,Cholestasis,icd_code,ICD10CM,O26.64,Intrahepatic cholestasis of pregnancy,matched_words
adr,Sphincter of Oddi dysfunction,Sphincter of Oddi dysfunction,meddra_code,MDR,10066424,Sphincter of Oddi dysfunction,matched_exact
adr,Sphincter of Oddi dysfunction,Sphincter of Oddi dysfunction,icd_code,ICD10,UNKNOWN,,not_found
adr,Dry skin,Dry skin,meddra_code,MDR,10013786,Dry skin,matched_exact
adr,Dry skin,Dry skin,icd_code,ICD10CM,L85.3,Xerosis cutis,matched_words
adr,Urticaria,Urticaria,meddra_code,MDR,10046735,Urticaria,matched_exact
adr,Urticaria,Urticaria,icd_code,ICD10CM,L50,Urticaria,matched_exact
adr,Dysuria,Dysuria,meddra_code,MDR,10013990,Dysuria,matched_exact
adr,Dysuria,Dysuria,icd_code,ICD10CM,R30.0,Dysuria,matched_exact
adr,Hypogonadism,Hypogonadism,meddra_code,MDR,10058359,Hypogonadism,matched_exact
adr,Hypogonadism,Hypogonadism,icd_code,ICD10CM,E29.1,Testicular hypofunction,matched_words
adr,Oedema,Oedema,meddra_code,MDR,10030095,Oedema,matched_exact
adr,Oedema,Oedema,icd_code,ICD10,R60.9,"Oedema, unspecified",matched_words
adr,Drug withdrawal syndrome neonatal,Drug withdrawal syndrome neonatal,meddra_code,MDR,10013756,Drug withdrawal syndrome neonatal,matched_exact
adr,Drug withdrawal syndrome neonatal,Drug withdrawal syndrome neonatal,icd_code,ICD10,UNKNOWN,,not_found
adr,Drug tolerance,Drug tolerance,meddra_code,MDR,10052804,Drug tolerance,matched_exact
adr,Drug tolerance,Drug tolerance,icd_code,ICD10,UNKNOWN,,not_found
adr,Hypersensitivity,Hypersensitivity,meddra_code,MDR,10020751,Hypersensitivity,matched_exact
adr,Hypersensitivity,Hypersensitivity,icd_code,ICD10CM,T78.40,"Allergy, unspecified",matched_words
adr,Decreased appetite up to loss of appetite,Decreased appetite up to loss of appetite,meddra_code,MDR,0,,not_found
adr,Decreased appetite up to loss of appetite,Decreased appetite up to loss of appetite,icd_code,ICD10,UNKNOWN,,not_found
adr,Insomnia,Insomnia,meddra_code,MDR,10022437,Insomnia,matched_exact
adr,Insomnia,Insomnia,icd_code,ICD10CM,G47.0,Insomnia,matched_exact
adr,Depression,Depression,meddra_code,MDR,10012378,Depression,matched_exact
adr,Depression,Depression,icd_code,ICD10CM,F31.9,"Bipolar disorder, unspecified",matched_words
adr,Libido decreased,Libido decreased,meddra_code,MDR,10024419,Libido decreased,matched_exact
adr,Libido decreased,Libido decreased,icd_code,ICD10CM,R68.82,Decreased libido,matched_words
adr,Sleep attacks,Sleep attacks,meddra_code,MDR,10040981,Sleep attacks,matched_exact
adr,Sleep attacks,Sleep attacks,icd_code,ICD10,UNKNOWN,,not_found
adr,Abnormal thinking,Abnormal thinking,meddra_code,MDR,10000182,Abnormal thinking,matched_exact
adr,Abnormal thinking,Abnormal thinking,icd_code,ICD10,UNKNOWN,,not_found
adr,Anxiety,Anxiety,meddra_code,MDR,10002855,Anxiety,matched_exact
adr,Anxiety,Anxiety,icd_code,ICD10CM,F41.1,Generalized anxiety disorder,matched_words
adr,Confusional state,Confusional state,meddra_code,MDR,10010305,Confusional state,matched_exact
adr,Confusional state,Confusional state,icd_code,ICD10CM,F05,Delirium due to known physiological condition,matched_words
adr,Nervousness,Nervousness,meddra_code,MDR,10029216,Nervousness,matched_exact
adr,Nervousness,Nervousness,icd_code,ICD10CM,R45.0,Nervousness,matched_exact
adr,Restlessness,Restlessness,meddra_code,MDR,10038743,Restlessness,matched_exact
adr,Restlessness,Restlessness,icd_code,ICD10CM,G25.81,Restless legs syndrome,matched_words
adr,Euphoric mood,Euphoric mood,meddra_code,MDR,10015535,Euphoric mood,matched_exact
adr,Euphoric mood,Euphoric mood,icd_code,ICD10,UNKNOWN,,not_found
adr,Hallucination,Hallucination,meddra_code,MDR,10019063,Hallucination,matched_exact
adr,Hallucination,Hallucination,icd_code,ICD10CM,R44.3,"Hallucinations, unspecified",matched_words
adr,Nightmares,Nightmares,meddra_code,MDR,10029414,Nightmares,matched_exact
adr,Nightmares,Nightmares,icd_code,ICD10CM,F51.5,Nightmare disorder,matched_words
adr,Drug dependence,Drug dependence,meddra_code,MDR,10013663,Drug dependence,matched_exact
adr,Drug dependence,Drug dependence,icd_code,ICD10CM,P96.1,Neonatal withdrawal symptoms from maternal use of drugs of addiction,matched_words
adr,Aggression,Aggression,meddra_code,MDR,10001488,Aggression,matched_exact
adr,Aggression,Aggression,icd_code,ICD10CM,D48.11,Desmoid tumor,matched_words
adr,Headache,Headache,meddra_code,MDR,10019211,Headache,matched_exact
adr,Headache,Headache,icd_code,ICD10CM,R51,Headache,matched_exact
adr,Somnolence,Somnolence,meddra_code,MDR,10041349,Somnolence,matched_exact
adr,Somnolence,Somnolence,icd_code,ICD10CM,R40.0,Somnolence,matched_exact
adr,Dizziness,Dizziness,meddra_code,MDR,10013573,Dizziness,matched_exact
adr,Dizziness,Dizziness,icd_code,ICD10CM,R42,Dizziness and giddiness,matched_words
adr,Disturbance in attention,Disturbance in attention,meddra_code,MDR,10013496,Disturbance in attention,matched_exact
adr,Disturbance in attention,Disturbance in attention,icd_code,ICD10,UNKNOWN,,not_found
adr,Tremor,Tremor,meddra_code,MDR,10044565,Tremor,matched_exact
adr,Tremor,Tremor,icd_code,ICD10CM,R25.1,"Tremor, unspecified",matched_words
adr,Paraesthesia,Paraesthesia,meddra_code,MDR,10033775,Paraesthesia,matched_exact
adr,Paraesthesia,Paraesthesia,icd_code,ICD10,R20.2,Paraesthesia of skin,matched_words
adr,Dysgeusia,Dysgeusia,meddra_code,MDR,10013911,Dysgeusia,matched_exact
adr,Dysgeusia,Dysgeusia,icd_code,ICD10,UNKNOWN,,not_found
adr,Convulsions,Convulsions,meddra_code,MDR,10010914,Convulsions,matched_exact
adr,Convulsions,Convulsions,icd_code,ICD10CM,G40.909,"Epilepsy, unspecified, not intractable, without status epilepticus",matched_words
adr,Sedation,Sedation,meddra_code,MDR,10039897,Sedation,matched_exact
adr,Sedation,Sedation,icd_code,ICD10CM,Z92.83,Personal history of failed moderate sedation,matched_words
adr,Speech disorder,Speech disorder,meddra_code,MDR,10041466,Speech disorder,matched_exact
adr,Speech disorder,Speech disorder,icd_code,ICD10CM,F80.9,"Developmental disorder of speech and language, unspecified",matched_words
adr,Syncope,Syncope,meddra_code,MDR,10042772,Syncope,matched_exact
adr,Syncope,Syncope,icd_code,ICD10CM,R55,Syncope and collapse,matched_words
adr,Lethargy,Lethargy,meddra_code,MDR,10024264,Lethargy,matched_exact
adr,Lethargy,Lethargy,icd_code,ICD10CM,R53.83,Other fatigue,matched_exact
adr,Visual impairment,Visual impairment,meddra_code,MDR,10047571,Visual impairment,matched_exact
adr,Visual impairment,Visual impairment,icd_code,ICD10CM,H54.7,Unspecified visual loss,matched_words
adr,Vertigo,Vertigo,meddra_code,MDR,10047340,Vertigo,matched_exact
adr,Vertigo,Vertigo,icd_code,ICD10CM,H81.0,Ménière's disease,matched_words
adr,Angina pectoris,Angina pectoris,meddra_code,MDR,10002383,Angina pectoris,matched_exact
adr,Angina pectoris,Angina pectoris,icd_code,ICD10CM,I20,Angina pectoris,matched_exact
adr,Palpitations,Palpitations,meddra_code,MDR,10033557,Palpitations,matched_exact
adr,Palpitations,Palpitations,icd_code,ICD10CM,R00.2,Palpitations,matched_exact
adr,Tachycardia,Tachycardia,meddra_code,MDR,10043071,Tachycardia,matched_exact
adr,Tachycardia,Tachycardia,icd_code,ICD10CM,R00.0,"Tachycardia, unspecified",matched_words
adr,Hot flush,Hot flush,meddra_code,MDR,10060800,Hot flush,matched_exact
adr,Hot flush,Hot flush,icd_code,ICD10,UNKNOWN,,not_found
adr,Blood pressure decreased,Blood pressure decreased,meddra_code,MDR,10005734,Blood pressure decreased,matched_exact
adr,Blood pressure decreased,Blood pressure decreased,icd_code,ICD10,UNKNOWN,,not_found
adr,Blood pressure increased,Blood pressure increased,meddra_code,MDR,10005750,Blood pressure increased,matched_exact
adr,Blood pressure increased,Blood pressure increased,icd_code,ICD10,UNKNOWN,,not_found
adr,Dyspnoea,Dyspnoea,meddra_code,MDR,10013968,Dyspnoea,matched_exact
adr,Dyspnoea,Dyspnoea,icd_code,ICD10,R06.0,Dyspnoea,matched_exact
adr,Cough,Cough,meddra_code,MDR,10011224,Cough,matched_exact
adr,Cough,Cough,icd_code,ICD10CM,R05,Cough,matched_exact
adr,Rhinorrhoea,Rhinorrhoea,meddra_code,MDR,10039101,Rhinorrhoea,matched_exact
adr,Rhinorrhoea,Rhinorrhoea,icd_code,ICD10,UNKNOWN,,not_found
adr,Respiratory depression,Respiratory depression,meddra_code,MDR,10038678,Respiratory depression,matched_exact
adr,Respiratory depression,Respiratory depression,icd_code,ICD10CM,P28.9,"Respiratory condition of newborn, unspecified",matched_words
adr,Yawning,Yawning,meddra_code,MDR,10048232,Yawning,matched_exact
adr,Yawning,Yawning,icd_code,ICD10,UNKNOWN,,not_found
adr,Constipation,Constipation,meddra_code,MDR,10010774,Constipation,matched_exact
adr,Constipation,Constipation,icd_code,ICD10CM,K59.0,Constipation,matched_exact
adr,Nausea,Nausea,meddra_code,MDR,10028813,Nausea,matched_exact
adr,Nausea,Nausea,icd_code,ICD10CM,R11.0,Nausea,matched_exact
adr,Abdominal pain,Abdominal pain,meddra_code,MDR,10000081,Abdominal pain,matched_exact
adr,Abdominal pain,Abdominal pain,icd_code,ICD10CM,R10.9,Unspecified abdominal pain,matched_words
adr,Dry mouth,Dry mouth,meddra_code,MDR,10013781,Dry mouth,matched_exact
adr,Dry mouth,Dry mouth,icd_code,ICD10CM,R68.2,"Dry mouth, unspecified",matched_words
adr,Vomiting,Vomiting,meddra_code,MDR,10047700,Vomiting,matched_exact
adr,Vomiting,Vomiting,icd_code,ICD10CM,R11.1,Vomiting,matched_exact
adr,Flatulence,Flatulence,meddra_code,MDR,10016766,Flatulence,matched_exact
adr,Flatulence,Flatulence,icd_code,ICD10CM,R14.3,Flatulence,matched_exact
adr,Abdominal distension,Abdominal distension,meddra_code,MDR,10000060,Abdominal distension,matched_exact
adr,Abdominal distension,Abdominal distension,icd_code,ICD10CM,R14.0,Abdominal distension (gaseous),matched_words
adr,Diarrhoea,Diarrhoea,meddra_code,MDR,10012735,Diarrhoea,matched_exact
adr,Diarrhoea,Diarrhoea,icd_code,ICD10,K59.1,Functional diarrhoea,matched_words
adr,Dyspepsia,Dyspepsia,meddra_code,MDR,10013946,Dyspepsia,matched_exact
adr,Dyspepsia,Dyspepsia,icd_code,ICD10CM,R10.13,Epigastric pain,matched_exact
adr,Eructation,Eructation,meddra_code,MDR,10015137,Eructation,matched_exact
adr,Eructation,Eructation,icd_code,ICD10CM,R14.2,Eructation,matched_exact
adr,Tooth disorder,Tooth disorder,meddra_code,MDR,10044034,Tooth disorder,matched_exact
adr,Tooth disorder,Tooth disorder,icd_code,ICD10CM,K08.9,"Disorder of teeth and supporting structures, unspecified",matched_words
adr,"Hepatic enzymes increased (alanine aminotransferase increased, gamma-glutamyltransferase increased)","Hepatic enzymes increased (alanine aminotransferase increased, gamma-glutamyltransferase increased)",meddra_code,MDR,0,,not_found
adr,"Hepatic enzymes increased (alanine aminotransferase increased, gamma-glutamyltransferase increased)","Hepatic enzymes increased (alanine aminotransferase increased, gamma-glutamyltransferase increased)",icd_code,ICD10,UNKNOWN,,not_found
adr,Biliary colic,Biliary colic,meddra_code,MDR,10004663,Biliary colic,matched_exact
adr,Biliary colic,Biliary colic,icd_code,ICD10,UNKNOWN,,not_found
adr,Hyperhidrosis,Hyperhidrosis,meddra_code,MDR,10020642,Hyperhidrosis,matched_exact
adr,Hyperhidrosis,Hyperhidrosis,icd_code,ICD10CM,R61,Generalized hyperhidrosis,matched_words
adr,Pruritus,Pruritus,meddra_code,MDR,10037087,Pruritus,matched_exact
adr,Pruritus,Pruritus,icd_code,ICD10CM,L29,Pruritus,matched_exact
adr,Skin reactions,Skin reactions,meddra_code,MDR,10040935,Skin test reaction,matched_words
adr,Skin reactions,Skin reactions,icd_code,ICD10CM,R76.11,Nonspecific reaction to tuberculin skin test without active tuberculosis,matched_words
adr,Muscle spasms,Muscle spasms,meddra_code,MDR,10028334,Muscle spasms,matched_exact
adr,Muscle spasms,Muscle spasms,icd_code,ICD10CM,M62.83,Muscle spasm,matched_words
adr,Muscle twitching,Muscle twitching,meddra_code,MDR,10028347,Muscle twitching,matched_exact
adr,Muscle twitching,Muscle twitching,icd_code,ICD10,UNKNOWN,,not_found
adr,Myalgia,Myalgia,meddra_code,MDR,10028411,Myalgia,matched_exact
adr,Myalgia,Myalgia,icd_code,ICD10CM,M79.1,Myalgia,matched_exact
adr,Micturition urgency,Micturition urgency,meddra_code,MDR,10027566,Micturition urgency,matched_exact
adr,Micturition urgency,Micturition urgency,icd_code,ICD10,UNKNOWN,,not_found
adr,Urinary retention,Urinary retention,meddra_code,MDR,10046555,Urinary retention,matched_exact
adr,Urinary retention,Urinary retention,icd_code,ICD10,UNKNOWN,,not_found
adr,Erectile dysfunction,Erectile dysfunction,meddra_code,MDR,10061461,Erectile dysfunction,matched_exact
adr,Erectile dysfunction,Erectile dysfunction,icd_code,ICD10CM,N52,Male erectile dysfunction,matched_words
adr,Asthenia,Asthenia,meddra_code,MDR,10003549,Asthenia,matched_exact
adr,Asthenia,Asthenia,icd_code,ICD10CM,R53.1,Weakness,matched_words
adr,Fatigue,Fatigue,meddra_code,MDR,10016256,Fatigue,matched_exact
adr,Fatigue,Fatigue,icd_code,ICD10CM,R53.83,Other fatigue,matched_words
adr,Chest pain,Chest pain,meddra_code,MDR,10008479,Chest pain,matched_exact
adr,Chest pain,Chest pain,icd_code,ICD10CM,I20.9,"Angina pectoris, unspecified",matched_words
adr,Chills,Chills,meddra_code,MDR,10008531,Chills,matched_exact
adr,Chills,Chills,icd_code,ICD10CM,R68.83,Chills (without fever),matched_words
adr,Thirst,Thirst,meddra_code,MDR,10043458,Thirst,matched_exact
adr,Thirst,Thirst,icd_code,ICD10CM,R63.1,Polydipsia,matched_words
adr,Pain,Pain,meddra_code,MDR,10033371,Pain,matched_exact
adr,Pain,Pain,icd_code,ICD10CM,R52,"Pain, unspecified",matched_words
adr,Peripheral oedema,Peripheral oedema,meddra_code,MDR,10034611,Peripheral oedema,matched_exact
adr,Peripheral oedema,Peripheral oedema,icd_code,ICD10,UNKNOWN,,not_found
adr,Drug withdrawal syndrome,Drug withdrawal syndrome,meddra_code,MDR,10013754,Drug withdrawal syndrome,matched_exact
adr,Drug withdrawal syndrome,Drug withdrawal syndrome,icd_code,ICD10CM,P96.1,Neonatal withdrawal symptoms from maternal use of drugs of addiction,matched_words
adr,Malaise,Malaise,meddra_code,MDR,10025482,Malaise,matched_exact
adr,Malaise,Malaise,icd_code,ICD10CM,R53.81,Other malaise,matched_words
adr,Weight decreased,Weight decreased,meddra_code,MDR,10047895,Weight decreased,matched_exact
adr,Weight decreased,Weight decreased,icd_code,ICD10CM,D68.020,"Von Willebrand disease, type 2A",matched_words
adr,Weight increased,Weight increased,meddra_code,MDR,10047899,Weight increased,matched_exact
adr,Weight increased,Weight increased,icd_code,ICD10,UNKNOWN,,not_found
adr,Injuries from accidents,Injuries from accidents,meddra_code,MDR,0,,not_found
adr,Injuries from accidents,Injuries from accidents,icd_code,ICD10,UNKNOWN,,not_found
adr,Transient stinging and burning,Transient stinging and burning,meddra_code,MDR,0,,not_found
adr,Transient stinging and burning,Transient stinging and burning,icd_code,ICD10,UNKNOWN,,not_found
adr,local irritation,local irritation,meddra_code,MDR,10024771,Local throat irritation,matched_words
adr,local irritation,local irritation,icd_code,ICD10,UNKNOWN,,not_found
adr,renal dysfunction,renal dysfunction,meddra_code,MDR,10050335,Renal tubular dysfunction,matched_words
adr,renal dysfunction,renal dysfunction,icd_code,ICD10,UNKNOWN,,not_found
adr,tremor,tremor,meddra_code,MDR,10044565,Tremor,matched_exact
adr,tremor,tremor,icd_code,ICD10CM,R25.1,"Tremor, unspecified",matched_words
adr,hirsutism,hirsutism,meddra_code,MDR,10020112,Hirsutism,matched_exact
adr,hirsutism,hirsutism,icd_code,ICD10CM,L68.0,Hirsutism,matched_exact
adr,hypertension,hypertension,meddra_code,MDR,10020772,Hypertension,matched_exact
adr,hypertension,hypertension,icd_code,ICD10CM,I10,Essential (primary) hypertension,matched_words
adr,diarrhoea,diarrhoea,meddra_code,MDR,10012735,Diarrhoea,matched_exact
adr,diarrhoea,diarrhoea,icd_code,ICD10,K59.1,Functional diarrhoea,matched_words
adr,anorexia,anorexia,meddra_code,MDR,10002646,Anorexia,matched_exact
adr,anorexia,anorexia,icd_code,ICD10CM,R63.0,Anorexia,matched_exact
adr,nausea,nausea,meddra_code,MDR,10028813,Nausea,matched_exact
adr,nausea,nausea,icd_code,ICD10CM,R11.0,Nausea,matched_exact
adr,vomiting,vomiting,meddra_code,MDR,10047700,Vomiting,matched_exact
adr,vomiting,vomiting,icd_code,ICD10CM,R11.1,Vomiting,matched_exact
adr,hyperlipidaemia,hyperlipidaemia,meddra_code,MDR,10062060,Hyperlipidaemia,matched_exact
adr,hyperlipidaemia,hyperlipidaemia,icd_code,ICD10,E78.5,"Hyperlipidaemia, unspecified",matched_words
adr,hyperglycaemia,hyperglycaemia,meddra_code,MDR,10020635,Hyperglycaemia,matched_exact
adr,hyperglycaemia,hyperglycaemia,icd_code,ICD10,R73.9,"Hyperglycaemia, unspecified",matched_words
adr,hyperuricaemia,hyperuricaemia,meddra_code,MDR,10020903,Hyperuricaemia,matched_exact
adr,hyperuricaemia,hyperuricaemia,icd_code,ICD10,E79.0,Hyperuricaemia without signs of inflammatory arthritis and tophaceous disease,matched_words
adr,hyperkalaemia,hyperkalaemia,meddra_code,MDR,10020646,Hyperkalaemia,matched_exact
adr,hyperkalaemia,hyperkalaemia,icd_code,ICD10,E87.5,Hyperkalaemia,matched_exact
adr,hypomagnesaemia,hypomagnesaemia,meddra_code,MDR,10021027,Hypomagnesaemia,matched_exact
adr,hypomagnesaemia,hypomagnesaemia,icd_code,ICD10,P71.2,Neonatal hypomagnesaemia,matched_words
adr,headache,headache,meddra_code,MDR,10019211,Headache,matched_exact
adr,headache,headache,icd_code,ICD10CM,R51,Headache,matched_exact
adr,convulsions,convulsions,meddra_code,MDR,10010914,Convulsions,matched_exact
adr,convulsions,convulsions,icd_code,ICD10CM,G40.909,"Epilepsy, unspecified, not intractable, without status epilepticus",matched_words
adr,paraesthesia,paraesthesia,meddra_code,MDR,10033775,Paraesthesia,matched_exact
adr,paraesthesia,paraesthesia,icd_code,ICD10,R20.2,Paraesthesia of skin,matched_words
adr,encephalopathy including Posterior Reversible Encephalopathy Syndrome (PRES),encephalopathy including Posterior Reversible Encephalopathy Syndrome (PRES),meddra_code,MDR,0,,not_found
adr,encephalopathy including Posterior Reversible Encephalopathy Syndrome (PRES),encephalopathy including Posterior Reversible Encephalopathy Syndrome (PRES),icd_code,ICD10,UNKNOWN,,not_found
adr,"signs and symptoms such as convulsions, confusion, disorientation, decreased responsiveness, agitation, insomnia, visual disturbances, cortical blindness, coma, paresis and cerebellar ataxia","signs and symptoms such as convulsions, confusion, disorientation, decreased responsiveness, agitation, insomnia, visual disturbances, cortical blindness, coma, paresis and cerebellar ataxia",meddra_code,MDR,0,,not_found
adr,"signs and symptoms such as convulsions, confusion, disorientation, decreased responsiveness, agitation, insomnia, visual disturbances, cortical blindness, coma, paresis and cerebellar ataxia","signs and symptoms such as convulsions, confusion, disorientation, decreased responsiveness, agitation, insomnia, visual disturbances, cortical blindness, coma, paresis and cerebellar ataxia",icd_code,ICD10,UNKNOWN,,not_found
adr,motor polyneuropathy,motor polyneuropathy,meddra_code,MDR,10078252,Motor polyneuropathy,matched_exact
adr,motor polyneuropathy,motor polyneuropathy,icd_code,ICD10,UNKNOWN,,not_found
adr,"optic disc oedema, including papilloedema, with possible visual impairment secondary to benign intracranial hypertension","optic disc oedema, including papilloedema, with possible visual impairment secondary to benign intracranial hypertension",meddra_code,MDR,0,,not_found
adr,"optic disc oedema, including papilloedema, with possible visual impairment secondary to benign intracranial hypertension","optic disc oedema, including papilloedema, with possible visual impairment secondary to benign intracranial hypertension",icd_code,ICD10,UNKNOWN,,not_found
adr,migraine,migraine,meddra_code,MDR,10027599,Migraine,matched_exact
adr,migraine,migraine,icd_code,ICD10CM,G43,Migraine,matched_exact
adr,hearing impairment,hearing impairment,meddra_code,MDR,10019245,Hearing impaired,matched_words
adr,hearing impairment,hearing impairment,icd_code,ICD10CM,Q16,Congenital malformations of ear causing impairment of hearing,matched_words
adr,flushing,flushing,meddra_code,MDR,10016825,Flushing,matched_exact
adr,flushing,flushing,icd_code,ICD10CM,R23.2,Flushing,matched_exact
adr,abdominal discomfort/pain,abdominal discomfort/pain,meddra_code,MDR,0,,not_found
adr,abdominal discomfort/pain,abdominal discomfort/pain,icd_code,ICD10,UNKNOWN,,not_found
adr,gingival hyperplasia,gingival hyperplasia,meddra_code,MDR,10018283,Gingival hyperplasia,matched_exact
adr,gingival hyperplasia,gingival hyperplasia,icd_code,ICD10,UNKNOWN,,not_found
adr,peptic ulcer,peptic ulcer,meddra_code,MDR,10034341,Peptic ulcer,matched_exact
adr,peptic ulcer,peptic ulcer,icd_code,ICD10CM,K27,"Peptic ulcer, site unspecified",matched_words
adr,pancreatitis,pancreatitis,meddra_code,MDR,10033645,Pancreatitis,matched_exact
adr,pancreatitis,pancreatitis,icd_code,ICD10CM,K85.9,"Acute pancreatitis, unspecified",matched_words
adr,hepatic function abnormal,hepatic function abnormal,meddra_code,MDR,10019670,Hepatic function abnormal,matched_exact
adr,hepatic function abnormal,hepatic function abnormal,icd_code,ICD10,UNKNOWN,,not_found
adr,"hepatotoxicity and liver injury including cholestasis, jaundice, hepatitis and liver failure","hepatotoxicity and liver injury including cholestasis, jaundice, hepatitis and liver failure",meddra_code,MDR,0,,not_found
adr,"hepatotoxicity and liver injury including cholestasis, jaundice, hepatitis and liver failure","hepatotoxicity and liver injury including cholestasis, jaundice, hepatitis and liver failure",icd_code,ICD10,UNKNOWN,,not_found
adr,acne,acne,meddra_code,MDR,10000496,Acne,matched_exact
adr,acne,acne,icd_code,ICD10CM,L70,Acne,matched_exact
adr,hypertrichosis,hypertrichosis,meddra_code,MDR,10020864,Hypertrichosis,matched_exact
adr,hypertrichosis,hypertrichosis,icd_code,ICD10CM,L68,Hypertrichosis,matched_exact
adr,allergic rashes,allergic rashes,meddra_code,MDR,10001717,Allergic rash,matched_words
adr,allergic rashes,allergic rashes,icd_code,ICD10,UNKNOWN,,not_found
adr,myalgia,myalgia,meddra_code,MDR,10028411,Myalgia,matched_exact
adr,myalgia,myalgia,icd_code,ICD10CM,M79.1,Myalgia,matched_exact
adr,muscle cramps,muscle cramps,meddra_code,MDR,10028295,Muscle cramps,matched_exact
adr,muscle cramps,muscle cramps,icd_code,ICD10,UNKNOWN,,not_found
adr,muscle weakness,muscle weakness,meddra_code,MDR,10028350,Muscle weakness,matched_exact
adr,muscle weakness,muscle weakness,icd_code,ICD10CM,M62.81,Muscle weakness (generalized),matched_words
adr,myopathy,myopathy,meddra_code,MDR,10028641,Myopathy,matched_exact
adr,myopathy,myopathy,icd_code,ICD10CM,G72.49,"Other inflammatory and immune myopathies, not elsewhere classified",matched_words
adr,pain of lower extremities,pain of lower extremities,meddra_code,MDR,10033473,Pain of lower extremities,matched_exact
adr,pain of lower extremities,pain of lower extremities,icd_code,ICD10CM,I83.81,Varicose veins of lower extremities with pain,matched_words
adr,menstrual disturbances,menstrual disturbances,meddra_code,MDR,10027329,Menstrual disturbance NOS,matched_words
adr,menstrual disturbances,menstrual disturbances,icd_code,ICD10,UNKNOWN,,not_found
adr,gynaecomastia,gynaecomastia,meddra_code,MDR,10018800,Gynaecomastia,matched_exact
adr,gynaecomastia,gynaecomastia,icd_code,ICD10,UNKNOWN,,not_found
adr,pyrexia,pyrexia,meddra_code,MDR,10037660,Pyrexia,matched_exact
adr,pyrexia,pyrexia,icd_code,ICD10CM,R50.9,"Fever, unspecified",matched_words
adr,fatigue,fatigue,meddra_code,MDR,10016256,Fatigue,matched_exact
adr,fatigue,fatigue,icd_code,ICD10CM,R53.83,Other fatigue,matched_words
adr,oedema,oedema,meddra_code,MDR,10030095,Oedema,matched_exact
adr,oedema,oedema,icd_code,ICD10,R60.9,"Oedema, unspecified",matched_words
adr,weight increase,weight increase,meddra_code,MDR,10047898,Weight increase,matched_exact
adr,weight increase,weight increase,icd_code,ICD10,UNKNOWN,,not_found
adr,"infections (viral, bacterial, fungal, parasitic)","infections (viral, bacterial, fungal, parasitic)",meddra_code,MDR,0,,not_found
adr,"infections (viral, bacterial, fungal, parasitic)","infections (viral, bacterial, fungal, parasitic)",icd_code,ICD10,UNKNOWN,,not_found
adr,lymphomas or lymphoproliferative disorders and other malignancies,lymphomas or lymphoproliferative disorders and other malignancies,meddra_code,MDR,0,,not_found
adr,lymphomas or lymphoproliferative disorders and other malignancies,lymphomas or lymphoproliferative disorders and other malignancies,icd_code,ICD10,UNKNOWN,,not_found
adr,thrombotic microangiopathy,thrombotic microangiopathy,meddra_code,MDR,10043645,Thrombotic microangiopathy,matched_exact
adr,thrombotic microangiopathy,thrombotic microangiopathy,icd_code,ICD10CM,M31.1,Thrombotic microangiopathy,matched_exact
adr,thrombotic thrombocytopenic purpura,thrombotic thrombocytopenic purpura,meddra_code,MDR,10043648,Thrombotic thrombocytopenic purpura,matched_exact
adr,thrombotic thrombocytopenic purpura,thrombotic thrombocytopenic purpura,icd_code,ICD10CM,M31.19,Other thrombotic microangiopathy,matched_exact
adr,Leucopenia,Leucopenia,meddra_code,MDR,10024283,Leucopenia,matched_exact
adr,Leucopenia,Leucopenia,icd_code,ICD10CM,D72.819,"Decreased white blood cell count, unspecified",matched_words
adr,Thrombocytopenia,Thrombocytopenia,meddra_code,MDR,10043554,Thrombocytopenia,matched_exact
adr,Thrombocytopenia,Thrombocytopenia,icd_code,ICD10CM,D69.6,"Thrombocytopenia, unspecified",matched_words
adr,anaemia,anaemia,meddra_code,MDR,10002034,Anaemia,matched_exact
adr,anaemia,anaemia,icd_code,ICD10,D64.9,"Anaemia, unspecified",matched_words
adr,Haemolytic uraemic syndrome,Haemolytic uraemic syndrome,meddra_code,MDR,10018932,Haemolytic uraemic syndrome,matched_exact
adr,Haemolytic uraemic syndrome,Haemolytic uraemic syndrome,icd_code,ICD10,D59.3,Haemolytic-uraemic syndrome,matched_words
adr,microangiopathic haemolytic anaemia,microangiopathic haemolytic anaemia,meddra_code,MDR,10027527,Microangiopathic haemolytic anaemia,matched_exact
adr,microangiopathic haemolytic anaemia,microangiopathic haemolytic anaemia,icd_code,ICD10,UNKNOWN,,not_found
adr,Positive antinuclear antibodies unassociated with disease,Positive antinuclear antibodies unassociated with disease,meddra_code,MDR,0,,not_found
adr,Positive antinuclear antibodies unassociated with disease,Positive antinuclear antibodies unassociated with disease,icd_code,ICD10,UNKNOWN,,not_found
adr,"Hypersensitivity (rash, pruritus, angioedema and dyspnoea)","Hypersensitivity (rash, pruritus, angioedema and dyspnoea)",meddra_code,MDR,0,,not_found
adr,"Hypersensitivity (rash, pruritus, angioedema and dyspnoea)","Hypersensitivity (rash, pruritus, angioedema and dyspnoea)",icd_code,ICD10,UNKNOWN,,not_found
adr,Hyperkalaemia,Hyperkalaemia,meddra_code,MDR,10020646,Hyperkalaemia,matched_exact
adr,Hyperkalaemia,Hyperkalaemia,icd_code,ICD10,E87.5,Hyperkalaemia,matched_exact
adr,Thrombocytopenia,Thrombocytopenia,meddra_code,MDR,10043554,Thrombocytopenia,matched_exact
adr,Thrombocytopenia,Thrombocytopenia,icd_code,ICD10CM,D69.6,"Thrombocytopenia, unspecified",matched_words
adr,Depressed mood and lethargy,Depressed mood and lethargy,meddra_code,MDR,0,,not_found
adr,Depressed mood and lethargy,Depressed mood and lethargy,icd_code,ICD10,UNKNOWN,,not_found
adr,Hallucinations,Hallucinations,meddra_code,MDR,10019077,Hallucinations,matched_exact
adr,Hallucinations,Hallucinations,icd_code,ICD10CM,R44.3,"Hallucinations, unspecified",matched_words
adr,Psychoses,Psychoses,meddra_code,MDR,10011717,Cycloid psychoses,matched_words
adr,Psychoses,Psychoses,icd_code,ICD10,UNKNOWN,,not_found
adr,Confusion,Confusion,meddra_code,MDR,10010300,Confusion,matched_exact
adr,Confusion,Confusion,icd_code,ICD10CM,R41.0,"Disorientation, unspecified",matched_words
adr,Sleep disturbances,Sleep disturbances,meddra_code,MDR,10040991,Sleep disorders and disturbances,matched_words
adr,Sleep disturbances,Sleep disturbances,icd_code,ICD10CM,F01.A18,"Vascular dementia, mild, with other behavioral disturbance",matched_words
adr,Nightmares,Nightmares,meddra_code,MDR,10029414,Nightmares,matched_exact
adr,Nightmares,Nightmares,icd_code,ICD10CM,F51.5,Nightmare disorder,matched_words
adr,Dizziness,Dizziness,meddra_code,MDR,10013573,Dizziness,matched_exact
adr,Dizziness,Dizziness,icd_code,ICD10CM,R42,Dizziness and giddiness,matched_words
adr,Tremor,Tremor,meddra_code,MDR,10044565,Tremor,matched_exact
adr,Tremor,Tremor,icd_code,ICD10CM,R25.1,"Tremor, unspecified",matched_words
adr,Headache,Headache,meddra_code,MDR,10019211,Headache,matched_exact
adr,Headache,Headache,icd_code,ICD10CM,R51,Headache,matched_exact
adr,Tiredness,Tiredness,meddra_code,MDR,10043890,Tiredness,matched_exact
adr,Tiredness,Tiredness,icd_code,ICD10CM,R53.83,Other fatigue,matched_exact
adr,Impaired vision,Impaired vision,meddra_code,MDR,10079312,Twilight vision impaired,matched_words
adr,Impaired vision,Impaired vision,icd_code,ICD10CM,H54.6,"Unqualified visual loss, one eye",matched_words
adr,Dry eyes,Dry eyes,meddra_code,MDR,10013778,Dry eyes,matched_exact
adr,Dry eyes,Dry eyes,icd_code,ICD10,UNKNOWN,,not_found
adr,Heart failure,Heart failure,meddra_code,MDR,10019279,Heart failure,matched_exact
adr,Heart failure,Heart failure,icd_code,ICD10CM,I50,Heart failure,matched_exact
adr,Bradycardia,Bradycardia,meddra_code,MDR,10006093,Bradycardia,matched_exact
adr,Bradycardia,Bradycardia,icd_code,ICD10CM,R00.1,"Bradycardia, unspecified",matched_words
adr,Heart block,Heart block,meddra_code,MDR,10019252,Heart block,matched_exact
adr,Heart block,Heart block,icd_code,ICD10CM,I44.2,"Atrioventricular block, complete",matched_words
adr,Hypotension,Hypotension,meddra_code,MDR,10021097,Hypotension,matched_exact
adr,Hypotension,Hypotension,icd_code,ICD10CM,I95,Hypotension,matched_exact
adr,Exacerbation of the symptoms of Raynaud's Syndrome,Exacerbation of the symptoms of Raynaud's Syndrome,meddra_code,MDR,0,,not_found
adr,Exacerbation of the symptoms of Raynaud's Syndrome,Exacerbation of the symptoms of Raynaud's Syndrome,icd_code,ICD10,UNKNOWN,,not_found
adr,Ankle oedema,Ankle oedema,meddra_code,MDR,10002546,Ankle oedema,matched_exact
adr,Ankle oedema,Ankle oedema,icd_code,ICD10,UNKNOWN,,not_found
adr,increase of an existing intermittent claudication,increase of an existing intermittent claudication,meddra_code,MDR,0,,not_found
adr,increase of an existing intermittent claudication,increase of an existing intermittent claudication,icd_code,ICD10,UNKNOWN,,not_found
adr,postural hypotension,postural hypotension,meddra_code,MDR,10036433,Postural hypotension,matched_exact
adr,postural hypotension,postural hypotension,icd_code,ICD10CM,I95.1,Orthostatic hypotension,matched_words
adr,Cold or cyanotic extremities,Cold or cyanotic extremities,meddra_code,MDR,0,,not_found
adr,Cold or cyanotic extremities,Cold or cyanotic extremities,icd_code,ICD10,UNKNOWN,,not_found
adr,Bronchospasm,Bronchospasm,meddra_code,MDR,10006482,Bronchospasm,matched_exact
adr,Bronchospasm,Bronchospasm,icd_code,ICD10CM,J45.990,Exercise induced bronchospasm,matched_words
adr,Nasal congestion,Nasal congestion,meddra_code,MDR,10028735,Nasal congestion,matched_exact
adr,Nasal congestion,Nasal congestion,icd_code,ICD10CM,R09.81,Nasal congestion,matched_exact
adr,Interstitial lung disease,Interstitial lung disease,meddra_code,MDR,10022611,Interstitial lung disease,matched_exact
adr,Interstitial lung disease,Interstitial lung disease,icd_code,ICD10CM,J84.115,Respiratory bronchiolitis interstitial lung disease,matched_words
adr,Epigastric pain,Epigastric pain,meddra_code,MDR,10015026,Epigastric pain,matched_exact
adr,Epigastric pain,Epigastric pain,icd_code,ICD10CM,R10.13,Epigastric pain,matched_exact
adr,Nausea,Nausea,meddra_code,MDR,10028813,Nausea,matched_exact
adr,Nausea,Nausea,icd_code,ICD10CM,R11.0,Nausea,matched_exact
adr,Vomiting,Vomiting,meddra_code,MDR,10047700,Vomiting,matched_exact
adr,Vomiting,Vomiting,icd_code,ICD10CM,R11.1,Vomiting,matched_exact
adr,Diarrhoea,Diarrhoea,meddra_code,MDR,10012735,Diarrhoea,matched_exact
adr,Diarrhoea,Diarrhoea,icd_code,ICD10,K59.1,Functional diarrhoea,matched_words
adr,Raised liver function tests,Raised liver function tests,meddra_code,MDR,10048557,Raised liver function tests,matched_exact
adr,Raised liver function tests,Raised liver function tests,icd_code,ICD10,UNKNOWN,,not_found
adr,Jaundice (both hepatocellular and cholestatic),Jaundice (both hepatocellular and cholestatic),meddra_code,MDR,0,,not_found
adr,Jaundice (both hepatocellular and cholestatic),Jaundice (both hepatocellular and cholestatic),icd_code,ICD10,UNKNOWN,,not_found
adr,Hepatitis,Hepatitis,meddra_code,MDR,10019717,Hepatitis,matched_exact
adr,Hepatitis,Hepatitis,icd_code,ICD10CM,K75.9,"Inflammatory liver disease, unspecified",matched_words
adr,Hepatic necrosis,Hepatic necrosis,meddra_code,MDR,10019692,Hepatic necrosis,matched_exact
adr,Hepatic necrosis,Hepatic necrosis,icd_code,ICD10CM,K71.1,Toxic liver disease with hepatic necrosis,matched_words
adr,Tingling sensation in scalp,Tingling sensation in scalp,meddra_code,MDR,0,,not_found
adr,Tingling sensation in scalp,Tingling sensation in scalp,icd_code,ICD10,UNKNOWN,,not_found
adr,Sweating,Sweating,meddra_code,MDR,10042661,Sweating,matched_exact
adr,Sweating,Sweating,icd_code,ICD10CM,R61,Generalized hyperhidrosis,matched_words
adr,reversible lichenoid rash,reversible lichenoid rash,meddra_code,MDR,0,,not_found
adr,reversible lichenoid rash,reversible lichenoid rash,icd_code,ICD10,UNKNOWN,,not_found
adr,paraesthesia of the extremities,paraesthesia of the extremities,meddra_code,MDR,0,,not_found
adr,paraesthesia of the extremities,paraesthesia of the extremities,icd_code,ICD10,UNKNOWN,,not_found
adr,photosensitivity reactions,photosensitivity reactions,meddra_code,MDR,10034972,Photosensitivity reaction,matched_words
adr,photosensitivity reactions,photosensitivity reactions,icd_code,ICD10,UNKNOWN,,not_found
adr,systemic lupus erythematous,systemic lupus erythematous,meddra_code,MDR,0,,not_found
adr,systemic lupus erythematous,systemic lupus erythematous,icd_code,ICD10,UNKNOWN,,not_found
adr,exacerbation of psoriasis,exacerbation of psoriasis,meddra_code,MDR,10015581,Exacerbation of psoriasis,matched_exact
adr,exacerbation of psoriasis,exacerbation of psoriasis,icd_code,ICD10,UNKNOWN,,not_found
adr,reversible alopecia,reversible alopecia,meddra_code,MDR,10001763,Alopecia reversible,matched_words
adr,reversible alopecia,reversible alopecia,icd_code,ICD10,UNKNOWN,,not_found
adr,toxic myopathy,toxic myopathy,meddra_code,MDR,10044237,Toxic myopathy,matched_exact
adr,toxic myopathy,toxic myopathy,icd_code,ICD10CM,G72.2,Myopathy due to other toxic agents,matched_words
adr,Cramps,Cramps,meddra_code,MDR,10011293,Cramps,matched_exact
adr,Cramps,Cramps,icd_code,ICD10CM,T67.2,Heat cramp,matched_words
adr,Difficulty in micturition,Difficulty in micturition,meddra_code,MDR,10012793,Difficulty in micturition,matched_exact
adr,Difficulty in micturition,Difficulty in micturition,icd_code,ICD10,UNKNOWN,,not_found
adr,Acute retention of urine,Acute retention of urine,meddra_code,MDR,10001055,Acute retention of urine,matched_exact
adr,Acute retention of urine,Acute retention of urine,icd_code,ICD10,UNKNOWN,,not_found
adr,Ejaculatory failure,Ejaculatory failure,meddra_code,MDR,0,,not_found
adr,Ejaculatory failure,Ejaculatory failure,icd_code,ICD10,UNKNOWN,,not_found
adr,erectile dysfunction,erectile dysfunction,meddra_code,MDR,10061461,Erectile dysfunction,matched_exact
adr,erectile dysfunction,erectile dysfunction,icd_code,ICD10CM,N52,Male erectile dysfunction,matched_words
adr,Nipple pain,Nipple pain,meddra_code,MDR,10029421,Nipple pain,matched_exact
adr,Nipple pain,Nipple pain,icd_code,ICD10,UNKNOWN,,not_found
adr,Raynaud's phenomenon of the nipple,Raynaud's phenomenon of the nipple,meddra_code,MDR,10085324,Raynaud's phenomenon of the nipple,matched_exact
adr,Raynaud's phenomenon of the nipple,Raynaud's phenomenon of the nipple,icd_code,ICD10,UNKNOWN,,not_found
adr,Drug fever,Drug fever,meddra_code,MDR,10013697,Drug fever,matched_exact
adr,Drug fever,Drug fever,icd_code,ICD10CM,R50.2,Drug induced fever,matched_words
adr,Masking of the symptoms of thyrotoxicosis or hypoglycaemia,Masking of the symptoms of thyrotoxicosis or hypoglycaemia,meddra_code,MDR,0,,not_found
adr,Masking of the symptoms of thyrotoxicosis or hypoglycaemia,Masking of the symptoms of thyrotoxicosis or hypoglycaemia,icd_code,ICD10,UNKNOWN,,not_found
adr,leucopenia,leucopenia,meddra_code,MDR,10024283,Leucopenia,matched_exact
adr,leucopenia,leucopenia,icd_code,ICD10CM,D72.819,"Decreased white blood cell count, unspecified",matched_words
adr,bone marrow depression,bone marrow depression,meddra_code,MDR,10005986,Bone marrow depression,matched_exact
adr,bone marrow depression,bone marrow depression,icd_code,ICD10,UNKNOWN,,not_found
adr,aplastic anemia,aplastic anemia,meddra_code,MDR,10002969,Aplastic anemia,matched_exact
adr,aplastic anemia,aplastic anemia,icd_code,ICD10CM,D61.9,"Aplastic anemia, unspecified",matched_words
adr,agranulocytosis,agranulocytosis,meddra_code,MDR,10001507,Agranulocytosis,matched_exact
adr,agranulocytosis,agranulocytosis,icd_code,ICD10CM,D70,Neutropenia,matched_exact
adr,pancytopenia,pancytopenia,meddra_code,MDR,10033661,Pancytopenia,matched_exact
adr,pancytopenia,pancytopenia,icd_code,ICD10CM,D61.81,Pancytopenia,matched_exact
adr,neutropenia,neutropenia,meddra_code,MDR,10029354,Neutropenia,matched_exact
adr,neutropenia,neutropenia,icd_code,ICD10CM,D70,Neutropenia,matched_exact
adr,thrombocytopenia,thrombocytopenia,meddra_code,MDR,10043554,Thrombocytopenia,matched_exact
adr,thrombocytopenia,thrombocytopenia,icd_code,ICD10CM,D69.6,"Thrombocytopenia, unspecified",matched_words
adr,anaphylactic reactions,anaphylactic reactions,meddra_code,MDR,10002198,Anaphylactic reaction,matched_words
adr,anaphylactic reactions,anaphylactic reactions,icd_code,ICD10CM,T78.2,"Anaphylactic shock, unspecified",matched_words
adr,hypersensitivity,hypersensitivity,meddra_code,MDR,10020751,Hypersensitivity,matched_exact
adr,hypersensitivity,hypersensitivity,icd_code,ICD10CM,T78.40,"Allergy, unspecified",matched_words
adr,weight increased,weight increased,meddra_code,MDR,10047899,Weight increased,matched_exact
adr,weight increased,weight increased,icd_code,ICD10,UNKNOWN,,not_found
adr,hypothyroidism,hypothyroidism,meddra_code,MDR,10021114,Hypothyroidism,matched_exact
adr,hypothyroidism,hypothyroidism,icd_code,ICD10CM,E03.9,"Hypothyroidism, unspecified",matched_words
adr,hyponatraemia,hyponatraemia,meddra_code,MDR,10021036,Hyponatraemia,matched_exact
adr,hyponatraemia,hyponatraemia,icd_code,ICD10,E87.1,Hypo-osmolality and hyponatraemia,matched_words
adr,Inappropriate ADH secretion like syndrome,Inappropriate ADH secretion like syndrome,meddra_code,MDR,0,,not_found
adr,Inappropriate ADH secretion like syndrome,Inappropriate ADH secretion like syndrome,icd_code,ICD10,UNKNOWN,,not_found
adr,agitation,agitation,meddra_code,MDR,10001497,Agitation,matched_exact
adr,agitation,agitation,icd_code,ICD10CM,R45.1,Restlessness and agitation,matched_words
adr,affect lability,affect lability,meddra_code,MDR,10054196,Affect lability,matched_exact
adr,affect lability,affect lability,icd_code,ICD10,UNKNOWN,,not_found
adr,confusional state,confusional state,meddra_code,MDR,10010305,Confusional state,matched_exact
adr,confusional state,confusional state,icd_code,ICD10CM,F05,Delirium due to known physiological condition,matched_words
adr,depression,depression,meddra_code,MDR,10012378,Depression,matched_exact
adr,depression,depression,icd_code,ICD10CM,F31.9,"Bipolar disorder, unspecified",matched_words
adr,apathy,apathy,meddra_code,MDR,10002942,Apathy,matched_exact
adr,apathy,apathy,icd_code,ICD10CM,R45.3,Demoralization and apathy,matched_words
adr,somnolence,somnolence,meddra_code,MDR,10041349,Somnolence,matched_exact
adr,somnolence,somnolence,icd_code,ICD10CM,R40.0,Somnolence,matched_exact
adr,headache,headache,meddra_code,MDR,10019211,Headache,matched_exact
adr,headache,headache,icd_code,ICD10CM,R51,Headache,matched_exact
adr,dizziness,dizziness,meddra_code,MDR,10013573,Dizziness,matched_exact
adr,dizziness,dizziness,icd_code,ICD10CM,R42,Dizziness and giddiness,matched_words
adr,ataxia,ataxia,meddra_code,MDR,10003591,Ataxia,matched_exact
adr,ataxia,ataxia,icd_code,ICD10CM,R27.0,"Ataxia, unspecified",matched_words
adr,tremor,tremor,meddra_code,MDR,10044565,Tremor,matched_exact
adr,tremor,tremor,icd_code,ICD10CM,R25.1,"Tremor, unspecified",matched_words
adr,nystagmus,nystagmus,meddra_code,MDR,10029864,Nystagmus,matched_exact
adr,nystagmus,nystagmus,icd_code,ICD10CM,H55.0,Nystagmus,matched_exact
adr,disturbance in attention,disturbance in attention,meddra_code,MDR,10013496,Disturbance in attention,matched_exact
adr,disturbance in attention,disturbance in attention,icd_code,ICD10,UNKNOWN,,not_found
adr,amnesia,amnesia,meddra_code,MDR,10001949,Amnesia,matched_exact
adr,amnesia,amnesia,icd_code,ICD10CM,R41.3,Other amnesia,matched_words
adr,Speech disorders,Speech disorders,meddra_code,MDR,10041466,Speech disorder,matched_words
adr,Speech disorders,Speech disorders,icd_code,ICD10CM,F80.0,Phonological disorder,matched_words
adr,diplopia,diplopia,meddra_code,MDR,10013036,Diplopia,matched_exact
adr,diplopia,diplopia,icd_code,ICD10CM,H53.2,Diplopia,matched_exact
adr,vision blurred,vision blurred,meddra_code,MDR,10047513,Vision blurred,matched_exact
adr,vision blurred,vision blurred,icd_code,ICD10,UNKNOWN,,not_found
adr,visual disturbance,visual disturbance,meddra_code,MDR,10047543,Visual disturbance,matched_exact
adr,visual disturbance,visual disturbance,icd_code,ICD10CM,H53.9,Unspecified visual disturbance,matched_words
adr,vertigo,vertigo,meddra_code,MDR,10047340,Vertigo,matched_exact
adr,vertigo,vertigo,icd_code,ICD10CM,H81.0,Ménière's disease,matched_words
adr,atrioventricular block,atrioventricular block,meddra_code,MDR,10003671,Atrioventricular block,matched_exact
adr,atrioventricular block,atrioventricular block,icd_code,ICD10CM,I44.2,"Atrioventricular block, complete",matched_words
adr,arrhythmia,arrhythmia,meddra_code,MDR,10003119,Arrhythmia,matched_exact
adr,arrhythmia,arrhythmia,icd_code,ICD10CM,I49.9,"Cardiac arrhythmia, unspecified",matched_words
adr,hypertension,hypertension,meddra_code,MDR,10020772,Hypertension,matched_exact
adr,hypertension,hypertension,icd_code,ICD10CM,I10,Essential (primary) hypertension,matched_words
adr,vomiting,vomiting,meddra_code,MDR,10047700,Vomiting,matched_exact
adr,vomiting,vomiting,icd_code,ICD10CM,R11.1,Vomiting,matched_exact
adr,nausea,nausea,meddra_code,MDR,10028813,Nausea,matched_exact
adr,nausea,nausea,icd_code,ICD10CM,R11.0,Nausea,matched_exact
adr,diarrhoea,diarrhoea,meddra_code,MDR,10012735,Diarrhoea,matched_exact
adr,diarrhoea,diarrhoea,icd_code,ICD10,K59.1,Functional diarrhoea,matched_words
adr,abdominal pain,abdominal pain,meddra_code,MDR,10000081,Abdominal pain,matched_exact
adr,abdominal pain,abdominal pain,icd_code,ICD10CM,R10.9,Unspecified abdominal pain,matched_words
adr,constipation,constipation,meddra_code,MDR,10010774,Constipation,matched_exact
adr,constipation,constipation,icd_code,ICD10CM,K59.0,Constipation,matched_exact
adr,pancreatitis,pancreatitis,meddra_code,MDR,10033645,Pancreatitis,matched_exact
adr,pancreatitis,pancreatitis,icd_code,ICD10CM,K85.9,"Acute pancreatitis, unspecified",matched_words
adr,hepatitis,hepatitis,meddra_code,MDR,10019717,Hepatitis,matched_exact
adr,hepatitis,hepatitis,icd_code,ICD10CM,K75.9,"Inflammatory liver disease, unspecified",matched_words
adr,rash,rash,meddra_code,MDR,10037844,Rash,matched_exact
adr,rash,rash,icd_code,ICD10CM,R21,Rash and other nonspecific skin eruption,matched_words
adr,alopecia,alopecia,meddra_code,MDR,10001760,Alopecia,matched_exact
adr,alopecia,alopecia,icd_code,ICD10CM,L65.9,"Nonscarring hair loss, unspecified",matched_words
adr,acne,acne,meddra_code,MDR,10000496,Acne,matched_exact
adr,acne,acne,icd_code,ICD10CM,L70,Acne,matched_exact
adr,urticaria,urticaria,meddra_code,MDR,10046735,Urticaria,matched_exact
adr,urticaria,urticaria,icd_code,ICD10CM,L50,Urticaria,matched_exact
adr,Drug Rash with Eosinophilia and Systemic Symptoms (DRESS),Drug Rash with Eosinophilia and Systemic Symptoms (DRESS),meddra_code,MDR,0,,not_found
adr,Drug Rash with Eosinophilia and Systemic Symptoms (DRESS),Drug Rash with Eosinophilia and Systemic Symptoms (DRESS),icd_code,ICD10,UNKNOWN,,not_found
adr,Acute Generalized Exanthematous Pustulosis (AGEP),Acute Generalized Exanthematous Pustulosis (AGEP),meddra_code,MDR,0,,not_found
adr,Acute Generalized Exanthematous Pustulosis (AGEP),Acute Generalized Exanthematous Pustulosis (AGEP),icd_code,ICD10,UNKNOWN,,not_found
adr,Stevens-Johnson syndrome,Stevens-Johnson syndrome,meddra_code,MDR,10042033,Stevens-Johnson syndrome,matched_exact
adr,Stevens-Johnson syndrome,Stevens-Johnson syndrome,icd_code,ICD10CM,L51.1,Stevens-Johnson syndrome,matched_exact
adr,toxic epidermal necrolysis (Lyell's syndrome),toxic epidermal necrolysis (Lyell's syndrome),meddra_code,MDR,0,,not_found
adr,toxic epidermal necrolysis (Lyell's syndrome),toxic epidermal necrolysis (Lyell's syndrome),icd_code,ICD10,UNKNOWN,,not_found
adr,angioedema,angioedema,meddra_code,MDR,10002424,Angioedema,matched_exact
adr,angioedema,angioedema,icd_code,ICD10CM,T78.3,Angioneurotic edema,matched_words
adr,erythema multiforme,erythema multiforme,meddra_code,MDR,10015218,Erythema multiforme,matched_exact
adr,erythema multiforme,erythema multiforme,icd_code,ICD10CM,L51,Erythema multiforme,matched_exact
adr,decreased bone mineral density,decreased bone mineral density,meddra_code,MDR,0,,not_found
adr,decreased bone mineral density,decreased bone mineral density,icd_code,ICD10,UNKNOWN,,not_found
adr,osteopenia,osteopenia,meddra_code,MDR,10049088,Osteopenia,matched_exact
adr,osteopenia,osteopenia,icd_code,ICD10,UNKNOWN,,not_found
adr,osteoporosis,osteoporosis,meddra_code,MDR,10031282,Osteoporosis,matched_exact
adr,osteoporosis,osteoporosis,icd_code,ICD10CM,M81.0,Age-related osteoporosis without current pathological fracture,matched_words
adr,fractures,fractures,meddra_code,MDR,10017322,Fractures,matched_exact
adr,fractures,fractures,icd_code,ICD10CM,T14.8,Other injury of unspecified body region,matched_words
adr,systemic lupus erythematosus,systemic lupus erythematosus,meddra_code,MDR,10042945,Systemic lupus erythematosus,matched_exact
adr,systemic lupus erythematosus,systemic lupus erythematosus,icd_code,ICD10CM,M32.9,"Systemic lupus erythematosus, unspecified",matched_words
adr,fatigue,fatigue,meddra_code,MDR,10016256,Fatigue,matched_exact
adr,fatigue,fatigue,icd_code,ICD10CM,R53.83,Other fatigue,matched_words
adr,asthenia,asthenia,meddra_code,MDR,10003549,Asthenia,matched_exact
adr,asthenia,asthenia,icd_code,ICD10CM,R53.1,Weakness,matched_words
adr,hepatic enzymes increased,hepatic enzymes increased,meddra_code,MDR,10019662,Hepatic enzymes increased,matched_exact
adr,hepatic enzymes increased,hepatic enzymes increased,icd_code,ICD10,UNKNOWN,,not_found
adr,blood alkaline phosphatase increased,blood alkaline phosphatase increased,meddra_code,MDR,10059570,Blood alkaline phosphatase increased,matched_exact
adr,blood alkaline phosphatase increased,blood alkaline phosphatase increased,icd_code,ICD10,UNKNOWN,,not_found
adr,decrease in T4,decrease in T4,meddra_code,MDR,0,,not_found
adr,decrease in T4,decrease in T4,icd_code,ICD10,UNKNOWN,,not_found
adr,Fall,Fall,meddra_code,MDR,10016173,Fall,matched_exact
adr,Fall,Fall,icd_code,ICD10CM,W19,Unspecified fall,matched_words
adr,nasopharyngitis,nasopharyngitis,meddra_code,MDR,10028810,Nasopharyngitis,matched_exact
adr,nasopharyngitis,nasopharyngitis,icd_code,ICD10CM,J00,Acute nasopharyngitis [common cold],matched_words
adr,anaemia,anaemia,meddra_code,MDR,10002034,Anaemia,matched_exact
adr,anaemia,anaemia,icd_code,ICD10,D64.9,"Anaemia, unspecified",matched_words
adr,leucopenia,leucopenia,meddra_code,MDR,10024283,Leucopenia,matched_exact
adr,leucopenia,leucopenia,icd_code,ICD10CM,D72.819,"Decreased white blood cell count, unspecified",matched_words
adr,thrombocytopenia,thrombocytopenia,meddra_code,MDR,10043554,Thrombocytopenia,matched_exact
adr,thrombocytopenia,thrombocytopenia,icd_code,ICD10CM,D69.6,"Thrombocytopenia, unspecified",matched_words
adr,thrombocytopenic purpura,thrombocytopenic purpura,meddra_code,MDR,10043561,Thrombocytopenic purpura,matched_exact
adr,thrombocytopenic purpura,thrombocytopenic purpura,icd_code,ICD10CM,D69.3,Immune thrombocytopenic purpura,matched_words
adr,pancytopenia,pancytopenia,meddra_code,MDR,10033661,Pancytopenia,matched_exact
adr,pancytopenia,pancytopenia,icd_code,ICD10CM,D61.81,Pancytopenia,matched_exact
adr,hypersensitivity reactions,hypersensitivity reactions,meddra_code,MDR,10020756,Hypersensitivity reaction,matched_words
adr,hypersensitivity reactions,hypersensitivity reactions,icd_code,ICD10CM,M36.4,Arthropathy in hypersensitivity reactions classified elsewhere,matched_words
adr,angioneurotic oedema,angioneurotic oedema,meddra_code,MDR,10002473,Angioneurotic oedema,matched_exact
adr,angioneurotic oedema,angioneurotic oedema,icd_code,ICD10,T78.3,Angioneurotic oedema,matched_exact
adr,anaphylactic reactions,anaphylactic reactions,meddra_code,MDR,10002198,Anaphylactic reaction,matched_words
adr,anaphylactic reactions,anaphylactic reactions,icd_code,ICD10CM,T78.2,"Anaphylactic shock, unspecified",matched_words
adr,auricular swelling,auricular swelling,meddra_code,MDR,10003800,Auricular swelling,matched_exact
adr,auricular swelling,auricular swelling,icd_code,ICD10,UNKNOWN,,not_found
adr,bullous conditions,bullous conditions,meddra_code,MDR,10006555,Bullous conditions,matched_exact
adr,bullous conditions,bullous conditions,icd_code,ICD10,UNKNOWN,,not_found
adr,exfoliative conditions,exfoliative conditions,meddra_code,MDR,10015664,Exfoliative conditions,matched_exact
adr,exfoliative conditions,exfoliative conditions,icd_code,ICD10CM,L49.0,Exfoliation due to erythematous condition involving less than 10 percent of body surface,matched_words
adr,urticarias,urticarias,meddra_code,MDR,10046736,Urticarias,matched_exact
adr,urticarias,urticarias,icd_code,ICD10CM,L50,Urticaria,matched_words
adr,pruritus,pruritus,meddra_code,MDR,10037087,Pruritus,matched_exact
adr,pruritus,pruritus,icd_code,ICD10CM,L29,Pruritus,matched_exact
adr,rashes,rashes,meddra_code,MDR,10046760,Urticated rash,matched_words
adr,rashes,rashes,icd_code,ICD10CM,R21,Rash and other nonspecific skin eruption,matched_words
adr,eruptions,eruptions,meddra_code,MDR,10013687,Drug eruption,matched_words
adr,eruptions,eruptions,icd_code,ICD10CM,R21,Rash and other nonspecific skin eruption,matched_words
adr,anorexia,anorexia,meddra_code,MDR,10002646,Anorexia,matched_exact
adr,anorexia,anorexia,icd_code,ICD10CM,R63.0,Anorexia,matched_exact
adr,decreased appetite,decreased appetite,meddra_code,MDR,10061428,Decreased appetite,matched_exact
adr,decreased appetite,decreased appetite,icd_code,ICD10,UNKNOWN,,not_found
adr,moderately reduced weight and height gain during prolonged use in children,moderately reduced weight and height gain during prolonged use in children,meddra_code,MDR,0,,not_found
adr,moderately reduced weight and height gain during prolonged use in children,moderately reduced weight and height gain during prolonged use in children,icd_code,ICD10,UNKNOWN,,not_found
adr,insomnia,insomnia,meddra_code,MDR,10022437,Insomnia,matched_exact
adr,insomnia,insomnia,icd_code,ICD10CM,G47.0,Insomnia,matched_exact
adr,nervousness,nervousness,meddra_code,MDR,10029216,Nervousness,matched_exact
adr,nervousness,nervousness,icd_code,ICD10CM,R45.0,Nervousness,matched_exact
adr,affect lability,affect lability,meddra_code,MDR,10054196,Affect lability,matched_exact
adr,affect lability,affect lability,icd_code,ICD10,UNKNOWN,,not_found
adr,aggression,aggression,meddra_code,MDR,10001488,Aggression,matched_exact
adr,aggression,aggression,icd_code,ICD10CM,D48.11,Desmoid tumor,matched_words
adr,agitation,agitation,meddra_code,MDR,10001497,Agitation,matched_exact
adr,agitation,agitation,icd_code,ICD10CM,R45.1,Restlessness and agitation,matched_words
adr,anxiety,anxiety,meddra_code,MDR,10002855,Anxiety,matched_exact
adr,anxiety,anxiety,icd_code,ICD10CM,F41.1,Generalized anxiety disorder,matched_words
adr,depression,depression,meddra_code,MDR,10012378,Depression,matched_exact
adr,depression,depression,icd_code,ICD10CM,F31.9,"Bipolar disorder, unspecified",matched_words
adr,irritability,irritability,meddra_code,MDR,10022998,Irritability,matched_exact
adr,irritability,irritability,icd_code,ICD10CM,K58,Irritable bowel syndrome,matched_words
adr,abnormal behaviour,abnormal behaviour,meddra_code,MDR,10061422,Abnormal behaviour,matched_exact
adr,abnormal behaviour,abnormal behaviour,icd_code,ICD10,UNKNOWN,,not_found
adr,bruxism,bruxism,meddra_code,MDR,10006514,Bruxism,matched_exact
adr,bruxism,bruxism,icd_code,ICD10CM,G47.63,Sleep related bruxism,matched_words
adr,psychotic disorders,psychotic disorders,meddra_code,MDR,10061920,Psychotic disorder,matched_words
adr,psychotic disorders,psychotic disorders,icd_code,ICD10CM,F24,Shared psychotic disorder,matched_words
adr,auditory hallucinations,auditory hallucinations,meddra_code,MDR,10003785,Auditory hallucinations,matched_exact
adr,auditory hallucinations,auditory hallucinations,icd_code,ICD10CM,R44.0,Auditory hallucinations,matched_exact
adr,visual hallucinations,visual hallucinations,meddra_code,MDR,10047570,Visual hallucinations,matched_exact
adr,visual hallucinations,visual hallucinations,icd_code,ICD10CM,R44.1,Visual hallucinations,matched_exact
adr,tactile hallucinations,tactile hallucinations,meddra_code,MDR,10019074,"Hallucination, tactile",matched_words
adr,tactile hallucinations,tactile hallucinations,icd_code,ICD10,UNKNOWN,,not_found
adr,anger,anger,meddra_code,MDR,10002368,Anger,matched_exact
adr,anger,anger,icd_code,ICD10CM,R45.4,Irritability and anger,matched_words
adr,suicidal ideation,suicidal ideation,meddra_code,MDR,10042458,Suicidal ideation,matched_exact
adr,suicidal ideation,suicidal ideation,icd_code,ICD10CM,R45.851,Suicidal ideations,matched_words
adr,mood altered,mood altered,meddra_code,MDR,10027940,Mood altered,matched_exact
adr,mood altered,mood altered,icd_code,ICD10,UNKNOWN,,not_found
adr,mood swings,mood swings,meddra_code,MDR,10027951,Mood swings,matched_exact
adr,mood swings,mood swings,icd_code,ICD10,UNKNOWN,,not_found
adr,restlessness,restlessness,meddra_code,MDR,10038743,Restlessness,matched_exact
adr,restlessness,restlessness,icd_code,ICD10CM,G25.81,Restless legs syndrome,matched_words
adr,tearfulness,tearfulness,meddra_code,MDR,10043169,Tearfulness,matched_exact
adr,tearfulness,tearfulness,icd_code,ICD10CM,K62.81,Anal sphincter tear (healed) (nontraumatic) (old),matched_words
adr,tics,tics,meddra_code,MDR,10043849,Tics,matched_exact
adr,tics,tics,icd_code,ICD10CM,G50.0,Trigeminal neuralgia,matched_words
adr,worsening of pre-existing tics or Tourette's syndrome,worsening of pre-existing tics or Tourette's syndrome,meddra_code,MDR,0,,not_found
adr,worsening of pre-existing tics or Tourette's syndrome,worsening of pre-existing tics or Tourette's syndrome,icd_code,ICD10,UNKNOWN,,not_found
adr,hypervigilance,hypervigilance,meddra_code,MDR,10048533,Hypervigilance,matched_exact
adr,hypervigilance,hypervigilance,icd_code,ICD10,UNKNOWN,,not_found
adr,sleep disorder,sleep disorder,meddra_code,MDR,10040984,Sleep disorder,matched_exact
adr,sleep disorder,sleep disorder,icd_code,ICD10CM,G47.9,"Sleep disorder, unspecified",matched_words
adr,mania,mania,meddra_code,MDR,10026749,Mania,matched_exact
adr,mania,mania,icd_code,ICD10CM,F30.9,"Manic episode, unspecified",matched_words
adr,disorientation,disorientation,meddra_code,MDR,10013395,Disorientation,matched_exact
adr,disorientation,disorientation,icd_code,ICD10CM,R41.0,"Disorientation, unspecified",matched_words
adr,libido disorder,libido disorder,meddra_code,MDR,10061221,Libido disorder,matched_exact
adr,libido disorder,libido disorder,icd_code,ICD10,UNKNOWN,,not_found
adr,obsessive-compulsive disorder,obsessive-compulsive disorder,meddra_code,MDR,10029898,Obsessive-compulsive disorder,matched_exact
adr,obsessive-compulsive disorder,obsessive-compulsive disorder,icd_code,ICD10CM,F42,Obsessive-compulsive disorder,matched_exact
adr,trichotillomania,trichotillomania,meddra_code,MDR,10044629,Trichotillomania,matched_exact
adr,trichotillomania,trichotillomania,icd_code,ICD10CM,F63.3,Trichotillomania,matched_exact
adr,dermatillomania,dermatillomania,meddra_code,MDR,10065701,Dermatillomania,matched_exact
adr,dermatillomania,dermatillomania,icd_code,ICD10,UNKNOWN,,not_found
adr,suicidal attempt,suicidal attempt,meddra_code,MDR,10042464,Suicide attempt,matched_words
adr,suicidal attempt,suicidal attempt,icd_code,ICD10CM,T14.91,Suicide attempt,matched_words
adr,completed suicide,completed suicide,meddra_code,MDR,10010144,Completed suicide,matched_exact
adr,completed suicide,completed suicide,icd_code,ICD10,UNKNOWN,,not_found
adr,transient depressed mood,transient depressed mood,meddra_code,MDR,0,,not_found
adr,transient depressed mood,transient depressed mood,icd_code,ICD10,UNKNOWN,,not_found
adr,abnormal thinking,abnormal thinking,meddra_code,MDR,10000182,Abnormal thinking,matched_exact
adr,abnormal thinking,abnormal thinking,icd_code,ICD10,UNKNOWN,,not_found
adr,apathy,apathy,meddra_code,MDR,10002942,Apathy,matched_exact
adr,apathy,apathy,icd_code,ICD10CM,R45.3,Demoralization and apathy,matched_words
adr,delusions,delusions,meddra_code,MDR,10012260,Delusions,matched_exact
adr,delusions,delusions,icd_code,ICD10CM,F12.250,Cannabis dependence with psychotic disorder with delusions,matched_words
adr,thought disturbances,thought disturbances,meddra_code,MDR,0,,not_found
adr,thought disturbances,thought disturbances,icd_code,ICD10,UNKNOWN,,not_found
adr,confusional state,confusional state,meddra_code,MDR,10010305,Confusional state,matched_exact
adr,confusional state,confusional state,icd_code,ICD10CM,F05,Delirium due to known physiological condition,matched_words
adr,dependence,dependence,meddra_code,MDR,10012335,Dependence,matched_exact
adr,dependence,dependence,icd_code,ICD10CM,F10.2,Alcohol dependence,matched_words
adr,logorrhoea,logorrhoea,meddra_code,MDR,10024796,Logorrhoea,matched_exact
adr,logorrhoea,logorrhoea,icd_code,ICD10,UNKNOWN,,not_found
adr,headache,headache,meddra_code,MDR,10019211,Headache,matched_exact
adr,headache,headache,icd_code,ICD10CM,R51,Headache,matched_exact
adr,dizziness,dizziness,meddra_code,MDR,10013573,Dizziness,matched_exact
adr,dizziness,dizziness,icd_code,ICD10CM,R42,Dizziness and giddiness,matched_words
adr,dyskinesia,dyskinesia,meddra_code,MDR,10013916,Dyskinesia,matched_exact
adr,dyskinesia,dyskinesia,icd_code,ICD10CM,G24,Dystonia,matched_exact
adr,psychomotor hyperactivity,psychomotor hyperactivity,meddra_code,MDR,10037211,Psychomotor hyperactivity,matched_exact
adr,psychomotor hyperactivity,psychomotor hyperactivity,icd_code,ICD10,UNKNOWN,,not_found
adr,somnolence,somnolence,meddra_code,MDR,10041349,Somnolence,matched_exact
adr,somnolence,somnolence,icd_code,ICD10CM,R40.0,Somnolence,matched_exact
adr,sedation,sedation,meddra_code,MDR,10039897,Sedation,matched_exact
adr,sedation,sedation,icd_code,ICD10CM,Z92.83,Personal history of failed moderate sedation,matched_words
adr,tremor,tremor,meddra_code,MDR,10044565,Tremor,matched_exact
adr,tremor,tremor,icd_code,ICD10CM,R25.1,"Tremor, unspecified",matched_words
adr,convulsions,convulsions,meddra_code,MDR,10010914,Convulsions,matched_exact
adr,convulsions,convulsions,icd_code,ICD10CM,G40.909,"Epilepsy, unspecified, not intractable, without status epilepticus",matched_words
adr,choreo-athetoid movements,choreo-athetoid movements,meddra_code,MDR,0,,not_found
adr,choreo-athetoid movements,choreo-athetoid movements,icd_code,ICD10,UNKNOWN,,not_found
adr,reversible ischaemic neurological deficit,reversible ischaemic neurological deficit,meddra_code,MDR,10050496,Reversible ischaemic neurological deficit,matched_exact
adr,reversible ischaemic neurological deficit,reversible ischaemic neurological deficit,icd_code,ICD10,UNKNOWN,,not_found
adr,neuroleptic malignant syndrome,neuroleptic malignant syndrome,meddra_code,MDR,10029282,Neuroleptic malignant syndrome,matched_exact
adr,neuroleptic malignant syndrome,neuroleptic malignant syndrome,icd_code,ICD10CM,G21.0,Malignant neuroleptic syndrome,matched_words
adr,cerebrovascular disorders,cerebrovascular disorders,meddra_code,MDR,10008196,Cerebrovascular disorder,matched_words
adr,cerebrovascular disorders,cerebrovascular disorders,icd_code,ICD10CM,I68.8,Other cerebrovascular disorders in diseases classified elsewhere,matched_words
adr,vasculitis,vasculitis,meddra_code,MDR,10047115,Vasculitis,matched_exact
adr,vasculitis,vasculitis,icd_code,ICD10CM,D69.0,Allergic purpura,matched_words
adr,cerebral haemorrhages,cerebral haemorrhages,meddra_code,MDR,10008111,Cerebral haemorrhage,matched_words
adr,cerebral haemorrhages,cerebral haemorrhages,icd_code,ICD10,P10.1,Cerebral haemorrhage due to birth injury,matched_words
adr,cerebrovascular accidents,cerebrovascular accidents,meddra_code,MDR,10008190,Cerebrovascular accident,matched_words
adr,cerebrovascular accidents,cerebrovascular accidents,icd_code,ICD10,UNKNOWN,,not_found
adr,cerebral arteritis,cerebral arteritis,meddra_code,MDR,10008087,Cerebral arteritis,matched_exact
adr,cerebral arteritis,cerebral arteritis,icd_code,ICD10CM,I68.2,Cerebral arteritis in other diseases classified elsewhere,matched_words
adr,cerebral occlusion,cerebral occlusion,meddra_code,MDR,10008089,Cerebral artery occlusion,matched_words
adr,cerebral occlusion,cerebral occlusion,icd_code,ICD10CM,I66,"Occlusion and stenosis of cerebral arteries, not resulting in cerebral infarction",matched_words
adr,grand mal convulsions,grand mal convulsions,meddra_code,MDR,10010918,Convulsions grand mal,matched_words
adr,grand mal convulsions,grand mal convulsions,icd_code,ICD10,UNKNOWN,,not_found
adr,migraine,migraine,meddra_code,MDR,10027599,Migraine,matched_exact
adr,migraine,migraine,icd_code,ICD10CM,G43,Migraine,matched_exact
adr,dysphemia,dysphemia,meddra_code,MDR,10054964,Dysphemia,matched_exact
adr,dysphemia,dysphemia,icd_code,ICD10,UNKNOWN,,not_found
adr,diplopia,diplopia,meddra_code,MDR,10013036,Diplopia,matched_exact
adr,diplopia,diplopia,icd_code,ICD10CM,H53.2,Diplopia,matched_exact
adr,blurred vision,blurred vision,meddra_code,MDR,10005886,Blurred vision,matched_exact
adr,blurred vision,blurred vision,icd_code,ICD10,UNKNOWN,,not_found
adr,dry eye,dry eye,meddra_code,MDR,10013774,Dry eye,matched_exact
adr,dry eye,dry eye,icd_code,ICD10CM,H04.12,Dry eye syndrome,matched_words
adr,difficulties in visual accommodation,difficulties in visual accommodation,meddra_code,MDR,0,,not_found
adr,difficulties in visual accommodation,difficulties in visual accommodation,icd_code,ICD10,UNKNOWN,,not_found
adr,mydriasis,mydriasis,meddra_code,MDR,10028521,Mydriasis,matched_exact
adr,mydriasis,mydriasis,icd_code,ICD10CM,H57.04,Mydriasis,matched_exact
adr,visual disturbance,visual disturbance,meddra_code,MDR,10047543,Visual disturbance,matched_exact
adr,visual disturbance,visual disturbance,icd_code,ICD10CM,H53.9,Unspecified visual disturbance,matched_words
adr,increased intraocular pressure,increased intraocular pressure,meddra_code,MDR,10021667,Increased intraocular pressure,matched_exact
adr,increased intraocular pressure,increased intraocular pressure,icd_code,ICD10,UNKNOWN,,not_found
adr,glaucoma,glaucoma,meddra_code,MDR,10018304,Glaucoma,matched_exact
adr,glaucoma,glaucoma,icd_code,ICD10CM,H40,Glaucoma,matched_exact
adr,arrhythmia,arrhythmia,meddra_code,MDR,10003119,Arrhythmia,matched_exact
adr,arrhythmia,arrhythmia,icd_code,ICD10CM,I49.9,"Cardiac arrhythmia, unspecified",matched_words
adr,tachycardia,tachycardia,meddra_code,MDR,10043071,Tachycardia,matched_exact
adr,tachycardia,tachycardia,icd_code,ICD10CM,R00.0,"Tachycardia, unspecified",matched_words
adr,palpitations,palpitations,meddra_code,MDR,10033557,Palpitations,matched_exact
adr,palpitations,palpitations,icd_code,ICD10CM,R00.2,Palpitations,matched_exact
adr,chest pain,chest pain,meddra_code,MDR,10008479,Chest pain,matched_exact
adr,chest pain,chest pain,icd_code,ICD10CM,I20.9,"Angina pectoris, unspecified",matched_words
adr,angina pectoris,angina pectoris,meddra_code,MDR,10002383,Angina pectoris,matched_exact
adr,angina pectoris,angina pectoris,icd_code,ICD10CM,I20,Angina pectoris,matched_exact
adr,cardiac arrest,cardiac arrest,meddra_code,MDR,10007515,Cardiac arrest,matched_exact
adr,cardiac arrest,cardiac arrest,icd_code,ICD10CM,I46,Cardiac arrest,matched_exact
adr,myocardial infarction,myocardial infarction,meddra_code,MDR,10028596,Myocardial infarction,matched_exact
adr,myocardial infarction,myocardial infarction,icd_code,ICD10CM,I21,Acute myocardial infarction,matched_words
adr,supraventricular tachycardia,supraventricular tachycardia,meddra_code,MDR,10042604,Supraventricular tachycardia,matched_exact
adr,supraventricular tachycardia,supraventricular tachycardia,icd_code,ICD10CM,I47.1,Supraventricular tachycardia,matched_exact
adr,bradycardia,bradycardia,meddra_code,MDR,10006093,Bradycardia,matched_exact
adr,bradycardia,bradycardia,icd_code,ICD10CM,R00.1,"Bradycardia, unspecified",matched_words
adr,ventricular extrasystoles,ventricular extrasystoles,meddra_code,MDR,10047289,Ventricular extrasystoles,matched_exact
adr,ventricular extrasystoles,ventricular extrasystoles,icd_code,ICD10,UNKNOWN,,not_found
adr,extrasystoles,extrasystoles,meddra_code,MDR,10015856,Extrasystoles,matched_exact
adr,extrasystoles,extrasystoles,icd_code,ICD10CM,I49.49,Other premature depolarization,matched_exact
adr,hypertension,hypertension,meddra_code,MDR,10020772,Hypertension,matched_exact
adr,hypertension,hypertension,icd_code,ICD10CM,I10,Essential (primary) hypertension,matched_words
adr,cerebral arteritis,cerebral arteritis,meddra_code,MDR,10008087,Cerebral arteritis,matched_exact
adr,cerebral arteritis,cerebral arteritis,icd_code,ICD10CM,I68.2,Cerebral arteritis in other diseases classified elsewhere,matched_words
adr,cerebral occlusion,cerebral occlusion,meddra_code,MDR,10008089,Cerebral artery occlusion,matched_words
adr,cerebral occlusion,cerebral occlusion,icd_code,ICD10CM,I66,"Occlusion and stenosis of cerebral arteries, not resulting in cerebral infarction",matched_words
adr,peripheral coldness,peripheral coldness,meddra_code,MDR,10034568,Peripheral coldness,matched_exact
adr,peripheral coldness,peripheral coldness,icd_code,ICD10,UNKNOWN,,not_found
adr,Raynaud's phenomenon,Raynaud's phenomenon,meddra_code,MDR,10037912,Raynaud's phenomenon,matched_exact
adr,Raynaud's phenomenon,Raynaud's phenomenon,icd_code,ICD10CM,I73.0,Raynaud's syndrome,matched_words
adr,contusion,contusion,meddra_code,MDR,10050584,Contusion,matched_exact
adr,contusion,contusion,icd_code,ICD10CM,T14.8,Other injury of unspecified body region,matched_words
adr,cough,cough,meddra_code,MDR,10011224,Cough,matched_exact
adr,cough,cough,icd_code,ICD10CM,R05,Cough,matched_exact
adr,pharyngolaryngeal pain,pharyngolaryngeal pain,meddra_code,MDR,10034844,Pharyngolaryngeal pain,matched_exact
adr,pharyngolaryngeal pain,pharyngolaryngeal pain,icd_code,ICD10,UNKNOWN,,not_found
adr,dyspnoea,dyspnoea,meddra_code,MDR,10013968,Dyspnoea,matched_exact
adr,dyspnoea,dyspnoea,icd_code,ICD10,R06.0,Dyspnoea,matched_exact
adr,Epistaxis,Epistaxis,meddra_code,MDR,10015090,Epistaxis,matched_exact
adr,Epistaxis,Epistaxis,icd_code,ICD10CM,R04.0,Epistaxis,matched_exact
adr,abdominal pain,abdominal pain,meddra_code,MDR,10000081,Abdominal pain,matched_exact
adr,abdominal pain,abdominal pain,icd_code,ICD10CM,R10.9,Unspecified abdominal pain,matched_words
adr,diarrhea,diarrhea,meddra_code,MDR,10012727,Diarrhea,matched_exact
adr,diarrhea,diarrhea,icd_code,ICD10CM,R19.7,"Diarrhea, unspecified",matched_words
adr,nausea,nausea,meddra_code,MDR,10028813,Nausea,matched_exact
adr,nausea,nausea,icd_code,ICD10CM,R11.0,Nausea,matched_exact
adr,stomach discomfort,stomach discomfort,meddra_code,MDR,10042101,Stomach discomfort,matched_exact
adr,stomach discomfort,stomach discomfort,icd_code,ICD10,UNKNOWN,,not_found
adr,vomiting,vomiting,meddra_code,MDR,10047700,Vomiting,matched_exact
adr,vomiting,vomiting,icd_code,ICD10CM,R11.1,Vomiting,matched_exact
adr,dry mouth,dry mouth,meddra_code,MDR,10013781,Dry mouth,matched_exact
adr,dry mouth,dry mouth,icd_code,ICD10CM,R68.2,"Dry mouth, unspecified",matched_words
adr,constipation,constipation,meddra_code,MDR,10010774,Constipation,matched_exact
adr,constipation,constipation,icd_code,ICD10CM,K59.0,Constipation,matched_exact
adr,hepatic enzyme elevations,hepatic enzyme elevations,meddra_code,MDR,0,,not_found
adr,hepatic enzyme elevations,hepatic enzyme elevations,icd_code,ICD10,UNKNOWN,,not_found
adr,abnormal liver function,abnormal liver function,meddra_code,MDR,10024690,Liver function test abnormal,matched_words
adr,abnormal liver function,abnormal liver function,icd_code,ICD10CM,R94.5,Abnormal results of liver function studies,matched_words
adr,hepatic coma,hepatic coma,meddra_code,MDR,10019644,Hepatic coma,matched_exact
adr,hepatic coma,hepatic coma,icd_code,ICD10CM,B19.9,Unspecified viral hepatitis without hepatic coma,matched_words
adr,alopecia,alopecia,meddra_code,MDR,10001760,Alopecia,matched_exact
adr,alopecia,alopecia,icd_code,ICD10CM,L65.9,"Nonscarring hair loss, unspecified",matched_words
adr,pruritus,pruritus,meddra_code,MDR,10037087,Pruritus,matched_exact
adr,pruritus,pruritus,icd_code,ICD10CM,L29,Pruritus,matched_exact
adr,rash,rash,meddra_code,MDR,10037844,Rash,matched_exact
adr,rash,rash,icd_code,ICD10CM,R21,Rash and other nonspecific skin eruption,matched_words
adr,urticaria,urticaria,meddra_code,MDR,10046735,Urticaria,matched_exact
adr,urticaria,urticaria,icd_code,ICD10CM,L50,Urticaria,matched_exact
adr,angioneurotic oedema,angioneurotic oedema,meddra_code,MDR,10002473,Angioneurotic oedema,matched_exact
adr,angioneurotic oedema,angioneurotic oedema,icd_code,ICD10,T78.3,Angioneurotic oedema,matched_exact
adr,bullous conditions,bullous conditions,meddra_code,MDR,10006555,Bullous conditions,matched_exact
adr,bullous conditions,bullous conditions,icd_code,ICD10,UNKNOWN,,not_found
adr,exfoliative conditions,exfoliative conditions,meddra_code,MDR,10015664,Exfoliative conditions,matched_exact
adr,exfoliative conditions,exfoliative conditions,icd_code,ICD10CM,L49.0,Exfoliation due to erythematous condition involving less than 10 percent of body surface,matched_words
adr,hyperhidrosis,hyperhidrosis,meddra_code,MDR,10020642,Hyperhidrosis,matched_exact
adr,hyperhidrosis,hyperhidrosis,icd_code,ICD10CM,R61,Generalized hyperhidrosis,matched_words
adr,macular rash,macular rash,meddra_code,MDR,10025418,Macular rash,matched_exact
adr,macular rash,macular rash,icd_code,ICD10,UNKNOWN,,not_found
adr,erythema,erythema,meddra_code,MDR,10015150,Erythema,matched_exact
adr,erythema,erythema,icd_code,ICD10CM,L53.9,"Erythematous condition, unspecified",matched_words
adr,erythema multiforme,erythema multiforme,meddra_code,MDR,10015218,Erythema multiforme,matched_exact
adr,erythema multiforme,erythema multiforme,icd_code,ICD10CM,L51,Erythema multiforme,matched_exact
adr,exfoliative dermatitis,exfoliative dermatitis,meddra_code,MDR,10015665,Exfoliative dermatitis,matched_exact
adr,exfoliative dermatitis,exfoliative dermatitis,icd_code,ICD10CM,L26,Exfoliative dermatitis,matched_exact
adr,fixed drug eruption,fixed drug eruption,meddra_code,MDR,10016740,Fixed drug eruption,matched_exact
adr,fixed drug eruption,fixed drug eruption,icd_code,ICD10,UNKNOWN,,not_found
adr,arthralgia,arthralgia,meddra_code,MDR,10003239,Arthralgia,matched_exact
adr,arthralgia,arthralgia,icd_code,ICD10CM,M26.62,Arthralgia of temporomandibular joint,matched_words
adr,myalgia,myalgia,meddra_code,MDR,10028411,Myalgia,matched_exact
adr,myalgia,myalgia,icd_code,ICD10CM,M79.1,Myalgia,matched_exact
adr,muscle twitching,muscle twitching,meddra_code,MDR,10028347,Muscle twitching,matched_exact
adr,muscle twitching,muscle twitching,icd_code,ICD10,UNKNOWN,,not_found
adr,muscle cramps,muscle cramps,meddra_code,MDR,10028295,Muscle cramps,matched_exact
adr,muscle cramps,muscle cramps,icd_code,ICD10,UNKNOWN,,not_found
adr,trismus,trismus,meddra_code,MDR,10044684,Trismus,matched_exact
adr,trismus,trismus,icd_code,ICD10,UNKNOWN,,not_found
adr,haematuria,haematuria,meddra_code,MDR,10018867,Haematuria,matched_exact
adr,haematuria,haematuria,icd_code,ICD10,R31,Unspecified haematuria,matched_words
adr,incontinence,incontinence,meddra_code,MDR,10021639,Incontinence,matched_exact
adr,incontinence,incontinence,icd_code,ICD10CM,R15,Fecal incontinence,matched_words
adr,gynaecomastia,gynaecomastia,meddra_code,MDR,10018800,Gynaecomastia,matched_exact
adr,gynaecomastia,gynaecomastia,icd_code,ICD10,UNKNOWN,,not_found
adr,priapism,priapism,meddra_code,MDR,10036661,Priapism,matched_exact
adr,priapism,priapism,icd_code,ICD10CM,N48.3,Priapism,matched_exact
adr,erection increased and prolonged,erection increased and prolonged,meddra_code,MDR,0,,not_found
adr,erection increased and prolonged,erection increased and prolonged,icd_code,ICD10,UNKNOWN,,not_found
adr,erectile dysfunction,erectile dysfunction,meddra_code,MDR,10061461,Erectile dysfunction,matched_exact
adr,erectile dysfunction,erectile dysfunction,icd_code,ICD10CM,N52,Male erectile dysfunction,matched_words
adr,pyrexia,pyrexia,meddra_code,MDR,10037660,Pyrexia,matched_exact
adr,pyrexia,pyrexia,icd_code,ICD10CM,R50.9,"Fever, unspecified",matched_words
adr,growth retardation,growth retardation,meddra_code,MDR,10053759,Growth retardation,matched_exact
adr,growth retardation,growth retardation,icd_code,ICD10CM,P05.9,"Newborn affected by slow intrauterine growth, unspecified",matched_words
adr,chest pain,chest pain,meddra_code,MDR,10008479,Chest pain,matched_exact
adr,chest pain,chest pain,icd_code,ICD10CM,I20.9,"Angina pectoris, unspecified",matched_words
adr,fatigue,fatigue,meddra_code,MDR,10016256,Fatigue,matched_exact
adr,fatigue,fatigue,icd_code,ICD10CM,R53.83,Other fatigue,matched_words
adr,sudden cardiac death,sudden cardiac death,meddra_code,MDR,10049418,Sudden cardiac death,matched_exact
adr,sudden cardiac death,sudden cardiac death,icd_code,ICD10CM,Z82.41,Family history of sudden cardiac death,matched_words
adr,chest discomfort,chest discomfort,meddra_code,MDR,10008469,Chest discomfort,matched_exact
adr,chest discomfort,chest discomfort,icd_code,ICD10,UNKNOWN,,not_found
adr,hyperpyrexia,hyperpyrexia,meddra_code,MDR,10020741,Hyperpyrexia,matched_exact
adr,hyperpyrexia,hyperpyrexia,icd_code,ICD10CM,R50.9,"Fever, unspecified",matched_words
adr,changes in blood pressure and heart rate,changes in blood pressure and heart rate,meddra_code,MDR,0,,not_found
adr,changes in blood pressure and heart rate,changes in blood pressure and heart rate,icd_code,ICD10,UNKNOWN,,not_found
adr,weight decreased,weight decreased,meddra_code,MDR,10047895,Weight decreased,matched_exact
adr,weight decreased,weight decreased,icd_code,ICD10CM,D68.020,"Von Willebrand disease, type 2A",matched_words
adr,cardiac murmur,cardiac murmur,meddra_code,MDR,10007586,Cardiac murmur,matched_exact
adr,cardiac murmur,cardiac murmur,icd_code,ICD10CM,R01.1,"Cardiac murmur, unspecified",matched_words
adr,hepatic enzyme increased,hepatic enzyme increased,meddra_code,MDR,10060795,Hepatic enzyme increased,matched_exact
adr,hepatic enzyme increased,hepatic enzyme increased,icd_code,ICD10,UNKNOWN,,not_found
adr,blood alkaline phosphatase increased,blood alkaline phosphatase increased,meddra_code,MDR,10059570,Blood alkaline phosphatase increased,matched_exact
adr,blood alkaline phosphatase increased,blood alkaline phosphatase increased,icd_code,ICD10,UNKNOWN,,not_found
adr,blood bilirubin increased,blood bilirubin increased,meddra_code,MDR,10005364,Blood bilirubin increased,matched_exact
adr,blood bilirubin increased,blood bilirubin increased,icd_code,ICD10,UNKNOWN,,not_found
adr,platelet count decreased,platelet count decreased,meddra_code,MDR,10035528,Platelet count decreased,matched_exact
adr,platelet count decreased,platelet count decreased,icd_code,ICD10,UNKNOWN,,not_found
adr,white blood count abnormal,white blood count abnormal,meddra_code,MDR,10047940,White blood cell count abnormal,matched_words
adr,white blood count abnormal,white blood count abnormal,icd_code,ICD10,UNKNOWN,,not_found
adr,"Hypersensitivity / anaphylactoid reaction (e.g. shock*, hypotension, pharyngolaryngeal edema, urticaria, face edema, rhinitis, conjunctivitis, abdominal pain, hypoesthesia, sneezing, cough, pallor)","Hypersensitivity / anaphylactoid reaction (e.g. shock*, hypotension, pharyngolaryngeal edema, urticaria, face edema, rhinitis, conjunctivitis, abdominal pain, hypoesthesia, sneezing, cough, pallor)",meddra_code,MDR,0,,not_found
adr,"Hypersensitivity / anaphylactoid reaction (e.g. shock*, hypotension, pharyngolaryngeal edema, urticaria, face edema, rhinitis, conjunctivitis, abdominal pain, hypoesthesia, sneezing, cough, pallor)","Hypersensitivity / anaphylactoid reaction (e.g. shock*, hypotension, pharyngolaryngeal edema, urticaria, face edema, rhinitis, conjunctivitis, abdominal pain, hypoesthesia, sneezing, cough, pallor)",icd_code,ICD10,UNKNOWN,,not_found
adr,Headache,Headache,meddra_code,MDR,10019211,Headache,matched_exact
adr,Headache,Headache,icd_code,ICD10CM,R51,Headache,matched_exact
adr,Vertigo,Vertigo,meddra_code,MDR,10047340,Vertigo,matched_exact
adr,Vertigo,Vertigo,icd_code,ICD10CM,H81.0,Ménière's disease,matched_words
adr,Dizziness,Dizziness,meddra_code,MDR,10013573,Dizziness,matched_exact
adr,Dizziness,Dizziness,icd_code,ICD10CM,R42,Dizziness and giddiness,matched_words
adr,Dysgeusia,Dysgeusia,meddra_code,MDR,10013911,Dysgeusia,matched_exact
adr,Dysgeusia,Dysgeusia,icd_code,ICD10,UNKNOWN,,not_found
adr,Paresthesia,Paresthesia,meddra_code,MDR,10033987,Paresthesia,matched_exact
adr,Paresthesia,Paresthesia,icd_code,ICD10CM,R20.2,Paresthesia of skin,matched_words
adr,Parosmia,Parosmia,meddra_code,MDR,10034018,Parosmia,matched_exact
adr,Parosmia,Parosmia,icd_code,ICD10CM,R43.1,Parosmia,matched_exact
adr,Tremor,Tremor,meddra_code,MDR,10044565,Tremor,matched_exact
adr,Tremor,Tremor,icd_code,ICD10CM,R25.1,"Tremor, unspecified",matched_words
adr,Akathisia,Akathisia,meddra_code,MDR,10001540,Akathisia,matched_exact
adr,Akathisia,Akathisia,icd_code,ICD10CM,G25.71,Drug induced akathisia,matched_words
adr,Restlessness,Restlessness,meddra_code,MDR,10038743,Restlessness,matched_exact
adr,Restlessness,Restlessness,icd_code,ICD10CM,G25.81,Restless legs syndrome,matched_words
adr,Bundle branch block,Bundle branch block,meddra_code,MDR,10006578,Bundle branch block,matched_exact
adr,Bundle branch block,Bundle branch block,icd_code,ICD10CM,I45.4,Nonspecific intraventricular block,matched_words
adr,Palpitation,Palpitation,meddra_code,MDR,10033556,Palpitation,matched_exact
adr,Palpitation,Palpitation,icd_code,ICD10CM,R00.2,Palpitations,matched_words
adr,Tachycardia,Tachycardia,meddra_code,MDR,10043071,Tachycardia,matched_exact
adr,Tachycardia,Tachycardia,icd_code,ICD10CM,R00.0,"Tachycardia, unspecified",matched_words
adr,Blood pressure increased,Blood pressure increased,meddra_code,MDR,10005750,Blood pressure increased,matched_exact
adr,Blood pressure increased,Blood pressure increased,icd_code,ICD10,UNKNOWN,,not_found
adr,Flushing,Flushing,meddra_code,MDR,10016825,Flushing,matched_exact
adr,Flushing,Flushing,icd_code,ICD10CM,R23.2,Flushing,matched_exact
adr,"Respiratory disorders (Dyspnea*, Respiratory distress)","Respiratory disorders (Dyspnea*, Respiratory distress)",meddra_code,MDR,0,,not_found
adr,"Respiratory disorders (Dyspnea*, Respiratory distress)","Respiratory disorders (Dyspnea*, Respiratory distress)",icd_code,ICD10,UNKNOWN,,not_found
adr,Nausea,Nausea,meddra_code,MDR,10028813,Nausea,matched_exact
adr,Nausea,Nausea,icd_code,ICD10CM,R11.0,Nausea,matched_exact
adr,Vomiting,Vomiting,meddra_code,MDR,10047700,Vomiting,matched_exact
adr,Vomiting,Vomiting,icd_code,ICD10CM,R11.1,Vomiting,matched_exact
adr,Dry mouth,Dry mouth,meddra_code,MDR,10013781,Dry mouth,matched_exact
adr,Dry mouth,Dry mouth,icd_code,ICD10CM,R68.2,"Dry mouth, unspecified",matched_words
adr,Oral discomfort,Oral discomfort,meddra_code,MDR,10030973,Oral discomfort,matched_exact
adr,Oral discomfort,Oral discomfort,icd_code,ICD10,UNKNOWN,,not_found
adr,Salivary hypersecretion,Salivary hypersecretion,meddra_code,MDR,10039424,Salivary hypersecretion,matched_exact
adr,Salivary hypersecretion,Salivary hypersecretion,icd_code,ICD10,UNKNOWN,,not_found
adr,Rash,Rash,meddra_code,MDR,10037844,Rash,matched_exact
adr,Rash,Rash,icd_code,ICD10CM,R21,Rash and other nonspecific skin eruption,matched_words
adr,Pruritus**,Pruritus**,meddra_code,MDR,10037087,Pruritus,matched_words
adr,Pruritus**,Pruritus**,icd_code,ICD10CM,L29,Pruritus,matched_words
adr,Maculopapular rash,Maculopapular rash,meddra_code,MDR,10025424,Maculopapular rash,matched_exact
adr,Maculopapular rash,Maculopapular rash,icd_code,ICD10,UNKNOWN,,not_found
adr,Hyperhidrosis,Hyperhidrosis,meddra_code,MDR,10020642,Hyperhidrosis,matched_exact
adr,Hyperhidrosis,Hyperhidrosis,icd_code,ICD10CM,R61,Generalized hyperhidrosis,matched_words
adr,Back pain,Back pain,meddra_code,MDR,10003988,Back pain,matched_exact
adr,Back pain,Back pain,icd_code,ICD10CM,M54.9,"Dorsalgia, unspecified",matched_words
adr,Chest pain,Chest pain,meddra_code,MDR,10008479,Chest pain,matched_exact
adr,Chest pain,Chest pain,icd_code,ICD10CM,I20.9,"Angina pectoris, unspecified",matched_words
adr,Injection site reactions (various kinds)***,Injection site reactions (various kinds)***,meddra_code,MDR,0,,not_found
adr,Injection site reactions (various kinds)***,Injection site reactions (various kinds)***,icd_code,ICD10,UNKNOWN,,not_found
adr,Feeling hot,Feeling hot,meddra_code,MDR,10016334,Feeling hot,matched_exact
adr,Feeling hot,Feeling hot,icd_code,ICD10,UNKNOWN,,not_found
adr,Chills,Chills,meddra_code,MDR,10008531,Chills,matched_exact
adr,Chills,Chills,icd_code,ICD10CM,R68.83,Chills (without fever),matched_words
adr,Fatigue,Fatigue,meddra_code,MDR,10016256,Fatigue,matched_exact
adr,Fatigue,Fatigue,icd_code,ICD10CM,R53.83,Other fatigue,matched_words
adr,Feeling abnormal,Feeling abnormal,meddra_code,MDR,10016322,Feeling abnormal,matched_exact
adr,Feeling abnormal,Feeling abnormal,icd_code,ICD10,UNKNOWN,,not_found
adr,Discomfort,Discomfort,meddra_code,MDR,10013082,Discomfort,matched_exact
adr,Discomfort,Discomfort,icd_code,ICD10CM,H53.14,Visual discomfort,matched_words
adr,Malaise,Malaise,meddra_code,MDR,10025482,Malaise,matched_exact
adr,Malaise,Malaise,icd_code,ICD10CM,R53.81,Other malaise,matched_words
adr,Delayed allergoid reactions,Delayed allergoid reactions,meddra_code,MDR,0,,not_found
adr,Delayed allergoid reactions,Delayed allergoid reactions,icd_code,ICD10,UNKNOWN,,not_found
adr,dizziness,dizziness,meddra_code,MDR,10013573,Dizziness,matched_exact
adr,dizziness,dizziness,icd_code,ICD10CM,R42,Dizziness and giddiness,matched_words
adr,headache,headache,meddra_code,MDR,10019211,Headache,matched_exact
adr,headache,headache,icd_code,ICD10CM,R51,Headache,matched_exact
adr,paraesthesia,paraesthesia,meddra_code,MDR,10033775,Paraesthesia,matched_exact
adr,paraesthesia,paraesthesia,icd_code,ICD10,R20.2,Paraesthesia of skin,matched_words
adr,vertigo,vertigo,meddra_code,MDR,10047340,Vertigo,matched_exact
adr,vertigo,vertigo,icd_code,ICD10CM,H81.0,Ménière's disease,matched_words
adr,visual disturbances,visual disturbances,meddra_code,MDR,10047545,Visual disturbances,matched_exact
adr,visual disturbances,visual disturbances,icd_code,ICD10CM,H53,Visual disturbances,matched_exact
adr,tinnitus,tinnitus,meddra_code,MDR,10043882,Tinnitus,matched_exact
adr,tinnitus,tinnitus,icd_code,ICD10CM,H93.1,Tinnitus,matched_exact
adr,hypotension (and effects related to hypotension),hypotension (and effects related to hypotension),meddra_code,MDR,0,,not_found
adr,hypotension (and effects related to hypotension),hypotension (and effects related to hypotension),icd_code,ICD10,UNKNOWN,,not_found
adr,cough,cough,meddra_code,MDR,10011224,Cough,matched_exact
adr,cough,cough,icd_code,ICD10CM,R05,Cough,matched_exact
adr,dyspnoea,dyspnoea,meddra_code,MDR,10013968,Dyspnoea,matched_exact
adr,dyspnoea,dyspnoea,icd_code,ICD10,R06.0,Dyspnoea,matched_exact
adr,abdominal pain,abdominal pain,meddra_code,MDR,10000081,Abdominal pain,matched_exact
adr,abdominal pain,abdominal pain,icd_code,ICD10CM,R10.9,Unspecified abdominal pain,matched_words
adr,constipation,constipation,meddra_code,MDR,10010774,Constipation,matched_exact
adr,constipation,constipation,icd_code,ICD10CM,K59.0,Constipation,matched_exact
adr,diarrhoea,diarrhoea,meddra_code,MDR,10012735,Diarrhoea,matched_exact
adr,diarrhoea,diarrhoea,icd_code,ICD10,K59.1,Functional diarrhoea,matched_words
adr,dysgeusia,dysgeusia,meddra_code,MDR,10013911,Dysgeusia,matched_exact
adr,dysgeusia,dysgeusia,icd_code,ICD10,UNKNOWN,,not_found
adr,dyspepsia,dyspepsia,meddra_code,MDR,10013946,Dyspepsia,matched_exact
adr,dyspepsia,dyspepsia,icd_code,ICD10CM,R10.13,Epigastric pain,matched_exact
adr,nausea,nausea,meddra_code,MDR,10028813,Nausea,matched_exact
adr,nausea,nausea,icd_code,ICD10CM,R11.0,Nausea,matched_exact
adr,vomiting,vomiting,meddra_code,MDR,10047700,Vomiting,matched_exact
adr,vomiting,vomiting,icd_code,ICD10CM,R11.1,Vomiting,matched_exact
adr,prurit,prurit,meddra_code,MDR,10037884,Rash pruritic,matched_words
adr,prurit,prurit,icd_code,ICD10CM,O26.86,Pruritic urticarial papules and plaques of pregnancy (PUPPP),matched_words
adr,rash,rash,meddra_code,MDR,10037844,Rash,matched_exact
adr,rash,rash,icd_code,ICD10CM,R21,Rash and other nonspecific skin eruption,matched_words
adr,muscle cramps,muscle cramps,meddra_code,MDR,10028295,Muscle cramps,matched_exact
adr,muscle cramps,muscle cramps,icd_code,ICD10,UNKNOWN,,not_found
adr,asthenia,asthenia,meddra_code,MDR,10003549,Asthenia,matched_exact
adr,asthenia,asthenia,icd_code,ICD10CM,R53.1,Weakness,matched_words
adr,Eosinophilia,Eosinophilia,meddra_code,MDR,10014950,Eosinophilia,matched_exact
adr,Eosinophilia,Eosinophilia,icd_code,ICD10CM,D72.1,Eosinophilia,matched_exact
adr,Agranulocytosis or pancytopenia,Agranulocytosis or pancytopenia,meddra_code,MDR,0,,not_found
adr,Agranulocytosis or pancytopenia,Agranulocytosis or pancytopenia,icd_code,ICD10,UNKNOWN,,not_found
adr,Haemoglobin decreased and haematocrit decreased,Haemoglobin decreased and haematocrit decreased,meddra_code,MDR,0,,not_found
adr,Haemoglobin decreased and haematocrit decreased,Haemoglobin decreased and haematocrit decreased,icd_code,ICD10,UNKNOWN,,not_found
adr,Leucopenia/neutropenia,Leucopenia/neutropenia,meddra_code,MDR,0,,not_found
adr,Leucopenia/neutropenia,Leucopenia/neutropenia,icd_code,ICD10,UNKNOWN,,not_found
adr,Haemolytic anaemia in patients with a congenital deficiency of G-6PDH,Haemolytic anaemia in patients with a congenital deficiency of G-6PDH,meddra_code,MDR,0,,not_found
adr,Haemolytic anaemia in patients with a congenital deficiency of G-6PDH,Haemolytic anaemia in patients with a congenital deficiency of G-6PDH,icd_code,ICD10,UNKNOWN,,not_found
adr,Thrombocytopenia,Thrombocytopenia,meddra_code,MDR,10043554,Thrombocytopenia,matched_exact
adr,Thrombocytopenia,Thrombocytopenia,icd_code,ICD10CM,D69.6,"Thrombocytopenia, unspecified",matched_words
adr,Syndrome of inappropriate antidiuretic hormone secretion (SIADH),Syndrome of inappropriate antidiuretic hormone secretion (SIADH),meddra_code,MDR,0,,not_found
adr,Syndrome of inappropriate antidiuretic hormone secretion (SIADH),Syndrome of inappropriate antidiuretic hormone secretion (SIADH),icd_code,ICD10,UNKNOWN,,not_found
adr,Hypoglycaemia,Hypoglycaemia,meddra_code,MDR,10020993,Hypoglycaemia,matched_exact
adr,Hypoglycaemia,Hypoglycaemia,icd_code,ICD10,E16.2,"Hypoglycaemia, unspecified",matched_words
adr,"Hyperkalaemia, reversible on discontinuation","Hyperkalaemia, reversible on discontinuation",meddra_code,MDR,0,,not_found
adr,"Hyperkalaemia, reversible on discontinuation","Hyperkalaemia, reversible on discontinuation",icd_code,ICD10,UNKNOWN,,not_found
adr,Hyponatraemia,Hyponatraemia,meddra_code,MDR,10021036,Hyponatraemia,matched_exact
adr,Hyponatraemia,Hyponatraemia,icd_code,ICD10,E87.1,Hypo-osmolality and hyponatraemia,matched_words
adr,Mood disturbances,Mood disturbances,meddra_code,MDR,10044434,Transitory postpartum mood disturbance,matched_words
adr,Mood disturbances,Mood disturbances,icd_code,ICD10CM,O90.6,Postpartum mood disturbance,matched_words
adr,Sleep disorder,Sleep disorder,meddra_code,MDR,10040984,Sleep disorder,matched_exact
adr,Sleep disorder,Sleep disorder,icd_code,ICD10CM,G47.9,"Sleep disorder, unspecified",matched_words
adr,Depression,Depression,meddra_code,MDR,10012378,Depression,matched_exact
adr,Depression,Depression,icd_code,ICD10CM,F31.9,"Bipolar disorder, unspecified",matched_words
adr,Somnolence,Somnolence,meddra_code,MDR,10041349,Somnolence,matched_exact
adr,Somnolence,Somnolence,icd_code,ICD10CM,R40.0,Somnolence,matched_exact
adr,Syncope,Syncope,meddra_code,MDR,10042772,Syncope,matched_exact
adr,Syncope,Syncope,icd_code,ICD10CM,R55,Syncope and collapse,matched_words
adr,Confusion,Confusion,meddra_code,MDR,10010300,Confusion,matched_exact
adr,Confusion,Confusion,icd_code,ICD10CM,R41.0,"Disorientation, unspecified",matched_words
adr,Palpitations,Palpitations,meddra_code,MDR,10033557,Palpitations,matched_exact
adr,Palpitations,Palpitations,icd_code,ICD10CM,R00.2,Palpitations,matched_exact
adr,Tachycardia,Tachycardia,meddra_code,MDR,10043071,Tachycardia,matched_exact
adr,Tachycardia,Tachycardia,icd_code,ICD10CM,R00.0,"Tachycardia, unspecified",matched_words
adr,Angina pectoris,Angina pectoris,meddra_code,MDR,10002383,Angina pectoris,matched_exact
adr,Angina pectoris,Angina pectoris,icd_code,ICD10CM,I20,Angina pectoris,matched_exact
adr,Arrythmia,Arrythmia,meddra_code,MDR,10003119,Arrhythmia,matched_words
adr,Arrythmia,Arrythmia,icd_code,ICD10CM,I49.9,"Cardiac arrhythmia, unspecified",matched_words
adr,"Myocardial infarction, possibly secondary to excessive hypotension in high risk patients","Myocardial infarction, possibly secondary to excessive hypotension in high risk patients",meddra_code,MDR,0,,not_found
adr,"Myocardial infarction, possibly secondary to excessive hypotension in high risk patients","Myocardial infarction, possibly secondary to excessive hypotension in high risk patients",icd_code,ICD10,UNKNOWN,,not_found
adr,Vasculitis,Vasculitis,meddra_code,MDR,10047115,Vasculitis,matched_exact
adr,Vasculitis,Vasculitis,icd_code,ICD10CM,D69.0,Allergic purpura,matched_words
adr,Flushing,Flushing,meddra_code,MDR,10016825,Flushing,matched_exact
adr,Flushing,Flushing,icd_code,ICD10CM,R23.2,Flushing,matched_exact
adr,Stroke possibly secondary to excessive hypotension in high-risk patients,Stroke possibly secondary to excessive hypotension in high-risk patients,meddra_code,MDR,0,,not_found
adr,Stroke possibly secondary to excessive hypotension in high-risk patients,Stroke possibly secondary to excessive hypotension in high-risk patients,icd_code,ICD10,UNKNOWN,,not_found
adr,Raynaud's phenomenon,Raynaud's phenomenon,meddra_code,MDR,10037912,Raynaud's phenomenon,matched_exact
adr,Raynaud's phenomenon,Raynaud's phenomenon,icd_code,ICD10CM,I73.0,Raynaud's syndrome,matched_words
adr,Bronchospasm,Bronchospasm,meddra_code,MDR,10006482,Bronchospasm,matched_exact
adr,Bronchospasm,Bronchospasm,icd_code,ICD10CM,J45.990,Exercise induced bronchospasm,matched_words
adr,Eosinophilic pneumonia,Eosinophilic pneumonia,meddra_code,MDR,10014962,Eosinophilic pneumonia,matched_exact
adr,Eosinophilic pneumonia,Eosinophilic pneumonia,icd_code,ICD10CM,J82.81,Chronic eosinophilic pneumonia,matched_words
adr,Rhinitis,Rhinitis,meddra_code,MDR,10039083,Rhinitis,matched_exact
adr,Rhinitis,Rhinitis,icd_code,ICD10CM,J00,Acute nasopharyngitis [common cold],matched_words
adr,Dry mouth,Dry mouth,meddra_code,MDR,10013781,Dry mouth,matched_exact
adr,Dry mouth,Dry mouth,icd_code,ICD10CM,R68.2,"Dry mouth, unspecified",matched_words
adr,Pancreatitis,Pancreatitis,meddra_code,MDR,10033645,Pancreatitis,matched_exact
adr,Pancreatitis,Pancreatitis,icd_code,ICD10CM,K85.9,"Acute pancreatitis, unspecified",matched_words
adr,Hepatitis either cytolitic or cholestatic,Hepatitis either cytolitic or cholestatic,meddra_code,MDR,0,,not_found
adr,Hepatitis either cytolitic or cholestatic,Hepatitis either cytolitic or cholestatic,icd_code,ICD10,UNKNOWN,,not_found
adr,Urticaria,Urticaria,meddra_code,MDR,10046735,Urticaria,matched_exact
adr,Urticaria,Urticaria,icd_code,ICD10CM,L50,Urticaria,matched_exact
adr,"Angioedema of face, extremities, lips, mucous membranes, tongue, glottis and/or larynx","Angioedema of face, extremities, lips, mucous membranes, tongue, glottis and/or larynx",meddra_code,MDR,0,,not_found
adr,"Angioedema of face, extremities, lips, mucous membranes, tongue, glottis and/or larynx","Angioedema of face, extremities, lips, mucous membranes, tongue, glottis and/or larynx",icd_code,ICD10,UNKNOWN,,not_found
adr,Photosensitivity reactions,Photosensitivity reactions,meddra_code,MDR,10034972,Photosensitivity reaction,matched_words
adr,Photosensitivity reactions,Photosensitivity reactions,icd_code,ICD10,UNKNOWN,,not_found
adr,Pemphigoid,Pemphigoid,meddra_code,MDR,10034277,Pemphigoid,matched_exact
adr,Pemphigoid,Pemphigoid,icd_code,ICD10CM,L12,Pemphigoid,matched_exact
adr,Hyperhydrosis,Hyperhydrosis,meddra_code,MDR,0,,not_found
adr,Hyperhydrosis,Hyperhydrosis,icd_code,ICD10,UNKNOWN,,not_found
adr,Psoriasis aggravation,Psoriasis aggravation,meddra_code,MDR,10037154,Psoriasis aggravated,matched_words
adr,Psoriasis aggravation,Psoriasis aggravation,icd_code,ICD10,UNKNOWN,,not_found
adr,Erythema multiforme,Erythema multiforme,meddra_code,MDR,10015218,Erythema multiforme,matched_exact
adr,Erythema multiforme,Erythema multiforme,icd_code,ICD10CM,L51,Erythema multiforme,matched_exact
adr,Arthralgia,Arthralgia,meddra_code,MDR,10003239,Arthralgia,matched_exact
adr,Arthralgia,Arthralgia,icd_code,ICD10CM,M26.62,Arthralgia of temporomandibular joint,matched_words
adr,Myalgia,Myalgia,meddra_code,MDR,10028411,Myalgia,matched_exact
adr,Myalgia,Myalgia,icd_code,ICD10CM,M79.1,Myalgia,matched_exact
adr,Renal insufficiency,Renal insufficiency,meddra_code,MDR,10038474,Renal insufficiency,matched_exact
adr,Renal insufficiency,Renal insufficiency,icd_code,ICD10CM,N18.9,"Chronic kidney disease, unspecified",matched_words
adr,Anuria/Oliguria,Anuria/Oliguria,meddra_code,MDR,0,,not_found
adr,Anuria/Oliguria,Anuria/Oliguria,icd_code,ICD10CM,R34,Anuria and oliguria,matched_words
adr,Acute renal failure,Acute renal failure,meddra_code,MDR,10001041,Acute renal failure,matched_exact
adr,Acute renal failure,Acute renal failure,icd_code,ICD10,N17,Acute renal failure,matched_exact
adr,Erectile dysfunction,Erectile dysfunction,meddra_code,MDR,10061461,Erectile dysfunction,matched_exact
adr,Erectile dysfunction,Erectile dysfunction,icd_code,ICD10CM,N52,Male erectile dysfunction,matched_words
adr,Chest pain,Chest pain,meddra_code,MDR,10008479,Chest pain,matched_exact
adr,Chest pain,Chest pain,icd_code,ICD10CM,I20.9,"Angina pectoris, unspecified",matched_words
adr,Malaise,Malaise,meddra_code,MDR,10025482,Malaise,matched_exact
adr,Malaise,Malaise,icd_code,ICD10CM,R53.81,Other malaise,matched_words
adr,Oedema peripheral,Oedema peripheral,meddra_code,MDR,10030124,Oedema peripheral,matched_exact
adr,Oedema peripheral,Oedema peripheral,icd_code,ICD10,UNKNOWN,,not_found
adr,Pyrexia,Pyrexia,meddra_code,MDR,10037660,Pyrexia,matched_exact
adr,Pyrexia,Pyrexia,icd_code,ICD10CM,R50.9,"Fever, unspecified",matched_words
adr,Blood urea increased,Blood urea increased,meddra_code,MDR,10005851,Blood urea increased,matched_exact
adr,Blood urea increased,Blood urea increased,icd_code,ICD10,UNKNOWN,,not_found
adr,Blood creatinine increased,Blood creatinine increased,meddra_code,MDR,10005483,Blood creatinine increased,matched_exact
adr,Blood creatinine increased,Blood creatinine increased,icd_code,ICD10,UNKNOWN,,not_found
adr,Blood bilirubin increased,Blood bilirubin increased,meddra_code,MDR,10005364,Blood bilirubin increased,matched_exact
adr,Blood bilirubin increased,Blood bilirubin increased,icd_code,ICD10,UNKNOWN,,not_found
adr,Hepatic enzyme increased,Hepatic enzyme increased,meddra_code,MDR,10060795,Hepatic enzyme increased,matched_exact
adr,Hepatic enzyme increased,Hepatic enzyme increased,icd_code,ICD10,UNKNOWN,,not_found
adr,Fall,Fall,meddra_code,MDR,10016173,Fall,matched_exact
adr,Fall,Fall,icd_code,ICD10CM,W19,Unspecified fall,matched_words
adr,Local sensitivity,Local sensitivity,meddra_code,MDR,0,,not_found
adr,Local sensitivity,Local sensitivity,icd_code,ICD10,UNKNOWN,,not_found
adr,Ototoxicity,Ototoxicity,meddra_code,MDR,10033109,Ototoxicity,matched_exact
adr,Ototoxicity,Ototoxicity,icd_code,ICD10CM,H91.0,Ototoxic hearing loss,matched_words
adr,Vestibular disorder,Vestibular disorder,meddra_code,MDR,10047386,Vestibular disorder,matched_exact
adr,Vestibular disorder,Vestibular disorder,icd_code,ICD10CM,H81.9,Unspecified disorder of vestibular function,matched_words
adr,Hearing loss,Hearing loss,meddra_code,MDR,10019246,Hearing loss,matched_exact
adr,Hearing loss,Hearing loss,icd_code,ICD10CM,H91.9,Unspecified hearing loss,matched_words
adr,Burning sensation,Burning sensation,meddra_code,MDR,10006784,Burning sensation,matched_exact
adr,Burning sensation,Burning sensation,icd_code,ICD10,UNKNOWN,,not_found
adr,Stinging,Stinging,meddra_code,MDR,10042066,Stinging,matched_exact
adr,Stinging,Stinging,icd_code,ICD10CM,W57,Bitten or stung by nonvenomous insect and other nonvenomous arthropods,matched_words
adr,Itching (pruritus),Itching (pruritus),meddra_code,MDR,0,,not_found
adr,Itching (pruritus),Itching (pruritus),icd_code,ICD10,UNKNOWN,,not_found
adr,Dermatitis,Dermatitis,meddra_code,MDR,10012431,Dermatitis,matched_exact
adr,Dermatitis,Dermatitis,icd_code,ICD10CM,L21,Seborrheic dermatitis,matched_words
adr,Vision blurred,Vision blurred,meddra_code,MDR,10047513,Vision blurred,matched_exact
adr,Vision blurred,Vision blurred,icd_code,ICD10,UNKNOWN,,not_found
adr,somnolence,somnolence,meddra_code,MDR,10041349,Somnolence,matched_exact
adr,somnolence,somnolence,icd_code,ICD10CM,R40.0,Somnolence,matched_exact
adr,headache,headache,meddra_code,MDR,10019211,Headache,matched_exact
adr,headache,headache,icd_code,ICD10CM,R51,Headache,matched_exact
adr,dizziness,dizziness,meddra_code,MDR,10013573,Dizziness,matched_exact
adr,dizziness,dizziness,icd_code,ICD10CM,R42,Dizziness and giddiness,matched_words
adr,dry mouth,dry mouth,meddra_code,MDR,10013781,Dry mouth,matched_exact
adr,dry mouth,dry mouth,icd_code,ICD10CM,R68.2,"Dry mouth, unspecified",matched_words
adr,withdrawal (discontinuation) symptoms,withdrawal (discontinuation) symptoms,meddra_code,MDR,0,,not_found
adr,withdrawal (discontinuation) symptoms,withdrawal (discontinuation) symptoms,icd_code,ICD10,UNKNOWN,,not_found
adr,elevations in serum triglyceride levels,elevations in serum triglyceride levels,meddra_code,MDR,0,,not_found
adr,elevations in serum triglyceride levels,elevations in serum triglyceride levels,icd_code,ICD10,UNKNOWN,,not_found
adr,elevations in total cholesterol (predominantly LDL cholesterol),elevations in total cholesterol (predominantly LDL cholesterol),meddra_code,MDR,0,,not_found
adr,elevations in total cholesterol (predominantly LDL cholesterol),elevations in total cholesterol (predominantly LDL cholesterol),icd_code,ICD10,UNKNOWN,,not_found
adr,decreases in HDL cholesterol,decreases in HDL cholesterol,meddra_code,MDR,0,,not_found
adr,decreases in HDL cholesterol,decreases in HDL cholesterol,icd_code,ICD10,UNKNOWN,,not_found
adr,weight gain,weight gain,meddra_code,MDR,10047896,Weight gain,matched_exact
adr,weight gain,weight gain,icd_code,ICD10CM,R62.51,Failure to thrive (child),matched_words
adr,decreased haemoglobin,decreased haemoglobin,meddra_code,MDR,10056184,Decreased haemoglobin,matched_exact
adr,decreased haemoglobin,decreased haemoglobin,icd_code,ICD10,UNKNOWN,,not_found
adr,extrapyramidal symptoms,extrapyramidal symptoms,meddra_code,MDR,10015835,Extrapyramidal symptoms,matched_exact
adr,extrapyramidal symptoms,extrapyramidal symptoms,icd_code,ICD10,UNKNOWN,,not_found
adr,Severe cutaneous adverse reactions (SCARs),Severe cutaneous adverse reactions (SCARs),meddra_code,MDR,0,,not_found
adr,Severe cutaneous adverse reactions (SCARs),Severe cutaneous adverse reactions (SCARs),icd_code,ICD10,UNKNOWN,,not_found
adr,Stevens-Johnson syndrome (SJS),Stevens-Johnson syndrome (SJS),meddra_code,MDR,0,,not_found
adr,Stevens-Johnson syndrome (SJS),Stevens-Johnson syndrome (SJS),icd_code,ICD10,UNKNOWN,,not_found
adr,toxic epidermal necrolysis (TEN),toxic epidermal necrolysis (TEN),meddra_code,MDR,0,,not_found
adr,toxic epidermal necrolysis (TEN),toxic epidermal necrolysis (TEN),icd_code,ICD10,UNKNOWN,,not_found
adr,drug reaction with eosinophilia and systemic symptoms (DRESS),drug reaction with eosinophilia and systemic symptoms (DRESS),meddra_code,MDR,0,,not_found
adr,drug reaction with eosinophilia and systemic symptoms (DRESS),drug reaction with eosinophilia and systemic symptoms (DRESS),icd_code,ICD10,UNKNOWN,,not_found
adr,Leucopenia,Leucopenia,meddra_code,MDR,10024283,Leucopenia,matched_exact
adr,Leucopenia,Leucopenia,icd_code,ICD10CM,D72.819,"Decreased white blood cell count, unspecified",matched_words
adr,decreased neutrophil count,decreased neutrophil count,meddra_code,MDR,10029366,Neutrophil count decreased,matched_words
adr,decreased neutrophil count,decreased neutrophil count,icd_code,ICD10,UNKNOWN,,not_found
adr,eosinophils increased,eosinophils increased,meddra_code,MDR,10014945,Eosinophil count increased,matched_words
adr,eosinophils increased,eosinophils increased,icd_code,ICD10,UNKNOWN,,not_found
adr,Neutropenia,Neutropenia,meddra_code,MDR,10029354,Neutropenia,matched_exact
adr,Neutropenia,Neutropenia,icd_code,ICD10CM,D70,Neutropenia,matched_exact
adr,Thrombocytopenia,Thrombocytopenia,meddra_code,MDR,10043554,Thrombocytopenia,matched_exact
adr,Thrombocytopenia,Thrombocytopenia,icd_code,ICD10CM,D69.6,"Thrombocytopenia, unspecified",matched_words
adr,Anaemia,Anaemia,meddra_code,MDR,10002034,Anaemia,matched_exact
adr,Anaemia,Anaemia,icd_code,ICD10,D64.9,"Anaemia, unspecified",matched_words
adr,platelet count decreased,platelet count decreased,meddra_code,MDR,10035528,Platelet count decreased,matched_exact
adr,platelet count decreased,platelet count decreased,icd_code,ICD10,UNKNOWN,,not_found
adr,Agranulocytosis,Agranulocytosis,meddra_code,MDR,10001507,Agranulocytosis,matched_exact
adr,Agranulocytosis,Agranulocytosis,icd_code,ICD10CM,D70,Neutropenia,matched_exact
adr,Hypersensitivity (including allergic skin reactions),Hypersensitivity (including allergic skin reactions),meddra_code,MDR,0,,not_found
adr,Hypersensitivity (including allergic skin reactions),Hypersensitivity (including allergic skin reactions),icd_code,ICD10,UNKNOWN,,not_found
adr,Anaphylactic reaction,Anaphylactic reaction,meddra_code,MDR,10002198,Anaphylactic reaction,matched_exact
adr,Anaphylactic reaction,Anaphylactic reaction,icd_code,ICD10CM,T78.2,"Anaphylactic shock, unspecified",matched_exact
adr,Hyperprolactinemia,Hyperprolactinemia,meddra_code,MDR,10020739,Hyperprolactinemia,matched_exact
adr,Hyperprolactinemia,Hyperprolactinemia,icd_code,ICD10CM,E22.1,Hyperprolactinemia,matched_exact
adr,decreases in total T4,decreases in total T4,meddra_code,MDR,0,,not_found
adr,decreases in total T4,decreases in total T4,icd_code,ICD10,UNKNOWN,,not_found
adr,decreases in free T4,decreases in free T4,meddra_code,MDR,0,,not_found
adr,decreases in free T4,decreases in free T4,icd_code,ICD10,UNKNOWN,,not_found
adr,decreases in total T3,decreases in total T3,meddra_code,MDR,0,,not_found
adr,decreases in total T3,decreases in total T3,icd_code,ICD10,UNKNOWN,,not_found
adr,increases in TSH,increases in TSH,meddra_code,MDR,0,,not_found
adr,increases in TSH,increases in TSH,icd_code,ICD10,UNKNOWN,,not_found
adr,decreases in free T3,decreases in free T3,meddra_code,MDR,0,,not_found
adr,decreases in free T3,decreases in free T3,icd_code,ICD10,UNKNOWN,,not_found
adr,Hypothyroidism,Hypothyroidism,meddra_code,MDR,10021114,Hypothyroidism,matched_exact
adr,Hypothyroidism,Hypothyroidism,icd_code,ICD10CM,E03.9,"Hypothyroidism, unspecified",matched_words
adr,Inappropriate antidiuretic hormone secretion,Inappropriate antidiuretic hormone secretion,meddra_code,MDR,10053198,Inappropriate antidiuretic hormone secretion,matched_exact
adr,Inappropriate antidiuretic hormone secretion,Inappropriate antidiuretic hormone secretion,icd_code,ICD10CM,E22.2,Syndrome of inappropriate secretion of antidiuretic hormone,matched_words
adr,Increased appetite,Increased appetite,meddra_code,MDR,10021654,Increased appetite,matched_exact
adr,Increased appetite,Increased appetite,icd_code,ICD10,UNKNOWN,,not_found
adr,blood glucose increased to hyper-glycaemic levels,blood glucose increased to hyper-glycaemic levels,meddra_code,MDR,0,,not_found
adr,blood glucose increased to hyper-glycaemic levels,blood glucose increased to hyper-glycaemic levels,icd_code,ICD10,UNKNOWN,,not_found
adr,Hyponatraemia,Hyponatraemia,meddra_code,MDR,10021036,Hyponatraemia,matched_exact
adr,Hyponatraemia,Hyponatraemia,icd_code,ICD10,E87.1,Hypo-osmolality and hyponatraemia,matched_words
adr,Diabetes Mellitus,Diabetes Mellitus,meddra_code,MDR,10012601,Diabetes mellitus,matched_exact
adr,Diabetes Mellitus,Diabetes Mellitus,icd_code,ICD10CM,E08-E13,Diabetes mellitus (E08-E13),matched_words
adr,Exacerbation of pre-existing diabetes,Exacerbation of pre-existing diabetes,meddra_code,MDR,0,,not_found
adr,Exacerbation of pre-existing diabetes,Exacerbation of pre-existing diabetes,icd_code,ICD10,UNKNOWN,,not_found
adr,Metabolic syndrome,Metabolic syndrome,meddra_code,MDR,10052066,Metabolic syndrome,matched_exact
adr,Metabolic syndrome,Metabolic syndrome,icd_code,ICD10CM,E88.810,Metabolic syndrome,matched_exact
adr,Abnormal dreams and nightmares,Abnormal dreams and nightmares,meddra_code,MDR,0,,not_found
adr,Abnormal dreams and nightmares,Abnormal dreams and nightmares,icd_code,ICD10,UNKNOWN,,not_found
adr,Suicidal ideation and suicidal behaviour,Suicidal ideation and suicidal behaviour,meddra_code,MDR,0,,not_found
adr,Suicidal ideation and suicidal behaviour,Suicidal ideation and suicidal behaviour,icd_code,ICD10,UNKNOWN,,not_found
adr,Somnambulism and related reactions such as sleep talking and sleep related eating disorder,Somnambulism and related reactions such as sleep talking and sleep related eating disorder,meddra_code,MDR,0,,not_found
adr,Somnambulism and related reactions such as sleep talking and sleep related eating disorder,Somnambulism and related reactions such as sleep talking and sleep related eating disorder,icd_code,ICD10,UNKNOWN,,not_found
adr,Dysarthria,Dysarthria,meddra_code,MDR,10013887,Dysarthria,matched_exact
adr,Dysarthria,Dysarthria,icd_code,ICD10CM,R47.1,Dysarthria and anarthria,matched_words
adr,Seizure,Seizure,meddra_code,MDR,10039906,Seizure,matched_exact
adr,Seizure,Seizure,icd_code,ICD10CM,G40.909,"Epilepsy, unspecified, not intractable, without status epilepticus",matched_words
adr,Restless legs syndrome,Restless legs syndrome,meddra_code,MDR,10058920,Restless legs syndrome,matched_exact
adr,Restless legs syndrome,Restless legs syndrome,icd_code,ICD10CM,G25.81,Restless legs syndrome,matched_exact
adr,Tardive dyskinesia,Tardive dyskinesia,meddra_code,MDR,10043118,Tardive dyskinesia,matched_exact
adr,Tardive dyskinesia,Tardive dyskinesia,icd_code,ICD10CM,G24.01,Drug induced subacute dyskinesia,matched_exact
adr,Syncope,Syncope,meddra_code,MDR,10042772,Syncope,matched_exact
adr,Syncope,Syncope,icd_code,ICD10CM,R55,Syncope and collapse,matched_words
adr,Tachycardia,Tachycardia,meddra_code,MDR,10043071,Tachycardia,matched_exact
adr,Tachycardia,Tachycardia,icd_code,ICD10CM,R00.0,"Tachycardia, unspecified",matched_words
adr,Palpitations,Palpitations,meddra_code,MDR,10033557,Palpitations,matched_exact
adr,Palpitations,Palpitations,icd_code,ICD10CM,R00.2,Palpitations,matched_exact
adr,QT prolongation,QT prolongation,meddra_code,MDR,10037705,QT prolonged,matched_words
adr,QT prolongation,QT prolongation,icd_code,ICD10,UNKNOWN,,not_found
adr,Bradycardia,Bradycardia,meddra_code,MDR,10006093,Bradycardia,matched_exact
adr,Bradycardia,Bradycardia,icd_code,ICD10CM,R00.1,"Bradycardia, unspecified",matched_words
adr,Cardiomyopathy,Cardiomyopathy,meddra_code,MDR,10007636,Cardiomyopathy,matched_exact
adr,Cardiomyopathy,Cardiomyopathy,icd_code,ICD10CM,I42,Cardiomyopathy,matched_exact
adr,Myocarditis,Myocarditis,meddra_code,MDR,10028606,Myocarditis,matched_exact
adr,Myocarditis,Myocarditis,icd_code,ICD10CM,I51.4,"Myocarditis, unspecified",matched_words
adr,Vision blurred,Vision blurred,meddra_code,MDR,10047513,Vision blurred,matched_exact
adr,Vision blurred,Vision blurred,icd_code,ICD10,UNKNOWN,,not_found
adr,Orthostatic hypotension,Orthostatic hypotension,meddra_code,MDR,10031127,Orthostatic hypotension,matched_exact
adr,Orthostatic hypotension,Orthostatic hypotension,icd_code,ICD10CM,I95.1,Orthostatic hypotension,matched_exact
adr,Venous thromboembolism,Venous thromboembolism,meddra_code,MDR,10066899,Venous thromboembolism,matched_exact
adr,Venous thromboembolism,Venous thromboembolism,icd_code,ICD10,UNKNOWN,,not_found
adr,Dyspnoea,Dyspnoea,meddra_code,MDR,10013968,Dyspnoea,matched_exact
adr,Dyspnoea,Dyspnoea,icd_code,ICD10,R06.0,Dyspnoea,matched_exact
adr,Rhinitis,Rhinitis,meddra_code,MDR,10039083,Rhinitis,matched_exact
adr,Rhinitis,Rhinitis,icd_code,ICD10CM,J00,Acute nasopharyngitis [common cold],matched_words
adr,Constipation,Constipation,meddra_code,MDR,10010774,Constipation,matched_exact
adr,Constipation,Constipation,icd_code,ICD10CM,K59.0,Constipation,matched_exact
adr,dyspepsia,dyspepsia,meddra_code,MDR,10013946,Dyspepsia,matched_exact
adr,dyspepsia,dyspepsia,icd_code,ICD10CM,R10.13,Epigastric pain,matched_exact
adr,vomiting,vomiting,meddra_code,MDR,10047700,Vomiting,matched_exact
adr,vomiting,vomiting,icd_code,ICD10CM,R11.1,Vomiting,matched_exact
adr,Dysphagia,Dysphagia,meddra_code,MDR,10013950,Dysphagia,matched_exact
adr,Dysphagia,Dysphagia,icd_code,ICD10CM,R13.1,Dysphagia,matched_exact
adr,Pancreatitis,Pancreatitis,meddra_code,MDR,10033645,Pancreatitis,matched_exact
adr,Pancreatitis,Pancreatitis,icd_code,ICD10CM,K85.9,"Acute pancreatitis, unspecified",matched_words
adr,Intestinal obstruction/ Ileus,Intestinal obstruction/ Ileus,meddra_code,MDR,0,,not_found
adr,Intestinal obstruction/ Ileus,Intestinal obstruction/ Ileus,icd_code,ICD10CM,K56,Paralytic ileus and intestinal obstruction without hernia,matched_words
adr,Elevations in serum alanine aminotransferase (ALT),Elevations in serum alanine aminotransferase (ALT),meddra_code,MDR,0,,not_found
adr,Elevations in serum alanine aminotransferase (ALT),Elevations in serum alanine aminotransferase (ALT),icd_code,ICD10,UNKNOWN,,not_found
adr,Elevations in gamma-GT levels,Elevations in gamma-GT levels,meddra_code,MDR,0,,not_found
adr,Elevations in gamma-GT levels,Elevations in gamma-GT levels,icd_code,ICD10,UNKNOWN,,not_found
adr,Elevations in serum aspartate aminotransferase (AST),Elevations in serum aspartate aminotransferase (AST),meddra_code,MDR,0,,not_found
adr,Elevations in serum aspartate aminotransferase (AST),Elevations in serum aspartate aminotransferase (AST),icd_code,ICD10,UNKNOWN,,not_found
adr,Jaundice,Jaundice,meddra_code,MDR,10023126,Jaundice,matched_exact
adr,Jaundice,Jaundice,icd_code,ICD10CM,R17,Unspecified jaundice,matched_words
adr,Hepatitis,Hepatitis,meddra_code,MDR,10019717,Hepatitis,matched_exact
adr,Hepatitis,Hepatitis,icd_code,ICD10CM,K75.9,"Inflammatory liver disease, unspecified",matched_words
adr,Angioedema,Angioedema,meddra_code,MDR,10002424,Angioedema,matched_exact
adr,Angioedema,Angioedema,icd_code,ICD10CM,T78.3,Angioneurotic edema,matched_words
adr,Toxic Epidermal Necrolysis,Toxic Epidermal Necrolysis,meddra_code,MDR,10044223,Toxic epidermal necrolysis,matched_exact
adr,Toxic Epidermal Necrolysis,Toxic Epidermal Necrolysis,icd_code,ICD10CM,L51.2,Toxic epidermal necrolysis [Lyell],matched_words
adr,Erythema Multiforme,Erythema Multiforme,meddra_code,MDR,10015218,Erythema multiforme,matched_exact
adr,Erythema Multiforme,Erythema Multiforme,icd_code,ICD10CM,L51,Erythema multiforme,matched_exact
adr,Cutaneous vasculitis,Cutaneous vasculitis,meddra_code,MDR,10011686,Cutaneous vasculitis,matched_exact
adr,Cutaneous vasculitis,Cutaneous vasculitis,icd_code,ICD10,UNKNOWN,,not_found
adr,Rhabdomyolysis,Rhabdomyolysis,meddra_code,MDR,10039020,Rhabdomyolysis,matched_exact
adr,Rhabdomyolysis,Rhabdomyolysis,icd_code,ICD10CM,M62.82,Rhabdomyolysis,matched_exact
adr,Urinary retention,Urinary retention,meddra_code,MDR,10046555,Urinary retention,matched_exact
adr,Urinary retention,Urinary retention,icd_code,ICD10,UNKNOWN,,not_found
adr,Drug withdrawal syndrome neonatal,Drug withdrawal syndrome neonatal,meddra_code,MDR,10013756,Drug withdrawal syndrome neonatal,matched_exact
adr,Drug withdrawal syndrome neonatal,Drug withdrawal syndrome neonatal,icd_code,ICD10,UNKNOWN,,not_found
adr,Sexual dysfunction,Sexual dysfunction,meddra_code,MDR,10040477,Sexual dysfunction,matched_exact
adr,Sexual dysfunction,Sexual dysfunction,icd_code,ICD10CM,R37,"Sexual dysfunction, unspecified",matched_words
adr,Priapism,Priapism,meddra_code,MDR,10036661,Priapism,matched_exact
adr,Priapism,Priapism,icd_code,ICD10CM,N48.3,Priapism,matched_exact
adr,galactorrhoea,galactorrhoea,meddra_code,MDR,10017600,Galactorrhoea,matched_exact
adr,galactorrhoea,galactorrhoea,icd_code,ICD10,O92.6,Galactorrhoea,matched_exact
adr,breast swelling,breast swelling,meddra_code,MDR,10006312,Breast swelling,matched_exact
adr,breast swelling,breast swelling,icd_code,ICD10,UNKNOWN,,not_found
adr,menstrual disorder,menstrual disorder,meddra_code,MDR,10027327,Menstrual disorder,matched_exact
adr,menstrual disorder,menstrual disorder,icd_code,ICD10,UNKNOWN,,not_found
adr,Neuroleptic malignant syndrome,Neuroleptic malignant syndrome,meddra_code,MDR,10029282,Neuroleptic malignant syndrome,matched_exact
adr,Neuroleptic malignant syndrome,Neuroleptic malignant syndrome,icd_code,ICD10CM,G21.0,Malignant neuroleptic syndrome,matched_words
adr,hypothermia,hypothermia,meddra_code,MDR,10021113,Hypothermia,matched_exact
adr,hypothermia,hypothermia,icd_code,ICD10CM,T68,Hypothermia,matched_exact
adr,Elevations in blood creatine phosphorkinase,Elevations in blood creatine phosphorkinase,meddra_code,MDR,0,,not_found
adr,Elevations in blood creatine phosphorkinase,Elevations in blood creatine phosphorkinase,icd_code,ICD10,UNKNOWN,,not_found
adr,nausea,nausea,meddra_code,MDR,10028813,Nausea,matched_exact
adr,nausea,nausea,icd_code,ICD10CM,R11.0,Nausea,matched_exact
adr,vomiting,vomiting,meddra_code,MDR,10047700,Vomiting,matched_exact
adr,vomiting,vomiting,icd_code,ICD10CM,R11.1,Vomiting,matched_exact
adr,constipation,constipation,meddra_code,MDR,10010774,Constipation,matched_exact
adr,constipation,constipation,icd_code,ICD10CM,K59.0,Constipation,matched_exact
adr,drowsiness,drowsiness,meddra_code,MDR,10013649,Drowsiness,matched_exact
adr,drowsiness,drowsiness,icd_code,ICD10CM,R40.0,Somnolence,matched_exact
adr,Hypersensitivity,Hypersensitivity,meddra_code,MDR,10020751,Hypersensitivity,matched_exact
adr,Hypersensitivity,Hypersensitivity,icd_code,ICD10CM,T78.40,"Allergy, unspecified",matched_words
adr,Anaphylactic reaction,Anaphylactic reaction,meddra_code,MDR,10002198,Anaphylactic reaction,matched_exact
adr,Anaphylactic reaction,Anaphylactic reaction,icd_code,ICD10CM,T78.2,"Anaphylactic shock, unspecified",matched_exact
adr,Anaphylactoid reaction,Anaphylactoid reaction,meddra_code,MDR,10002216,Anaphylactoid reaction,matched_exact
adr,Anaphylactoid reaction,Anaphylactoid reaction,icd_code,ICD10CM,T78.0,Anaphylactic reaction due to food,matched_words
adr,Confusion,Confusion,meddra_code,MDR,10010300,Confusion,matched_exact
adr,Confusion,Confusion,icd_code,ICD10CM,R41.0,"Disorientation, unspecified",matched_words
adr,Insomnia,Insomnia,meddra_code,MDR,10022437,Insomnia,matched_exact
adr,Insomnia,Insomnia,icd_code,ICD10CM,G47.0,Insomnia,matched_exact
adr,Agitation,Agitation,meddra_code,MDR,10001497,Agitation,matched_exact
adr,Agitation,Agitation,icd_code,ICD10CM,R45.1,Restlessness and agitation,matched_words
adr,Euphoria,Euphoria,meddra_code,MDR,10015533,Euphoria,matched_exact
adr,Euphoria,Euphoria,icd_code,ICD10,UNKNOWN,,not_found
adr,Hallucinations,Hallucinations,meddra_code,MDR,10019077,Hallucinations,matched_exact
adr,Hallucinations,Hallucinations,icd_code,ICD10CM,R44.3,"Hallucinations, unspecified",matched_words
adr,Mood altered,Mood altered,meddra_code,MDR,10027940,Mood altered,matched_exact
adr,Mood altered,Mood altered,icd_code,ICD10,UNKNOWN,,not_found
adr,Drug dependence,Drug dependence,meddra_code,MDR,10013663,Drug dependence,matched_exact
adr,Drug dependence,Drug dependence,icd_code,ICD10CM,P96.1,Neonatal withdrawal symptoms from maternal use of drugs of addiction,matched_words
adr,Dysphoria,Dysphoria,meddra_code,MDR,10013954,Dysphoria,matched_exact
adr,Dysphoria,Dysphoria,icd_code,ICD10CM,O90.6,Postpartum mood disturbance,matched_words
adr,Thinking disturbances,Thinking disturbances,meddra_code,MDR,10043434,Thinking disturbances,matched_exact
adr,Thinking disturbances,Thinking disturbances,icd_code,ICD10,UNKNOWN,,not_found
adr,Dizziness,Dizziness,meddra_code,MDR,10013573,Dizziness,matched_exact
adr,Dizziness,Dizziness,icd_code,ICD10CM,R42,Dizziness and giddiness,matched_words
adr,Headache,Headache,meddra_code,MDR,10019211,Headache,matched_exact
adr,Headache,Headache,icd_code,ICD10CM,R51,Headache,matched_exact
adr,Hyperhidrosis,Hyperhidrosis,meddra_code,MDR,10020642,Hyperhidrosis,matched_exact
adr,Hyperhidrosis,Hyperhidrosis,icd_code,ICD10CM,R61,Generalized hyperhidrosis,matched_words
adr,Involuntary muscle contractions,Involuntary muscle contractions,meddra_code,MDR,10028293,Muscle contractions involuntary,matched_words
adr,Involuntary muscle contractions,Involuntary muscle contractions,icd_code,ICD10,UNKNOWN,,not_found
adr,Somnolence,Somnolence,meddra_code,MDR,10041349,Somnolence,matched_exact
adr,Somnolence,Somnolence,icd_code,ICD10CM,R40.0,Somnolence,matched_exact
adr,Convulsions,Convulsions,meddra_code,MDR,10010914,Convulsions,matched_exact
adr,Convulsions,Convulsions,icd_code,ICD10CM,G40.909,"Epilepsy, unspecified, not intractable, without status epilepticus",matched_words
adr,Hypertonia,Hypertonia,meddra_code,MDR,10020852,Hypertonia,matched_exact
adr,Hypertonia,Hypertonia,icd_code,ICD10CM,P94.1,Congenital hypertonia,matched_words
adr,Myoclonus,Myoclonus,meddra_code,MDR,10028622,Myoclonus,matched_exact
adr,Myoclonus,Myoclonus,icd_code,ICD10CM,G25.3,Myoclonus,matched_exact
adr,Paraesthesia,Paraesthesia,meddra_code,MDR,10033775,Paraesthesia,matched_exact
adr,Paraesthesia,Paraesthesia,icd_code,ICD10,R20.2,Paraesthesia of skin,matched_words
adr,Syncope,Syncope,meddra_code,MDR,10042772,Syncope,matched_exact
adr,Syncope,Syncope,icd_code,ICD10CM,R55,Syncope and collapse,matched_words
adr,Allodynia,Allodynia,meddra_code,MDR,10053552,Allodynia,matched_exact
adr,Allodynia,Allodynia,icd_code,ICD10,UNKNOWN,,not_found
adr,Hyperalgesia,Hyperalgesia,meddra_code,MDR,10020573,Hyperalgesia,matched_exact
adr,Hyperalgesia,Hyperalgesia,icd_code,ICD10,UNKNOWN,,not_found
adr,Sleep apnoea syndrome,Sleep apnoea syndrome,meddra_code,MDR,10040979,Sleep apnoea syndrome,matched_exact
adr,Sleep apnoea syndrome,Sleep apnoea syndrome,icd_code,ICD10,UNKNOWN,,not_found
adr,Visual impairment,Visual impairment,meddra_code,MDR,10047571,Visual impairment,matched_exact
adr,Visual impairment,Visual impairment,icd_code,ICD10CM,H54.7,Unspecified visual loss,matched_words
adr,Miosis,Miosis,meddra_code,MDR,10027646,Miosis,matched_exact
adr,Miosis,Miosis,icd_code,ICD10CM,H57.03,Miosis,matched_exact
adr,Vertigo,Vertigo,meddra_code,MDR,10047340,Vertigo,matched_exact
adr,Vertigo,Vertigo,icd_code,ICD10CM,H81.0,Ménière's disease,matched_words
adr,Palpitations,Palpitations,meddra_code,MDR,10033557,Palpitations,matched_exact
adr,Palpitations,Palpitations,icd_code,ICD10CM,R00.2,Palpitations,matched_exact
adr,Bradycardia,Bradycardia,meddra_code,MDR,10006093,Bradycardia,matched_exact
adr,Bradycardia,Bradycardia,icd_code,ICD10CM,R00.1,"Bradycardia, unspecified",matched_words
adr,Tachycardia,Tachycardia,meddra_code,MDR,10043071,Tachycardia,matched_exact
adr,Tachycardia,Tachycardia,icd_code,ICD10CM,R00.0,"Tachycardia, unspecified",matched_words
adr,Facial flushing,Facial flushing,meddra_code,MDR,10016046,Facial flushing,matched_exact
adr,Facial flushing,Facial flushing,icd_code,ICD10,UNKNOWN,,not_found
adr,Hypotension,Hypotension,meddra_code,MDR,10021097,Hypotension,matched_exact
adr,Hypotension,Hypotension,icd_code,ICD10CM,I95,Hypotension,matched_exact
adr,Hypertension,Hypertension,meddra_code,MDR,10020772,Hypertension,matched_exact
adr,Hypertension,Hypertension,icd_code,ICD10CM,I10,Essential (primary) hypertension,matched_words
adr,Bronchospasm,Bronchospasm,meddra_code,MDR,10006482,Bronchospasm,matched_exact
adr,Bronchospasm,Bronchospasm,icd_code,ICD10CM,J45.990,Exercise induced bronchospasm,matched_words
adr,Pulmonary oedema,Pulmonary oedema,meddra_code,MDR,10037423,Pulmonary oedema,matched_exact
adr,Pulmonary oedema,Pulmonary oedema,icd_code,ICD10,J81,Pulmonary oedema,matched_exact
adr,Respiratory depression,Respiratory depression,meddra_code,MDR,10038678,Respiratory depression,matched_exact
adr,Respiratory depression,Respiratory depression,icd_code,ICD10CM,P28.9,"Respiratory condition of newborn, unspecified",matched_words
adr,Cough decreased,Cough decreased,meddra_code,MDR,10011225,Cough decreased,matched_exact
adr,Cough decreased,Cough decreased,icd_code,ICD10,UNKNOWN,,not_found
adr,Abdominal pain,Abdominal pain,meddra_code,MDR,10000081,Abdominal pain,matched_exact
adr,Abdominal pain,Abdominal pain,icd_code,ICD10CM,R10.9,Unspecified abdominal pain,matched_words
adr,Anorexia,Anorexia,meddra_code,MDR,10002646,Anorexia,matched_exact
adr,Anorexia,Anorexia,icd_code,ICD10CM,R63.0,Anorexia,matched_exact
adr,Dry mouth,Dry mouth,meddra_code,MDR,10013781,Dry mouth,matched_exact
adr,Dry mouth,Dry mouth,icd_code,ICD10CM,R68.2,"Dry mouth, unspecified",matched_words
adr,Vomiting,Vomiting,meddra_code,MDR,10047700,Vomiting,matched_exact
adr,Vomiting,Vomiting,icd_code,ICD10CM,R11.1,Vomiting,matched_exact
adr,Dyspepsia,Dyspepsia,meddra_code,MDR,10013946,Dyspepsia,matched_exact
adr,Dyspepsia,Dyspepsia,icd_code,ICD10CM,R10.13,Epigastric pain,matched_exact
adr,Ileus,Ileus,meddra_code,MDR,10021328,Ileus,matched_exact
adr,Ileus,Ileus,icd_code,ICD10CM,K56.0,Paralytic ileus,matched_words
adr,Taste perversion,Taste perversion,meddra_code,MDR,10043137,Taste perversion,matched_exact
adr,Taste perversion,Taste perversion,icd_code,ICD10,UNKNOWN,,not_found
adr,Increased hepatic enzymes,Increased hepatic enzymes,meddra_code,MDR,10019662,Hepatic enzymes increased,matched_words
adr,Increased hepatic enzymes,Increased hepatic enzymes,icd_code,ICD10,UNKNOWN,,not_found
adr,Biliary pain,Biliary pain,meddra_code,MDR,10004670,Biliary pain,matched_exact
adr,Biliary pain,Biliary pain,icd_code,ICD10,UNKNOWN,,not_found
adr,Exacerbation of pancreatitis,Exacerbation of pancreatitis,meddra_code,MDR,0,,not_found
adr,Exacerbation of pancreatitis,Exacerbation of pancreatitis,icd_code,ICD10,UNKNOWN,,not_found
adr,Sphincter of Oddi dysfunction,Sphincter of Oddi dysfunction,meddra_code,MDR,10066424,Sphincter of Oddi dysfunction,matched_exact
adr,Sphincter of Oddi dysfunction,Sphincter of Oddi dysfunction,icd_code,ICD10,UNKNOWN,,not_found
adr,Rash,Rash,meddra_code,MDR,10037844,Rash,matched_exact
adr,Rash,Rash,icd_code,ICD10CM,R21,Rash and other nonspecific skin eruption,matched_words
adr,Urticaria,Urticaria,meddra_code,MDR,10046735,Urticaria,matched_exact
adr,Urticaria,Urticaria,icd_code,ICD10CM,L50,Urticaria,matched_exact
adr,Urinary retention,Urinary retention,meddra_code,MDR,10046555,Urinary retention,matched_exact
adr,Urinary retention,Urinary retention,icd_code,ICD10,UNKNOWN,,not_found
adr,Ureteric spasm,Ureteric spasm,meddra_code,MDR,10051958,Ureteral spasm,matched_words
adr,Ureteric spasm,Ureteric spasm,icd_code,ICD10,UNKNOWN,,not_found
adr,Amenorrhoea,Amenorrhoea,meddra_code,MDR,10001928,Amenorrhoea,matched_exact
adr,Amenorrhoea,Amenorrhoea,icd_code,ICD10,N91.2,"Amenorrhoea, unspecified",matched_words
adr,Decreased libido,Decreased libido,meddra_code,MDR,10024419,Libido decreased,matched_words
adr,Decreased libido,Decreased libido,icd_code,ICD10CM,R68.82,Decreased libido,matched_exact
adr,Erectile dysfunction,Erectile dysfunction,meddra_code,MDR,10061461,Erectile dysfunction,matched_exact
adr,Erectile dysfunction,Erectile dysfunction,icd_code,ICD10CM,N52,Male erectile dysfunction,matched_words
adr,Asthenia,Asthenia,meddra_code,MDR,10003549,Asthenia,matched_exact
adr,Asthenia,Asthenia,icd_code,ICD10CM,R53.1,Weakness,matched_words
adr,Fatigue,Fatigue,meddra_code,MDR,10016256,Fatigue,matched_exact
adr,Fatigue,Fatigue,icd_code,ICD10CM,R53.83,Other fatigue,matched_words
adr,Malaise,Malaise,meddra_code,MDR,10025482,Malaise,matched_exact
adr,Malaise,Malaise,icd_code,ICD10CM,R53.81,Other malaise,matched_words
adr,Pruritus,Pruritus,meddra_code,MDR,10037087,Pruritus,matched_exact
adr,Pruritus,Pruritus,icd_code,ICD10CM,L29,Pruritus,matched_exact
adr,Peripheral oedema,Peripheral oedema,meddra_code,MDR,10034611,Peripheral oedema,matched_exact
adr,Peripheral oedema,Peripheral oedema,icd_code,ICD10,UNKNOWN,,not_found
adr,Drug withdrawal syndrome,Drug withdrawal syndrome,meddra_code,MDR,10013754,Drug withdrawal syndrome,matched_exact
adr,Drug withdrawal syndrome,Drug withdrawal syndrome,icd_code,ICD10CM,P96.1,Neonatal withdrawal symptoms from maternal use of drugs of addiction,matched_words
adr,Drug tolerance,Drug tolerance,meddra_code,MDR,10052804,Drug tolerance,matched_exact
adr,Drug tolerance,Drug tolerance,icd_code,ICD10,UNKNOWN,,not_found
adr,Drug withdrawal (abstinence) syndrome neonatal,Drug withdrawal (abstinence) syndrome neonatal,meddra_code,MDR,0,,not_found
adr,Drug withdrawal (abstinence) syndrome neonatal,Drug withdrawal (abstinence) syndrome neonatal,icd_code,ICD10,UNKNOWN,,not_found
adr,Hypersensitivity,Hypersensitivity,meddra_code,MDR,10020751,Hypersensitivity,matched_exact
adr,Hypersensitivity,Hypersensitivity,icd_code,ICD10CM,T78.40,"Allergy, unspecified",matched_words
adr,Decreased appetite up to loss of appetite,Decreased appetite up to loss of appetite,meddra_code,MDR,0,,not_found
adr,Decreased appetite up to loss of appetite,Decreased appetite up to loss of appetite,icd_code,ICD10,UNKNOWN,,not_found
adr,Insomnia,Insomnia,meddra_code,MDR,10022437,Insomnia,matched_exact
adr,Insomnia,Insomnia,icd_code,ICD10CM,G47.0,Insomnia,matched_exact
adr,Abnormal thinking,Abnormal thinking,meddra_code,MDR,10000182,Abnormal thinking,matched_exact
adr,Abnormal thinking,Abnormal thinking,icd_code,ICD10,UNKNOWN,,not_found
adr,Anxiety,Anxiety,meddra_code,MDR,10002855,Anxiety,matched_exact
adr,Anxiety,Anxiety,icd_code,ICD10CM,F41.1,Generalized anxiety disorder,matched_words
adr,Confusional state,Confusional state,meddra_code,MDR,10010305,Confusional state,matched_exact
adr,Confusional state,Confusional state,icd_code,ICD10CM,F05,Delirium due to known physiological condition,matched_words
adr,Libido decreased,Libido decreased,meddra_code,MDR,10024419,Libido decreased,matched_exact
adr,Libido decreased,Libido decreased,icd_code,ICD10CM,R68.82,Decreased libido,matched_words
adr,Nervousness,Nervousness,meddra_code,MDR,10029216,Nervousness,matched_exact
adr,Nervousness,Nervousness,icd_code,ICD10CM,R45.0,Nervousness,matched_exact
adr,Restlessness,Restlessness,meddra_code,MDR,10038743,Restlessness,matched_exact
adr,Restlessness,Restlessness,icd_code,ICD10CM,G25.81,Restless legs syndrome,matched_words
adr,Euphoric mood,Euphoric mood,meddra_code,MDR,10015535,Euphoric mood,matched_exact
adr,Euphoric mood,Euphoric mood,icd_code,ICD10,UNKNOWN,,not_found
adr,Hallucination,Hallucination,meddra_code,MDR,10019063,Hallucination,matched_exact
adr,Hallucination,Hallucination,icd_code,ICD10CM,R44.3,"Hallucinations, unspecified",matched_words
adr,Nightmares,Nightmares,meddra_code,MDR,10029414,Nightmares,matched_exact
adr,Nightmares,Nightmares,icd_code,ICD10CM,F51.5,Nightmare disorder,matched_words
adr,Aggression,Aggression,meddra_code,MDR,10001488,Aggression,matched_exact
adr,Aggression,Aggression,icd_code,ICD10CM,D48.11,Desmoid tumor,matched_words
adr,Drug dependence,Drug dependence,meddra_code,MDR,10013663,Drug dependence,matched_exact
adr,Drug dependence,Drug dependence,icd_code,ICD10CM,P96.1,Neonatal withdrawal symptoms from maternal use of drugs of addiction,matched_words
adr,Dizziness,Dizziness,meddra_code,MDR,10013573,Dizziness,matched_exact
adr,Dizziness,Dizziness,icd_code,ICD10CM,R42,Dizziness and giddiness,matched_words
adr,Headache,Headache,meddra_code,MDR,10019211,Headache,matched_exact
adr,Headache,Headache,icd_code,ICD10CM,R51,Headache,matched_exact
adr,Somnolence,Somnolence,meddra_code,MDR,10041349,Somnolence,matched_exact
adr,Somnolence,Somnolence,icd_code,ICD10CM,R40.0,Somnolence,matched_exact
adr,Convulsions,Convulsions,meddra_code,MDR,10010914,Convulsions,matched_exact
adr,Convulsions,Convulsions,icd_code,ICD10CM,G40.909,"Epilepsy, unspecified, not intractable, without status epilepticus",matched_words
adr,Disturbance in attention,Disturbance in attention,meddra_code,MDR,10013496,Disturbance in attention,matched_exact
adr,Disturbance in attention,Disturbance in attention,icd_code,ICD10,UNKNOWN,,not_found
adr,Dysgeusia,Dysgeusia,meddra_code,MDR,10013911,Dysgeusia,matched_exact
adr,Dysgeusia,Dysgeusia,icd_code,ICD10,UNKNOWN,,not_found
adr,Speech disorder,Speech disorder,meddra_code,MDR,10041466,Speech disorder,matched_exact
adr,Speech disorder,Speech disorder,icd_code,ICD10CM,F80.9,"Developmental disorder of speech and language, unspecified",matched_words
adr,Syncope,Syncope,meddra_code,MDR,10042772,Syncope,matched_exact
adr,Syncope,Syncope,icd_code,ICD10CM,R55,Syncope and collapse,matched_words
adr,Tremor,Tremor,meddra_code,MDR,10044565,Tremor,matched_exact
adr,Tremor,Tremor,icd_code,ICD10CM,R25.1,"Tremor, unspecified",matched_words
adr,Lethargy,Lethargy,meddra_code,MDR,10024264,Lethargy,matched_exact
adr,Lethargy,Lethargy,icd_code,ICD10CM,R53.83,Other fatigue,matched_exact
adr,Paraesthesia,Paraesthesia,meddra_code,MDR,10033775,Paraesthesia,matched_exact
adr,Paraesthesia,Paraesthesia,icd_code,ICD10,R20.2,Paraesthesia of skin,matched_words
adr,Sedation,Sedation,meddra_code,MDR,10039897,Sedation,matched_exact
adr,Sedation,Sedation,icd_code,ICD10CM,Z92.83,Personal history of failed moderate sedation,matched_words
adr,Visual impairment,Visual impairment,meddra_code,MDR,10047571,Visual impairment,matched_exact
adr,Visual impairment,Visual impairment,icd_code,ICD10CM,H54.7,Unspecified visual loss,matched_words
adr,Vertigo,Vertigo,meddra_code,MDR,10047340,Vertigo,matched_exact
adr,Vertigo,Vertigo,icd_code,ICD10CM,H81.0,Ménière's disease,matched_words
adr,Angina pectoris,Angina pectoris,meddra_code,MDR,10002383,Angina pectoris,matched_exact
adr,Angina pectoris,Angina pectoris,icd_code,ICD10CM,I20,Angina pectoris,matched_exact
adr,Palpitations,Palpitations,meddra_code,MDR,10033557,Palpitations,matched_exact
adr,Palpitations,Palpitations,icd_code,ICD10CM,R00.2,Palpitations,matched_exact
adr,Tachycardia,Tachycardia,meddra_code,MDR,10043071,Tachycardia,matched_exact
adr,Tachycardia,Tachycardia,icd_code,ICD10CM,R00.0,"Tachycardia, unspecified",matched_words
adr,Hot flush,Hot flush,meddra_code,MDR,10060800,Hot flush,matched_exact
adr,Hot flush,Hot flush,icd_code,ICD10,UNKNOWN,,not_found
adr,Blood pressure decreased,Blood pressure decreased,meddra_code,MDR,10005734,Blood pressure decreased,matched_exact
adr,Blood pressure decreased,Blood pressure decreased,icd_code,ICD10,UNKNOWN,,not_found
adr,Blood pressure increased,Blood pressure increased,meddra_code,MDR,10005750,Blood pressure increased,matched_exact
adr,Blood pressure increased,Blood pressure increased,icd_code,ICD10,UNKNOWN,,not_found
adr,Dyspnoea,Dyspnoea,meddra_code,MDR,10013968,Dyspnoea,matched_exact
adr,Dyspnoea,Dyspnoea,icd_code,ICD10,R06.0,Dyspnoea,matched_exact
adr,Rhinorrhoea,Rhinorrhoea,meddra_code,MDR,10039101,Rhinorrhoea,matched_exact
adr,Rhinorrhoea,Rhinorrhoea,icd_code,ICD10,UNKNOWN,,not_found
adr,Cough,Cough,meddra_code,MDR,10011224,Cough,matched_exact
adr,Cough,Cough,icd_code,ICD10CM,R05,Cough,matched_exact
adr,Yawning,Yawning,meddra_code,MDR,10048232,Yawning,matched_exact
adr,Yawning,Yawning,icd_code,ICD10,UNKNOWN,,not_found
adr,Respiratory depression,Respiratory depression,meddra_code,MDR,10038678,Respiratory depression,matched_exact
adr,Respiratory depression,Respiratory depression,icd_code,ICD10CM,P28.9,"Respiratory condition of newborn, unspecified",matched_words
adr,Central sleep apnoea syndrome,Central sleep apnoea syndrome,meddra_code,MDR,10007975,Central sleep apnoea syndrome,matched_exact
adr,Central sleep apnoea syndrome,Central sleep apnoea syndrome,icd_code,ICD10,UNKNOWN,,not_found
adr,Abdominal pain,Abdominal pain,meddra_code,MDR,10000081,Abdominal pain,matched_exact
adr,Abdominal pain,Abdominal pain,icd_code,ICD10CM,R10.9,Unspecified abdominal pain,matched_words
adr,Constipation,Constipation,meddra_code,MDR,10010774,Constipation,matched_exact
adr,Constipation,Constipation,icd_code,ICD10CM,K59.0,Constipation,matched_exact
adr,Diarrhoea,Diarrhoea,meddra_code,MDR,10012735,Diarrhoea,matched_exact
adr,Diarrhoea,Diarrhoea,icd_code,ICD10,K59.1,Functional diarrhoea,matched_words
adr,Dry mouth,Dry mouth,meddra_code,MDR,10013781,Dry mouth,matched_exact
adr,Dry mouth,Dry mouth,icd_code,ICD10CM,R68.2,"Dry mouth, unspecified",matched_words
adr,Dyspepsia,Dyspepsia,meddra_code,MDR,10013946,Dyspepsia,matched_exact
adr,Dyspepsia,Dyspepsia,icd_code,ICD10CM,R10.13,Epigastric pain,matched_exact
adr,Vomiting,Vomiting,meddra_code,MDR,10047700,Vomiting,matched_exact
adr,Vomiting,Vomiting,icd_code,ICD10CM,R11.1,Vomiting,matched_exact
adr,Nausea,Nausea,meddra_code,MDR,10028813,Nausea,matched_exact
adr,Nausea,Nausea,icd_code,ICD10CM,R11.0,Nausea,matched_exact
adr,Flatulence,Flatulence,meddra_code,MDR,10016766,Flatulence,matched_exact
adr,Flatulence,Flatulence,icd_code,ICD10CM,R14.3,Flatulence,matched_exact
adr,Abdominal distension,Abdominal distension,meddra_code,MDR,10000060,Abdominal distension,matched_exact
adr,Abdominal distension,Abdominal distension,icd_code,ICD10CM,R14.0,Abdominal distension (gaseous),matched_words
adr,Tooth disorder,Tooth disorder,meddra_code,MDR,10044034,Tooth disorder,matched_exact
adr,Tooth disorder,Tooth disorder,icd_code,ICD10CM,K08.9,"Disorder of teeth and supporting structures, unspecified",matched_words
adr,Eructation,Eructation,meddra_code,MDR,10015137,Eructation,matched_exact
adr,Eructation,Eructation,icd_code,ICD10CM,R14.2,Eructation,matched_exact
adr,Hepatic enzymes increased,Hepatic enzymes increased,meddra_code,MDR,10019662,Hepatic enzymes increased,matched_exact
adr,Hepatic enzymes increased,Hepatic enzymes increased,icd_code,ICD10,UNKNOWN,,not_found
adr,Biliary colic,Biliary colic,meddra_code,MDR,10004663,Biliary colic,matched_exact
adr,Biliary colic,Biliary colic,icd_code,ICD10,UNKNOWN,,not_found
adr,Pruritus,Pruritus,meddra_code,MDR,10037087,Pruritus,matched_exact
adr,Pruritus,Pruritus,icd_code,ICD10CM,L29,Pruritus,matched_exact
adr,Skin reactions,Skin reactions,meddra_code,MDR,10040935,Skin test reaction,matched_words
adr,Skin reactions,Skin reactions,icd_code,ICD10CM,R76.11,Nonspecific reaction to tuberculin skin test without active tuberculosis,matched_words
adr,Hyperhidrosis,Hyperhidrosis,meddra_code,MDR,10020642,Hyperhidrosis,matched_exact
adr,Hyperhidrosis,Hyperhidrosis,icd_code,ICD10CM,R61,Generalized hyperhidrosis,matched_words
adr,Muscle spasms,Muscle spasms,meddra_code,MDR,10028334,Muscle spasms,matched_exact
adr,Muscle spasms,Muscle spasms,icd_code,ICD10CM,M62.83,Muscle spasm,matched_words
adr,Muscle twitching,Muscle twitching,meddra_code,MDR,10028347,Muscle twitching,matched_exact
adr,Muscle twitching,Muscle twitching,icd_code,ICD10,UNKNOWN,,not_found
adr,Myalgia,Myalgia,meddra_code,MDR,10028411,Myalgia,matched_exact
adr,Myalgia,Myalgia,icd_code,ICD10CM,M79.1,Myalgia,matched_exact
adr,Micturition urgency,Micturition urgency,meddra_code,MDR,10027566,Micturition urgency,matched_exact
adr,Micturition urgency,Micturition urgency,icd_code,ICD10,UNKNOWN,,not_found
adr,Urinary retention,Urinary retention,meddra_code,MDR,10046555,Urinary retention,matched_exact
adr,Urinary retention,Urinary retention,icd_code,ICD10,UNKNOWN,,not_found
adr,Erectile dysfunction,Erectile dysfunction,meddra_code,MDR,10061461,Erectile dysfunction,matched_exact
adr,Erectile dysfunction,Erectile dysfunction,icd_code,ICD10CM,N52,Male erectile dysfunction,matched_words
adr,Amenorrhoea,Amenorrhoea,meddra_code,MDR,10001928,Amenorrhoea,matched_exact
adr,Amenorrhoea,Amenorrhoea,icd_code,ICD10,N91.2,"Amenorrhoea, unspecified",matched_words
adr,Asthenia,Asthenia,meddra_code,MDR,10003549,Asthenia,matched_exact
adr,Asthenia,Asthenia,icd_code,ICD10CM,R53.1,Weakness,matched_words
adr,Fatigue,Fatigue,meddra_code,MDR,10016256,Fatigue,matched_exact
adr,Fatigue,Fatigue,icd_code,ICD10CM,R53.83,Other fatigue,matched_words
adr,Chest pain,Chest pain,meddra_code,MDR,10008479,Chest pain,matched_exact
adr,Chest pain,Chest pain,icd_code,ICD10CM,I20.9,"Angina pectoris, unspecified",matched_words
adr,Chills,Chills,meddra_code,MDR,10008531,Chills,matched_exact
adr,Chills,Chills,icd_code,ICD10CM,R68.83,Chills (without fever),matched_words
adr,Malaise,Malaise,meddra_code,MDR,10025482,Malaise,matched_exact
adr,Malaise,Malaise,icd_code,ICD10CM,R53.81,Other malaise,matched_words
adr,Pain,Pain,meddra_code,MDR,10033371,Pain,matched_exact
adr,Pain,Pain,icd_code,ICD10CM,R52,"Pain, unspecified",matched_words
adr,Peripheral oedema,Peripheral oedema,meddra_code,MDR,10034611,Peripheral oedema,matched_exact
adr,Peripheral oedema,Peripheral oedema,icd_code,ICD10,UNKNOWN,,not_found
adr,Thirst,Thirst,meddra_code,MDR,10043458,Thirst,matched_exact
adr,Thirst,Thirst,icd_code,ICD10CM,R63.1,Polydipsia,matched_words
adr,Drug withdrawal syndrome,Drug withdrawal syndrome,meddra_code,MDR,10013754,Drug withdrawal syndrome,matched_exact
adr,Drug withdrawal syndrome,Drug withdrawal syndrome,icd_code,ICD10CM,P96.1,Neonatal withdrawal symptoms from maternal use of drugs of addiction,matched_words
adr,Weight decreased,Weight decreased,meddra_code,MDR,10047895,Weight decreased,matched_exact
adr,Weight decreased,Weight decreased,icd_code,ICD10CM,D68.020,"Von Willebrand disease, type 2A",matched_words
adr,Weight increased,Weight increased,meddra_code,MDR,10047899,Weight increased,matched_exact
adr,Weight increased,Weight increased,icd_code,ICD10,UNKNOWN,,not_found
adr,Injuries from accidents,Injuries from accidents,meddra_code,MDR,0,,not_found
adr,Injuries from accidents,Injuries from accidents,icd_code,ICD10,UNKNOWN,,not_found
adr,Respiratory depression,Respiratory depression,meddra_code,MDR,10038678,Respiratory depression,matched_exact
adr,Respiratory depression,Respiratory depression,icd_code,ICD10CM,P28.9,"Respiratory condition of newborn, unspecified",matched_words
adr,Anaphylactic reaction,Anaphylactic reaction,meddra_code,MDR,10002198,Anaphylactic reaction,matched_exact
adr,Anaphylactic reaction,Anaphylactic reaction,icd_code,ICD10CM,T78.2,"Anaphylactic shock, unspecified",matched_exact
adr,Dehydration,Dehydration,meddra_code,MDR,10012174,Dehydration,matched_exact
adr,Dehydration,Dehydration,icd_code,ICD10CM,E86.0,Dehydration,matched_exact
adr,Increased appetite,Increased appetite,meddra_code,MDR,10021654,Increased appetite,matched_exact
adr,Increased appetite,Increased appetite,icd_code,ICD10,UNKNOWN,,not_found
adr,Altered mood and personality change,Altered mood and personality change,meddra_code,MDR,0,,not_found
adr,Altered mood and personality change,Altered mood and personality change,icd_code,ICD10,UNKNOWN,,not_found
adr,Decreased activity,Decreased activity,meddra_code,MDR,10011953,Decreased activity,matched_exact
adr,Decreased activity,Decreased activity,icd_code,ICD10,UNKNOWN,,not_found
adr,Psychomotor hyperactivity,Psychomotor hyperactivity,meddra_code,MDR,10037211,Psychomotor hyperactivity,matched_exact
adr,Psychomotor hyperactivity,Psychomotor hyperactivity,icd_code,ICD10,UNKNOWN,,not_found
adr,Agitation,Agitation,meddra_code,MDR,10001497,Agitation,matched_exact
adr,Agitation,Agitation,icd_code,ICD10CM,R45.1,Restlessness and agitation,matched_words
adr,Perception disturbances,Perception disturbances,meddra_code,MDR,10082213,Perception disturbances NEC,matched_words
adr,Perception disturbances,Perception disturbances,icd_code,ICD10,UNKNOWN,,not_found
adr,Hearing impaired,Hearing impaired,meddra_code,MDR,10019245,Hearing impaired,matched_exact
adr,Hearing impaired,Hearing impaired,icd_code,ICD10CM,Q16,Congenital malformations of ear causing impairment of hearing,matched_words
adr,Vasodilatation,Vasodilatation,meddra_code,MDR,10047141,Vasodilatation,matched_exact
adr,Vasodilatation,Vasodilatation,icd_code,ICD10,UNKNOWN,,not_found
adr,Dysphonia,Dysphonia,meddra_code,MDR,10013952,Dysphonia,matched_exact
adr,Dysphonia,Dysphonia,icd_code,ICD10CM,R49.0,Dysphonia,matched_exact
adr,Hiccups,Hiccups,meddra_code,MDR,10020039,Hiccups,matched_exact
adr,Hiccups,Hiccups,icd_code,ICD10CM,R06.6,Hiccough,matched_words
adr,Dysphagia,Dysphagia,meddra_code,MDR,10013950,Dysphagia,matched_exact
adr,Dysphagia,Dysphagia,icd_code,ICD10CM,R13.1,Dysphagia,matched_exact
adr,Ileus,Ileus,meddra_code,MDR,10021328,Ileus,matched_exact
adr,Ileus,Ileus,icd_code,ICD10CM,K56.0,Paralytic ileus,matched_words
adr,Mouth ulceration,Mouth ulceration,meddra_code,MDR,10028034,Mouth ulceration,matched_exact
adr,Mouth ulceration,Mouth ulceration,icd_code,ICD10,UNKNOWN,,not_found
adr,Stomatitis,Stomatitis,meddra_code,MDR,10042128,Stomatitis,matched_exact
adr,Stomatitis,Stomatitis,icd_code,ICD10CM,B37.0,Candidal stomatitis,matched_words
adr,Melaena,Melaena,meddra_code,MDR,10027141,Melaena,matched_exact
adr,Melaena,Melaena,icd_code,ICD10,K92.1,Melaena,matched_exact
adr,Gingival bleeding,Gingival bleeding,meddra_code,MDR,10018276,Gingival bleeding,matched_exact
adr,Gingival bleeding,Gingival bleeding,icd_code,ICD10,UNKNOWN,,not_found
adr,Dental caries,Dental caries,meddra_code,MDR,10012318,Dental caries,matched_exact
adr,Dental caries,Dental caries,icd_code,ICD10CM,K02,Dental caries,matched_exact
adr,Cholestasis,Cholestasis,meddra_code,MDR,10008635,Cholestasis,matched_exact
adr,Cholestasis,Cholestasis,icd_code,ICD10CM,O26.64,Intrahepatic cholestasis of pregnancy,matched_words
adr,Sphincter of Oddi dysfunction,Sphincter of Oddi dysfunction,meddra_code,MDR,10066424,Sphincter of Oddi dysfunction,matched_exact
adr,Sphincter of Oddi dysfunction,Sphincter of Oddi dysfunction,icd_code,ICD10,UNKNOWN,,not_found
adr,Dry skin,Dry skin,meddra_code,MDR,10013786,Dry skin,matched_exact
adr,Dry skin,Dry skin,icd_code,ICD10CM,L85.3,Xerosis cutis,matched_words
adr,Urticaria,Urticaria,meddra_code,MDR,10046735,Urticaria,matched_exact
adr,Urticaria,Urticaria,icd_code,ICD10CM,L50,Urticaria,matched_exact
adr,Dysuria,Dysuria,meddra_code,MDR,10013990,Dysuria,matched_exact
adr,Dysuria,Dysuria,icd_code,ICD10CM,R30.0,Dysuria,matched_exact
adr,Hypogonadism,Hypogonadism,meddra_code,MDR,10058359,Hypogonadism,matched_exact
adr,Hypogonadism,Hypogonadism,icd_code,ICD10CM,E29.1,Testicular hypofunction,matched_words
adr,Oedema,Oedema,meddra_code,MDR,10030095,Oedema,matched_exact
adr,Oedema,Oedema,icd_code,ICD10,R60.9,"Oedema, unspecified",matched_words
adr,Drug withdrawal syndrome neonatal,Drug withdrawal syndrome neonatal,meddra_code,MDR,10013756,Drug withdrawal syndrome neonatal,matched_exact
adr,Drug withdrawal syndrome neonatal,Drug withdrawal syndrome neonatal,icd_code,ICD10,UNKNOWN,,not_found
adr,Drug tolerance,Drug tolerance,meddra_code,MDR,10052804,Drug tolerance,matched_exact
adr,Drug tolerance,Drug tolerance,icd_code,ICD10,UNKNOWN,,not_found
adr,Hypersensitivity,Hypersensitivity,meddra_code,MDR,10020751,Hypersensitivity,matched_exact
adr,Hypersensitivity,Hypersensitivity,icd_code,ICD10CM,T78.40,"Allergy, unspecified",matched_words
adr,Decreased appetite up to loss of appetite,Decreased appetite up to loss of appetite,meddra_code,MDR,0,,not_found
adr,Decreased appetite up to loss of appetite,Decreased appetite up to loss of appetite,icd_code,ICD10,UNKNOWN,,not_found
adr,Insomnia,Insomnia,meddra_code,MDR,10022437,Insomnia,matched_exact
adr,Insomnia,Insomnia,icd_code,ICD10CM,G47.0,Insomnia,matched_exact
adr,Depression,Depression,meddra_code,MDR,10012378,Depression,matched_exact
adr,Depression,Depression,icd_code,ICD10CM,F31.9,"Bipolar disorder, unspecified",matched_words
adr,Libido decreased,Libido decreased,meddra_code,MDR,10024419,Libido decreased,matched_exact
adr,Libido decreased,Libido decreased,icd_code,ICD10CM,R68.82,Decreased libido,matched_words
adr,Sleep attacks,Sleep attacks,meddra_code,MDR,10040981,Sleep attacks,matched_exact
adr,Sleep attacks,Sleep attacks,icd_code,ICD10,UNKNOWN,,not_found
adr,Abnormal thinking,Abnormal thinking,meddra_code,MDR,10000182,Abnormal thinking,matched_exact
adr,Abnormal thinking,Abnormal thinking,icd_code,ICD10,UNKNOWN,,not_found
adr,Anxiety,Anxiety,meddra_code,MDR,10002855,Anxiety,matched_exact
adr,Anxiety,Anxiety,icd_code,ICD10CM,F41.1,Generalized anxiety disorder,matched_words
adr,Confusional state,Confusional state,meddra_code,MDR,10010305,Confusional state,matched_exact
adr,Confusional state,Confusional state,icd_code,ICD10CM,F05,Delirium due to known physiological condition,matched_words
adr,Nervousness,Nervousness,meddra_code,MDR,10029216,Nervousness,matched_exact
adr,Nervousness,Nervousness,icd_code,ICD10CM,R45.0,Nervousness,matched_exact
adr,Restlessness,Restlessness,meddra_code,MDR,10038743,Restlessness,matched_exact
adr,Restlessness,Restlessness,icd_code,ICD10CM,G25.81,Restless legs syndrome,matched_words
adr,Euphoric mood,Euphoric mood,meddra_code,MDR,10015535,Euphoric mood,matched_exact
adr,Euphoric mood,Euphoric mood,icd_code,ICD10,UNKNOWN,,not_found
adr,Hallucination,Hallucination,meddra_code,MDR,10019063,Hallucination,matched_exact
adr,Hallucination,Hallucination,icd_code,ICD10CM,R44.3,"Hallucinations, unspecified",matched_words
adr,Nightmares,Nightmares,meddra_code,MDR,10029414,Nightmares,matched_exact
adr,Nightmares,Nightmares,icd_code,ICD10CM,F51.5,Nightmare disorder,matched_words
adr,Drug dependence,Drug dependence,meddra_code,MDR,10013663,Drug dependence,matched_exact
adr,Drug dependence,Drug dependence,icd_code,ICD10CM,P96.1,Neonatal withdrawal symptoms from maternal use of drugs of addiction,matched_words
adr,Aggression,Aggression,meddra_code,MDR,10001488,Aggression,matched_exact
adr,Aggression,Aggression,icd_code,ICD10CM,D48.11,Desmoid tumor,matched_words
adr,Headache,Headache,meddra_code,MDR,10019211,Headache,matched_exact
adr,Headache,Headache,icd_code,ICD10CM,R51,Headache,matched_exact
adr,Somnolence,Somnolence,meddra_code,MDR,10041349,Somnolence,matched_exact
adr,Somnolence,Somnolence,icd_code,ICD10CM,R40.0,Somnolence,matched_exact
adr,Dizziness,Dizziness,meddra_code,MDR,10013573,Dizziness,matched_exact
adr,Dizziness,Dizziness,icd_code,ICD10CM,R42,Dizziness and giddiness,matched_words
adr,Disturbance in attention,Disturbance in attention,meddra_code,MDR,10013496,Disturbance in attention,matched_exact
adr,Disturbance in attention,Disturbance in attention,icd_code,ICD10,UNKNOWN,,not_found
adr,Tremor,Tremor,meddra_code,MDR,10044565,Tremor,matched_exact
adr,Tremor,Tremor,icd_code,ICD10CM,R25.1,"Tremor, unspecified",matched_words
adr,Paraesthesia,Paraesthesia,meddra_code,MDR,10033775,Paraesthesia,matched_exact
adr,Paraesthesia,Paraesthesia,icd_code,ICD10,R20.2,Paraesthesia of skin,matched_words
adr,Dysgeusia,Dysgeusia,meddra_code,MDR,10013911,Dysgeusia,matched_exact
adr,Dysgeusia,Dysgeusia,icd_code,ICD10,UNKNOWN,,not_found
adr,Convulsions,Convulsions,meddra_code,MDR,10010914,Convulsions,matched_exact
adr,Convulsions,Convulsions,icd_code,ICD10CM,G40.909,"Epilepsy, unspecified, not intractable, without status epilepticus",matched_words
adr,Sedation,Sedation,meddra_code,MDR,10039897,Sedation,matched_exact
adr,Sedation,Sedation,icd_code,ICD10CM,Z92.83,Personal history of failed moderate sedation,matched_words
adr,Speech disorder,Speech disorder,meddra_code,MDR,10041466,Speech disorder,matched_exact
adr,Speech disorder,Speech disorder,icd_code,ICD10CM,F80.9,"Developmental disorder of speech and language, unspecified",matched_words
adr,Syncope,Syncope,meddra_code,MDR,10042772,Syncope,matched_exact
adr,Syncope,Syncope,icd_code,ICD10CM,R55,Syncope and collapse,matched_words
adr,Lethargy,Lethargy,meddra_code,MDR,10024264,Lethargy,matched_exact
adr,Lethargy,Lethargy,icd_code,ICD10CM,R53.83,Other fatigue,matched_exact
adr,Visual impairment,Visual impairment,meddra_code,MDR,10047571,Visual impairment,matched_exact
adr,Visual impairment,Visual impairment,icd_code,ICD10CM,H54.7,Unspecified visual loss,matched_words
adr,Vertigo,Vertigo,meddra_code,MDR,10047340,Vertigo,matched_exact
adr,Vertigo,Vertigo,icd_code,ICD10CM,H81.0,Ménière's disease,matched_words
adr,Angina pectoris,Angina pectoris,meddra_code,MDR,10002383,Angina pectoris,matched_exact
adr,Angina pectoris,Angina pectoris,icd_code,ICD10CM,I20,Angina pectoris,matched_exact
adr,Palpitations,Palpitations,meddra_code,MDR,10033557,Palpitations,matched_exact
adr,Palpitations,Palpitations,icd_code,ICD10CM,R00.2,Palpitations,matched_exact
adr,Tachycardia,Tachycardia,meddra_code,MDR,10043071,Tachycardia,matched_exact
adr,Tachycardia,Tachycardia,icd_code,ICD10CM,R00.0,"Tachycardia, unspecified",matched_words
adr,Hot flush,Hot flush,meddra_code,MDR,10060800,Hot flush,matched_exact
adr,Hot flush,Hot flush,icd_code,ICD10,UNKNOWN,,not_found
adr,Blood pressure decreased,Blood pressure decreased,meddra_code,MDR,10005734,Blood pressure decreased,matched_exact
adr,Blood pressure decreased,Blood pressure decreased,icd_code,ICD10,UNKNOWN,,not_found
adr,Blood pressure increased,Blood pressure increased,meddra_code,MDR,10005750,Blood pressure increased,matched_exact
adr,Blood pressure increased,Blood pressure increased,icd_code,ICD10,UNKNOWN,,not_found
adr,Dyspnoea,Dyspnoea,meddra_code,MDR,10013968,Dyspnoea,matched_exact
adr,Dyspnoea,Dyspnoea,icd_code,ICD10,R06.0,Dyspnoea,matched_exact
adr,Cough,Cough,meddra_code,MDR,10011224,Cough,matched_exact
adr,Cough,Cough,icd_code,ICD10CM,R05,Cough,matched_exact
adr,Rhinorrhoea,Rhinorrhoea,meddra_code,MDR,10039101,Rhinorrhoea,matched_exact
adr,Rhinorrhoea,Rhinorrhoea,icd_code,ICD10,UNKNOWN,,not_found
adr,Respiratory depression,Respiratory depression,meddra_code,MDR,10038678,Respiratory depression,matched_exact
adr,Respiratory depression,Respiratory depression,icd_code,ICD10CM,P28.9,"Respiratory condition of newborn, unspecified",matched_words
adr,Yawning,Yawning,meddra_code,MDR,10048232,Yawning,matched_exact
adr,Yawning,Yawning,icd_code,ICD10,UNKNOWN,,not_found
adr,Constipation,Constipation,meddra_code,MDR,10010774,Constipation,matched_exact
adr,Constipation,Constipation,icd_code,ICD10CM,K59.0,Constipation,matched_exact
adr,Nausea,Nausea,meddra_code,MDR,10028813,Nausea,matched_exact
adr,Nausea,Nausea,icd_code,ICD10CM,R11.0,Nausea,matched_exact
adr,Abdominal pain,Abdominal pain,meddra_code,MDR,10000081,Abdominal pain,matched_exact
adr,Abdominal pain,Abdominal pain,icd_code,ICD10CM,R10.9,Unspecified abdominal pain,matched_words
adr,Dry mouth,Dry mouth,meddra_code,MDR,10013781,Dry mouth,matched_exact
adr,Dry mouth,Dry mouth,icd_code,ICD10CM,R68.2,"Dry mouth, unspecified",matched_words
adr,Vomiting,Vomiting,meddra_code,MDR,10047700,Vomiting,matched_exact
adr,Vomiting,Vomiting,icd_code,ICD10CM,R11.1,Vomiting,matched_exact
adr,Flatulence,Flatulence,meddra_code,MDR,10016766,Flatulence,matched_exact
adr,Flatulence,Flatulence,icd_code,ICD10CM,R14.3,Flatulence,matched_exact
adr,Abdominal distension,Abdominal distension,meddra_code,MDR,10000060,Abdominal distension,matched_exact
adr,Abdominal distension,Abdominal distension,icd_code,ICD10CM,R14.0,Abdominal distension (gaseous),matched_words
adr,Diarrhoea,Diarrhoea,meddra_code,MDR,10012735,Diarrhoea,matched_exact
adr,Diarrhoea,Diarrhoea,icd_code,ICD10,K59.1,Functional diarrhoea,matched_words
adr,Dyspepsia,Dyspepsia,meddra_code,MDR,10013946,Dyspepsia,matched_exact
adr,Dyspepsia,Dyspepsia,icd_code,ICD10CM,R10.13,Epigastric pain,matched_exact
adr,Eructation,Eructation,meddra_code,MDR,10015137,Eructation,matched_exact
adr,Eructation,Eructation,icd_code,ICD10CM,R14.2,Eructation,matched_exact
adr,Tooth disorder,Tooth disorder,meddra_code,MDR,10044034,Tooth disorder,matched_exact
adr,Tooth disorder,Tooth disorder,icd_code,ICD10CM,K08.9,"Disorder of teeth and supporting structures, unspecified",matched_words
adr,"Hepatic enzymes increased (alanine aminotransferase increased, gamma-glutamyltransferase increased)","Hepatic enzymes increased (alanine aminotransferase increased, gamma-glutamyltransferase increased)",meddra_code,MDR,0,,not_found
adr,"Hepatic enzymes increased (alanine aminotransferase increased, gamma-glutamyltransferase increased)","Hepatic enzymes increased (alanine aminotransferase increased, gamma-glutamyltransferase increased)",icd_code,ICD10,UNKNOWN,,not_found
adr,Biliary colic,Biliary colic,meddra_code,MDR,10004663,Biliary colic,matched_exact
adr,Biliary colic,Biliary colic,icd_code,ICD10,UNKNOWN,,not_found
adr,Hyperhidrosis,Hyperhidrosis,meddra_code,MDR,10020642,Hyperhidrosis,matched_exact
adr,Hyperhidrosis,Hyperhidrosis,icd_code,ICD10CM,R61,Generalized hyperhidrosis,matched_words
adr,Pruritus,Pruritus,meddra_code,MDR,10037087,Pruritus,matched_exact
adr,Pruritus,Pruritus,icd_code,ICD10CM,L29,Pruritus,matched_exact
adr,Skin reactions,Skin reactions,meddra_code,MDR,10040935,Skin test reaction,matched_words
adr,Skin reactions,Skin reactions,icd_code,ICD10CM,R76.11,Nonspecific reaction to tuberculin skin test without active tuberculosis,matched_words
adr,Muscle spasms,Muscle spasms,meddra_code,MDR,10028334,Muscle spasms,matched_exact
adr,Muscle spasms,Muscle spasms,icd_code,ICD10CM,M62.83,Muscle spasm,matched_words
adr,Muscle twitching,Muscle twitching,meddra_code,MDR,10028347,Muscle twitching,matched_exact
adr,Muscle twitching,Muscle twitching,icd_code,ICD10,UNKNOWN,,not_found
adr,Myalgia,Myalgia,meddra_code,MDR,10028411,Myalgia,matched_exact
adr,Myalgia,Myalgia,icd_code,ICD10CM,M79.1,Myalgia,matched_exact
adr,Micturition urgency,Micturition urgency,meddra_code,MDR,10027566,Micturition urgency,matched_exact
adr,Micturition urgency,Micturition urgency,icd_code,ICD10,UNKNOWN,,not_found
adr,Urinary retention,Urinary retention,meddra_code,MDR,10046555,Urinary retention,matched_exact
adr,Urinary retention,Urinary retention,icd_code,ICD10,UNKNOWN,,not_found
adr,Erectile dysfunction,Erectile dysfunction,meddra_code,MDR,10061461,Erectile dysfunction,matched_exact
adr,Erectile dysfunction,Erectile dysfunction,icd_code,ICD10CM,N52,Male erectile dysfunction,matched_words
adr,Asthenia,Asthenia,meddra_code,MDR,10003549,Asthenia,matched_exact
adr,Asthenia,Asthenia,icd_code,ICD10CM,R53.1,Weakness,matched_words
adr,Fatigue,Fatigue,meddra_code,MDR,10016256,Fatigue,matched_exact
adr,Fatigue,Fatigue,icd_code,ICD10CM,R53.83,Other fatigue,matched_words
adr,Chest pain,Chest pain,meddra_code,MDR,10008479,Chest pain,matched_exact
adr,Chest pain,Chest pain,icd_code,ICD10CM,I20.9,"Angina pectoris, unspecified",matched_words
adr,Chills,Chills,meddra_code,MDR,10008531,Chills,matched_exact
adr,Chills,Chills,icd_code,ICD10CM,R68.83,Chills (without fever),matched_words
adr,Thirst,Thirst,meddra_code,MDR,10043458,Thirst,matched_exact
adr,Thirst,Thirst,icd_code,ICD10CM,R63.1,Polydipsia,matched_words
adr,Pain,Pain,meddra_code,MDR,10033371,Pain,matched_exact
adr,Pain,Pain,icd_code,ICD10CM,R52,"Pain, unspecified",matched_words
adr,Peripheral oedema,Peripheral oedema,meddra_code,MDR,10034611,Peripheral oedema,matched_exact
adr,Peripheral oedema,Peripheral oedema,icd_code,ICD10,UNKNOWN,,not_found
adr,Malaise,Malaise,meddra_code,MDR,10025482,Malaise,matched_exact
adr,Malaise,Malaise,icd_code,ICD10CM,R53.81,Other malaise,matched_words
adr,Asthenia,Asthenia,meddra_code,MDR,10003549,Asthenia,matched_exact
adr,Asthenia,Asthenia,icd_code,ICD10CM,R53.1,Weakness,matched_words
adr,Weight decreased,Weight decreased,meddra_code,MDR,10047895,Weight decreased,matched_exact
adr,Weight decreased,Weight decreased,icd_code,ICD10CM,D68.020,"Von Willebrand disease, type 2A",matched_words
adr,Weight increased,Weight increased,meddra_code,MDR,10047899,Weight increased,matched_exact
adr,Weight increased,Weight increased,icd_code,ICD10,UNKNOWN,,not_found
adr,Injuries from accidents,Injuries from accidents,meddra_code,MDR,0,,not_found
adr,Injuries from accidents,Injuries from accidents,icd_code,ICD10,UNKNOWN,,not_found
adr,headache,headache,meddra_code,MDR,10019211,Headache,matched_exact
adr,headache,headache,icd_code,ICD10CM,R51,Headache,matched_exact
adr,diarrhoea,diarrhoea,meddra_code,MDR,10012735,Diarrhoea,matched_exact
adr,diarrhoea,diarrhoea,icd_code,ICD10,K59.1,Functional diarrhoea,matched_words
adr,abdominal pain,abdominal pain,meddra_code,MDR,10000081,Abdominal pain,matched_exact
adr,abdominal pain,abdominal pain,icd_code,ICD10CM,R10.9,Unspecified abdominal pain,matched_words
adr,asthenia,asthenia,meddra_code,MDR,10003549,Asthenia,matched_exact
adr,asthenia,asthenia,icd_code,ICD10CM,R53.1,Weakness,matched_words
adr,flatulence,flatulence,meddra_code,MDR,10016766,Flatulence,matched_exact
adr,flatulence,flatulence,icd_code,ICD10CM,R14.3,Flatulence,matched_exact
adr,rash,rash,meddra_code,MDR,10037844,Rash,matched_exact
adr,rash,rash,icd_code,ICD10CM,R21,Rash and other nonspecific skin eruption,matched_words
adr,dry mouth,dry mouth,meddra_code,MDR,10013781,Dry mouth,matched_exact
adr,dry mouth,dry mouth,icd_code,ICD10CM,R68.2,"Dry mouth, unspecified",matched_words
adr,Infection,Infection,meddra_code,MDR,10021789,Infection,matched_exact
adr,Infection,Infection,icd_code,ICD10CM,N39.0,"Urinary tract infection, site not specified",matched_words
adr,Insomnia,Insomnia,meddra_code,MDR,10022437,Insomnia,matched_exact
adr,Insomnia,Insomnia,icd_code,ICD10CM,G47.0,Insomnia,matched_exact
adr,Nervousness,Nervousness,meddra_code,MDR,10029216,Nervousness,matched_exact
adr,Nervousness,Nervousness,icd_code,ICD10CM,R45.0,Nervousness,matched_exact
adr,Depression,Depression,meddra_code,MDR,10012378,Depression,matched_exact
adr,Depression,Depression,icd_code,ICD10CM,F31.9,"Bipolar disorder, unspecified",matched_words
adr,Dizziness,Dizziness,meddra_code,MDR,10013573,Dizziness,matched_exact
adr,Dizziness,Dizziness,icd_code,ICD10CM,R42,Dizziness and giddiness,matched_words
adr,Somnolence,Somnolence,meddra_code,MDR,10041349,Somnolence,matched_exact
adr,Somnolence,Somnolence,icd_code,ICD10CM,R40.0,Somnolence,matched_exact
adr,Visual disturbance,Visual disturbance,meddra_code,MDR,10047543,Visual disturbance,matched_exact
adr,Visual disturbance,Visual disturbance,icd_code,ICD10CM,H53.9,Unspecified visual disturbance,matched_words
adr,Neutropenia,Neutropenia,meddra_code,MDR,10029354,Neutropenia,matched_exact
adr,Neutropenia,Neutropenia,icd_code,ICD10CM,D70,Neutropenia,matched_exact
adr,Leucopenia,Leucopenia,meddra_code,MDR,10024283,Leucopenia,matched_exact
adr,Leucopenia,Leucopenia,icd_code,ICD10CM,D72.819,"Decreased white blood cell count, unspecified",matched_words
adr,Thrombocytopenia,Thrombocytopenia,meddra_code,MDR,10043554,Thrombocytopenia,matched_exact
adr,Thrombocytopenia,Thrombocytopenia,icd_code,ICD10CM,D69.6,"Thrombocytopenia, unspecified",matched_words
adr,Leucocytosis,Leucocytosis,meddra_code,MDR,10024279,Leucocytosis NOS,matched_words
adr,Leucocytosis,Leucocytosis,icd_code,ICD10CM,D72.829,"Elevated white blood cell count, unspecified",matched_words
adr,Hypersensitivity,Hypersensitivity,meddra_code,MDR,10020751,Hypersensitivity,matched_exact
adr,Hypersensitivity,Hypersensitivity,icd_code,ICD10CM,T78.40,"Allergy, unspecified",matched_words
adr,Anorexia,Anorexia,meddra_code,MDR,10002646,Anorexia,matched_exact
adr,Anorexia,Anorexia,icd_code,ICD10CM,R63.0,Anorexia,matched_exact
adr,Hyponatremia,Hyponatremia,meddra_code,MDR,10021038,Hyponatremia,matched_exact
adr,Hyponatremia,Hyponatremia,icd_code,ICD10CM,E87.1,Hypo-osmolality and hyponatremia,matched_words
adr,Hypomagnesaemia,Hypomagnesaemia,meddra_code,MDR,10021027,Hypomagnesaemia,matched_exact
adr,Hypomagnesaemia,Hypomagnesaemia,icd_code,ICD10,P71.2,Neonatal hypomagnesaemia,matched_words
adr,Confusion,Confusion,meddra_code,MDR,10010300,Confusion,matched_exact
adr,Confusion,Confusion,icd_code,ICD10CM,R41.0,"Disorientation, unspecified",matched_words
adr,Peripheral Oedema,Peripheral Oedema,meddra_code,MDR,10034611,Peripheral oedema,matched_exact
adr,Peripheral Oedema,Peripheral Oedema,icd_code,ICD10,UNKNOWN,,not_found
adr,Cough,Cough,meddra_code,MDR,10011224,Cough,matched_exact
adr,Cough,Cough,icd_code,ICD10CM,R05,Cough,matched_exact
adr,Pharyngitis,Pharyngitis,meddra_code,MDR,10034835,Pharyngitis,matched_exact
adr,Pharyngitis,Pharyngitis,icd_code,ICD10CM,J02.0,Streptococcal pharyngitis,matched_words
adr,Rhinitis,Rhinitis,meddra_code,MDR,10039083,Rhinitis,matched_exact
adr,Rhinitis,Rhinitis,icd_code,ICD10CM,J00,Acute nasopharyngitis [common cold],matched_words
adr,Bronchitis,Bronchitis,meddra_code,MDR,10006451,Bronchitis,matched_exact
adr,Bronchitis,Bronchitis,icd_code,ICD10CM,J40,"Bronchitis, not specified as acute or chronic",matched_words
adr,Sinusitis,Sinusitis,meddra_code,MDR,10040753,Sinusitis,matched_exact
adr,Sinusitis,Sinusitis,icd_code,ICD10CM,J32,Chronic sinusitis,matched_words
adr,Dyspepsia,Dyspepsia,meddra_code,MDR,10013946,Dyspepsia,matched_exact
adr,Dyspepsia,Dyspepsia,icd_code,ICD10CM,R10.13,Epigastric pain,matched_exact
adr,Eructation,Eructation,meddra_code,MDR,10015137,Eructation,matched_exact
adr,Eructation,Eructation,icd_code,ICD10CM,R14.2,Eructation,matched_exact
adr,Gastritis,Gastritis,meddra_code,MDR,10017853,Gastritis,matched_exact
adr,Gastritis,Gastritis,icd_code,ICD10CM,K29.7,"Gastritis, unspecified",matched_words
adr,Stomatitis,Stomatitis,meddra_code,MDR,10042128,Stomatitis,matched_exact
adr,Stomatitis,Stomatitis,icd_code,ICD10CM,B37.0,Candidal stomatitis,matched_words
adr,Taste disturbance,Taste disturbance,meddra_code,MDR,10043132,Taste disturbance,matched_exact
adr,Taste disturbance,Taste disturbance,icd_code,ICD10CM,R43,Disturbances of smell and taste,matched_words
adr,Microscopic colitis,Microscopic colitis,meddra_code,MDR,10056979,Colitis microscopic,matched_words
adr,Microscopic colitis,Microscopic colitis,icd_code,ICD10CM,K52.83,Microscopic colitis,matched_exact
adr,Hepatitis,Hepatitis,meddra_code,MDR,10019717,Hepatitis,matched_exact
adr,Hepatitis,Hepatitis,icd_code,ICD10CM,K75.9,"Inflammatory liver disease, unspecified",matched_words
adr,Jaundice,Jaundice,meddra_code,MDR,10023126,Jaundice,matched_exact
adr,Jaundice,Jaundice,icd_code,ICD10CM,R17,Unspecified jaundice,matched_words
adr,Hepatic encephalopathy,Hepatic encephalopathy,meddra_code,MDR,10019660,Hepatic encephalopathy,matched_exact
adr,Hepatic encephalopathy,Hepatic encephalopathy,icd_code,ICD10CM,K76.82,Hepatic encephalopathy,matched_exact
adr,Erythema,Erythema,meddra_code,MDR,10015150,Erythema,matched_exact
adr,Erythema,Erythema,icd_code,ICD10CM,L53.9,"Erythematous condition, unspecified",matched_words
adr,Pruritus,Pruritus,meddra_code,MDR,10037087,Pruritus,matched_exact
adr,Pruritus,Pruritus,icd_code,ICD10CM,L29,Pruritus,matched_exact
adr,Sweating,Sweating,meddra_code,MDR,10042661,Sweating,matched_exact
adr,Sweating,Sweating,icd_code,ICD10CM,R61,Generalized hyperhidrosis,matched_words
adr,Bullous reactions,Bullous reactions,meddra_code,MDR,0,,not_found
adr,Bullous reactions,Bullous reactions,icd_code,ICD10,UNKNOWN,,not_found
adr,"Erythema multiforme, toxic epidermal necrolysis (TEN), Stevens-Johnson syndrome (SJS)","Erythema multiforme, toxic epidermal necrolysis (TEN), Stevens-Johnson syndrome (SJS)",meddra_code,MDR,0,,not_found
adr,"Erythema multiforme, toxic epidermal necrolysis (TEN), Stevens-Johnson syndrome (SJS)","Erythema multiforme, toxic epidermal necrolysis (TEN), Stevens-Johnson syndrome (SJS)",icd_code,ICD10,UNKNOWN,,not_found
adr,Subacute cutaneous lupus erythematosus,Subacute cutaneous lupus erythematosus,meddra_code,MDR,10057903,Subacute cutaneous lupus erythematosus,matched_exact
adr,Subacute cutaneous lupus erythematosus,Subacute cutaneous lupus erythematosus,icd_code,ICD10CM,L93.1,Subacute cutaneous lupus erythematosus,matched_exact
adr,Non-specific pain,Non-specific pain,meddra_code,MDR,0,,not_found
adr,Non-specific pain,Non-specific pain,icd_code,ICD10,UNKNOWN,,not_found
adr,Back pain,Back pain,meddra_code,MDR,10003988,Back pain,matched_exact
adr,Back pain,Back pain,icd_code,ICD10CM,M54.9,"Dorsalgia, unspecified",matched_words
adr,Myalgia,Myalgia,meddra_code,MDR,10028411,Myalgia,matched_exact
adr,Myalgia,Myalgia,icd_code,ICD10CM,M79.1,Myalgia,matched_exact
adr,Leg cramps,Leg cramps,meddra_code,MDR,10024125,Leg cramps,matched_exact
adr,Leg cramps,Leg cramps,icd_code,ICD10CM,G47.62,Sleep related leg cramps,matched_words
adr,Arthralgia,Arthralgia,meddra_code,MDR,10003239,Arthralgia,matched_exact
adr,Arthralgia,Arthralgia,icd_code,ICD10CM,M26.62,Arthralgia of temporomandibular joint,matched_words
adr,"Fracture of the hip, wrist or spine","Fracture of the hip, wrist or spine",meddra_code,MDR,0,,not_found
adr,"Fracture of the hip, wrist or spine","Fracture of the hip, wrist or spine",icd_code,ICD10,UNKNOWN,,not_found
adr,Urinary tract infection,Urinary tract infection,meddra_code,MDR,10046571,Urinary tract infection,matched_exact
adr,Urinary tract infection,Urinary tract infection,icd_code,ICD10CM,N39.0,"Urinary tract infection, site not specified",matched_words
adr,Tubulointerstitial nephritis (with possible progression to renal failure),Tubulointerstitial nephritis (with possible progression to renal failure),meddra_code,MDR,0,,not_found
adr,Tubulointerstitial nephritis (with possible progression to renal failure),Tubulointerstitial nephritis (with possible progression to renal failure),icd_code,ICD10,UNKNOWN,,not_found
adr,Gynaecomastia,Gynaecomastia,meddra_code,MDR,10018800,Gynaecomastia,matched_exact
adr,Gynaecomastia,Gynaecomastia,icd_code,ICD10,UNKNOWN,,not_found
adr,Influenza like illness,Influenza like illness,meddra_code,MDR,10022004,Influenza like illness,matched_exact
adr,Influenza like illness,Influenza like illness,icd_code,ICD10,UNKNOWN,,not_found
adr,Chest pain,Chest pain,meddra_code,MDR,10008479,Chest pain,matched_exact
adr,Chest pain,Chest pain,icd_code,ICD10CM,I20.9,"Angina pectoris, unspecified",matched_words
adr,Chills,Chills,meddra_code,MDR,10008531,Chills,matched_exact
adr,Chills,Chills,icd_code,ICD10CM,R68.83,Chills (without fever),matched_words
adr,Pyrexia,Pyrexia,meddra_code,MDR,10037660,Pyrexia,matched_exact
adr,Pyrexia,Pyrexia,icd_code,ICD10CM,R50.9,"Fever, unspecified",matched_words
adr,Increased hepatic enzymes,Increased hepatic enzymes,meddra_code,MDR,10019662,Hepatic enzymes increased,matched_words
adr,Increased hepatic enzymes,Increased hepatic enzymes,icd_code,ICD10,UNKNOWN,,not_found
adr,Weight increased,Weight increased,meddra_code,MDR,10047899,Weight increased,matched_exact
adr,Weight increased,Weight increased,icd_code,ICD10,UNKNOWN,,not_found
adr,Bronchospasm,Bronchospasm,meddra_code,MDR,10006482,Bronchospasm,matched_exact
adr,Bronchospasm,Bronchospasm,icd_code,ICD10CM,J45.990,Exercise induced bronchospasm,matched_words
adr,Aseptic meningitis,Aseptic meningitis,meddra_code,MDR,10003458,Aseptic meningitis,matched_exact
adr,Aseptic meningitis,Aseptic meningitis,icd_code,ICD10CM,G03.0,Nonpyogenic meningitis,matched_exact
adr,Renal impairment,Renal impairment,meddra_code,MDR,10062237,Renal impairment,matched_exact
adr,Renal impairment,Renal impairment,icd_code,ICD10CM,N25,Disorders resulting from impaired renal tubular function,matched_words
adr,Renal tubular acidosis,Renal tubular acidosis,meddra_code,MDR,10038535,Renal tubular acidosis,matched_exact
adr,Renal tubular acidosis,Renal tubular acidosis,icd_code,ICD10CM,N25.89,Other disorders resulting from impaired renal tubular function,matched_words
adr,Hypokalaemia,Hypokalaemia,meddra_code,MDR,10021015,Hypokalaemia,matched_exact
adr,Hypokalaemia,Hypokalaemia,icd_code,ICD10,E87.6,Hypokalaemia,matched_exact
adr,Hepatic dysfunction,Hepatic dysfunction,meddra_code,MDR,10019657,Hepatic dysfunction NOS,matched_words
adr,Hepatic dysfunction,Hepatic dysfunction,icd_code,ICD10,UNKNOWN,,not_found
adr,Gastrointestinal bleeding,Gastrointestinal bleeding,meddra_code,MDR,10017936,Gastrointestinal bleeding,matched_exact
adr,Gastrointestinal bleeding,Gastrointestinal bleeding,icd_code,ICD10,UNKNOWN,,not_found
adr,Ulceration,Ulceration,meddra_code,MDR,10080913,Ulceration,matched_exact
adr,Ulceration,Ulceration,icd_code,ICD10CM,L89,Pressure ulcer,matched_words
adr,Perforation,Perforation,meddra_code,MDR,10076705,Perforation,matched_exact
adr,Perforation,Perforation,icd_code,ICD10CM,H72,Perforation of tympanic membrane,matched_words
adr,Serious skin reactions,Serious skin reactions,meddra_code,MDR,0,,not_found
adr,Serious skin reactions,Serious skin reactions,icd_code,ICD10,UNKNOWN,,not_found
adr,Exfoliative dermatitis,Exfoliative dermatitis,meddra_code,MDR,10015665,Exfoliative dermatitis,matched_exact
adr,Exfoliative dermatitis,Exfoliative dermatitis,icd_code,ICD10CM,L26,Exfoliative dermatitis,matched_exact
adr,Stevens-Johnson syndrome,Stevens-Johnson syndrome,meddra_code,MDR,10042033,Stevens-Johnson syndrome,matched_exact
adr,Stevens-Johnson syndrome,Stevens-Johnson syndrome,icd_code,ICD10CM,L51.1,Stevens-Johnson syndrome,matched_exact
adr,Toxic epidermal necrolysis,Toxic epidermal necrolysis,meddra_code,MDR,10044223,Toxic epidermal necrolysis,matched_exact
adr,Toxic epidermal necrolysis,Toxic epidermal necrolysis,icd_code,ICD10CM,L51.2,Toxic epidermal necrolysis [Lyell],matched_words
adr,Acute generalised exanthematous pustulosis (AGEP),Acute generalised exanthematous pustulosis (AGEP),meddra_code,MDR,0,,not_found
adr,Acute generalised exanthematous pustulosis (AGEP),Acute generalised exanthematous pustulosis (AGEP),icd_code,ICD10,UNKNOWN,,not_found
adr,Masking of symptoms of infection,Masking of symptoms of infection,meddra_code,MDR,0,,not_found
adr,Masking of symptoms of infection,Masking of symptoms of infection,icd_code,ICD10,UNKNOWN,,not_found
adr,Fluid retention,Fluid retention,meddra_code,MDR,10016807,Fluid retention,matched_exact
adr,Fluid retention,Fluid retention,icd_code,ICD10CM,R60.9,"Edema, unspecified",matched_words
adr,Hypertension,Hypertension,meddra_code,MDR,10020772,Hypertension,matched_exact
adr,Hypertension,Hypertension,icd_code,ICD10CM,I10,Essential (primary) hypertension,matched_words
adr,Oedema,Oedema,meddra_code,MDR,10030095,Oedema,matched_exact
adr,Oedema,Oedema,icd_code,ICD10,R60.9,"Oedema, unspecified",matched_words
adr,Arterial thrombotic events,Arterial thrombotic events,meddra_code,MDR,20000082,"Embolic and thrombotic events, arterial (SMQ)",matched_words
adr,Arterial thrombotic events,Arterial thrombotic events,icd_code,ICD10,UNKNOWN,,not_found
adr,Myocardial infarction,Myocardial infarction,meddra_code,MDR,10028596,Myocardial infarction,matched_exact
adr,Myocardial infarction,Myocardial infarction,icd_code,ICD10CM,I21,Acute myocardial infarction,matched_words
adr,Stroke,Stroke,meddra_code,MDR,10042244,Stroke,matched_exact
adr,Stroke,Stroke,icd_code,ICD10CM,I63.9,"Cerebral infarction, unspecified",matched_words
adr,hypersensitivity,hypersensitivity,meddra_code,MDR,10020751,Hypersensitivity,matched_exact
adr,hypersensitivity,hypersensitivity,icd_code,ICD10CM,T78.40,"Allergy, unspecified",matched_words
adr,anaphylactic reaction,anaphylactic reaction,meddra_code,MDR,10002198,Anaphylactic reaction,matched_exact
adr,anaphylactic reaction,anaphylactic reaction,icd_code,ICD10CM,T78.2,"Anaphylactic shock, unspecified",matched_exact
adr,anaphylactoid reaction,anaphylactoid reaction,meddra_code,MDR,10002216,Anaphylactoid reaction,matched_exact
adr,anaphylactoid reaction,anaphylactoid reaction,icd_code,ICD10CM,T78.0,Anaphylactic reaction due to food,matched_words
adr,decreased appetite,decreased appetite,meddra_code,MDR,10061428,Decreased appetite,matched_exact
adr,decreased appetite,decreased appetite,icd_code,ICD10,UNKNOWN,,not_found
adr,dehydration,dehydration,meddra_code,MDR,10012174,Dehydration,matched_exact
adr,dehydration,dehydration,icd_code,ICD10CM,E86.0,Dehydration,matched_exact
adr,anxiety,anxiety,meddra_code,MDR,10002855,Anxiety,matched_exact
adr,anxiety,anxiety,icd_code,ICD10CM,F41.1,Generalized anxiety disorder,matched_words
adr,confusional state,confusional state,meddra_code,MDR,10010305,Confusional state,matched_exact
adr,confusional state,confusional state,icd_code,ICD10CM,F05,Delirium due to known physiological condition,matched_words
adr,depression,depression,meddra_code,MDR,10012378,Depression,matched_exact
adr,depression,depression,icd_code,ICD10CM,F31.9,"Bipolar disorder, unspecified",matched_words
adr,insomnia,insomnia,meddra_code,MDR,10022437,Insomnia,matched_exact
adr,insomnia,insomnia,icd_code,ICD10CM,G47.0,Insomnia,matched_exact
adr,nervousness,nervousness,meddra_code,MDR,10029216,Nervousness,matched_exact
adr,nervousness,nervousness,icd_code,ICD10CM,R45.0,Nervousness,matched_exact
adr,abnormal thinking,abnormal thinking,meddra_code,MDR,10000182,Abnormal thinking,matched_exact
adr,abnormal thinking,abnormal thinking,icd_code,ICD10,UNKNOWN,,not_found
adr,abnormal dreams,abnormal dreams,meddra_code,MDR,10000125,Abnormal dreams,matched_exact
adr,abnormal dreams,abnormal dreams,icd_code,ICD10,UNKNOWN,,not_found
adr,agitation,agitation,meddra_code,MDR,10001497,Agitation,matched_exact
adr,agitation,agitation,icd_code,ICD10CM,R45.1,Restlessness and agitation,matched_words
adr,affect lability,affect lability,meddra_code,MDR,10054196,Affect lability,matched_exact
adr,affect lability,affect lability,icd_code,ICD10,UNKNOWN,,not_found
adr,euphoric mood,euphoric mood,meddra_code,MDR,10015535,Euphoric mood,matched_exact
adr,euphoric mood,euphoric mood,icd_code,ICD10,UNKNOWN,,not_found
adr,hallucinations,hallucinations,meddra_code,MDR,10019077,Hallucinations,matched_exact
adr,hallucinations,hallucinations,icd_code,ICD10CM,R44.3,"Hallucinations, unspecified",matched_words
adr,decreased libido,decreased libido,meddra_code,MDR,10024419,Libido decreased,matched_words
adr,decreased libido,decreased libido,icd_code,ICD10CM,R68.82,Decreased libido,matched_exact
adr,disorientation,disorientation,meddra_code,MDR,10013395,Disorientation,matched_exact
adr,disorientation,disorientation,icd_code,ICD10CM,R41.0,"Disorientation, unspecified",matched_words
adr,mood altered,mood altered,meddra_code,MDR,10027940,Mood altered,matched_exact
adr,mood altered,mood altered,icd_code,ICD10,UNKNOWN,,not_found
adr,restlessness,restlessness,meddra_code,MDR,10038743,Restlessness,matched_exact
adr,restlessness,restlessness,icd_code,ICD10CM,G25.81,Restless legs syndrome,matched_words
adr,dysphoria,dysphoria,meddra_code,MDR,10013954,Dysphoria,matched_exact
adr,dysphoria,dysphoria,icd_code,ICD10CM,O90.6,Postpartum mood disturbance,matched_words
adr,aggression,aggression,meddra_code,MDR,10001488,Aggression,matched_exact
adr,aggression,aggression,icd_code,ICD10CM,D48.11,Desmoid tumor,matched_words
adr,drug dependence,drug dependence,meddra_code,MDR,10013663,Drug dependence,matched_exact
adr,drug dependence,drug dependence,icd_code,ICD10CM,P96.1,Neonatal withdrawal symptoms from maternal use of drugs of addiction,matched_words
adr,somnolence,somnolence,meddra_code,MDR,10041349,Somnolence,matched_exact
adr,somnolence,somnolence,icd_code,ICD10CM,R40.0,Somnolence,matched_exact
adr,dizziness,dizziness,meddra_code,MDR,10013573,Dizziness,matched_exact
adr,dizziness,dizziness,icd_code,ICD10CM,R42,Dizziness and giddiness,matched_words
adr,headache,headache,meddra_code,MDR,10019211,Headache,matched_exact
adr,headache,headache,icd_code,ICD10CM,R51,Headache,matched_exact
adr,tremor,tremor,meddra_code,MDR,10044565,Tremor,matched_exact
adr,tremor,tremor,icd_code,ICD10CM,R25.1,"Tremor, unspecified",matched_words
adr,lethargy,lethargy,meddra_code,MDR,10024264,Lethargy,matched_exact
adr,lethargy,lethargy,icd_code,ICD10CM,R53.83,Other fatigue,matched_exact
adr,sedation,sedation,meddra_code,MDR,10039897,Sedation,matched_exact
adr,sedation,sedation,icd_code,ICD10CM,Z92.83,Personal history of failed moderate sedation,matched_words
adr,amnesia,amnesia,meddra_code,MDR,10001949,Amnesia,matched_exact
adr,amnesia,amnesia,icd_code,ICD10CM,R41.3,Other amnesia,matched_words
adr,convulsion,convulsion,meddra_code,MDR,10010904,Convulsion,matched_exact
adr,convulsion,convulsion,icd_code,ICD10CM,G40.909,"Epilepsy, unspecified, not intractable, without status epilepticus",matched_words
adr,hypertonia,hypertonia,meddra_code,MDR,10020852,Hypertonia,matched_exact
adr,hypertonia,hypertonia,icd_code,ICD10CM,P94.1,Congenital hypertonia,matched_words
adr,hypoaesthesia,hypoaesthesia,meddra_code,MDR,10020937,Hypoaesthesia,matched_exact
adr,hypoaesthesia,hypoaesthesia,icd_code,ICD10,R20.1,Hypoaesthesia of skin,matched_words
adr,involuntary muscle contractions,involuntary muscle contractions,meddra_code,MDR,10028293,Muscle contractions involuntary,matched_words
adr,involuntary muscle contractions,involuntary muscle contractions,icd_code,ICD10,UNKNOWN,,not_found
adr,speech disorder,speech disorder,meddra_code,MDR,10041466,Speech disorder,matched_exact
adr,speech disorder,speech disorder,icd_code,ICD10CM,F80.9,"Developmental disorder of speech and language, unspecified",matched_words
adr,syncope,syncope,meddra_code,MDR,10042772,Syncope,matched_exact
adr,syncope,syncope,icd_code,ICD10CM,R55,Syncope and collapse,matched_words
adr,paraesthesia,paraesthesia,meddra_code,MDR,10033775,Paraesthesia,matched_exact
adr,paraesthesia,paraesthesia,icd_code,ICD10,R20.2,Paraesthesia of skin,matched_words
adr,dysgeusia,dysgeusia,meddra_code,MDR,10013911,Dysgeusia,matched_exact
adr,dysgeusia,dysgeusia,icd_code,ICD10,UNKNOWN,,not_found
adr,hypotonia,hypotonia,meddra_code,MDR,10021118,Hypotonia,matched_exact
adr,hypotonia,hypotonia,icd_code,ICD10CM,P94.2,Congenital hypotonia,matched_words
adr,hyperalgesia,hyperalgesia,meddra_code,MDR,10020573,Hyperalgesia,matched_exact
adr,hyperalgesia,hyperalgesia,icd_code,ICD10,UNKNOWN,,not_found
adr,visual impairment,visual impairment,meddra_code,MDR,10047571,Visual impairment,matched_exact
adr,visual impairment,visual impairment,icd_code,ICD10CM,H54.7,Unspecified visual loss,matched_words
adr,miosis,miosis,meddra_code,MDR,10027646,Miosis,matched_exact
adr,miosis,miosis,icd_code,ICD10CM,H57.03,Miosis,matched_exact
adr,vertigo,vertigo,meddra_code,MDR,10047340,Vertigo,matched_exact
adr,vertigo,vertigo,icd_code,ICD10CM,H81.0,Ménière's disease,matched_words
adr,palpitations,palpitations,meddra_code,MDR,10033557,Palpitations,matched_exact
adr,palpitations,palpitations,icd_code,ICD10CM,R00.2,Palpitations,matched_exact
adr,supraventricular tachycardia,supraventricular tachycardia,meddra_code,MDR,10042604,Supraventricular tachycardia,matched_exact
adr,supraventricular tachycardia,supraventricular tachycardia,icd_code,ICD10CM,I47.1,Supraventricular tachycardia,matched_exact
adr,vasodilatation,vasodilatation,meddra_code,MDR,10047141,Vasodilatation,matched_exact
adr,vasodilatation,vasodilatation,icd_code,ICD10,UNKNOWN,,not_found
adr,facial flushing,facial flushing,meddra_code,MDR,10016046,Facial flushing,matched_exact
adr,facial flushing,facial flushing,icd_code,ICD10,UNKNOWN,,not_found
adr,hypotension,hypotension,meddra_code,MDR,10021097,Hypotension,matched_exact
adr,hypotension,hypotension,icd_code,ICD10CM,I95,Hypotension,matched_exact
adr,orthostatic hypotension,orthostatic hypotension,meddra_code,MDR,10031127,Orthostatic hypotension,matched_exact
adr,orthostatic hypotension,orthostatic hypotension,icd_code,ICD10CM,I95.1,Orthostatic hypotension,matched_exact
adr,dyspnoea,dyspnoea,meddra_code,MDR,10013968,Dyspnoea,matched_exact
adr,dyspnoea,dyspnoea,icd_code,ICD10,R06.0,Dyspnoea,matched_exact
adr,bronchospasm,bronchospasm,meddra_code,MDR,10006482,Bronchospasm,matched_exact
adr,bronchospasm,bronchospasm,icd_code,ICD10CM,J45.990,Exercise induced bronchospasm,matched_words
adr,cough decreased,cough decreased,meddra_code,MDR,10011225,Cough decreased,matched_exact
adr,cough decreased,cough decreased,icd_code,ICD10,UNKNOWN,,not_found
adr,respiratory depression,respiratory depression,meddra_code,MDR,10038678,Respiratory depression,matched_exact
adr,respiratory depression,respiratory depression,icd_code,ICD10CM,P28.9,"Respiratory condition of newborn, unspecified",matched_words
adr,hiccups,hiccups,meddra_code,MDR,10020039,Hiccups,matched_exact
adr,hiccups,hiccups,icd_code,ICD10CM,R06.6,Hiccough,matched_words
adr,central sleep apnoea syndrome,central sleep apnoea syndrome,meddra_code,MDR,10007975,Central sleep apnoea syndrome,matched_exact
adr,central sleep apnoea syndrome,central sleep apnoea syndrome,icd_code,ICD10,UNKNOWN,,not_found
adr,constipation,constipation,meddra_code,MDR,10010774,Constipation,matched_exact
adr,constipation,constipation,icd_code,ICD10CM,K59.0,Constipation,matched_exact
adr,nausea,nausea,meddra_code,MDR,10028813,Nausea,matched_exact
adr,nausea,nausea,icd_code,ICD10CM,R11.0,Nausea,matched_exact
adr,vomiting,vomiting,meddra_code,MDR,10047700,Vomiting,matched_exact
adr,vomiting,vomiting,icd_code,ICD10CM,R11.1,Vomiting,matched_exact
adr,abdominal pain,abdominal pain,meddra_code,MDR,10000081,Abdominal pain,matched_exact
adr,abdominal pain,abdominal pain,icd_code,ICD10CM,R10.9,Unspecified abdominal pain,matched_words
adr,diarrhoea,diarrhoea,meddra_code,MDR,10012735,Diarrhoea,matched_exact
adr,diarrhoea,diarrhoea,icd_code,ICD10,K59.1,Functional diarrhoea,matched_words
adr,dry mouth,dry mouth,meddra_code,MDR,10013781,Dry mouth,matched_exact
adr,dry mouth,dry mouth,icd_code,ICD10CM,R68.2,"Dry mouth, unspecified",matched_words
adr,dyspepsia,dyspepsia,meddra_code,MDR,10013946,Dyspepsia,matched_exact
adr,dyspepsia,dyspepsia,icd_code,ICD10CM,R10.13,Epigastric pain,matched_exact
adr,dysphagia,dysphagia,meddra_code,MDR,10013950,Dysphagia,matched_exact
adr,dysphagia,dysphagia,icd_code,ICD10CM,R13.1,Dysphagia,matched_exact
adr,flatulence,flatulence,meddra_code,MDR,10016766,Flatulence,matched_exact
adr,flatulence,flatulence,icd_code,ICD10CM,R14.3,Flatulence,matched_exact
adr,eructation,eructation,meddra_code,MDR,10015137,Eructation,matched_exact
adr,eructation,eructation,icd_code,ICD10CM,R14.2,Eructation,matched_exact
adr,ileus,ileus,meddra_code,MDR,10021328,Ileus,matched_exact
adr,ileus,ileus,icd_code,ICD10CM,K56.0,Paralytic ileus,matched_words
adr,gastritis,gastritis,meddra_code,MDR,10017853,Gastritis,matched_exact
adr,gastritis,gastritis,icd_code,ICD10CM,K29.7,"Gastritis, unspecified",matched_words
adr,dental caries,dental caries,meddra_code,MDR,10012318,Dental caries,matched_exact
adr,dental caries,dental caries,icd_code,ICD10CM,K02,Dental caries,matched_exact
adr,increased hepatic enzymes,increased hepatic enzymes,meddra_code,MDR,10019662,Hepatic enzymes increased,matched_words
adr,increased hepatic enzymes,increased hepatic enzymes,icd_code,ICD10,UNKNOWN,,not_found
adr,biliary colic,biliary colic,meddra_code,MDR,10004663,Biliary colic,matched_exact
adr,biliary colic,biliary colic,icd_code,ICD10,UNKNOWN,,not_found
adr,cholestasis,cholestasis,meddra_code,MDR,10008635,Cholestasis,matched_exact
adr,cholestasis,cholestasis,icd_code,ICD10CM,O26.64,Intrahepatic cholestasis of pregnancy,matched_words
adr,spasm of sphincter of Oddi,spasm of sphincter of Oddi,meddra_code,MDR,10041397,Spasm of sphincter of Oddi,matched_exact
adr,spasm of sphincter of Oddi,spasm of sphincter of Oddi,icd_code,ICD10CM,K83.4,Spasm of sphincter of Oddi,matched_exact
adr,pruritus,pruritus,meddra_code,MDR,10037087,Pruritus,matched_exact
adr,pruritus,pruritus,icd_code,ICD10CM,L29,Pruritus,matched_exact
adr,rash,rash,meddra_code,MDR,10037844,Rash,matched_exact
adr,rash,rash,icd_code,ICD10CM,R21,Rash and other nonspecific skin eruption,matched_words
adr,hyperhidrosis,hyperhidrosis,meddra_code,MDR,10020642,Hyperhidrosis,matched_exact
adr,hyperhidrosis,hyperhidrosis,icd_code,ICD10CM,R61,Generalized hyperhidrosis,matched_words
adr,dry skin,dry skin,meddra_code,MDR,10013786,Dry skin,matched_exact
adr,dry skin,dry skin,icd_code,ICD10CM,L85.3,Xerosis cutis,matched_words
adr,exfoliative dermatitis,exfoliative dermatitis,meddra_code,MDR,10015665,Exfoliative dermatitis,matched_exact
adr,exfoliative dermatitis,exfoliative dermatitis,icd_code,ICD10CM,L26,Exfoliative dermatitis,matched_exact
adr,urticaria,urticaria,meddra_code,MDR,10046735,Urticaria,matched_exact
adr,urticaria,urticaria,icd_code,ICD10CM,L50,Urticaria,matched_exact
adr,urinary retention,urinary retention,meddra_code,MDR,10046555,Urinary retention,matched_exact
adr,urinary retention,urinary retention,icd_code,ICD10,UNKNOWN,,not_found
adr,ureteral spasm,ureteral spasm,meddra_code,MDR,10051958,Ureteral spasm,matched_exact
adr,ureteral spasm,ureteral spasm,icd_code,ICD10,UNKNOWN,,not_found
adr,erectile dysfunction,erectile dysfunction,meddra_code,MDR,10061461,Erectile dysfunction,matched_exact
adr,erectile dysfunction,erectile dysfunction,icd_code,ICD10CM,N52,Male erectile dysfunction,matched_words
adr,hypogonadism,hypogonadism,meddra_code,MDR,10058359,Hypogonadism,matched_exact
adr,hypogonadism,hypogonadism,icd_code,ICD10CM,E29.1,Testicular hypofunction,matched_words
adr,amenorrhoea,amenorrhoea,meddra_code,MDR,10001928,Amenorrhoea,matched_exact
adr,amenorrhoea,amenorrhoea,icd_code,ICD10,N91.2,"Amenorrhoea, unspecified",matched_words
adr,asthenia,asthenia,meddra_code,MDR,10003549,Asthenia,matched_exact
adr,asthenia,asthenia,icd_code,ICD10CM,R53.1,Weakness,matched_words
adr,fatigue,fatigue,meddra_code,MDR,10016256,Fatigue,matched_exact
adr,fatigue,fatigue,icd_code,ICD10CM,R53.83,Other fatigue,matched_words
adr,malaise,malaise,meddra_code,MDR,10025482,Malaise,matched_exact
adr,malaise,malaise,icd_code,ICD10CM,R53.81,Other malaise,matched_words
adr,oedema,oedema,meddra_code,MDR,10030095,Oedema,matched_exact
adr,oedema,oedema,icd_code,ICD10,R60.9,"Oedema, unspecified",matched_words
adr,peripheral oedema,peripheral oedema,meddra_code,MDR,10034611,Peripheral oedema,matched_exact
adr,peripheral oedema,peripheral oedema,icd_code,ICD10,UNKNOWN,,not_found
adr,thirst,thirst,meddra_code,MDR,10043458,Thirst,matched_exact
adr,thirst,thirst,icd_code,ICD10CM,R63.1,Polydipsia,matched_words
adr,pyrexia,pyrexia,meddra_code,MDR,10037660,Pyrexia,matched_exact
adr,pyrexia,pyrexia,icd_code,ICD10CM,R50.9,"Fever, unspecified",matched_words
adr,chills,chills,meddra_code,MDR,10008531,Chills,matched_exact
adr,chills,chills,icd_code,ICD10CM,R68.83,Chills (without fever),matched_words
adr,drug withdrawal syndrome neonatal,drug withdrawal syndrome neonatal,meddra_code,MDR,10013756,Drug withdrawal syndrome neonatal,matched_exact
adr,drug withdrawal syndrome neonatal,drug withdrawal syndrome neonatal,icd_code,ICD10,UNKNOWN,,not_found
adr,opioid tolerance,opioid tolerance,meddra_code,MDR,0,,not_found
adr,opioid tolerance,opioid tolerance,icd_code,ICD10,UNKNOWN,,not_found
adr,opioid withdrawal syndrome,opioid withdrawal syndrome,meddra_code,MDR,0,,not_found
adr,opioid withdrawal syndrome,opioid withdrawal syndrome,icd_code,ICD10,UNKNOWN,,not_found
adr,Hypersensitivity,Hypersensitivity,meddra_code,MDR,10020751,Hypersensitivity,matched_exact
adr,Hypersensitivity,Hypersensitivity,icd_code,ICD10CM,T78.40,"Allergy, unspecified",matched_words
adr,Abdominal pain,Abdominal pain,meddra_code,MDR,10000081,Abdominal pain,matched_exact
adr,Abdominal pain,Abdominal pain,icd_code,ICD10CM,R10.9,Unspecified abdominal pain,matched_words
adr,Dyspepsia,Dyspepsia,meddra_code,MDR,10013946,Dyspepsia,matched_exact
adr,Dyspepsia,Dyspepsia,icd_code,ICD10CM,R10.13,Epigastric pain,matched_exact
adr,Renal impairment,Renal impairment,meddra_code,MDR,10062237,Renal impairment,matched_exact
adr,Renal impairment,Renal impairment,icd_code,ICD10CM,N25,Disorders resulting from impaired renal tubular function,matched_words
adr,Application site reaction,Application site reaction,meddra_code,MDR,10003055,Application site reaction,matched_exact
adr,Application site reaction,Application site reaction,icd_code,ICD10,UNKNOWN,,not_found
adr,Severe cutaneous adverse reactions (SCARs),Severe cutaneous adverse reactions (SCARs),meddra_code,MDR,0,,not_found
adr,Severe cutaneous adverse reactions (SCARs),Severe cutaneous adverse reactions (SCARs),icd_code,ICD10,UNKNOWN,,not_found
adr,Erythema multiforme,Erythema multiforme,meddra_code,MDR,10015218,Erythema multiforme,matched_exact
adr,Erythema multiforme,Erythema multiforme,icd_code,ICD10CM,L51,Erythema multiforme,matched_exact
adr,Exfoliative dermatitis,Exfoliative dermatitis,meddra_code,MDR,10015665,Exfoliative dermatitis,matched_exact
adr,Exfoliative dermatitis,Exfoliative dermatitis,icd_code,ICD10CM,L26,Exfoliative dermatitis,matched_exact
adr,Stevens-Johnson syndrome,Stevens-Johnson syndrome,meddra_code,MDR,10042033,Stevens-Johnson syndrome,matched_exact
adr,Stevens-Johnson syndrome,Stevens-Johnson syndrome,icd_code,ICD10CM,L51.1,Stevens-Johnson syndrome,matched_exact
adr,Toxic epidermal necrolysis,Toxic epidermal necrolysis,meddra_code,MDR,10044223,Toxic epidermal necrolysis,matched_exact
adr,Toxic epidermal necrolysis,Toxic epidermal necrolysis,icd_code,ICD10CM,L51.2,Toxic epidermal necrolysis [Lyell],matched_words
adr,Photosensitivity reactions,Photosensitivity reactions,meddra_code,MDR,10034972,Photosensitivity reaction,matched_words
adr,Photosensitivity reactions,Photosensitivity reactions,icd_code,ICD10,UNKNOWN,,not_found
adr,Drug reaction with eosinophilia and systemic symptoms (DRESS syndrome),Drug reaction with eosinophilia and systemic symptoms (DRESS syndrome),meddra_code,MDR,0,,not_found
adr,Drug reaction with eosinophilia and systemic symptoms (DRESS syndrome),Drug reaction with eosinophilia and systemic symptoms (DRESS syndrome),icd_code,ICD10,UNKNOWN,,not_found
adr,Acute generalised exanthematous pustulosis (AGEP),Acute generalised exanthematous pustulosis (AGEP),meddra_code,MDR,0,,not_found
adr,Acute generalised exanthematous pustulosis (AGEP),Acute generalised exanthematous pustulosis (AGEP),icd_code,ICD10,UNKNOWN,,not_found
adr,non-specific allergic reaction,non-specific allergic reaction,meddra_code,MDR,0,,not_found
adr,non-specific allergic reaction,non-specific allergic reaction,icd_code,ICD10,UNKNOWN,,not_found
adr,anaphylaxis,anaphylaxis,meddra_code,MDR,10002218,Anaphylaxis,matched_exact
adr,anaphylaxis,anaphylaxis,icd_code,ICD10CM,T78.2,"Anaphylactic shock, unspecified",matched_exact
adr,asthma,asthma,meddra_code,MDR,10003553,Asthma,matched_exact
adr,asthma,asthma,icd_code,ICD10CM,J45,Asthma,matched_exact
adr,aggravated asthma,aggravated asthma,meddra_code,MDR,10003554,Asthma aggravated,matched_words
adr,aggravated asthma,aggravated asthma,icd_code,ICD10,UNKNOWN,,not_found
adr,bronchospasm,bronchospasm,meddra_code,MDR,10006482,Bronchospasm,matched_exact
adr,bronchospasm,bronchospasm,icd_code,ICD10CM,J45.990,Exercise induced bronchospasm,matched_words
adr,dyspnoea,dyspnoea,meddra_code,MDR,10013968,Dyspnoea,matched_exact
adr,dyspnoea,dyspnoea,icd_code,ICD10,R06.0,Dyspnoea,matched_exact
adr,rashes,rashes,meddra_code,MDR,10046760,Urticated rash,matched_words
adr,rashes,rashes,icd_code,ICD10CM,R21,Rash and other nonspecific skin eruption,matched_words
adr,urticaria,urticaria,meddra_code,MDR,10046735,Urticaria,matched_exact
adr,urticaria,urticaria,icd_code,ICD10CM,L50,Urticaria,matched_exact
adr,purpura,purpura,meddra_code,MDR,10037549,Purpura,matched_exact
adr,purpura,purpura,icd_code,ICD10CM,D69.3,Immune thrombocytopenic purpura,matched_words
adr,angioedema,angioedema,meddra_code,MDR,10002424,Angioedema,matched_exact
adr,angioedema,angioedema,icd_code,ICD10CM,T78.3,Angioneurotic edema,matched_words
adr,exfoliative and bullous dermatoses,exfoliative and bullous dermatoses,meddra_code,MDR,0,,not_found
adr,exfoliative and bullous dermatoses,exfoliative and bullous dermatoses,icd_code,ICD10,UNKNOWN,,not_found
adr,pruritus,pruritus,meddra_code,MDR,10037087,Pruritus,matched_exact
adr,pruritus,pruritus,icd_code,ICD10CM,L29,Pruritus,matched_exact
adr,Oropharyngeal candidiasis,Oropharyngeal candidiasis,meddra_code,MDR,10050346,Oropharyngeal candidiasis,matched_exact
adr,Oropharyngeal candidiasis,Oropharyngeal candidiasis,icd_code,ICD10,UNKNOWN,,not_found
adr,Immediate and delayed hypersensitivity reactions,Immediate and delayed hypersensitivity reactions,meddra_code,MDR,0,,not_found
adr,Immediate and delayed hypersensitivity reactions,Immediate and delayed hypersensitivity reactions,icd_code,ICD10,UNKNOWN,,not_found
adr,Angioneurotic oedema,Angioneurotic oedema,meddra_code,MDR,10002473,Angioneurotic oedema,matched_exact
adr,Angioneurotic oedema,Angioneurotic oedema,icd_code,ICD10,T78.3,Angioneurotic oedema,matched_exact
adr,Anaphylactic reaction,Anaphylactic reaction,meddra_code,MDR,10002198,Anaphylactic reaction,matched_exact
adr,Anaphylactic reaction,Anaphylactic reaction,icd_code,ICD10CM,T78.2,"Anaphylactic shock, unspecified",matched_exact
adr,Signs and symptoms of systemic corticosteroid effects,Signs and symptoms of systemic corticosteroid effects,meddra_code,MDR,0,,not_found
adr,Signs and symptoms of systemic corticosteroid effects,Signs and symptoms of systemic corticosteroid effects,icd_code,ICD10,UNKNOWN,,not_found
adr,Adrenal suppression,Adrenal suppression,meddra_code,MDR,10001382,Adrenal suppression,matched_exact
adr,Adrenal suppression,Adrenal suppression,icd_code,ICD10,UNKNOWN,,not_found
adr,Growth retardation,Growth retardation,meddra_code,MDR,10053759,Growth retardation,matched_exact
adr,Growth retardation,Growth retardation,icd_code,ICD10CM,P05.9,"Newborn affected by slow intrauterine growth, unspecified",matched_words
adr,Depression,Depression,meddra_code,MDR,10012378,Depression,matched_exact
adr,Depression,Depression,icd_code,ICD10CM,F31.9,"Bipolar disorder, unspecified",matched_words
adr,Anxiety,Anxiety,meddra_code,MDR,10002855,Anxiety,matched_exact
adr,Anxiety,Anxiety,icd_code,ICD10CM,F41.1,Generalized anxiety disorder,matched_words
adr,Restlessness,Restlessness,meddra_code,MDR,10038743,Restlessness,matched_exact
adr,Restlessness,Restlessness,icd_code,ICD10CM,G25.81,Restless legs syndrome,matched_words
adr,Nervousness,Nervousness,meddra_code,MDR,10029216,Nervousness,matched_exact
adr,Nervousness,Nervousness,icd_code,ICD10CM,R45.0,Nervousness,matched_exact
adr,Behavioural changes,Behavioural changes,meddra_code,MDR,0,,not_found
adr,Behavioural changes,Behavioural changes,icd_code,ICD10,UNKNOWN,,not_found
adr,Sleep disorders,Sleep disorders,meddra_code,MDR,10040991,Sleep disorders and disturbances,matched_words
adr,Sleep disorders,Sleep disorders,icd_code,ICD10CM,G47,Sleep disorders,matched_exact
adr,Psychomotor hyperactivity,Psychomotor hyperactivity,meddra_code,MDR,10037211,Psychomotor hyperactivity,matched_exact
adr,Psychomotor hyperactivity,Psychomotor hyperactivity,icd_code,ICD10,UNKNOWN,,not_found
adr,Aggression,Aggression,meddra_code,MDR,10001488,Aggression,matched_exact
adr,Aggression,Aggression,icd_code,ICD10CM,D48.11,Desmoid tumor,matched_words
adr,Tremor,Tremor,meddra_code,MDR,10044565,Tremor,matched_exact
adr,Tremor,Tremor,icd_code,ICD10CM,R25.1,"Tremor, unspecified",matched_words
adr,Cataract,Cataract,meddra_code,MDR,10007739,Cataract,matched_exact
adr,Cataract,Cataract,icd_code,ICD10CM,H26.9,Unspecified cataract,matched_words
adr,"Vision, blurred","Vision, blurred",meddra_code,MDR,10047513,Vision blurred,matched_words
adr,"Vision, blurred","Vision, blurred",icd_code,ICD10,UNKNOWN,,not_found
adr,Glaucoma,Glaucoma,meddra_code,MDR,10018304,Glaucoma,matched_exact
adr,Glaucoma,Glaucoma,icd_code,ICD10CM,H40,Glaucoma,matched_exact
adr,Hoarseness,Hoarseness,meddra_code,MDR,10020201,Hoarseness,matched_exact
adr,Hoarseness,Hoarseness,icd_code,ICD10CM,R49.0,Dysphonia,matched_exact
adr,Cough,Cough,meddra_code,MDR,10011224,Cough,matched_exact
adr,Cough,Cough,icd_code,ICD10CM,R05,Cough,matched_exact
adr,Throat irritation,Throat irritation,meddra_code,MDR,10043521,Throat irritation,matched_exact
adr,Throat irritation,Throat irritation,icd_code,ICD10,UNKNOWN,,not_found
adr,Bronchospasm,Bronchospasm,meddra_code,MDR,10006482,Bronchospasm,matched_exact
adr,Bronchospasm,Bronchospasm,icd_code,ICD10CM,J45.990,Exercise induced bronchospasm,matched_words
adr,Dysphonia,Dysphonia,meddra_code,MDR,10013952,Dysphonia,matched_exact
adr,Dysphonia,Dysphonia,icd_code,ICD10CM,R49.0,Dysphonia,matched_exact
adr,Oral mucosal irritation,Oral mucosal irritation,meddra_code,MDR,10058474,Oral mucosal irritation,matched_exact
adr,Oral mucosal irritation,Oral mucosal irritation,icd_code,ICD10,UNKNOWN,,not_found
adr,Urticaria,Urticaria,meddra_code,MDR,10046735,Urticaria,matched_exact
adr,Urticaria,Urticaria,icd_code,ICD10CM,L50,Urticaria,matched_exact
adr,Rash,Rash,meddra_code,MDR,10037844,Rash,matched_exact
adr,Rash,Rash,icd_code,ICD10CM,R21,Rash and other nonspecific skin eruption,matched_words
adr,Dermatitis,Dermatitis,meddra_code,MDR,10012431,Dermatitis,matched_exact
adr,Dermatitis,Dermatitis,icd_code,ICD10CM,L21,Seborrheic dermatitis,matched_words
adr,Pruritus,Pruritus,meddra_code,MDR,10037087,Pruritus,matched_exact
adr,Pruritus,Pruritus,icd_code,ICD10CM,L29,Pruritus,matched_exact
adr,Erythema,Erythema,meddra_code,MDR,10015150,Erythema,matched_exact
adr,Erythema,Erythema,icd_code,ICD10CM,L53.9,"Erythematous condition, unspecified",matched_words
adr,Bruising,Bruising,meddra_code,MDR,10006504,Bruising,matched_exact
adr,Bruising,Bruising,icd_code,ICD10CM,P12.3,Bruising of scalp due to birth injury,matched_words
adr,Muscle spasm,Muscle spasm,meddra_code,MDR,10028333,Muscle spasm,matched_exact
adr,Muscle spasm,Muscle spasm,icd_code,ICD10CM,M62.83,Muscle spasm,matched_exact
adr,Bone density decreased,Bone density decreased,meddra_code,MDR,10049470,Bone density decreased,matched_exact
adr,Bone density decreased,Bone density decreased,icd_code,ICD10,UNKNOWN,,not_found
adr,signs and symptoms of systemic allergic reactions,signs and symptoms of systemic allergic reactions,meddra_code,MDR,0,,not_found
adr,signs and symptoms of systemic allergic reactions,signs and symptoms of systemic allergic reactions,icd_code,ICD10,UNKNOWN,,not_found
adr,angioedema,angioedema,meddra_code,MDR,10002424,Angioedema,matched_exact
adr,angioedema,angioedema,icd_code,ICD10CM,T78.3,Angioneurotic edema,matched_words
adr,urticaria,urticaria,meddra_code,MDR,10046735,Urticaria,matched_exact
adr,urticaria,urticaria,icd_code,ICD10CM,L50,Urticaria,matched_exact
adr,pruritus,pruritus,meddra_code,MDR,10037087,Pruritus,matched_exact
adr,pruritus,pruritus,icd_code,ICD10CM,L29,Pruritus,matched_exact
adr,rash,rash,meddra_code,MDR,10037844,Rash,matched_exact
adr,rash,rash,icd_code,ICD10CM,R21,Rash and other nonspecific skin eruption,matched_words
adr,anaphylaxis,anaphylaxis,meddra_code,MDR,10002218,Anaphylaxis,matched_exact
adr,anaphylaxis,anaphylaxis,icd_code,ICD10CM,T78.2,"Anaphylactic shock, unspecified",matched_exact
adr,signs and symptoms of allergic reactions,signs and symptoms of allergic reactions,meddra_code,MDR,0,,not_found
adr,signs and symptoms of allergic reactions,signs and symptoms of allergic reactions,icd_code,ICD10,UNKNOWN,,not_found
adr,hypoglycaemia,hypoglycaemia,meddra_code,MDR,10020993,Hypoglycaemia,matched_exact
adr,hypoglycaemia,hypoglycaemia,icd_code,ICD10,E16.2,"Hypoglycaemia, unspecified",matched_words
adr,depression,depression,meddra_code,MDR,10012378,Depression,matched_exact
adr,depression,depression,icd_code,ICD10CM,F31.9,"Bipolar disorder, unspecified",matched_words
adr,insomnia,insomnia,meddra_code,MDR,10022437,Insomnia,matched_exact
adr,insomnia,insomnia,icd_code,ICD10CM,G47.0,Insomnia,matched_exact
adr,nightmares,nightmares,meddra_code,MDR,10029414,Nightmares,matched_exact
adr,nightmares,nightmares,icd_code,ICD10CM,F51.5,Nightmare disorder,matched_words
adr,memory loss,memory loss,meddra_code,MDR,10027176,Memory loss,matched_exact
adr,memory loss,memory loss,icd_code,ICD10CM,R41.3,Other amnesia,matched_words
adr,hallucination,hallucination,meddra_code,MDR,10019063,Hallucination,matched_exact
adr,hallucination,hallucination,icd_code,ICD10CM,R44.3,"Hallucinations, unspecified",matched_words
adr,headache,headache,meddra_code,MDR,10019211,Headache,matched_exact
adr,headache,headache,icd_code,ICD10CM,R51,Headache,matched_exact
adr,dizziness,dizziness,meddra_code,MDR,10013573,Dizziness,matched_exact
adr,dizziness,dizziness,icd_code,ICD10CM,R42,Dizziness and giddiness,matched_words
adr,paraesthesia,paraesthesia,meddra_code,MDR,10033775,Paraesthesia,matched_exact
adr,paraesthesia,paraesthesia,icd_code,ICD10,R20.2,Paraesthesia of skin,matched_words
adr,syncope,syncope,meddra_code,MDR,10042772,Syncope,matched_exact
adr,syncope,syncope,icd_code,ICD10CM,R55,Syncope and collapse,matched_words
adr,increase in signs and symptoms of myasthenia gravis,increase in signs and symptoms of myasthenia gravis,meddra_code,MDR,0,,not_found
adr,increase in signs and symptoms of myasthenia gravis,increase in signs and symptoms of myasthenia gravis,icd_code,ICD10,UNKNOWN,,not_found
adr,decreased libido,decreased libido,meddra_code,MDR,10024419,Libido decreased,matched_words
adr,decreased libido,decreased libido,icd_code,ICD10CM,R68.82,Decreased libido,matched_exact
adr,cerebrovascular accident,cerebrovascular accident,meddra_code,MDR,10008190,Cerebrovascular accident,matched_exact
adr,cerebrovascular accident,cerebrovascular accident,icd_code,ICD10,UNKNOWN,,not_found
adr,cerebral ischaemia,cerebral ischaemia,meddra_code,MDR,10008120,Cerebral ischaemia,matched_exact
adr,cerebral ischaemia,cerebral ischaemia,icd_code,ICD10,P91.0,Neonatal cerebral ischaemia,matched_words
adr,burning and stinging,burning and stinging,meddra_code,MDR,0,,not_found
adr,burning and stinging,burning and stinging,icd_code,ICD10,UNKNOWN,,not_found
adr,conjunctival injection,conjunctival injection,meddra_code,MDR,10010723,Conjunctival injection,matched_exact
adr,conjunctival injection,conjunctival injection,icd_code,ICD10CM,G44.051,"Short lasting unilateral neuralgiform headache with conjunctival injection and tearing (SUNCT), intractable",matched_words
adr,blurred vision,blurred vision,meddra_code,MDR,10005886,Blurred vision,matched_exact
adr,blurred vision,blurred vision,icd_code,ICD10,UNKNOWN,,not_found
adr,corneal erosion,corneal erosion,meddra_code,MDR,10011013,Corneal erosion,matched_exact
adr,corneal erosion,corneal erosion,icd_code,ICD10,UNKNOWN,,not_found
adr,ocular itching,ocular itching,meddra_code,MDR,10030048,Ocular itching,matched_exact
adr,ocular itching,ocular itching,icd_code,ICD10,UNKNOWN,,not_found
adr,tearing,tearing,meddra_code,MDR,10015591,Excess tears,matched_words
adr,tearing,tearing,icd_code,ICD10CM,K62.81,Anal sphincter tear (healed) (nontraumatic) (old),matched_words
adr,eyelid inflammation,eyelid inflammation,meddra_code,MDR,10045959,Unspecified inflammation of eyelid,matched_words
adr,eyelid inflammation,eyelid inflammation,icd_code,ICD10CM,H01.9,Unspecified inflammation of eyelid,matched_words
adr,eyelid irritation,eyelid irritation,meddra_code,MDR,10057385,Eyelid irritation,matched_exact
adr,eyelid irritation,eyelid irritation,icd_code,ICD10,UNKNOWN,,not_found
adr,iridocyclitis,iridocyclitis,meddra_code,MDR,10022941,Iridocyclitis,matched_exact
adr,iridocyclitis,iridocyclitis,icd_code,ICD10CM,H20,Iridocyclitis,matched_exact
adr,irritation including redness,irritation including redness,meddra_code,MDR,0,,not_found
adr,irritation including redness,irritation including redness,icd_code,ICD10,UNKNOWN,,not_found
adr,pain,pain,meddra_code,MDR,10033371,Pain,matched_exact
adr,pain,pain,icd_code,ICD10CM,R52,"Pain, unspecified",matched_words
adr,eyelid crusting,eyelid crusting,meddra_code,MDR,10052132,Eyelid margin crusting,matched_words
adr,eyelid crusting,eyelid crusting,icd_code,ICD10,UNKNOWN,,not_found
adr,transient myopia,transient myopia,meddra_code,MDR,10028652,Myopia transient,matched_words
adr,transient myopia,transient myopia,icd_code,ICD10,UNKNOWN,,not_found
adr,corneal oedema,corneal oedema,meddra_code,MDR,10011033,Corneal oedema,matched_exact
adr,corneal oedema,corneal oedema,icd_code,ICD10,H18.2,Other corneal oedema,matched_words
adr,ocular hypotony,ocular hypotony,meddra_code,MDR,0,,not_found
adr,ocular hypotony,ocular hypotony,icd_code,ICD10CM,H44.42,Hypotony of eye due to ocular fistula,matched_words
adr,choroidal detachment,choroidal detachment,meddra_code,MDR,10008783,Choroidal detachment,matched_exact
adr,choroidal detachment,choroidal detachment,icd_code,ICD10CM,H31.4,Choroidal detachment,matched_exact
adr,foreign body sensation in eye,foreign body sensation in eye,meddra_code,MDR,10088943,Injection site foreign body sensation in eye,matched_words
adr,foreign body sensation in eye,foreign body sensation in eye,icd_code,ICD10,UNKNOWN,,not_found
adr,signs and symptoms of ocular irritation,signs and symptoms of ocular irritation,meddra_code,MDR,0,,not_found
adr,signs and symptoms of ocular irritation,signs and symptoms of ocular irritation,icd_code,ICD10,UNKNOWN,,not_found
adr,blepharitis,blepharitis,meddra_code,MDR,10005148,Blepharitis,matched_exact
adr,blepharitis,blepharitis,icd_code,ICD10CM,H01.0,Blepharitis,matched_exact
adr,keratitis,keratitis,meddra_code,MDR,10023332,Keratitis,matched_exact
adr,keratitis,keratitis,icd_code,ICD10CM,H16,Keratitis,matched_exact
adr,decreased corneal sensitivity,decreased corneal sensitivity,meddra_code,MDR,10011046,Corneal sensitivity decreased,matched_words
adr,decreased corneal sensitivity,decreased corneal sensitivity,icd_code,ICD10,UNKNOWN,,not_found
adr,dry eyes,dry eyes,meddra_code,MDR,10013778,Dry eyes,matched_exact
adr,dry eyes,dry eyes,icd_code,ICD10,UNKNOWN,,not_found
adr,visual disturbances,visual disturbances,meddra_code,MDR,10047545,Visual disturbances,matched_exact
adr,visual disturbances,visual disturbances,icd_code,ICD10CM,H53,Visual disturbances,matched_exact
adr,refractive changes,refractive changes,meddra_code,MDR,10044400,Transient refractive change,matched_words
adr,refractive changes,refractive changes,icd_code,ICD10,UNKNOWN,,not_found
adr,ptosis,ptosis,meddra_code,MDR,10037272,Ptosis,matched_exact
adr,ptosis,ptosis,icd_code,ICD10CM,H02.4,Ptosis of eyelid,matched_words
adr,diplopia,diplopia,meddra_code,MDR,10013036,Diplopia,matched_exact
adr,diplopia,diplopia,icd_code,ICD10CM,H53.2,Diplopia,matched_exact
adr,itching,itching,meddra_code,MDR,10023084,Itching,matched_exact
adr,itching,itching,icd_code,ICD10CM,L29.9,"Pruritus, unspecified",matched_words
adr,redness,redness,meddra_code,MDR,10038198,Redness,matched_exact
adr,redness,redness,icd_code,ICD10CM,R71,Abnormality of red blood cells,matched_words
adr,tinnitus,tinnitus,meddra_code,MDR,10043882,Tinnitus,matched_exact
adr,tinnitus,tinnitus,icd_code,ICD10CM,H93.1,Tinnitus,matched_exact
adr,palpitations,palpitations,meddra_code,MDR,10033557,Palpitations,matched_exact
adr,palpitations,palpitations,icd_code,ICD10CM,R00.2,Palpitations,matched_exact
adr,tachycardia,tachycardia,meddra_code,MDR,10043071,Tachycardia,matched_exact
adr,tachycardia,tachycardia,icd_code,ICD10CM,R00.0,"Tachycardia, unspecified",matched_words
adr,bradycardia,bradycardia,meddra_code,MDR,10006093,Bradycardia,matched_exact
adr,bradycardia,bradycardia,icd_code,ICD10CM,R00.1,"Bradycardia, unspecified",matched_words
adr,chest pain,chest pain,meddra_code,MDR,10008479,Chest pain,matched_exact
adr,chest pain,chest pain,icd_code,ICD10CM,I20.9,"Angina pectoris, unspecified",matched_words
adr,arrhythmia,arrhythmia,meddra_code,MDR,10003119,Arrhythmia,matched_exact
adr,arrhythmia,arrhythmia,icd_code,ICD10CM,I49.9,"Cardiac arrhythmia, unspecified",matched_words
adr,congestive heart failure,congestive heart failure,meddra_code,MDR,10010684,Congestive heart failure,matched_exact
adr,congestive heart failure,congestive heart failure,icd_code,ICD10CM,I50.9,"Heart failure, unspecified",matched_words
adr,cardiac arrest,cardiac arrest,meddra_code,MDR,10007515,Cardiac arrest,matched_exact
adr,cardiac arrest,cardiac arrest,icd_code,ICD10CM,I46,Cardiac arrest,matched_exact
adr,heart block,heart block,meddra_code,MDR,10019252,Heart block,matched_exact
adr,heart block,heart block,icd_code,ICD10CM,I44.2,"Atrioventricular block, complete",matched_words
adr,atrioventricular block,atrioventricular block,meddra_code,MDR,10003671,Atrioventricular block,matched_exact
adr,atrioventricular block,atrioventricular block,icd_code,ICD10CM,I44.2,"Atrioventricular block, complete",matched_words
adr,cardiac failure,cardiac failure,meddra_code,MDR,10007554,Cardiac failure,matched_exact
adr,cardiac failure,cardiac failure,icd_code,ICD10CM,P29.0,Neonatal cardiac failure,matched_words
adr,hypertension,hypertension,meddra_code,MDR,10020772,Hypertension,matched_exact
adr,hypertension,hypertension,icd_code,ICD10CM,I10,Essential (primary) hypertension,matched_words
adr,hypotension,hypotension,meddra_code,MDR,10021097,Hypotension,matched_exact
adr,hypotension,hypotension,icd_code,ICD10CM,I95,Hypotension,matched_exact
adr,claudication,claudication,meddra_code,MDR,10009240,Claudication,matched_exact
adr,claudication,claudication,icd_code,ICD10CM,I73.9,"Peripheral vascular disease, unspecified",matched_words
adr,Raynaud's phenomenon,Raynaud's phenomenon,meddra_code,MDR,10037912,Raynaud's phenomenon,matched_exact
adr,Raynaud's phenomenon,Raynaud's phenomenon,icd_code,ICD10CM,I73.0,Raynaud's syndrome,matched_words
adr,cold hands and feet,cold hands and feet,meddra_code,MDR,0,,not_found
adr,cold hands and feet,cold hands and feet,icd_code,ICD10,UNKNOWN,,not_found
adr,sinusitis,sinusitis,meddra_code,MDR,10040753,Sinusitis,matched_exact
adr,sinusitis,sinusitis,icd_code,ICD10CM,J32,Chronic sinusitis,matched_words
adr,shortness of breath,shortness of breath,meddra_code,MDR,10040604,Shortness of breath,matched_exact
adr,shortness of breath,shortness of breath,icd_code,ICD10CM,R06.02,Shortness of breath,matched_exact
adr,respiratory failure,respiratory failure,meddra_code,MDR,10038695,Respiratory failure,matched_exact
adr,respiratory failure,respiratory failure,icd_code,ICD10CM,J96.9,"Respiratory failure, unspecified",matched_words
adr,rhinitis,rhinitis,meddra_code,MDR,10039083,Rhinitis,matched_exact
adr,rhinitis,rhinitis,icd_code,ICD10CM,J00,Acute nasopharyngitis [common cold],matched_words
adr,bronchospasm,bronchospasm,meddra_code,MDR,10006482,Bronchospasm,matched_exact
adr,bronchospasm,bronchospasm,icd_code,ICD10CM,J45.990,Exercise induced bronchospasm,matched_words
adr,epistaxis,epistaxis,meddra_code,MDR,10015090,Epistaxis,matched_exact
adr,epistaxis,epistaxis,icd_code,ICD10CM,R04.0,Epistaxis,matched_exact
adr,dyspnoea,dyspnoea,meddra_code,MDR,10013968,Dyspnoea,matched_exact
adr,dyspnoea,dyspnoea,icd_code,ICD10,R06.0,Dyspnoea,matched_exact
adr,dyspnoea,dyspnoea,meddra_code,MDR,10013968,Dyspnoea,matched_exact
adr,dyspnoea,dyspnoea,icd_code,ICD10,R06.0,Dyspnoea,matched_exact
adr,bronchospasm,bronchospasm,meddra_code,MDR,10006482,Bronchospasm,matched_exact
adr,bronchospasm,bronchospasm,icd_code,ICD10CM,J45.990,Exercise induced bronchospasm,matched_words
adr,cough,cough,meddra_code,MDR,10011224,Cough,matched_exact
adr,cough,cough,icd_code,ICD10CM,R05,Cough,matched_exact
adr,dysgeusia,dysgeusia,meddra_code,MDR,10013911,Dysgeusia,matched_exact
adr,dysgeusia,dysgeusia,icd_code,ICD10,UNKNOWN,,not_found
adr,nausea,nausea,meddra_code,MDR,10028813,Nausea,matched_exact
adr,nausea,nausea,icd_code,ICD10CM,R11.0,Nausea,matched_exact
adr,throat irritation,throat irritation,meddra_code,MDR,10043521,Throat irritation,matched_exact
adr,throat irritation,throat irritation,icd_code,ICD10,UNKNOWN,,not_found
adr,dry mouth,dry mouth,meddra_code,MDR,10013781,Dry mouth,matched_exact
adr,dry mouth,dry mouth,icd_code,ICD10CM,R68.2,"Dry mouth, unspecified",matched_words
adr,diarrhoea,diarrhoea,meddra_code,MDR,10012735,Diarrhoea,matched_exact
adr,diarrhoea,diarrhoea,icd_code,ICD10,K59.1,Functional diarrhoea,matched_words
adr,abdominal pain,abdominal pain,meddra_code,MDR,10000081,Abdominal pain,matched_exact
adr,abdominal pain,abdominal pain,icd_code,ICD10CM,R10.9,Unspecified abdominal pain,matched_words
adr,vomiting,vomiting,meddra_code,MDR,10047700,Vomiting,matched_exact
adr,vomiting,vomiting,icd_code,ICD10CM,R11.1,Vomiting,matched_exact
adr,contact dermatitis,contact dermatitis,meddra_code,MDR,10010790,Contact dermatitis,matched_exact
adr,contact dermatitis,contact dermatitis,icd_code,ICD10CM,L25,Unspecified contact dermatitis,matched_words
adr,Stevens-Johnson syndrome,Stevens-Johnson syndrome,meddra_code,MDR,10042033,Stevens-Johnson syndrome,matched_exact
adr,Stevens-Johnson syndrome,Stevens-Johnson syndrome,icd_code,ICD10CM,L51.1,Stevens-Johnson syndrome,matched_exact
adr,toxic epidermal necrolysis,toxic epidermal necrolysis,meddra_code,MDR,10044223,Toxic epidermal necrolysis,matched_exact
adr,toxic epidermal necrolysis,toxic epidermal necrolysis,icd_code,ICD10CM,L51.2,Toxic epidermal necrolysis [Lyell],matched_words
adr,rash,rash,meddra_code,MDR,10037844,Rash,matched_exact
adr,rash,rash,icd_code,ICD10CM,R21,Rash and other nonspecific skin eruption,matched_words
adr,alopecia,alopecia,meddra_code,MDR,10001760,Alopecia,matched_exact
adr,alopecia,alopecia,icd_code,ICD10CM,L65.9,"Nonscarring hair loss, unspecified",matched_words
adr,psoriasiform rash,psoriasiform rash,meddra_code,MDR,10065980,Rash psoriasiform,matched_words
adr,psoriasiform rash,psoriasiform rash,icd_code,ICD10CM,L22,Diaper dermatitis,matched_words
adr,exacerbation of psoriasis,exacerbation of psoriasis,meddra_code,MDR,10015581,Exacerbation of psoriasis,matched_exact
adr,exacerbation of psoriasis,exacerbation of psoriasis,icd_code,ICD10,UNKNOWN,,not_found
adr,skin rash,skin rash,meddra_code,MDR,10040913,Skin rash,matched_exact
adr,skin rash,skin rash,icd_code,ICD10CM,R21,Rash and other nonspecific skin eruption,matched_words
adr,systemic lupus erythematosus,systemic lupus erythematosus,meddra_code,MDR,10042945,Systemic lupus erythematosus,matched_exact
adr,systemic lupus erythematosus,systemic lupus erythematosus,icd_code,ICD10CM,M32.9,"Systemic lupus erythematosus, unspecified",matched_words
adr,myalgia,myalgia,meddra_code,MDR,10028411,Myalgia,matched_exact
adr,myalgia,myalgia,icd_code,ICD10CM,M79.1,Myalgia,matched_exact
adr,urolithiasis,urolithiasis,meddra_code,MDR,10046707,Urolithiasis,matched_exact
adr,urolithiasis,urolithiasis,icd_code,ICD10CM,N20-N23,Urolithiasis (N20-N23),matched_words
adr,Peyronie's disease,Peyronie's disease,meddra_code,MDR,10034765,Peyronie's disease,matched_exact
adr,Peyronie's disease,Peyronie's disease,icd_code,ICD10CM,N48.6,Induration penis plastica,matched_exact
adr,decreased libido,decreased libido,meddra_code,MDR,10024419,Libido decreased,matched_words
adr,decreased libido,decreased libido,icd_code,ICD10CM,R68.82,Decreased libido,matched_exact
adr,sexual dysfunction,sexual dysfunction,meddra_code,MDR,10040477,Sexual dysfunction,matched_exact
adr,sexual dysfunction,sexual dysfunction,icd_code,ICD10CM,R37,"Sexual dysfunction, unspecified",matched_words
adr,asthenia/ fatigue,asthenia/ fatigue,meddra_code,MDR,0,,not_found
adr,asthenia/ fatigue,asthenia/ fatigue,icd_code,ICD10,UNKNOWN,,not_found
adr,Asthenia,Asthenia,meddra_code,MDR,10003549,Asthenia,matched_exact
adr,Asthenia,Asthenia,icd_code,ICD10CM,R53.1,Weakness,matched_words
adr,Nausea,Nausea,meddra_code,MDR,10028813,Nausea,matched_exact
adr,Nausea,Nausea,icd_code,ICD10CM,R11.0,Nausea,matched_exact
adr,Abnormal liver function tests,Abnormal liver function tests,meddra_code,MDR,10000158,Abnormal liver function tests,matched_exact
adr,Abnormal liver function tests,Abnormal liver function tests,icd_code,ICD10,UNKNOWN,,not_found
adr,Anaemia,Anaemia,meddra_code,MDR,10002034,Anaemia,matched_exact
adr,Anaemia,Anaemia,icd_code,ICD10,D64.9,"Anaemia, unspecified",matched_words
adr,Severe neutropenia,Severe neutropenia,meddra_code,MDR,0,,not_found
adr,Severe neutropenia,Severe neutropenia,icd_code,ICD10,UNKNOWN,,not_found
adr,Anaphylactoid reaction,Anaphylactoid reaction,meddra_code,MDR,10002216,Anaphylactoid reaction,matched_exact
adr,Anaphylactoid reaction,Anaphylactoid reaction,icd_code,ICD10CM,T78.0,Anaphylactic reaction due to food,matched_words
adr,Angioedema,Angioedema,meddra_code,MDR,10002424,Angioedema,matched_exact
adr,Angioedema,Angioedema,icd_code,ICD10CM,T78.3,Angioneurotic edema,matched_words
adr,Headache,Headache,meddra_code,MDR,10019211,Headache,matched_exact
adr,Headache,Headache,icd_code,ICD10CM,R51,Headache,matched_exact
adr,Dizziness,Dizziness,meddra_code,MDR,10013573,Dizziness,matched_exact
adr,Dizziness,Dizziness,icd_code,ICD10CM,R42,Dizziness and giddiness,matched_words
adr,Oral paraesthesia,Oral paraesthesia,meddra_code,MDR,10057372,Paraesthesia oral,matched_words
adr,Oral paraesthesia,Oral paraesthesia,icd_code,ICD10,UNKNOWN,,not_found
adr,Somnolence,Somnolence,meddra_code,MDR,10041349,Somnolence,matched_exact
adr,Somnolence,Somnolence,icd_code,ICD10CM,R40.0,Somnolence,matched_exact
adr,Tachycardia,Tachycardia,meddra_code,MDR,10043071,Tachycardia,matched_exact
adr,Tachycardia,Tachycardia,icd_code,ICD10CM,R00.0,"Tachycardia, unspecified",matched_words
adr,Interstitial lung disease,Interstitial lung disease,meddra_code,MDR,10022611,Interstitial lung disease,matched_exact
adr,Interstitial lung disease,Interstitial lung disease,icd_code,ICD10CM,J84.115,Respiratory bronchiolitis interstitial lung disease,matched_words
adr,Diarrhoea,Diarrhoea,meddra_code,MDR,10012735,Diarrhoea,matched_exact
adr,Diarrhoea,Diarrhoea,icd_code,ICD10,K59.1,Functional diarrhoea,matched_words
adr,Abdominal pain,Abdominal pain,meddra_code,MDR,10000081,Abdominal pain,matched_exact
adr,Abdominal pain,Abdominal pain,icd_code,ICD10CM,R10.9,Unspecified abdominal pain,matched_words
adr,Vomiting,Vomiting,meddra_code,MDR,10047700,Vomiting,matched_exact
adr,Vomiting,Vomiting,icd_code,ICD10CM,R11.1,Vomiting,matched_exact
adr,Pancreatitis,Pancreatitis,meddra_code,MDR,10033645,Pancreatitis,matched_exact
adr,Pancreatitis,Pancreatitis,icd_code,ICD10CM,K85.9,"Acute pancreatitis, unspecified",matched_words
adr,Hepatitis,Hepatitis,meddra_code,MDR,10019717,Hepatitis,matched_exact
adr,Hepatitis,Hepatitis,icd_code,ICD10CM,K75.9,"Inflammatory liver disease, unspecified",matched_words
adr,Rash,Rash,meddra_code,MDR,10037844,Rash,matched_exact
adr,Rash,Rash,icd_code,ICD10CM,R21,Rash and other nonspecific skin eruption,matched_words
adr,Pain,Pain,meddra_code,MDR,10033371,Pain,matched_exact
adr,Pain,Pain,icd_code,ICD10CM,R52,"Pain, unspecified",matched_words
adr,Nasopharyngitis,Nasopharyngitis,meddra_code,MDR,10028810,Nasopharyngitis,matched_exact
adr,Nasopharyngitis,Nasopharyngitis,icd_code,ICD10CM,J00,Acute nasopharyngitis [common cold],matched_words
adr,Neutropaenia,Neutropaenia,meddra_code,MDR,0,,not_found
adr,Neutropaenia,Neutropaenia,icd_code,ICD10,UNKNOWN,,not_found
adr,Hypersensitivity,Hypersensitivity,meddra_code,MDR,10020751,Hypersensitivity,matched_exact
adr,Hypersensitivity,Hypersensitivity,icd_code,ICD10CM,T78.40,"Allergy, unspecified",matched_words
adr,Angioedema,Angioedema,meddra_code,MDR,10002424,Angioedema,matched_exact
adr,Angioedema,Angioedema,icd_code,ICD10CM,T78.3,Angioneurotic edema,matched_words
adr,allergic reaction,allergic reaction,meddra_code,MDR,10001718,Allergic reaction,matched_exact
adr,allergic reaction,allergic reaction,icd_code,ICD10CM,T78.40,"Allergy, unspecified",matched_words
adr,Appetite increased,Appetite increased,meddra_code,MDR,10021654,Increased appetite,matched_words
adr,Appetite increased,Appetite increased,icd_code,ICD10,UNKNOWN,,not_found
adr,Anorexia,Anorexia,meddra_code,MDR,10002646,Anorexia,matched_exact
adr,Anorexia,Anorexia,icd_code,ICD10CM,R63.0,Anorexia,matched_exact
adr,hypoglycaemia,hypoglycaemia,meddra_code,MDR,10020993,Hypoglycaemia,matched_exact
adr,hypoglycaemia,hypoglycaemia,icd_code,ICD10,E16.2,"Hypoglycaemia, unspecified",matched_words
adr,Euphoric mood,Euphoric mood,meddra_code,MDR,10015535,Euphoric mood,matched_exact
adr,Euphoric mood,Euphoric mood,icd_code,ICD10,UNKNOWN,,not_found
adr,confusion,confusion,meddra_code,MDR,10010300,Confusion,matched_exact
adr,confusion,confusion,icd_code,ICD10CM,R41.0,"Disorientation, unspecified",matched_words
adr,irritability,irritability,meddra_code,MDR,10022998,Irritability,matched_exact
adr,irritability,irritability,icd_code,ICD10CM,K58,Irritable bowel syndrome,matched_words
adr,disorientation,disorientation,meddra_code,MDR,10013395,Disorientation,matched_exact
adr,disorientation,disorientation,icd_code,ICD10CM,R41.0,"Disorientation, unspecified",matched_words
adr,insomnia,insomnia,meddra_code,MDR,10022437,Insomnia,matched_exact
adr,insomnia,insomnia,icd_code,ICD10CM,G47.0,Insomnia,matched_exact
adr,libido decreased,libido decreased,meddra_code,MDR,10024419,Libido decreased,matched_exact
adr,libido decreased,libido decreased,icd_code,ICD10CM,R68.82,Decreased libido,matched_words
adr,Hallucination,Hallucination,meddra_code,MDR,10019063,Hallucination,matched_exact
adr,Hallucination,Hallucination,icd_code,ICD10CM,R44.3,"Hallucinations, unspecified",matched_words
adr,panic attack,panic attack,meddra_code,MDR,10033664,Panic attack,matched_exact
adr,panic attack,panic attack,icd_code,ICD10CM,F41.0,Panic disorder [episodic paroxysmal anxiety],matched_exact
adr,restlessness,restlessness,meddra_code,MDR,10038743,Restlessness,matched_exact
adr,restlessness,restlessness,icd_code,ICD10CM,G25.81,Restless legs syndrome,matched_words
adr,agitation,agitation,meddra_code,MDR,10001497,Agitation,matched_exact
adr,agitation,agitation,icd_code,ICD10CM,R45.1,Restlessness and agitation,matched_words
adr,depression,depression,meddra_code,MDR,10012378,Depression,matched_exact
adr,depression,depression,icd_code,ICD10CM,F31.9,"Bipolar disorder, unspecified",matched_words
adr,depressed mood,depressed mood,meddra_code,MDR,10012374,Depressed mood,matched_exact
adr,depressed mood,depressed mood,icd_code,ICD10CM,F43.21,Adjustment disorder with depressed mood,matched_words
adr,elevated mood,elevated mood,meddra_code,MDR,10014483,Elevated mood,matched_exact
adr,elevated mood,elevated mood,icd_code,ICD10,UNKNOWN,,not_found
adr,aggression,aggression,meddra_code,MDR,10001488,Aggression,matched_exact
adr,aggression,aggression,icd_code,ICD10CM,D48.11,Desmoid tumor,matched_words
adr,mood swings,mood swings,meddra_code,MDR,10027951,Mood swings,matched_exact
adr,mood swings,mood swings,icd_code,ICD10,UNKNOWN,,not_found
adr,depersonalisation,depersonalisation,meddra_code,MDR,10012357,Depersonalisation,matched_exact
adr,depersonalisation,depersonalisation,icd_code,ICD10CM,F48.1,Depersonalization-derealization syndrome,matched_words
adr,word finding difficulty,word finding difficulty,meddra_code,MDR,10067711,Word finding difficulty,matched_exact
adr,word finding difficulty,word finding difficulty,icd_code,ICD10,UNKNOWN,,not_found
adr,abnormal dreams,abnormal dreams,meddra_code,MDR,10000125,Abnormal dreams,matched_exact
adr,abnormal dreams,abnormal dreams,icd_code,ICD10,UNKNOWN,,not_found
adr,libido increased,libido increased,meddra_code,MDR,10024421,Libido increased,matched_exact
adr,libido increased,libido increased,icd_code,ICD10,UNKNOWN,,not_found
adr,anorgasmia,anorgasmia,meddra_code,MDR,10002652,Anorgasmia,matched_exact
adr,anorgasmia,anorgasmia,icd_code,ICD10,UNKNOWN,,not_found
adr,apathy,apathy,meddra_code,MDR,10002942,Apathy,matched_exact
adr,apathy,apathy,icd_code,ICD10CM,R45.3,Demoralization and apathy,matched_words
adr,Disinhibition,Disinhibition,meddra_code,MDR,10013142,Disinhibition,matched_exact
adr,Disinhibition,Disinhibition,icd_code,ICD10CM,F94.2,Disinhibited attachment disorder of childhood,matched_words
adr,suicidal behaviour,suicidal behaviour,meddra_code,MDR,10065604,Suicidal behaviour,matched_exact
adr,suicidal behaviour,suicidal behaviour,icd_code,ICD10,UNKNOWN,,not_found
adr,suicidal ideation,suicidal ideation,meddra_code,MDR,10042458,Suicidal ideation,matched_exact
adr,suicidal ideation,suicidal ideation,icd_code,ICD10CM,R45.851,Suicidal ideations,matched_words
adr,Drug dependence,Drug dependence,meddra_code,MDR,10013663,Drug dependence,matched_exact
adr,Drug dependence,Drug dependence,icd_code,ICD10CM,P96.1,Neonatal withdrawal symptoms from maternal use of drugs of addiction,matched_words
adr,Dizziness,Dizziness,meddra_code,MDR,10013573,Dizziness,matched_exact
adr,Dizziness,Dizziness,icd_code,ICD10CM,R42,Dizziness and giddiness,matched_words
adr,somnolence,somnolence,meddra_code,MDR,10041349,Somnolence,matched_exact
adr,somnolence,somnolence,icd_code,ICD10CM,R40.0,Somnolence,matched_exact
adr,headache,headache,meddra_code,MDR,10019211,Headache,matched_exact
adr,headache,headache,icd_code,ICD10CM,R51,Headache,matched_exact
adr,Ataxia,Ataxia,meddra_code,MDR,10003591,Ataxia,matched_exact
adr,Ataxia,Ataxia,icd_code,ICD10CM,R27.0,"Ataxia, unspecified",matched_words
adr,coordination abnormal,coordination abnormal,meddra_code,MDR,10010947,Coordination abnormal,matched_exact
adr,coordination abnormal,coordination abnormal,icd_code,ICD10,UNKNOWN,,not_found
adr,tremor,tremor,meddra_code,MDR,10044565,Tremor,matched_exact
adr,tremor,tremor,icd_code,ICD10CM,R25.1,"Tremor, unspecified",matched_words
adr,dysarthria,dysarthria,meddra_code,MDR,10013887,Dysarthria,matched_exact
adr,dysarthria,dysarthria,icd_code,ICD10CM,R47.1,Dysarthria and anarthria,matched_words
adr,amnesia,amnesia,meddra_code,MDR,10001949,Amnesia,matched_exact
adr,amnesia,amnesia,icd_code,ICD10CM,R41.3,Other amnesia,matched_words
adr,memory impairment,memory impairment,meddra_code,MDR,10027175,Memory impairment,matched_exact
adr,memory impairment,memory impairment,icd_code,ICD10,UNKNOWN,,not_found
adr,disturbance in attention,disturbance in attention,meddra_code,MDR,10013496,Disturbance in attention,matched_exact
adr,disturbance in attention,disturbance in attention,icd_code,ICD10,UNKNOWN,,not_found
adr,paraesthesia,paraesthesia,meddra_code,MDR,10033775,Paraesthesia,matched_exact
adr,paraesthesia,paraesthesia,icd_code,ICD10,R20.2,Paraesthesia of skin,matched_words
adr,hypoaesthesia,hypoaesthesia,meddra_code,MDR,10020937,Hypoaesthesia,matched_exact
adr,hypoaesthesia,hypoaesthesia,icd_code,ICD10,R20.1,Hypoaesthesia of skin,matched_words
adr,sedation,sedation,meddra_code,MDR,10039897,Sedation,matched_exact
adr,sedation,sedation,icd_code,ICD10CM,Z92.83,Personal history of failed moderate sedation,matched_words
adr,balance disorder,balance disorder,meddra_code,MDR,10049848,Balance disorder,matched_exact
adr,balance disorder,balance disorder,icd_code,ICD10CM,E87.4,Mixed disorder of acid-base balance,matched_words
adr,lethargy,lethargy,meddra_code,MDR,10024264,Lethargy,matched_exact
adr,lethargy,lethargy,icd_code,ICD10CM,R53.83,Other fatigue,matched_exact
adr,Syncope,Syncope,meddra_code,MDR,10042772,Syncope,matched_exact
adr,Syncope,Syncope,icd_code,ICD10CM,R55,Syncope and collapse,matched_words
adr,stupor,stupor,meddra_code,MDR,10042264,Stupor,matched_exact
adr,stupor,stupor,icd_code,ICD10CM,R40.1,Stupor,matched_exact
adr,myoclonus,myoclonus,meddra_code,MDR,10028622,Myoclonus,matched_exact
adr,myoclonus,myoclonus,icd_code,ICD10CM,G25.3,Myoclonus,matched_exact
adr,loss of consciousness,loss of consciousness,meddra_code,MDR,10024855,Loss of consciousness,matched_exact
adr,loss of consciousness,loss of consciousness,icd_code,ICD10CM,S06.0XA,Concussion with loss of consciousness status unknown,matched_words
adr,psychomotor hyperactivity,psychomotor hyperactivity,meddra_code,MDR,10037211,Psychomotor hyperactivity,matched_exact
adr,psychomotor hyperactivity,psychomotor hyperactivity,icd_code,ICD10,UNKNOWN,,not_found
adr,dyskinesia,dyskinesia,meddra_code,MDR,10013916,Dyskinesia,matched_exact
adr,dyskinesia,dyskinesia,icd_code,ICD10CM,G24,Dystonia,matched_exact
adr,dizziness postural,dizziness postural,meddra_code,MDR,10013578,Dizziness postural,matched_exact
adr,dizziness postural,dizziness postural,icd_code,ICD10,UNKNOWN,,not_found
adr,intention tremor,intention tremor,meddra_code,MDR,10022520,Intention tremor,matched_exact
adr,intention tremor,intention tremor,icd_code,ICD10CM,G25.2,Other specified forms of tremor,matched_exact
adr,nystagmus,nystagmus,meddra_code,MDR,10029864,Nystagmus,matched_exact
adr,nystagmus,nystagmus,icd_code,ICD10CM,H55.0,Nystagmus,matched_exact
adr,cognitive disorder,cognitive disorder,meddra_code,MDR,10057668,Cognitive disorder,matched_exact
adr,cognitive disorder,cognitive disorder,icd_code,ICD10CM,G31.84,Mild cognitive impairment of uncertain or unknown etiology,matched_words
adr,mental impairment,mental impairment,meddra_code,MDR,10027374,Mental impairment,matched_exact
adr,mental impairment,mental impairment,icd_code,ICD10,F71.9,Moderate mental retardation without mention of impairment of behaviour,matched_words
adr,speech disorder,speech disorder,meddra_code,MDR,10041466,Speech disorder,matched_exact
adr,speech disorder,speech disorder,icd_code,ICD10CM,F80.9,"Developmental disorder of speech and language, unspecified",matched_words
adr,hyporeflexia,hyporeflexia,meddra_code,MDR,10021089,Hyporeflexia,matched_exact
adr,hyporeflexia,hyporeflexia,icd_code,ICD10,UNKNOWN,,not_found
adr,hyperaesthesia,hyperaesthesia,meddra_code,MDR,10020568,Hyperaesthesia,matched_exact
adr,hyperaesthesia,hyperaesthesia,icd_code,ICD10,R20.3,Hyperaesthesia,matched_exact
adr,burning sensation,burning sensation,meddra_code,MDR,10006784,Burning sensation,matched_exact
adr,burning sensation,burning sensation,icd_code,ICD10,UNKNOWN,,not_found
adr,ageusia,ageusia,meddra_code,MDR,10001480,Ageusia,matched_exact
adr,ageusia,ageusia,icd_code,ICD10,UNKNOWN,,not_found
adr,malaise,malaise,meddra_code,MDR,10025482,Malaise,matched_exact
adr,malaise,malaise,icd_code,ICD10CM,R53.81,Other malaise,matched_words
adr,Convulsions,Convulsions,meddra_code,MDR,10010914,Convulsions,matched_exact
adr,Convulsions,Convulsions,icd_code,ICD10CM,G40.909,"Epilepsy, unspecified, not intractable, without status epilepticus",matched_words
adr,parosmia,parosmia,meddra_code,MDR,10034018,Parosmia,matched_exact
adr,parosmia,parosmia,icd_code,ICD10CM,R43.1,Parosmia,matched_exact
adr,hypokinesia,hypokinesia,meddra_code,MDR,10021021,Hypokinesia,matched_exact
adr,hypokinesia,hypokinesia,icd_code,ICD10,UNKNOWN,,not_found
adr,dysgraphia,dysgraphia,meddra_code,MDR,10058319,Dysgraphia,matched_exact
adr,dysgraphia,dysgraphia,icd_code,ICD10,UNKNOWN,,not_found
adr,parkinsonism,parkinsonism,meddra_code,MDR,10034010,Parkinsonism,matched_exact
adr,parkinsonism,parkinsonism,icd_code,ICD10CM,G20,Parkinson's disease,matched_words
adr,Vision blurred,Vision blurred,meddra_code,MDR,10047513,Vision blurred,matched_exact
adr,Vision blurred,Vision blurred,icd_code,ICD10,UNKNOWN,,not_found
adr,diplopia,diplopia,meddra_code,MDR,10013036,Diplopia,matched_exact
adr,diplopia,diplopia,icd_code,ICD10CM,H53.2,Diplopia,matched_exact
adr,Peripheral vision loss,Peripheral vision loss,meddra_code,MDR,0,,not_found
adr,Peripheral vision loss,Peripheral vision loss,icd_code,ICD10,UNKNOWN,,not_found
adr,visual disturbance,visual disturbance,meddra_code,MDR,10047543,Visual disturbance,matched_exact
adr,visual disturbance,visual disturbance,icd_code,ICD10CM,H53.9,Unspecified visual disturbance,matched_words
adr,eye swelling,eye swelling,meddra_code,MDR,10015967,Eye swelling,matched_exact
adr,eye swelling,eye swelling,icd_code,ICD10,UNKNOWN,,not_found
adr,visual field defect,visual field defect,meddra_code,MDR,10047555,Visual field defect,matched_exact
adr,visual field defect,visual field defect,icd_code,ICD10CM,H53.4,Visual field defects,matched_words
adr,visual acuity reduced,visual acuity reduced,meddra_code,MDR,10047531,Visual acuity reduced,matched_exact
adr,visual acuity reduced,visual acuity reduced,icd_code,ICD10,UNKNOWN,,not_found
adr,eye pain,eye pain,meddra_code,MDR,10015958,Eye pain,matched_exact
adr,eye pain,eye pain,icd_code,ICD10CM,H57.10,"Ocular pain, unspecified eye",matched_words
adr,asthenopia,asthenopia,meddra_code,MDR,10003552,Asthenopia,matched_exact
adr,asthenopia,asthenopia,icd_code,ICD10CM,H53.14,Visual discomfort,matched_exact
adr,photopsia,photopsia,meddra_code,MDR,10034962,Photopsia,matched_exact
adr,photopsia,photopsia,icd_code,ICD10,UNKNOWN,,not_found
adr,dry eye,dry eye,meddra_code,MDR,10013774,Dry eye,matched_exact
adr,dry eye,dry eye,icd_code,ICD10CM,H04.12,Dry eye syndrome,matched_words
adr,lacrimation increased,lacrimation increased,meddra_code,MDR,10023644,Lacrimation increased,matched_exact
adr,lacrimation increased,lacrimation increased,icd_code,ICD10,UNKNOWN,,not_found
adr,eye irritation,eye irritation,meddra_code,MDR,10015946,Eye irritation,matched_exact
adr,eye irritation,eye irritation,icd_code,ICD10,UNKNOWN,,not_found
adr,Vision loss,Vision loss,meddra_code,MDR,10047522,Vision loss,matched_exact
adr,Vision loss,Vision loss,icd_code,ICD10CM,H54.61,"Unqualified visual loss, right eye, normal vision left eye",matched_words
adr,keratitis,keratitis,meddra_code,MDR,10023332,Keratitis,matched_exact
adr,keratitis,keratitis,icd_code,ICD10CM,H16,Keratitis,matched_exact
adr,oscillopsia,oscillopsia,meddra_code,MDR,10052087,Oscillopsia,matched_exact
adr,oscillopsia,oscillopsia,icd_code,ICD10,UNKNOWN,,not_found
adr,altered visual depth perception,altered visual depth perception,meddra_code,MDR,10053549,Altered visual depth perception,matched_exact
adr,altered visual depth perception,altered visual depth perception,icd_code,ICD10,UNKNOWN,,not_found
adr,mydriasis,mydriasis,meddra_code,MDR,10028521,Mydriasis,matched_exact
adr,mydriasis,mydriasis,icd_code,ICD10CM,H57.04,Mydriasis,matched_exact
adr,strabismus,strabismus,meddra_code,MDR,10042159,Strabismus,matched_exact
adr,strabismus,strabismus,icd_code,ICD10CM,H50.9,Unspecified strabismus,matched_words
adr,visual brightness,visual brightness,meddra_code,MDR,10049155,Visual brightness,matched_exact
adr,visual brightness,visual brightness,icd_code,ICD10,UNKNOWN,,not_found
adr,Vertigo,Vertigo,meddra_code,MDR,10047340,Vertigo,matched_exact
adr,Vertigo,Vertigo,icd_code,ICD10CM,H81.0,Ménière's disease,matched_words
adr,Hyperacusis,Hyperacusis,meddra_code,MDR,10020559,Hyperacusis,matched_exact
adr,Hyperacusis,Hyperacusis,icd_code,ICD10CM,H93.23,Hyperacusis,matched_exact
adr,Tachycardia,Tachycardia,meddra_code,MDR,10043071,Tachycardia,matched_exact
adr,Tachycardia,Tachycardia,icd_code,ICD10CM,R00.0,"Tachycardia, unspecified",matched_words
adr,atrioventricular block first degree,atrioventricular block first degree,meddra_code,MDR,10003674,Atrioventricular block first degree,matched_exact
adr,atrioventricular block first degree,atrioventricular block first degree,icd_code,ICD10CM,I44.0,"Atrioventricular block, first degree",matched_words
adr,sinus bradycardia,sinus bradycardia,meddra_code,MDR,10040741,Sinus bradycardia,matched_exact
adr,sinus bradycardia,sinus bradycardia,icd_code,ICD10CM,R00.1,"Bradycardia, unspecified",matched_exact
adr,congestive heart failure,congestive heart failure,meddra_code,MDR,10010684,Congestive heart failure,matched_exact
adr,congestive heart failure,congestive heart failure,icd_code,ICD10CM,I50.9,"Heart failure, unspecified",matched_words
adr,QT prolongation,QT prolongation,meddra_code,MDR,10037705,QT prolonged,matched_words
adr,QT prolongation,QT prolongation,icd_code,ICD10,UNKNOWN,,not_found
adr,sinus tachycardia,sinus tachycardia,meddra_code,MDR,10040752,Sinus tachycardia,matched_exact
adr,sinus tachycardia,sinus tachycardia,icd_code,ICD10CM,I47.11,"Inappropriate sinus tachycardia, so stated",matched_words
adr,sinus arrhythmia,sinus arrhythmia,meddra_code,MDR,10040739,Sinus arrhythmia,matched_exact
adr,sinus arrhythmia,sinus arrhythmia,icd_code,ICD10,UNKNOWN,,not_found
adr,Hypotension,Hypotension,meddra_code,MDR,10021097,Hypotension,matched_exact
adr,Hypotension,Hypotension,icd_code,ICD10CM,I95,Hypotension,matched_exact
adr,hypertension,hypertension,meddra_code,MDR,10020772,Hypertension,matched_exact
adr,hypertension,hypertension,icd_code,ICD10CM,I10,Essential (primary) hypertension,matched_words
adr,hot flushes,hot flushes,meddra_code,MDR,10020408,Hot flushes,matched_exact
adr,hot flushes,hot flushes,icd_code,ICD10,UNKNOWN,,not_found
adr,flushing,flushing,meddra_code,MDR,10016825,Flushing,matched_exact
adr,flushing,flushing,icd_code,ICD10CM,R23.2,Flushing,matched_exact
adr,peripheral coldness,peripheral coldness,meddra_code,MDR,10034568,Peripheral coldness,matched_exact
adr,peripheral coldness,peripheral coldness,icd_code,ICD10,UNKNOWN,,not_found
adr,Dyspnoea,Dyspnoea,meddra_code,MDR,10013968,Dyspnoea,matched_exact
adr,Dyspnoea,Dyspnoea,icd_code,ICD10,R06.0,Dyspnoea,matched_exact
adr,epistaxis,epistaxis,meddra_code,MDR,10015090,Epistaxis,matched_exact
adr,epistaxis,epistaxis,icd_code,ICD10CM,R04.0,Epistaxis,matched_exact
adr,cough,cough,meddra_code,MDR,10011224,Cough,matched_exact
adr,cough,cough,icd_code,ICD10CM,R05,Cough,matched_exact
adr,nasal congestion,nasal congestion,meddra_code,MDR,10028735,Nasal congestion,matched_exact
adr,nasal congestion,nasal congestion,icd_code,ICD10CM,R09.81,Nasal congestion,matched_exact
adr,rhinitis,rhinitis,meddra_code,MDR,10039083,Rhinitis,matched_exact
adr,rhinitis,rhinitis,icd_code,ICD10CM,J00,Acute nasopharyngitis [common cold],matched_words
adr,snoring,snoring,meddra_code,MDR,10041235,Snoring,matched_exact
adr,snoring,snoring,icd_code,ICD10CM,R06.83,Snoring,matched_exact
adr,nasal dryness,nasal dryness,meddra_code,MDR,10028740,Nasal dryness,matched_exact
adr,nasal dryness,nasal dryness,icd_code,ICD10,UNKNOWN,,not_found
adr,Pulmonary oedema,Pulmonary oedema,meddra_code,MDR,10037423,Pulmonary oedema,matched_exact
adr,Pulmonary oedema,Pulmonary oedema,icd_code,ICD10,J81,Pulmonary oedema,matched_exact
adr,throat tightness,throat tightness,meddra_code,MDR,10043528,Throat tightness,matched_exact
adr,throat tightness,throat tightness,icd_code,ICD10,UNKNOWN,,not_found
adr,Respiratory depression,Respiratory depression,meddra_code,MDR,10038678,Respiratory depression,matched_exact
adr,Respiratory depression,Respiratory depression,icd_code,ICD10CM,P28.9,"Respiratory condition of newborn, unspecified",matched_words
adr,Vomiting,Vomiting,meddra_code,MDR,10047700,Vomiting,matched_exact
adr,Vomiting,Vomiting,icd_code,ICD10CM,R11.1,Vomiting,matched_exact
adr,nausea,nausea,meddra_code,MDR,10028813,Nausea,matched_exact
adr,nausea,nausea,icd_code,ICD10CM,R11.0,Nausea,matched_exact
adr,constipation,constipation,meddra_code,MDR,10010774,Constipation,matched_exact
adr,constipation,constipation,icd_code,ICD10CM,K59.0,Constipation,matched_exact
adr,diarrhoea,diarrhoea,meddra_code,MDR,10012735,Diarrhoea,matched_exact
adr,diarrhoea,diarrhoea,icd_code,ICD10,K59.1,Functional diarrhoea,matched_words
adr,flatulence,flatulence,meddra_code,MDR,10016766,Flatulence,matched_exact
adr,flatulence,flatulence,icd_code,ICD10CM,R14.3,Flatulence,matched_exact
adr,abdominal distension,abdominal distension,meddra_code,MDR,10000060,Abdominal distension,matched_exact
adr,abdominal distension,abdominal distension,icd_code,ICD10CM,R14.0,Abdominal distension (gaseous),matched_words
adr,dry mouth,dry mouth,meddra_code,MDR,10013781,Dry mouth,matched_exact
adr,dry mouth,dry mouth,icd_code,ICD10CM,R68.2,"Dry mouth, unspecified",matched_words
adr,Gastrooesophageal reflux disease,Gastrooesophageal reflux disease,meddra_code,MDR,10017885,Gastrooesophageal reflux disease,matched_exact
adr,Gastrooesophageal reflux disease,Gastrooesophageal reflux disease,icd_code,ICD10,UNKNOWN,,not_found
adr,salivary hypersecretion,salivary hypersecretion,meddra_code,MDR,10039424,Salivary hypersecretion,matched_exact
adr,salivary hypersecretion,salivary hypersecretion,icd_code,ICD10,UNKNOWN,,not_found
adr,hypoaesthesia oral,hypoaesthesia oral,meddra_code,MDR,10057371,Hypoaesthesia oral,matched_exact
adr,hypoaesthesia oral,hypoaesthesia oral,icd_code,ICD10,UNKNOWN,,not_found
adr,Ascites,Ascites,meddra_code,MDR,10003445,Ascites,matched_exact
adr,Ascites,Ascites,icd_code,ICD10CM,R18,Ascites,matched_exact
adr,pancreatitis,pancreatitis,meddra_code,MDR,10033645,Pancreatitis,matched_exact
adr,pancreatitis,pancreatitis,icd_code,ICD10CM,K85.9,"Acute pancreatitis, unspecified",matched_words
adr,swollen tongue,swollen tongue,meddra_code,MDR,10042727,Swollen tongue,matched_exact
adr,swollen tongue,swollen tongue,icd_code,ICD10,UNKNOWN,,not_found
adr,dysphagia,dysphagia,meddra_code,MDR,10013950,Dysphagia,matched_exact
adr,dysphagia,dysphagia,icd_code,ICD10CM,R13.1,Dysphagia,matched_exact
adr,Elevated liver enzymes,Elevated liver enzymes,meddra_code,MDR,10014481,Elevated liver enzymes,matched_exact
adr,Elevated liver enzymes,Elevated liver enzymes,icd_code,ICD10CM,O14.2,HELLP syndrome,matched_words
adr,Jaundice,Jaundice,meddra_code,MDR,10023126,Jaundice,matched_exact
adr,Jaundice,Jaundice,icd_code,ICD10CM,R17,Unspecified jaundice,matched_words
adr,Hepatic failure,Hepatic failure,meddra_code,MDR,10019663,Hepatic failure,matched_exact
adr,Hepatic failure,Hepatic failure,icd_code,ICD10CM,K72.9,"Hepatic failure, unspecified",matched_words
adr,hepatitis,hepatitis,meddra_code,MDR,10019717,Hepatitis,matched_exact
adr,hepatitis,hepatitis,icd_code,ICD10CM,K75.9,"Inflammatory liver disease, unspecified",matched_words
adr,Rash papular,Rash papular,meddra_code,MDR,10037876,Rash papular,matched_exact
adr,Rash papular,Rash papular,icd_code,ICD10,UNKNOWN,,not_found
adr,urticaria,urticaria,meddra_code,MDR,10046735,Urticaria,matched_exact
adr,urticaria,urticaria,icd_code,ICD10CM,L50,Urticaria,matched_exact
adr,hyperhidrosis,hyperhidrosis,meddra_code,MDR,10020642,Hyperhidrosis,matched_exact
adr,hyperhidrosis,hyperhidrosis,icd_code,ICD10CM,R61,Generalized hyperhidrosis,matched_words
adr,pruritus,pruritus,meddra_code,MDR,10037087,Pruritus,matched_exact
adr,pruritus,pruritus,icd_code,ICD10CM,L29,Pruritus,matched_exact
adr,Toxic epidermal necrolysis,Toxic epidermal necrolysis,meddra_code,MDR,10044223,Toxic epidermal necrolysis,matched_exact
adr,Toxic epidermal necrolysis,Toxic epidermal necrolysis,icd_code,ICD10CM,L51.2,Toxic epidermal necrolysis [Lyell],matched_words
adr,Stevens‑Johnson syndrome,Stevens‑Johnson syndrome,meddra_code,MDR,10042033,Stevens-Johnson syndrome,matched_words
adr,Stevens‑Johnson syndrome,Stevens‑Johnson syndrome,icd_code,ICD10CM,L51.1,Stevens-Johnson syndrome,matched_words
adr,cold sweat,cold sweat,meddra_code,MDR,10009866,Cold sweat,matched_exact
adr,cold sweat,cold sweat,icd_code,ICD10,UNKNOWN,,not_found
adr,Muscle cramp,Muscle cramp,meddra_code,MDR,10028294,Muscle cramp,matched_exact
adr,Muscle cramp,Muscle cramp,icd_code,ICD10,UNKNOWN,,not_found
adr,arthralgia,arthralgia,meddra_code,MDR,10003239,Arthralgia,matched_exact
adr,arthralgia,arthralgia,icd_code,ICD10CM,M26.62,Arthralgia of temporomandibular joint,matched_words
adr,back pain,back pain,meddra_code,MDR,10003988,Back pain,matched_exact
adr,back pain,back pain,icd_code,ICD10CM,M54.9,"Dorsalgia, unspecified",matched_words
adr,pain in limb,pain in limb,meddra_code,MDR,10033447,Pain in limb,matched_exact
adr,pain in limb,pain in limb,icd_code,ICD10CM,M79.609,Pain in unspecified limb,matched_words
adr,cervical spasm,cervical spasm,meddra_code,MDR,10048315,Cervical spasm,matched_exact
adr,cervical spasm,cervical spasm,icd_code,ICD10CM,O62.4,"Hypertonic, incoordinate, and prolonged uterine contractions",matched_exact
adr,Joint swelling,Joint swelling,meddra_code,MDR,10023232,Joint swelling,matched_exact
adr,Joint swelling,Joint swelling,icd_code,ICD10,UNKNOWN,,not_found
adr,myalgia,myalgia,meddra_code,MDR,10028411,Myalgia,matched_exact
adr,myalgia,myalgia,icd_code,ICD10CM,M79.1,Myalgia,matched_exact
adr,muscle twitching,muscle twitching,meddra_code,MDR,10028347,Muscle twitching,matched_exact
adr,muscle twitching,muscle twitching,icd_code,ICD10,UNKNOWN,,not_found
adr,neck pain,neck pain,meddra_code,MDR,10028836,Neck pain,matched_exact
adr,neck pain,neck pain,icd_code,ICD10,UNKNOWN,,not_found
adr,muscle stiffness,muscle stiffness,meddra_code,MDR,10028339,Muscle stiffness,matched_exact
adr,muscle stiffness,muscle stiffness,icd_code,ICD10,UNKNOWN,,not_found
adr,Rhabdomyolysis,Rhabdomyolysis,meddra_code,MDR,10039020,Rhabdomyolysis,matched_exact
adr,Rhabdomyolysis,Rhabdomyolysis,icd_code,ICD10CM,M62.82,Rhabdomyolysis,matched_exact
adr,Urinary incontinence,Urinary incontinence,meddra_code,MDR,10046543,Urinary incontinence,matched_exact
adr,Urinary incontinence,Urinary incontinence,icd_code,ICD10CM,R32,Unspecified urinary incontinence,matched_words
adr,dysuria,dysuria,meddra_code,MDR,10013990,Dysuria,matched_exact
adr,dysuria,dysuria,icd_code,ICD10CM,R30.0,Dysuria,matched_exact
adr,Renal failure,Renal failure,meddra_code,MDR,10038435,Renal failure,matched_exact
adr,Renal failure,Renal failure,icd_code,ICD10CM,N18.9,"Chronic kidney disease, unspecified",matched_words
adr,oliguria,oliguria,meddra_code,MDR,10030302,Oliguria,matched_exact
adr,oliguria,oliguria,icd_code,ICD10CM,R34,Anuria and oliguria,matched_words
adr,urinary retention,urinary retention,meddra_code,MDR,10046555,Urinary retention,matched_exact
adr,urinary retention,urinary retention,icd_code,ICD10,UNKNOWN,,not_found
adr,Erectile dysfunction,Erectile dysfunction,meddra_code,MDR,10061461,Erectile dysfunction,matched_exact
adr,Erectile dysfunction,Erectile dysfunction,icd_code,ICD10CM,N52,Male erectile dysfunction,matched_words
adr,Sexual dysfunction,Sexual dysfunction,meddra_code,MDR,10040477,Sexual dysfunction,matched_exact
adr,Sexual dysfunction,Sexual dysfunction,icd_code,ICD10CM,R37,"Sexual dysfunction, unspecified",matched_words
adr,ejaculation delayed,ejaculation delayed,meddra_code,MDR,10014325,Ejaculation delayed,matched_exact
adr,ejaculation delayed,ejaculation delayed,icd_code,ICD10CM,F52.32,Male orgasmic disorder,matched_words
adr,dysmenorrhoea,dysmenorrhoea,meddra_code,MDR,10013935,Dysmenorrhoea,matched_exact
adr,dysmenorrhoea,dysmenorrhoea,icd_code,ICD10,N94.6,"Dysmenorrhoea, unspecified",matched_words
adr,breast pain,breast pain,meddra_code,MDR,10006298,Breast pain,matched_exact
adr,breast pain,breast pain,icd_code,ICD10,UNKNOWN,,not_found
adr,Amenorrhoea,Amenorrhoea,meddra_code,MDR,10001928,Amenorrhoea,matched_exact
adr,Amenorrhoea,Amenorrhoea,icd_code,ICD10,N91.2,"Amenorrhoea, unspecified",matched_words
adr,breast discharge,breast discharge,meddra_code,MDR,10006223,Breast discharge,matched_exact
adr,breast discharge,breast discharge,icd_code,ICD10,UNKNOWN,,not_found
adr,breast enlargement,breast enlargement,meddra_code,MDR,10006242,Breast enlargement,matched_exact
adr,breast enlargement,breast enlargement,icd_code,ICD10,UNKNOWN,,not_found
adr,gynaecomastia,gynaecomastia,meddra_code,MDR,10018800,Gynaecomastia,matched_exact
adr,gynaecomastia,gynaecomastia,icd_code,ICD10,UNKNOWN,,not_found
adr,Oedema peripheral,Oedema peripheral,meddra_code,MDR,10030124,Oedema peripheral,matched_exact
adr,Oedema peripheral,Oedema peripheral,icd_code,ICD10,UNKNOWN,,not_found
adr,oedema,oedema,meddra_code,MDR,10030095,Oedema,matched_exact
adr,oedema,oedema,icd_code,ICD10,R60.9,"Oedema, unspecified",matched_words
adr,gait abnormal,gait abnormal,meddra_code,MDR,10017573,Gait abnormal,matched_exact
adr,gait abnormal,gait abnormal,icd_code,ICD10CM,R26,Abnormalities of gait and mobility,matched_words
adr,fall,fall,meddra_code,MDR,10016173,Fall,matched_exact
adr,fall,fall,icd_code,ICD10CM,W19,Unspecified fall,matched_words
adr,feeling drunk,feeling drunk,meddra_code,MDR,10016330,Feeling drunk,matched_exact
adr,feeling drunk,feeling drunk,icd_code,ICD10,UNKNOWN,,not_found
adr,feeling abnormal,feeling abnormal,meddra_code,MDR,10016322,Feeling abnormal,matched_exact
adr,feeling abnormal,feeling abnormal,icd_code,ICD10,UNKNOWN,,not_found
adr,fatigue,fatigue,meddra_code,MDR,10016256,Fatigue,matched_exact
adr,fatigue,fatigue,icd_code,ICD10CM,R53.83,Other fatigue,matched_words
adr,Generalised oedema,Generalised oedema,meddra_code,MDR,10018092,Generalised oedema,matched_exact
adr,Generalised oedema,Generalised oedema,icd_code,ICD10,UNKNOWN,,not_found
adr,face oedema,face oedema,meddra_code,MDR,10016029,Face oedema,matched_exact
adr,face oedema,face oedema,icd_code,ICD10,UNKNOWN,,not_found
adr,chest tightness,chest tightness,meddra_code,MDR,10008492,Chest tightness,matched_exact
adr,chest tightness,chest tightness,icd_code,ICD10,UNKNOWN,,not_found
adr,pain,pain,meddra_code,MDR,10033371,Pain,matched_exact
adr,pain,pain,icd_code,ICD10CM,R52,"Pain, unspecified",matched_words
adr,pyrexia,pyrexia,meddra_code,MDR,10037660,Pyrexia,matched_exact
adr,pyrexia,pyrexia,icd_code,ICD10CM,R50.9,"Fever, unspecified",matched_words
adr,thirst,thirst,meddra_code,MDR,10043458,Thirst,matched_exact
adr,thirst,thirst,icd_code,ICD10CM,R63.1,Polydipsia,matched_words
adr,chills,chills,meddra_code,MDR,10008531,Chills,matched_exact
adr,chills,chills,icd_code,ICD10CM,R68.83,Chills (without fever),matched_words
adr,asthenia,asthenia,meddra_code,MDR,10003549,Asthenia,matched_exact
adr,asthenia,asthenia,icd_code,ICD10CM,R53.1,Weakness,matched_words
adr,Weight increased,Weight increased,meddra_code,MDR,10047899,Weight increased,matched_exact
adr,Weight increased,Weight increased,icd_code,ICD10,UNKNOWN,,not_found
adr,Blood creatine phosphokinase increased,Blood creatine phosphokinase increased,meddra_code,MDR,10005470,Blood creatine phosphokinase increased,matched_exact
adr,Blood creatine phosphokinase increased,Blood creatine phosphokinase increased,icd_code,ICD10,UNKNOWN,,not_found
adr,blood glucose increased,blood glucose increased,meddra_code,MDR,10005557,Blood glucose increased,matched_exact
adr,blood glucose increased,blood glucose increased,icd_code,ICD10,UNKNOWN,,not_found
adr,platelet count decreased,platelet count decreased,meddra_code,MDR,10035528,Platelet count decreased,matched_exact
adr,platelet count decreased,platelet count decreased,icd_code,ICD10,UNKNOWN,,not_found
adr,blood creatinine increased,blood creatinine increased,meddra_code,MDR,10005483,Blood creatinine increased,matched_exact
adr,blood creatinine increased,blood creatinine increased,icd_code,ICD10,UNKNOWN,,not_found
adr,blood potassium decreased,blood potassium decreased,meddra_code,MDR,10005724,Blood potassium decreased,matched_exact
adr,blood potassium decreased,blood potassium decreased,icd_code,ICD10,UNKNOWN,,not_found
adr,weight decreased,weight decreased,meddra_code,MDR,10047895,Weight decreased,matched_exact
adr,weight decreased,weight decreased,icd_code,ICD10CM,D68.020,"Von Willebrand disease, type 2A",matched_words
adr,White blood cell count decreased,White blood cell count decreased,meddra_code,MDR,10047942,White blood cell count decreased,matched_exact
adr,White blood cell count decreased,White blood cell count decreased,icd_code,ICD10CM,D72.819,"Decreased white blood cell count, unspecified",matched_words
adr,headache,headache,meddra_code,MDR,10019211,Headache,matched_exact
adr,headache,headache,icd_code,ICD10CM,R51,Headache,matched_exact
adr,abdominal pain,abdominal pain,meddra_code,MDR,10000081,Abdominal pain,matched_exact
adr,abdominal pain,abdominal pain,icd_code,ICD10CM,R10.9,Unspecified abdominal pain,matched_words
adr,decreased appetite,decreased appetite,meddra_code,MDR,10061428,Decreased appetite,matched_exact
adr,decreased appetite,decreased appetite,icd_code,ICD10,UNKNOWN,,not_found
adr,nausea,nausea,meddra_code,MDR,10028813,Nausea,matched_exact
adr,nausea,nausea,icd_code,ICD10CM,R11.0,Nausea,matched_exact
adr,vomiting,vomiting,meddra_code,MDR,10047700,Vomiting,matched_exact
adr,vomiting,vomiting,icd_code,ICD10CM,R11.1,Vomiting,matched_exact
adr,somnolence,somnolence,meddra_code,MDR,10041349,Somnolence,matched_exact
adr,somnolence,somnolence,icd_code,ICD10CM,R40.0,Somnolence,matched_exact
adr,increases in heart rate,increases in heart rate,meddra_code,MDR,0,,not_found
adr,increases in heart rate,increases in heart rate,icd_code,ICD10,UNKNOWN,,not_found
adr,increases in systolic blood pressure,increases in systolic blood pressure,meddra_code,MDR,0,,not_found
adr,increases in systolic blood pressure,increases in systolic blood pressure,icd_code,ICD10,UNKNOWN,,not_found
adr,increases in diastolic blood pressure,increases in diastolic blood pressure,meddra_code,MDR,0,,not_found
adr,increases in diastolic blood pressure,increases in diastolic blood pressure,icd_code,ICD10,UNKNOWN,,not_found
adr,orthostatic hypotension,orthostatic hypotension,meddra_code,MDR,10031127,Orthostatic hypotension,matched_exact
adr,orthostatic hypotension,orthostatic hypotension,icd_code,ICD10CM,I95.1,Orthostatic hypotension,matched_exact
adr,syncope,syncope,meddra_code,MDR,10042772,Syncope,matched_exact
adr,syncope,syncope,icd_code,ICD10CM,R55,Syncope and collapse,matched_words
adr,growth retardation,growth retardation,meddra_code,MDR,10053759,Growth retardation,matched_exact
adr,growth retardation,growth retardation,icd_code,ICD10CM,P05.9,"Newborn affected by slow intrauterine growth, unspecified",matched_words
adr,irritability,irritability,meddra_code,MDR,10022998,Irritability,matched_exact
adr,irritability,irritability,icd_code,ICD10CM,K58,Irritable bowel syndrome,matched_words
adr,Mood swings,Mood swings,meddra_code,MDR,10027951,Mood swings,matched_exact
adr,Mood swings,Mood swings,icd_code,ICD10,UNKNOWN,,not_found
adr,Insomnia,Insomnia,meddra_code,MDR,10022437,Insomnia,matched_exact
adr,Insomnia,Insomnia,icd_code,ICD10CM,G47.0,Insomnia,matched_exact
adr,Agitation,Agitation,meddra_code,MDR,10001497,Agitation,matched_exact
adr,Agitation,Agitation,icd_code,ICD10CM,R45.1,Restlessness and agitation,matched_words
adr,Anxiety,Anxiety,meddra_code,MDR,10002855,Anxiety,matched_exact
adr,Anxiety,Anxiety,icd_code,ICD10CM,F41.1,Generalized anxiety disorder,matched_words
adr,Depression,Depression,meddra_code,MDR,10012378,Depression,matched_exact
adr,Depression,Depression,icd_code,ICD10CM,F31.9,"Bipolar disorder, unspecified",matched_words
adr,Tics,Tics,meddra_code,MDR,10043849,Tics,matched_exact
adr,Tics,Tics,icd_code,ICD10CM,G50.0,Trigeminal neuralgia,matched_words
adr,suicide-related events,suicide-related events,meddra_code,MDR,0,,not_found
adr,suicide-related events,suicide-related events,icd_code,ICD10,UNKNOWN,,not_found
adr,Aggression,Aggression,meddra_code,MDR,10001488,Aggression,matched_exact
adr,Aggression,Aggression,icd_code,ICD10CM,D48.11,Desmoid tumor,matched_words
adr,Hostility,Hostility,meddra_code,MDR,10020400,Hostility,matched_exact
adr,Hostility,Hostility,icd_code,ICD10CM,R45.5,Hostility,matched_exact
adr,Emotional lability,Emotional lability,meddra_code,MDR,10014555,Emotional lability,matched_exact
adr,Emotional lability,Emotional lability,icd_code,ICD10CM,R45.86,Emotional lability,matched_exact
adr,Psychosis,Psychosis,meddra_code,MDR,10037234,Psychosis,matched_exact
adr,Psychosis,Psychosis,icd_code,ICD10CM,F25.9,"Schizoaffective disorder, unspecified",matched_words
adr,Bruxism,Bruxism,meddra_code,MDR,10006514,Bruxism,matched_exact
adr,Bruxism,Bruxism,icd_code,ICD10CM,G47.63,Sleep related bruxism,matched_words
adr,dizziness,dizziness,meddra_code,MDR,10013573,Dizziness,matched_exact
adr,dizziness,dizziness,icd_code,ICD10CM,R42,Dizziness and giddiness,matched_words
adr,tremor,tremor,meddra_code,MDR,10044565,Tremor,matched_exact
adr,tremor,tremor,icd_code,ICD10CM,R25.1,"Tremor, unspecified",matched_words
adr,migraine,migraine,meddra_code,MDR,10027599,Migraine,matched_exact
adr,migraine,migraine,icd_code,ICD10CM,G43,Migraine,matched_exact
adr,paraesthesia,paraesthesia,meddra_code,MDR,10033775,Paraesthesia,matched_exact
adr,paraesthesia,paraesthesia,icd_code,ICD10,R20.2,Paraesthesia of skin,matched_words
adr,hypoaesthesia,hypoaesthesia,meddra_code,MDR,10020937,Hypoaesthesia,matched_exact
adr,hypoaesthesia,hypoaesthesia,icd_code,ICD10,R20.1,Hypoaesthesia of skin,matched_words
adr,seizure,seizure,meddra_code,MDR,10039906,Seizure,matched_exact
adr,seizure,seizure,icd_code,ICD10CM,G40.909,"Epilepsy, unspecified, not intractable, without status epilepticus",matched_words
adr,mydriasis,mydriasis,meddra_code,MDR,10028521,Mydriasis,matched_exact
adr,mydriasis,mydriasis,icd_code,ICD10CM,H57.04,Mydriasis,matched_exact
adr,Vision blurred,Vision blurred,meddra_code,MDR,10047513,Vision blurred,matched_exact
adr,Vision blurred,Vision blurred,icd_code,ICD10,UNKNOWN,,not_found
adr,palpitations,palpitations,meddra_code,MDR,10033557,Palpitations,matched_exact
adr,palpitations,palpitations,icd_code,ICD10CM,R00.2,Palpitations,matched_exact
adr,sinus tachycardia,sinus tachycardia,meddra_code,MDR,10040752,Sinus tachycardia,matched_exact
adr,sinus tachycardia,sinus tachycardia,icd_code,ICD10CM,I47.11,"Inappropriate sinus tachycardia, so stated",matched_words
adr,QT-interval prolongation,QT-interval prolongation,meddra_code,MDR,10037703,QT interval prolonged,matched_words
adr,QT-interval prolongation,QT-interval prolongation,icd_code,ICD10,UNKNOWN,,not_found
adr,Raynaudʼs phenomenon,Raynaudʼs phenomenon,meddra_code,MDR,0,,not_found
adr,Raynaudʼs phenomenon,Raynaudʼs phenomenon,icd_code,ICD10,UNKNOWN,,not_found
adr,Dyspnoea,Dyspnoea,meddra_code,MDR,10013968,Dyspnoea,matched_exact
adr,Dyspnoea,Dyspnoea,icd_code,ICD10,R06.0,Dyspnoea,matched_exact
adr,Constipation,Constipation,meddra_code,MDR,10010774,Constipation,matched_exact
adr,Constipation,Constipation,icd_code,ICD10CM,K59.0,Constipation,matched_exact
adr,Dyspepsia,Dyspepsia,meddra_code,MDR,10013946,Dyspepsia,matched_exact
adr,Dyspepsia,Dyspepsia,icd_code,ICD10CM,R10.13,Epigastric pain,matched_exact
adr,Blood bilirubin increased,Blood bilirubin increased,meddra_code,MDR,10005364,Blood bilirubin increased,matched_exact
adr,Blood bilirubin increased,Blood bilirubin increased,icd_code,ICD10,UNKNOWN,,not_found
adr,Abnormal/increased liver function tests,Abnormal/increased liver function tests,meddra_code,MDR,0,,not_found
adr,Abnormal/increased liver function tests,Abnormal/increased liver function tests,icd_code,ICD10,UNKNOWN,,not_found
adr,Jaundice,Jaundice,meddra_code,MDR,10023126,Jaundice,matched_exact
adr,Jaundice,Jaundice,icd_code,ICD10CM,R17,Unspecified jaundice,matched_words
adr,Hepatitis,Hepatitis,meddra_code,MDR,10019717,Hepatitis,matched_exact
adr,Hepatitis,Hepatitis,icd_code,ICD10CM,K75.9,"Inflammatory liver disease, unspecified",matched_words
adr,Liver injury,Liver injury,meddra_code,MDR,10067125,Liver injury,matched_exact
adr,Liver injury,Liver injury,icd_code,ICD10CM,S36.11,Injury of liver,matched_words
adr,Acute hepatic failure,Acute hepatic failure,meddra_code,MDR,10000804,Acute hepatic failure,matched_exact
adr,Acute hepatic failure,Acute hepatic failure,icd_code,ICD10CM,K72.0,Acute and subacute hepatic failure,matched_words
adr,Dermatitis,Dermatitis,meddra_code,MDR,10012431,Dermatitis,matched_exact
adr,Dermatitis,Dermatitis,icd_code,ICD10CM,L21,Seborrheic dermatitis,matched_words
adr,Pruritus,Pruritus,meddra_code,MDR,10037087,Pruritus,matched_exact
adr,Pruritus,Pruritus,icd_code,ICD10CM,L29,Pruritus,matched_exact
adr,Rash,Rash,meddra_code,MDR,10037844,Rash,matched_exact
adr,Rash,Rash,icd_code,ICD10CM,R21,Rash and other nonspecific skin eruption,matched_words
adr,Hyperhidrosis,Hyperhidrosis,meddra_code,MDR,10020642,Hyperhidrosis,matched_exact
adr,Hyperhidrosis,Hyperhidrosis,icd_code,ICD10CM,R61,Generalized hyperhidrosis,matched_words
adr,Allergic reactions,Allergic reactions,meddra_code,MDR,10082135,Allergic reaction to drug,matched_words
adr,Allergic reactions,Allergic reactions,icd_code,ICD10CM,T78.40,"Allergy, unspecified",matched_words
adr,Urinary hesitation,Urinary hesitation,meddra_code,MDR,10046542,Urinary hesitation,matched_exact
adr,Urinary hesitation,Urinary hesitation,icd_code,ICD10,UNKNOWN,,not_found
adr,Urinary retention,Urinary retention,meddra_code,MDR,10046555,Urinary retention,matched_exact
adr,Urinary retention,Urinary retention,icd_code,ICD10,UNKNOWN,,not_found
adr,Priapism,Priapism,meddra_code,MDR,10036661,Priapism,matched_exact
adr,Priapism,Priapism,icd_code,ICD10CM,N48.3,Priapism,matched_exact
adr,Male genital pain,Male genital pain,meddra_code,MDR,10025505,Male genital pain,matched_exact
adr,Male genital pain,Male genital pain,icd_code,ICD10,UNKNOWN,,not_found
adr,Fatigue,Fatigue,meddra_code,MDR,10016256,Fatigue,matched_exact
adr,Fatigue,Fatigue,icd_code,ICD10CM,R53.83,Other fatigue,matched_words
adr,Lethargy,Lethargy,meddra_code,MDR,10024264,Lethargy,matched_exact
adr,Lethargy,Lethargy,icd_code,ICD10CM,R53.83,Other fatigue,matched_exact
adr,Chest pain,Chest pain,meddra_code,MDR,10008479,Chest pain,matched_exact
adr,Chest pain,Chest pain,icd_code,ICD10CM,I20.9,"Angina pectoris, unspecified",matched_words
adr,Asthenia,Asthenia,meddra_code,MDR,10003549,Asthenia,matched_exact
adr,Asthenia,Asthenia,icd_code,ICD10CM,R53.1,Weakness,matched_words
adr,Weight decreased,Weight decreased,meddra_code,MDR,10047895,Weight decreased,matched_exact
adr,Weight decreased,Weight decreased,icd_code,ICD10CM,D68.020,"Von Willebrand disease, type 2A",matched_words
adr,Appetite decreased,Appetite decreased,meddra_code,MDR,10061428,Decreased appetite,matched_words
adr,Appetite decreased,Appetite decreased,icd_code,ICD10,UNKNOWN,,not_found
adr,Libido decreased,Libido decreased,meddra_code,MDR,10024419,Libido decreased,matched_exact
adr,Libido decreased,Libido decreased,icd_code,ICD10CM,R68.82,Decreased libido,matched_words
adr,Sleep disorder,Sleep disorder,meddra_code,MDR,10040984,Sleep disorder,matched_exact
adr,Sleep disorder,Sleep disorder,icd_code,ICD10CM,G47.9,"Sleep disorder, unspecified",matched_words
adr,Dry mouth,Dry mouth,meddra_code,MDR,10013781,Dry mouth,matched_exact
adr,Dry mouth,Dry mouth,icd_code,ICD10CM,R68.2,"Dry mouth, unspecified",matched_words
adr,Flatulence,Flatulence,meddra_code,MDR,10016766,Flatulence,matched_exact
adr,Flatulence,Flatulence,icd_code,ICD10CM,R14.3,Flatulence,matched_exact
adr,Dysuria,Dysuria,meddra_code,MDR,10013990,Dysuria,matched_exact
adr,Dysuria,Dysuria,icd_code,ICD10CM,R30.0,Dysuria,matched_exact
adr,Pollakuria,Pollakuria,meddra_code,MDR,0,,not_found
adr,Pollakuria,Pollakuria,icd_code,ICD10,UNKNOWN,,not_found
adr,Micturation urgency,Micturation urgency,meddra_code,MDR,0,,not_found
adr,Micturation urgency,Micturation urgency,icd_code,ICD10,UNKNOWN,,not_found
adr,Flushing,Flushing,meddra_code,MDR,10016825,Flushing,matched_exact
adr,Flushing,Flushing,icd_code,ICD10CM,R23.2,Flushing,matched_exact
adr,Hot flush,Hot flush,meddra_code,MDR,10060800,Hot flush,matched_exact
adr,Hot flush,Hot flush,icd_code,ICD10,UNKNOWN,,not_found
adr,Peripheral coldness,Peripheral coldness,meddra_code,MDR,10034568,Peripheral coldness,matched_exact
adr,Peripheral coldness,Peripheral coldness,icd_code,ICD10,UNKNOWN,,not_found
adr,Muscle spasms,Muscle spasms,meddra_code,MDR,10028334,Muscle spasms,matched_exact
adr,Muscle spasms,Muscle spasms,icd_code,ICD10CM,M62.83,Muscle spasm,matched_words
adr,Excoriation,Excoriation,meddra_code,MDR,10049796,Excoriation,matched_exact
adr,Excoriation,Excoriation,icd_code,ICD10CM,L98.1,Factitial dermatitis,matched_words
adr,Enuresis,Enuresis,meddra_code,MDR,10014928,Enuresis,matched_exact
adr,Enuresis,Enuresis,icd_code,ICD10CM,R32,Unspecified urinary incontinence,matched_words
adr,Conjunctivitis,Conjunctivitis,meddra_code,MDR,10010741,Conjunctivitis,matched_exact
adr,Conjunctivitis,Conjunctivitis,icd_code,ICD10CM,H10,Conjunctivitis,matched_exact
adr,Early morning awakening,Early morning awakening,meddra_code,MDR,10014046,Early morning awakening,matched_exact
adr,Early morning awakening,Early morning awakening,icd_code,ICD10,UNKNOWN,,not_found
adr,Drowsiness/sleepiness,Drowsiness/sleepiness,meddra_code,MDR,0,,not_found
adr,Drowsiness/sleepiness,Drowsiness/sleepiness,icd_code,ICD10,UNKNOWN,,not_found
adr,headache,headache,meddra_code,MDR,10019211,Headache,matched_exact
adr,headache,headache,icd_code,ICD10CM,R51,Headache,matched_exact
adr,dizziness/disorientation,dizziness/disorientation,meddra_code,MDR,0,,not_found
adr,dizziness/disorientation,dizziness/disorientation,icd_code,ICD10,UNKNOWN,,not_found
adr,Drowsiness,Drowsiness,meddra_code,MDR,10013649,Drowsiness,matched_exact
adr,Drowsiness,Drowsiness,icd_code,ICD10CM,R40.0,Somnolence,matched_exact
adr,headache,headache,meddra_code,MDR,10019211,Headache,matched_exact
adr,headache,headache,icd_code,ICD10CM,R51,Headache,matched_exact
adr,dizziness,dizziness,meddra_code,MDR,10013573,Dizziness,matched_exact
adr,dizziness,dizziness,icd_code,ICD10CM,R42,Dizziness and giddiness,matched_words
adr,nausea,nausea,meddra_code,MDR,10028813,Nausea,matched_exact
adr,nausea,nausea,icd_code,ICD10CM,R11.0,Nausea,matched_exact
adr,herpes zoster,herpes zoster,meddra_code,MDR,10019974,Herpes zoster,matched_exact
adr,herpes zoster,herpes zoster,icd_code,ICD10CM,B02,Zoster [herpes zoster],matched_words
adr,leucopenia,leucopenia,meddra_code,MDR,10024283,Leucopenia,matched_exact
adr,leucopenia,leucopenia,icd_code,ICD10CM,D72.819,"Decreased white blood cell count, unspecified",matched_words
adr,thrombocytopenia,thrombocytopenia,meddra_code,MDR,10043554,Thrombocytopenia,matched_exact
adr,thrombocytopenia,thrombocytopenia,icd_code,ICD10CM,D69.6,"Thrombocytopenia, unspecified",matched_words
adr,hypersensitivity reaction,hypersensitivity reaction,meddra_code,MDR,10020756,Hypersensitivity reaction,matched_exact
adr,hypersensitivity reaction,hypersensitivity reaction,icd_code,ICD10CM,J39.3,"Upper respiratory tract hypersensitivity reaction, site unspecified",matched_words
adr,hypertriglyceridaemia,hypertriglyceridaemia,meddra_code,MDR,10020869,Hypertriglyceridaemia,matched_exact
adr,hypertriglyceridaemia,hypertriglyceridaemia,icd_code,ICD10,UNKNOWN,,not_found
adr,hyperglycaemia,hyperglycaemia,meddra_code,MDR,10020635,Hyperglycaemia,matched_exact
adr,hyperglycaemia,hyperglycaemia,icd_code,ICD10,R73.9,"Hyperglycaemia, unspecified",matched_words
adr,irritability,irritability,meddra_code,MDR,10022998,Irritability,matched_exact
adr,irritability,irritability,icd_code,ICD10CM,K58,Irritable bowel syndrome,matched_words
adr,nervousness,nervousness,meddra_code,MDR,10029216,Nervousness,matched_exact
adr,nervousness,nervousness,icd_code,ICD10CM,R45.0,Nervousness,matched_exact
adr,restlessness,restlessness,meddra_code,MDR,10038743,Restlessness,matched_exact
adr,restlessness,restlessness,icd_code,ICD10CM,G25.81,Restless legs syndrome,matched_words
adr,abnormal dreams,abnormal dreams,meddra_code,MDR,10000125,Abnormal dreams,matched_exact
adr,abnormal dreams,abnormal dreams,icd_code,ICD10,UNKNOWN,,not_found
adr,anxiety,anxiety,meddra_code,MDR,10002855,Anxiety,matched_exact
adr,anxiety,anxiety,icd_code,ICD10CM,F41.1,Generalized anxiety disorder,matched_words
adr,mood altered,mood altered,meddra_code,MDR,10027940,Mood altered,matched_exact
adr,mood altered,mood altered,icd_code,ICD10,UNKNOWN,,not_found
adr,aggressive behaviour,aggressive behaviour,meddra_code,MDR,10001490,Aggressive behaviour,matched_exact
adr,aggressive behaviour,aggressive behaviour,icd_code,ICD10,UNKNOWN,,not_found
adr,disorientation,disorientation,meddra_code,MDR,10013395,Disorientation,matched_exact
adr,disorientation,disorientation,icd_code,ICD10CM,R41.0,"Disorientation, unspecified",matched_words
adr,libido increased,libido increased,meddra_code,MDR,10024421,Libido increased,matched_exact
adr,libido increased,libido increased,icd_code,ICD10,UNKNOWN,,not_found
adr,depressed mood,depressed mood,meddra_code,MDR,10012374,Depressed mood,matched_exact
adr,depressed mood,depressed mood,icd_code,ICD10CM,F43.21,Adjustment disorder with depressed mood,matched_words
adr,depression,depression,meddra_code,MDR,10012378,Depression,matched_exact
adr,depression,depression,icd_code,ICD10CM,F31.9,"Bipolar disorder, unspecified",matched_words
adr,headache,headache,meddra_code,MDR,10019211,Headache,matched_exact
adr,headache,headache,icd_code,ICD10CM,R51,Headache,matched_exact
adr,somnolence,somnolence,meddra_code,MDR,10041349,Somnolence,matched_exact
adr,somnolence,somnolence,icd_code,ICD10CM,R40.0,Somnolence,matched_exact
adr,migraine,migraine,meddra_code,MDR,10027599,Migraine,matched_exact
adr,migraine,migraine,icd_code,ICD10CM,G43,Migraine,matched_exact
adr,lethargy,lethargy,meddra_code,MDR,10024264,Lethargy,matched_exact
adr,lethargy,lethargy,icd_code,ICD10CM,R53.83,Other fatigue,matched_exact
adr,psychomotor hyperactivity,psychomotor hyperactivity,meddra_code,MDR,10037211,Psychomotor hyperactivity,matched_exact
adr,psychomotor hyperactivity,psychomotor hyperactivity,icd_code,ICD10,UNKNOWN,,not_found
adr,dizziness,dizziness,meddra_code,MDR,10013573,Dizziness,matched_exact
adr,dizziness,dizziness,icd_code,ICD10CM,R42,Dizziness and giddiness,matched_words
adr,syncope (fainting),syncope (fainting),meddra_code,MDR,0,,not_found
adr,syncope (fainting),syncope (fainting),icd_code,ICD10,UNKNOWN,,not_found
adr,memory impairment,memory impairment,meddra_code,MDR,10027175,Memory impairment,matched_exact
adr,memory impairment,memory impairment,icd_code,ICD10,UNKNOWN,,not_found
adr,restless legs syndrome,restless legs syndrome,meddra_code,MDR,10058920,Restless legs syndrome,matched_exact
adr,restless legs syndrome,restless legs syndrome,icd_code,ICD10CM,G25.81,Restless legs syndrome,matched_exact
adr,disturbance in attention,disturbance in attention,meddra_code,MDR,10013496,Disturbance in attention,matched_exact
adr,disturbance in attention,disturbance in attention,icd_code,ICD10,UNKNOWN,,not_found
adr,poor quality sleep,poor quality sleep,meddra_code,MDR,10062519,Poor quality sleep,matched_exact
adr,poor quality sleep,poor quality sleep,icd_code,ICD10,UNKNOWN,,not_found
adr,paraesthesia,paraesthesia,meddra_code,MDR,10033775,Paraesthesia,matched_exact
adr,paraesthesia,paraesthesia,icd_code,ICD10,R20.2,Paraesthesia of skin,matched_words
adr,drowsiness,drowsiness,meddra_code,MDR,10013649,Drowsiness,matched_exact
adr,drowsiness,drowsiness,icd_code,ICD10CM,R40.0,Somnolence,matched_exact
adr,sedation,sedation,meddra_code,MDR,10039897,Sedation,matched_exact
adr,sedation,sedation,icd_code,ICD10CM,Z92.83,Personal history of failed moderate sedation,matched_words
adr,visual acuity reduced,visual acuity reduced,meddra_code,MDR,10047531,Visual acuity reduced,matched_exact
adr,visual acuity reduced,visual acuity reduced,icd_code,ICD10,UNKNOWN,,not_found
adr,vision blurred,vision blurred,meddra_code,MDR,10047513,Vision blurred,matched_exact
adr,vision blurred,vision blurred,icd_code,ICD10,UNKNOWN,,not_found
adr,lacrimation increased,lacrimation increased,meddra_code,MDR,10023644,Lacrimation increased,matched_exact
adr,lacrimation increased,lacrimation increased,icd_code,ICD10,UNKNOWN,,not_found
adr,vertigo positional,vertigo positional,meddra_code,MDR,10047348,Vertigo positional,matched_exact
adr,vertigo positional,vertigo positional,icd_code,ICD10,UNKNOWN,,not_found
adr,vertigo,vertigo,meddra_code,MDR,10047340,Vertigo,matched_exact
adr,vertigo,vertigo,icd_code,ICD10CM,H81.0,Ménière's disease,matched_words
adr,angina pectoris,angina pectoris,meddra_code,MDR,10002383,Angina pectoris,matched_exact
adr,angina pectoris,angina pectoris,icd_code,ICD10CM,I20,Angina pectoris,matched_exact
adr,palpitations,palpitations,meddra_code,MDR,10033557,Palpitations,matched_exact
adr,palpitations,palpitations,icd_code,ICD10CM,R00.2,Palpitations,matched_exact
adr,hypertension,hypertension,meddra_code,MDR,10020772,Hypertension,matched_exact
adr,hypertension,hypertension,icd_code,ICD10CM,I10,Essential (primary) hypertension,matched_words
adr,hot flushes,hot flushes,meddra_code,MDR,10020408,Hot flushes,matched_exact
adr,hot flushes,hot flushes,icd_code,ICD10,UNKNOWN,,not_found
adr,abdominal pain,abdominal pain,meddra_code,MDR,10000081,Abdominal pain,matched_exact
adr,abdominal pain,abdominal pain,icd_code,ICD10CM,R10.9,Unspecified abdominal pain,matched_words
adr,upper abdominal pain,upper abdominal pain,meddra_code,MDR,10046272,Upper abdominal pain,matched_exact
adr,upper abdominal pain,upper abdominal pain,icd_code,ICD10CM,R10.10,"Upper abdominal pain, unspecified",matched_words
adr,dyspepsia,dyspepsia,meddra_code,MDR,10013946,Dyspepsia,matched_exact
adr,dyspepsia,dyspepsia,icd_code,ICD10CM,R10.13,Epigastric pain,matched_exact
adr,oral ulcers,oral ulcers,meddra_code,MDR,10045372,Ulcers aphthous oral,matched_words
adr,oral ulcers,oral ulcers,icd_code,ICD10CM,K12.31,Oral mucositis (ulcerative) due to antineoplastic therapy,matched_words
adr,dry mouth,dry mouth,meddra_code,MDR,10013781,Dry mouth,matched_exact
adr,dry mouth,dry mouth,icd_code,ICD10CM,R68.2,"Dry mouth, unspecified",matched_words
adr,nausea,nausea,meddra_code,MDR,10028813,Nausea,matched_exact
adr,nausea,nausea,icd_code,ICD10CM,R11.0,Nausea,matched_exact
adr,gastroesophageal reflux disease,gastroesophageal reflux disease,meddra_code,MDR,10066874,Gastroesophageal reflux disease,matched_exact
adr,gastroesophageal reflux disease,gastroesophageal reflux disease,icd_code,ICD10,UNKNOWN,,not_found
adr,gastrointestinal disorder,gastrointestinal disorder,meddra_code,MDR,10017944,Gastrointestinal disorder,matched_exact
adr,gastrointestinal disorder,gastrointestinal disorder,icd_code,ICD10CM,Z13.811,Encounter for screening for lower gastrointestinal disorder,matched_words
adr,oral mucosal blistering,oral mucosal blistering,meddra_code,MDR,10030995,Oral mucosal blistering,matched_exact
adr,oral mucosal blistering,oral mucosal blistering,icd_code,ICD10,UNKNOWN,,not_found
adr,tongue ulceration,tongue ulceration,meddra_code,MDR,10043991,Tongue ulceration,matched_exact
adr,tongue ulceration,tongue ulceration,icd_code,ICD10CM,K14.0,Glossitis,matched_words
adr,gastrointestinal upset,gastrointestinal upset,meddra_code,MDR,10018028,Gastrointestinal upset,matched_exact
adr,gastrointestinal upset,gastrointestinal upset,icd_code,ICD10,UNKNOWN,,not_found
adr,vomiting,vomiting,meddra_code,MDR,10047700,Vomiting,matched_exact
adr,vomiting,vomiting,icd_code,ICD10CM,R11.1,Vomiting,matched_exact
adr,bowel sounds abnormal,bowel sounds abnormal,meddra_code,MDR,10006057,Bowel sounds abnormal,matched_exact
adr,bowel sounds abnormal,bowel sounds abnormal,icd_code,ICD10CM,R19.1,Abnormal bowel sounds,matched_words
adr,flatulence,flatulence,meddra_code,MDR,10016766,Flatulence,matched_exact
adr,flatulence,flatulence,icd_code,ICD10CM,R14.3,Flatulence,matched_exact
adr,salivary hypersecretion,salivary hypersecretion,meddra_code,MDR,10039424,Salivary hypersecretion,matched_exact
adr,salivary hypersecretion,salivary hypersecretion,icd_code,ICD10,UNKNOWN,,not_found
adr,halitosis,halitosis,meddra_code,MDR,10019058,Halitosis,matched_exact
adr,halitosis,halitosis,icd_code,ICD10CM,R19.6,Halitosis,matched_exact
adr,gastritis,gastritis,meddra_code,MDR,10017853,Gastritis,matched_exact
adr,gastritis,gastritis,icd_code,ICD10CM,K29.7,"Gastritis, unspecified",matched_words
adr,dermatitis,dermatitis,meddra_code,MDR,10012431,Dermatitis,matched_exact
adr,dermatitis,dermatitis,icd_code,ICD10CM,L21,Seborrheic dermatitis,matched_words
adr,night sweats,night sweats,meddra_code,MDR,10029410,Night sweats,matched_exact
adr,night sweats,night sweats,icd_code,ICD10CM,R61,Generalized hyperhidrosis,matched_exact
adr,pruritus,pruritus,meddra_code,MDR,10037087,Pruritus,matched_exact
adr,pruritus,pruritus,icd_code,ICD10CM,L29,Pruritus,matched_exact
adr,rash,rash,meddra_code,MDR,10037844,Rash,matched_exact
adr,rash,rash,icd_code,ICD10CM,R21,Rash and other nonspecific skin eruption,matched_words
adr,dry skin,dry skin,meddra_code,MDR,10013786,Dry skin,matched_exact
adr,dry skin,dry skin,icd_code,ICD10CM,L85.3,Xerosis cutis,matched_words
adr,eczema,eczema,meddra_code,MDR,10014184,Eczema,matched_exact
adr,eczema,eczema,icd_code,ICD10CM,L30.9,"Dermatitis, unspecified",matched_words
adr,erythema,erythema,meddra_code,MDR,10015150,Erythema,matched_exact
adr,erythema,erythema,icd_code,ICD10CM,L53.9,"Erythematous condition, unspecified",matched_words
adr,hand dermatitis,hand dermatitis,meddra_code,MDR,10058898,Hand dermatitis,matched_exact
adr,hand dermatitis,hand dermatitis,icd_code,ICD10,UNKNOWN,,not_found
adr,psoriasis,psoriasis,meddra_code,MDR,10037153,Psoriasis,matched_exact
adr,psoriasis,psoriasis,icd_code,ICD10CM,L40,Psoriasis,matched_exact
adr,rash generalised,rash generalised,meddra_code,MDR,10037858,Rash generalised,matched_exact
adr,rash generalised,rash generalised,icd_code,ICD10,UNKNOWN,,not_found
adr,rash pruritic,rash pruritic,meddra_code,MDR,10037884,Rash pruritic,matched_exact
adr,rash pruritic,rash pruritic,icd_code,ICD10,UNKNOWN,,not_found
adr,nail disorder,nail disorder,meddra_code,MDR,10028694,Nail disorder,matched_exact
adr,nail disorder,nail disorder,icd_code,ICD10CM,L60.9,"Nail disorder, unspecified",matched_words
adr,tongue edema,tongue edema,meddra_code,MDR,10043955,Tongue edema,matched_exact
adr,tongue edema,tongue edema,icd_code,ICD10,UNKNOWN,,not_found
adr,edema of the oral mucosa,edema of the oral mucosa,meddra_code,MDR,0,,not_found
adr,edema of the oral mucosa,edema of the oral mucosa,icd_code,ICD10,UNKNOWN,,not_found
adr,pain in extremity,pain in extremity,meddra_code,MDR,10033425,Pain in extremity,matched_exact
adr,pain in extremity,pain in extremity,icd_code,ICD10,UNKNOWN,,not_found
adr,arthritis,arthritis,meddra_code,MDR,10003246,Arthritis,matched_exact
adr,arthritis,arthritis,icd_code,ICD10CM,M06.9,"Rheumatoid arthritis, unspecified",matched_words
adr,muscle spasms,muscle spasms,meddra_code,MDR,10028334,Muscle spasms,matched_exact
adr,muscle spasms,muscle spasms,icd_code,ICD10CM,M62.83,Muscle spasm,matched_words
adr,neck pain,neck pain,meddra_code,MDR,10028836,Neck pain,matched_exact
adr,neck pain,neck pain,icd_code,ICD10,UNKNOWN,,not_found
adr,night cramps,night cramps,meddra_code,MDR,10029408,Night cramps,matched_exact
adr,night cramps,night cramps,icd_code,ICD10,UNKNOWN,,not_found
adr,glycosuria,glycosuria,meddra_code,MDR,10018473,Glycosuria,matched_exact
adr,glycosuria,glycosuria,icd_code,ICD10CM,R81,Glycosuria,matched_exact
adr,proteinuria,proteinuria,meddra_code,MDR,10037032,Proteinuria,matched_exact
adr,proteinuria,proteinuria,icd_code,ICD10CM,R80,Proteinuria,matched_exact
adr,polyuria,polyuria,meddra_code,MDR,10036142,Polyuria,matched_exact
adr,polyuria,polyuria,icd_code,ICD10CM,R35,Polyuria,matched_exact
adr,haematuria,haematuria,meddra_code,MDR,10018867,Haematuria,matched_exact
adr,haematuria,haematuria,icd_code,ICD10,R31,Unspecified haematuria,matched_words
adr,menopausal symptoms,menopausal symptoms,meddra_code,MDR,10027304,Menopausal symptoms,matched_exact
adr,menopausal symptoms,menopausal symptoms,icd_code,ICD10CM,E28.310,Symptomatic premature menopause,matched_words
adr,priapism,priapism,meddra_code,MDR,10036661,Priapism,matched_exact
adr,priapism,priapism,icd_code,ICD10CM,N48.3,Priapism,matched_exact
adr,prostatitis,prostatitis,meddra_code,MDR,10036978,Prostatitis,matched_exact
adr,prostatitis,prostatitis,icd_code,ICD10CM,N41.9,"Inflammatory disease of prostate, unspecified",matched_words
adr,galactorrhoea,galactorrhoea,meddra_code,MDR,10017600,Galactorrhoea,matched_exact
adr,galactorrhoea,galactorrhoea,icd_code,ICD10,O92.6,Galactorrhoea,matched_exact
adr,chest pain,chest pain,meddra_code,MDR,10008479,Chest pain,matched_exact
adr,chest pain,chest pain,icd_code,ICD10CM,I20.9,"Angina pectoris, unspecified",matched_words
adr,malaise,malaise,meddra_code,MDR,10025482,Malaise,matched_exact
adr,malaise,malaise,icd_code,ICD10CM,R53.81,Other malaise,matched_words
adr,fatigue,fatigue,meddra_code,MDR,10016256,Fatigue,matched_exact
adr,fatigue,fatigue,icd_code,ICD10CM,R53.83,Other fatigue,matched_words
adr,pain,pain,meddra_code,MDR,10033371,Pain,matched_exact
adr,pain,pain,icd_code,ICD10CM,R52,"Pain, unspecified",matched_words
adr,thirst,thirst,meddra_code,MDR,10043458,Thirst,matched_exact
adr,thirst,thirst,icd_code,ICD10CM,R63.1,Polydipsia,matched_words
adr,liver function test abnormal,liver function test abnormal,meddra_code,MDR,10024690,Liver function test abnormal,matched_exact
adr,liver function test abnormal,liver function test abnormal,icd_code,ICD10,UNKNOWN,,not_found
adr,weight increased,weight increased,meddra_code,MDR,10047899,Weight increased,matched_exact
adr,weight increased,weight increased,icd_code,ICD10,UNKNOWN,,not_found
adr,hepatic enzyme increased,hepatic enzyme increased,meddra_code,MDR,10060795,Hepatic enzyme increased,matched_exact
adr,hepatic enzyme increased,hepatic enzyme increased,icd_code,ICD10,UNKNOWN,,not_found
adr,blood electrolytes abnormal,blood electrolytes abnormal,meddra_code,MDR,10061014,Blood electrolytes abnormal,matched_exact
adr,blood electrolytes abnormal,blood electrolytes abnormal,icd_code,ICD10,UNKNOWN,,not_found
adr,laboratory test,laboratory test,meddra_code,MDR,10059938,Laboratory test,matched_exact
adr,laboratory test,laboratory test,icd_code,ICD10,UNKNOWN,,not_found
adr,headache,headache,meddra_code,MDR,10019211,Headache,matched_exact
adr,headache,headache,icd_code,ICD10CM,R51,Headache,matched_exact
adr,hyperactivity,hyperactivity,meddra_code,MDR,10020558,Hyperactivity,matched_exact
adr,hyperactivity,hyperactivity,icd_code,ICD10CM,F90,Attention-deficit hyperactivity disorders,matched_words
adr,abdominal pain,abdominal pain,meddra_code,MDR,10000081,Abdominal pain,matched_exact
adr,abdominal pain,abdominal pain,icd_code,ICD10CM,R10.9,Unspecified abdominal pain,matched_words
adr,Gram positive (mucocutaneous) bacterial infection,Gram positive (mucocutaneous) bacterial infection,meddra_code,MDR,0,,not_found
adr,Gram positive (mucocutaneous) bacterial infection,Gram positive (mucocutaneous) bacterial infection,icd_code,ICD10,UNKNOWN,,not_found
adr,Thrombocytopenia,Thrombocytopenia,meddra_code,MDR,10043554,Thrombocytopenia,matched_exact
adr,Thrombocytopenia,Thrombocytopenia,icd_code,ICD10CM,D69.6,"Thrombocytopenia, unspecified",matched_words
adr,Anaemia,Anaemia,meddra_code,MDR,10002034,Anaemia,matched_exact
adr,Anaemia,Anaemia,icd_code,ICD10,D64.9,"Anaemia, unspecified",matched_words
adr,Thrombocytosis,Thrombocytosis,meddra_code,MDR,10043563,Thrombocytosis,matched_exact
adr,Thrombocytosis,Thrombocytosis,icd_code,ICD10CM,D75.83,Thrombocytosis,matched_exact
adr,red blood cell sedimentation rate increased,red blood cell sedimentation rate increased,meddra_code,MDR,10049187,Red blood cell sedimentation rate increased,matched_exact
adr,red blood cell sedimentation rate increased,red blood cell sedimentation rate increased,icd_code,ICD10,UNKNOWN,,not_found
adr,Neutropenia,Neutropenia,meddra_code,MDR,10029354,Neutropenia,matched_exact
adr,Neutropenia,Neutropenia,icd_code,ICD10CM,D70,Neutropenia,matched_exact
adr,Lymphadenopathy,Lymphadenopathy,meddra_code,MDR,10025197,Lymphadenopathy,matched_exact
adr,Lymphadenopathy,Lymphadenopathy,icd_code,ICD10CM,R59.1,Generalized enlarged lymph nodes,matched_words
adr,Anaphylactic reactions,Anaphylactic reactions,meddra_code,MDR,10002198,Anaphylactic reaction,matched_words
adr,Anaphylactic reactions,Anaphylactic reactions,icd_code,ICD10CM,T78.2,"Anaphylactic shock, unspecified",matched_words
adr,hypersensitivity,hypersensitivity,meddra_code,MDR,10020751,Hypersensitivity,matched_exact
adr,hypersensitivity,hypersensitivity,icd_code,ICD10CM,T78.40,"Allergy, unspecified",matched_words
adr,allergic skin reaction,allergic skin reaction,meddra_code,MDR,10001729,Allergic skin reaction,matched_exact
adr,allergic skin reaction,allergic skin reaction,icd_code,ICD10,UNKNOWN,,not_found
adr,Diabetes mellitus,Diabetes mellitus,meddra_code,MDR,10012601,Diabetes mellitus,matched_exact
adr,Diabetes mellitus,Diabetes mellitus,icd_code,ICD10CM,E08-E13,Diabetes mellitus (E08-E13),matched_words
adr,hyperuricaemia,hyperuricaemia,meddra_code,MDR,10020903,Hyperuricaemia,matched_exact
adr,hyperuricaemia,hyperuricaemia,icd_code,ICD10,E79.0,Hyperuricaemia without signs of inflammatory arthritis and tophaceous disease,matched_words
adr,Aggressive tendencies,Aggressive tendencies,meddra_code,MDR,0,,not_found
adr,Aggressive tendencies,Aggressive tendencies,icd_code,ICD10,UNKNOWN,,not_found
adr,anxiety,anxiety,meddra_code,MDR,10002855,Anxiety,matched_exact
adr,anxiety,anxiety,icd_code,ICD10CM,F41.1,Generalized anxiety disorder,matched_words
adr,mood alterations,mood alterations,meddra_code,MDR,10027940,Mood altered,matched_words
adr,mood alterations,mood alterations,icd_code,ICD10,UNKNOWN,,not_found
adr,Psychotic disorder,Psychotic disorder,meddra_code,MDR,10061920,Psychotic disorder,matched_exact
adr,Psychotic disorder,Psychotic disorder,icd_code,ICD10CM,F24,Shared psychotic disorder,matched_words
adr,abnormal behaviour,abnormal behaviour,meddra_code,MDR,10061422,Abnormal behaviour,matched_exact
adr,abnormal behaviour,abnormal behaviour,icd_code,ICD10,UNKNOWN,,not_found
adr,Depression,Depression,meddra_code,MDR,10012378,Depression,matched_exact
adr,Depression,Depression,icd_code,ICD10CM,F31.9,"Bipolar disorder, unspecified",matched_words
adr,depression aggravated,depression aggravated,meddra_code,MDR,10012379,Depression aggravated,matched_exact
adr,depression aggravated,depression aggravated,icd_code,ICD10,UNKNOWN,,not_found
adr,suicide,suicide,meddra_code,MDR,10042462,Suicide,matched_exact
adr,suicide,suicide,icd_code,ICD10CM,T14.91,Suicide attempt,matched_words
adr,suicide attempt,suicide attempt,meddra_code,MDR,10042464,Suicide attempt,matched_exact
adr,suicide attempt,suicide attempt,icd_code,ICD10CM,T14.91,Suicide attempt,matched_exact
adr,suicidal ideation,suicidal ideation,meddra_code,MDR,10042458,Suicidal ideation,matched_exact
adr,suicidal ideation,suicidal ideation,icd_code,ICD10CM,R45.851,Suicidal ideations,matched_words
adr,Headache,Headache,meddra_code,MDR,10019211,Headache,matched_exact
adr,Headache,Headache,icd_code,ICD10CM,R51,Headache,matched_exact
adr,Benign intracranial hypertension,Benign intracranial hypertension,meddra_code,MDR,10004277,Benign intracranial hypertension,matched_exact
adr,Benign intracranial hypertension,Benign intracranial hypertension,icd_code,ICD10CM,G93.2,Benign intracranial hypertension,matched_exact
adr,convulsions,convulsions,meddra_code,MDR,10010914,Convulsions,matched_exact
adr,convulsions,convulsions,icd_code,ICD10CM,G40.909,"Epilepsy, unspecified, not intractable, without status epilepticus",matched_words
adr,drowsiness,drowsiness,meddra_code,MDR,10013649,Drowsiness,matched_exact
adr,drowsiness,drowsiness,icd_code,ICD10CM,R40.0,Somnolence,matched_exact
adr,dizziness,dizziness,meddra_code,MDR,10013573,Dizziness,matched_exact
adr,dizziness,dizziness,icd_code,ICD10CM,R42,Dizziness and giddiness,matched_words
adr,Blepharitis,Blepharitis,meddra_code,MDR,10005148,Blepharitis,matched_exact
adr,Blepharitis,Blepharitis,icd_code,ICD10CM,H01.0,Blepharitis,matched_exact
adr,conjunctivitis,conjunctivitis,meddra_code,MDR,10010741,Conjunctivitis,matched_exact
adr,conjunctivitis,conjunctivitis,icd_code,ICD10CM,H10,Conjunctivitis,matched_exact
adr,dry eye,dry eye,meddra_code,MDR,10013774,Dry eye,matched_exact
adr,dry eye,dry eye,icd_code,ICD10CM,H04.12,Dry eye syndrome,matched_words
adr,eye irritation,eye irritation,meddra_code,MDR,10015946,Eye irritation,matched_exact
adr,eye irritation,eye irritation,icd_code,ICD10,UNKNOWN,,not_found
adr,Papilloedema,Papilloedema,meddra_code,MDR,10033712,Papilloedema,matched_exact
adr,Papilloedema,Papilloedema,icd_code,ICD10,H47.1,"Papilloedema, unspecified",matched_words
adr,cataract,cataract,meddra_code,MDR,10007739,Cataract,matched_exact
adr,cataract,cataract,icd_code,ICD10CM,H26.9,Unspecified cataract,matched_words
adr,colour blindness (colour vision deficiencies),colour blindness (colour vision deficiencies),meddra_code,MDR,0,,not_found
adr,colour blindness (colour vision deficiencies),colour blindness (colour vision deficiencies),icd_code,ICD10,UNKNOWN,,not_found
adr,contact lens intolerance,contact lens intolerance,meddra_code,MDR,10010804,Contact lens intolerance,matched_exact
adr,contact lens intolerance,contact lens intolerance,icd_code,ICD10,UNKNOWN,,not_found
adr,corneal opacity,corneal opacity,meddra_code,MDR,10011035,Corneal opacity,matched_exact
adr,corneal opacity,corneal opacity,icd_code,ICD10CM,H17.1,Central corneal opacity,matched_words
adr,decreased night vision,decreased night vision,meddra_code,MDR,10011974,Decreased night vision,matched_exact
adr,decreased night vision,decreased night vision,icd_code,ICD10,UNKNOWN,,not_found
adr,keratitis,keratitis,meddra_code,MDR,10023332,Keratitis,matched_exact
adr,keratitis,keratitis,icd_code,ICD10CM,H16,Keratitis,matched_exact
adr,photophobia,photophobia,meddra_code,MDR,10034960,Photophobia,matched_exact
adr,photophobia,photophobia,icd_code,ICD10CM,H53.14,Visual discomfort,matched_exact
adr,visual disturbances,visual disturbances,meddra_code,MDR,10047545,Visual disturbances,matched_exact
adr,visual disturbances,visual disturbances,icd_code,ICD10CM,H53,Visual disturbances,matched_exact
adr,blurred vision,blurred vision,meddra_code,MDR,10005886,Blurred vision,matched_exact
adr,blurred vision,blurred vision,icd_code,ICD10,UNKNOWN,,not_found
adr,Hearing impaired,Hearing impaired,meddra_code,MDR,10019245,Hearing impaired,matched_exact
adr,Hearing impaired,Hearing impaired,icd_code,ICD10CM,Q16,Congenital malformations of ear causing impairment of hearing,matched_words
adr,Vasculitis,Vasculitis,meddra_code,MDR,10047115,Vasculitis,matched_exact
adr,Vasculitis,Vasculitis,icd_code,ICD10CM,D69.0,Allergic purpura,matched_words
adr,Nasopharyngitis,Nasopharyngitis,meddra_code,MDR,10028810,Nasopharyngitis,matched_exact
adr,Nasopharyngitis,Nasopharyngitis,icd_code,ICD10CM,J00,Acute nasopharyngitis [common cold],matched_words
adr,epistaxis,epistaxis,meddra_code,MDR,10015090,Epistaxis,matched_exact
adr,epistaxis,epistaxis,icd_code,ICD10CM,R04.0,Epistaxis,matched_exact
adr,nasal dryness,nasal dryness,meddra_code,MDR,10028740,Nasal dryness,matched_exact
adr,nasal dryness,nasal dryness,icd_code,ICD10,UNKNOWN,,not_found
adr,Bronchospasm,Bronchospasm,meddra_code,MDR,10006482,Bronchospasm,matched_exact
adr,Bronchospasm,Bronchospasm,icd_code,ICD10CM,J45.990,Exercise induced bronchospasm,matched_words
adr,hoarseness,hoarseness,meddra_code,MDR,10020201,Hoarseness,matched_exact
adr,hoarseness,hoarseness,icd_code,ICD10CM,R49.0,Dysphonia,matched_exact
adr,Inflammatory bowel disease,Inflammatory bowel disease,meddra_code,MDR,10021972,Inflammatory bowel disease,matched_exact
adr,Inflammatory bowel disease,Inflammatory bowel disease,icd_code,ICD10CM,K50-K52,Noninfective enteritis and colitis (K50-K52),matched_words
adr,colitis,colitis,meddra_code,MDR,10009887,Colitis,matched_exact
adr,colitis,colitis,icd_code,ICD10CM,K51,Ulcerative colitis,matched_words
adr,ileitis,ileitis,meddra_code,MDR,10021312,Ileitis,matched_exact
adr,ileitis,ileitis,icd_code,ICD10CM,K52.9,"Noninfective gastroenteritis and colitis, unspecified",matched_words
adr,pancreatitis,pancreatitis,meddra_code,MDR,10033645,Pancreatitis,matched_exact
adr,pancreatitis,pancreatitis,icd_code,ICD10CM,K85.9,"Acute pancreatitis, unspecified",matched_words
adr,gastrointestinal haemorrhage,gastrointestinal haemorrhage,meddra_code,MDR,10017955,Gastrointestinal haemorrhage,matched_exact
adr,gastrointestinal haemorrhage,gastrointestinal haemorrhage,icd_code,ICD10,K92.2,"Gastrointestinal haemorrhage, unspecified",matched_words
adr,haemorrhagic diarrhoea,haemorrhagic diarrhoea,meddra_code,MDR,10019007,Haemorrhagic diarrhoea,matched_exact
adr,haemorrhagic diarrhoea,haemorrhagic diarrhoea,icd_code,ICD10,UNKNOWN,,not_found
adr,nausea,nausea,meddra_code,MDR,10028813,Nausea,matched_exact
adr,nausea,nausea,icd_code,ICD10CM,R11.0,Nausea,matched_exact
adr,dry throat,dry throat,meddra_code,MDR,10013789,Dry throat,matched_exact
adr,dry throat,dry throat,icd_code,ICD10,UNKNOWN,,not_found
adr,Transaminase increased,Transaminase increased,meddra_code,MDR,10044344,Transaminase glutamic-oxalacetic increased,matched_words
adr,Transaminase increased,Transaminase increased,icd_code,ICD10,UNKNOWN,,not_found
adr,Hepatitis,Hepatitis,meddra_code,MDR,10019717,Hepatitis,matched_exact
adr,Hepatitis,Hepatitis,icd_code,ICD10CM,K75.9,"Inflammatory liver disease, unspecified",matched_words
adr,Pruritus,Pruritus,meddra_code,MDR,10037087,Pruritus,matched_exact
adr,Pruritus,Pruritus,icd_code,ICD10CM,L29,Pruritus,matched_exact
adr,rash erythematous,rash erythematous,meddra_code,MDR,10037855,Rash erythematous,matched_exact
adr,rash erythematous,rash erythematous,icd_code,ICD10,UNKNOWN,,not_found
adr,dermatitis,dermatitis,meddra_code,MDR,10012431,Dermatitis,matched_exact
adr,dermatitis,dermatitis,icd_code,ICD10CM,L21,Seborrheic dermatitis,matched_words
adr,cheilitis,cheilitis,meddra_code,MDR,10008417,Cheilitis,matched_exact
adr,cheilitis,cheilitis,icd_code,ICD10CM,K13.0,Diseases of lips,matched_words
adr,dry skin,dry skin,meddra_code,MDR,10013786,Dry skin,matched_exact
adr,dry skin,dry skin,icd_code,ICD10CM,L85.3,Xerosis cutis,matched_words
adr,localised exfoliation,localised exfoliation,meddra_code,MDR,10024772,Localised exfoliation,matched_exact
adr,localised exfoliation,localised exfoliation,icd_code,ICD10,UNKNOWN,,not_found
adr,skin fragility (risk of frictional trauma),skin fragility (risk of frictional trauma),meddra_code,MDR,0,,not_found
adr,skin fragility (risk of frictional trauma),skin fragility (risk of frictional trauma),icd_code,ICD10,UNKNOWN,,not_found
adr,Alopecia,Alopecia,meddra_code,MDR,10001760,Alopecia,matched_exact
adr,Alopecia,Alopecia,icd_code,ICD10CM,L65.9,"Nonscarring hair loss, unspecified",matched_words
adr,Acne fulminans,Acne fulminans,meddra_code,MDR,10049141,Acne fulminans,matched_exact
adr,Acne fulminans,Acne fulminans,icd_code,ICD10,UNKNOWN,,not_found
adr,acne aggravated (acne flare),acne aggravated (acne flare),meddra_code,MDR,0,,not_found
adr,acne aggravated (acne flare),acne aggravated (acne flare),icd_code,ICD10,UNKNOWN,,not_found
adr,erythema (facial),erythema (facial),meddra_code,MDR,10015212,Erythema facial,matched_words
adr,erythema (facial),erythema (facial),icd_code,ICD10,UNKNOWN,,not_found
adr,exanthema,exanthema,meddra_code,MDR,10015587,Exanthema,matched_exact
adr,exanthema,exanthema,icd_code,ICD10CM,B08.2,Exanthema subitum [sixth disease],matched_words
adr,hair disorders,hair disorders,meddra_code,MDR,10019037,Hair disorder,matched_words
adr,hair disorders,hair disorders,icd_code,ICD10,UNKNOWN,,not_found
adr,hirsutism,hirsutism,meddra_code,MDR,10020112,Hirsutism,matched_exact
adr,hirsutism,hirsutism,icd_code,ICD10CM,L68.0,Hirsutism,matched_exact
adr,nail dystrophy,nail dystrophy,meddra_code,MDR,10028698,Nail dystrophy,matched_exact
adr,nail dystrophy,nail dystrophy,icd_code,ICD10CM,L60.3,Nail dystrophy,matched_exact
adr,paronychia,paronychia,meddra_code,MDR,10034016,Paronychia,matched_exact
adr,paronychia,paronychia,icd_code,ICD10CM,L03.0,Cellulitis and acute lymphangitis of finger and toe,matched_exact
adr,photosensitivity reaction,photosensitivity reaction,meddra_code,MDR,10034972,Photosensitivity reaction,matched_exact
adr,photosensitivity reaction,photosensitivity reaction,icd_code,ICD10,UNKNOWN,,not_found
adr,pyogenic granuloma,pyogenic granuloma,meddra_code,MDR,10037649,Pyogenic granuloma,matched_exact
adr,pyogenic granuloma,pyogenic granuloma,icd_code,ICD10CM,L98.0,Pyogenic granuloma,matched_exact
adr,skin hyperpigmentation,skin hyperpigmentation,meddra_code,MDR,10040865,Skin hyperpigmentation,matched_exact
adr,skin hyperpigmentation,skin hyperpigmentation,icd_code,ICD10,UNKNOWN,,not_found
adr,sweating increased,sweating increased,meddra_code,MDR,10042667,Sweating increased,matched_exact
adr,sweating increased,sweating increased,icd_code,ICD10,UNKNOWN,,not_found
adr,Erythema multiforme,Erythema multiforme,meddra_code,MDR,10015218,Erythema multiforme,matched_exact
adr,Erythema multiforme,Erythema multiforme,icd_code,ICD10CM,L51,Erythema multiforme,matched_exact
adr,Stevens-Johnson Syndrome,Stevens-Johnson Syndrome,meddra_code,MDR,10042033,Stevens-Johnson syndrome,matched_exact
adr,Stevens-Johnson Syndrome,Stevens-Johnson Syndrome,icd_code,ICD10CM,L51.1,Stevens-Johnson syndrome,matched_exact
adr,toxic epidermal necrolysis,toxic epidermal necrolysis,meddra_code,MDR,10044223,Toxic epidermal necrolysis,matched_exact
adr,toxic epidermal necrolysis,toxic epidermal necrolysis,icd_code,ICD10CM,L51.2,Toxic epidermal necrolysis [Lyell],matched_words
adr,Arthralgia,Arthralgia,meddra_code,MDR,10003239,Arthralgia,matched_exact
adr,Arthralgia,Arthralgia,icd_code,ICD10CM,M26.62,Arthralgia of temporomandibular joint,matched_words
adr,myalgia,myalgia,meddra_code,MDR,10028411,Myalgia,matched_exact
adr,myalgia,myalgia,icd_code,ICD10CM,M79.1,Myalgia,matched_exact
adr,back pain,back pain,meddra_code,MDR,10003988,Back pain,matched_exact
adr,back pain,back pain,icd_code,ICD10CM,M54.9,"Dorsalgia, unspecified",matched_words
adr,Arthritis,Arthritis,meddra_code,MDR,10003246,Arthritis,matched_exact
adr,Arthritis,Arthritis,icd_code,ICD10CM,M06.9,"Rheumatoid arthritis, unspecified",matched_words
adr,calcinosis (calcification of ligaments and tendons),calcinosis (calcification of ligaments and tendons),meddra_code,MDR,0,,not_found
adr,calcinosis (calcification of ligaments and tendons),calcinosis (calcification of ligaments and tendons),icd_code,ICD10,UNKNOWN,,not_found
adr,epiphyses premature fusion,epiphyses premature fusion,meddra_code,MDR,10015078,Epiphyses premature fusion,matched_exact
adr,epiphyses premature fusion,epiphyses premature fusion,icd_code,ICD10,UNKNOWN,,not_found
adr,exostosis,exostosis,meddra_code,MDR,10015688,Exostosis,matched_exact
adr,exostosis,exostosis,icd_code,ICD10CM,M27.8,Other specified diseases of jaws,matched_exact
adr,hyperostosis,hyperostosis,meddra_code,MDR,10020698,Hyperostosis,matched_exact
adr,hyperostosis,hyperostosis,icd_code,ICD10CM,M48.1,Ankylosing hyperostosis [Forestier],matched_words
adr,reduced bone density,reduced bone density,meddra_code,MDR,0,,not_found
adr,reduced bone density,reduced bone density,icd_code,ICD10,UNKNOWN,,not_found
adr,tendonitis,tendonitis,meddra_code,MDR,10043255,Tendonitis,matched_exact
adr,tendonitis,tendonitis,icd_code,ICD10,UNKNOWN,,not_found
adr,Rhabdomyolysis,Rhabdomyolysis,meddra_code,MDR,10039020,Rhabdomyolysis,matched_exact
adr,Rhabdomyolysis,Rhabdomyolysis,icd_code,ICD10CM,M62.82,Rhabdomyolysis,matched_exact
adr,sacroiliitis,sacroiliitis,meddra_code,MDR,10039361,Sacroiliitis,matched_exact
adr,sacroiliitis,sacroiliitis,icd_code,ICD10CM,M46.1,"Sacroiliitis, not elsewhere classified",matched_words
adr,Glomerulonephritis,Glomerulonephritis,meddra_code,MDR,10018364,Glomerulonephritis,matched_exact
adr,Glomerulonephritis,Glomerulonephritis,icd_code,ICD10CM,N08,Glomerular disorders in diseases classified elsewhere,matched_exact
adr,Urethritis,Urethritis,meddra_code,MDR,10046480,Urethritis,matched_exact
adr,Urethritis,Urethritis,icd_code,ICD10CM,N34.1,Nonspecific urethritis,matched_words
adr,Sexual dysfunction including erectile dysfunction and decreased libido,Sexual dysfunction including erectile dysfunction and decreased libido,meddra_code,MDR,0,,not_found
adr,Sexual dysfunction including erectile dysfunction and decreased libido,Sexual dysfunction including erectile dysfunction and decreased libido,icd_code,ICD10,UNKNOWN,,not_found
adr,gynaecomastia,gynaecomastia,meddra_code,MDR,10018800,Gynaecomastia,matched_exact
adr,gynaecomastia,gynaecomastia,icd_code,ICD10,UNKNOWN,,not_found
adr,vulvovaginal dryness,vulvovaginal dryness,meddra_code,MDR,10047791,Vulvovaginal dryness,matched_exact
adr,vulvovaginal dryness,vulvovaginal dryness,icd_code,ICD10,UNKNOWN,,not_found
adr,orgasm abnormal,orgasm abnormal,meddra_code,MDR,10031085,Orgasm abnormal,matched_exact
adr,orgasm abnormal,orgasm abnormal,icd_code,ICD10,UNKNOWN,,not_found
adr,genital hypoaesthesia,genital hypoaesthesia,meddra_code,MDR,10068912,Genital hypoaesthesia,matched_exact
adr,genital hypoaesthesia,genital hypoaesthesia,icd_code,ICD10,UNKNOWN,,not_found
adr,Granulation tissue (increased formation of),Granulation tissue (increased formation of),meddra_code,MDR,0,,not_found
adr,Granulation tissue (increased formation of),Granulation tissue (increased formation of),icd_code,ICD10,UNKNOWN,,not_found
adr,malaise,malaise,meddra_code,MDR,10025482,Malaise,matched_exact
adr,malaise,malaise,icd_code,ICD10CM,R53.81,Other malaise,matched_words
adr,Blood triglycerides increased,Blood triglycerides increased,meddra_code,MDR,10005839,Blood triglycerides increased,matched_exact
adr,Blood triglycerides increased,Blood triglycerides increased,icd_code,ICD10,UNKNOWN,,not_found
adr,high density lipoprotein decreased,high density lipoprotein decreased,meddra_code,MDR,10020060,High density lipoprotein decreased,matched_exact
adr,high density lipoprotein decreased,high density lipoprotein decreased,icd_code,ICD10,UNKNOWN,,not_found
adr,Blood cholesterol increased,Blood cholesterol increased,meddra_code,MDR,10005425,Blood cholesterol increased,matched_exact
adr,Blood cholesterol increased,Blood cholesterol increased,icd_code,ICD10,UNKNOWN,,not_found
adr,blood glucose increased,blood glucose increased,meddra_code,MDR,10005557,Blood glucose increased,matched_exact
adr,blood glucose increased,blood glucose increased,icd_code,ICD10,UNKNOWN,,not_found
adr,haematuria,haematuria,meddra_code,MDR,10018867,Haematuria,matched_exact
adr,haematuria,haematuria,icd_code,ICD10,R31,Unspecified haematuria,matched_words
adr,proteinuria,proteinuria,meddra_code,MDR,10037032,Proteinuria,matched_exact
adr,proteinuria,proteinuria,icd_code,ICD10CM,R80,Proteinuria,matched_exact
adr,Blood creatine phosphokinase increased,Blood creatine phosphokinase increased,meddra_code,MDR,10005470,Blood creatine phosphokinase increased,matched_exact
adr,Blood creatine phosphokinase increased,Blood creatine phosphokinase increased,icd_code,ICD10,UNKNOWN,,not_found
adr,infusion site erythema,infusion site erythema,meddra_code,MDR,10048634,Infusion site erythema,matched_exact
adr,infusion site erythema,infusion site erythema,icd_code,ICD10,UNKNOWN,,not_found
adr,infusion site pain,infusion site pain,meddra_code,MDR,10053483,Infusion site pain,matched_exact
adr,infusion site pain,infusion site pain,icd_code,ICD10,UNKNOWN,,not_found
adr,fatigue,fatigue,meddra_code,MDR,10016256,Fatigue,matched_exact
adr,fatigue,fatigue,icd_code,ICD10CM,R53.83,Other fatigue,matched_words
adr,back pain,back pain,meddra_code,MDR,10003988,Back pain,matched_exact
adr,back pain,back pain,icd_code,ICD10CM,M54.9,"Dorsalgia, unspecified",matched_words
adr,Hypersensitivity or allergic reactions,Hypersensitivity or allergic reactions,meddra_code,MDR,0,,not_found
adr,Hypersensitivity or allergic reactions,Hypersensitivity or allergic reactions,icd_code,ICD10,UNKNOWN,,not_found
adr,angioedema,angioedema,meddra_code,MDR,10002424,Angioedema,matched_exact
adr,angioedema,angioedema,icd_code,ICD10CM,T78.3,Angioneurotic edema,matched_words
adr,burning and stinging at the infusion site,burning and stinging at the infusion site,meddra_code,MDR,0,,not_found
adr,burning and stinging at the infusion site,burning and stinging at the infusion site,icd_code,ICD10,UNKNOWN,,not_found
adr,chills,chills,meddra_code,MDR,10008531,Chills,matched_exact
adr,chills,chills,icd_code,ICD10CM,R68.83,Chills (without fever),matched_words
adr,flushing,flushing,meddra_code,MDR,10016825,Flushing,matched_exact
adr,flushing,flushing,icd_code,ICD10CM,R23.2,Flushing,matched_exact
adr,generalised urticaria,generalised urticaria,meddra_code,MDR,10074035,Generalised urticaria,matched_exact
adr,generalised urticaria,generalised urticaria,icd_code,ICD10,UNKNOWN,,not_found
adr,headache,headache,meddra_code,MDR,10019211,Headache,matched_exact
adr,headache,headache,icd_code,ICD10CM,R51,Headache,matched_exact
adr,hives,hives,meddra_code,MDR,10020197,Hives,matched_exact
adr,hives,hives,icd_code,ICD10,UNKNOWN,,not_found
adr,hypotension,hypotension,meddra_code,MDR,10021097,Hypotension,matched_exact
adr,hypotension,hypotension,icd_code,ICD10CM,I95,Hypotension,matched_exact
adr,lethargy,lethargy,meddra_code,MDR,10024264,Lethargy,matched_exact
adr,lethargy,lethargy,icd_code,ICD10CM,R53.83,Other fatigue,matched_exact
adr,nausea,nausea,meddra_code,MDR,10028813,Nausea,matched_exact
adr,nausea,nausea,icd_code,ICD10CM,R11.0,Nausea,matched_exact
adr,restlessness,restlessness,meddra_code,MDR,10038743,Restlessness,matched_exact
adr,restlessness,restlessness,icd_code,ICD10CM,G25.81,Restless legs syndrome,matched_words
adr,tachycardia,tachycardia,meddra_code,MDR,10043071,Tachycardia,matched_exact
adr,tachycardia,tachycardia,icd_code,ICD10CM,R00.0,"Tachycardia, unspecified",matched_words
adr,tightness of the chest,tightness of the chest,meddra_code,MDR,0,,not_found
adr,tightness of the chest,tightness of the chest,icd_code,ICD10,UNKNOWN,,not_found
adr,tingling,tingling,meddra_code,MDR,10043876,Tingling,matched_exact
adr,tingling,tingling,icd_code,ICD10CM,R20.2,Paresthesia of skin,matched_words
adr,vomiting,vomiting,meddra_code,MDR,10047700,Vomiting,matched_exact
adr,vomiting,vomiting,icd_code,ICD10CM,R11.1,Vomiting,matched_exact
adr,wheezing,wheezing,meddra_code,MDR,10047924,Wheezing,matched_exact
adr,wheezing,wheezing,icd_code,ICD10CM,R06.2,Wheezing,matched_exact
adr,severe anaphylaxis,severe anaphylaxis,meddra_code,MDR,0,,not_found
adr,severe anaphylaxis,severe anaphylaxis,icd_code,ICD10,UNKNOWN,,not_found
adr,shock,shock,meddra_code,MDR,10040560,Shock,matched_exact
adr,shock,shock,icd_code,ICD10CM,R57.9,"Shock, unspecified",matched_words
adr,Hypersensitivity reactions,Hypersensitivity reactions,meddra_code,MDR,10020756,Hypersensitivity reaction,matched_words
adr,Hypersensitivity reactions,Hypersensitivity reactions,icd_code,ICD10CM,M36.4,Arthropathy in hypersensitivity reactions classified elsewhere,matched_words
adr,allergic reactions,allergic reactions,meddra_code,MDR,10082135,Allergic reaction to drug,matched_words
adr,allergic reactions,allergic reactions,icd_code,ICD10CM,T78.40,"Allergy, unspecified",matched_words
adr,anaphylaxis,anaphylaxis,meddra_code,MDR,10002218,Anaphylaxis,matched_exact
adr,anaphylaxis,anaphylaxis,icd_code,ICD10CM,T78.2,"Anaphylactic shock, unspecified",matched_exact
adr,Nasopharyngitis,Nasopharyngitis,meddra_code,MDR,10028810,Nasopharyngitis,matched_exact
adr,Nasopharyngitis,Nasopharyngitis,icd_code,ICD10CM,J00,Acute nasopharyngitis [common cold],matched_words
adr,Neutropenia,Neutropenia,meddra_code,MDR,10029354,Neutropenia,matched_exact
adr,Neutropenia,Neutropenia,icd_code,ICD10CM,D70,Neutropenia,matched_exact
adr,Hypersensitivity,Hypersensitivity,meddra_code,MDR,10020751,Hypersensitivity,matched_exact
adr,Hypersensitivity,Hypersensitivity,icd_code,ICD10CM,T78.40,"Allergy, unspecified",matched_words
adr,Angioedema,Angioedema,meddra_code,MDR,10002424,Angioedema,matched_exact
adr,Angioedema,Angioedema,icd_code,ICD10CM,T78.3,Angioneurotic edema,matched_words
adr,allergic reaction,allergic reaction,meddra_code,MDR,10001718,Allergic reaction,matched_exact
adr,allergic reaction,allergic reaction,icd_code,ICD10CM,T78.40,"Allergy, unspecified",matched_words
adr,Appetite increased,Appetite increased,meddra_code,MDR,10021654,Increased appetite,matched_words
adr,Appetite increased,Appetite increased,icd_code,ICD10,UNKNOWN,,not_found
adr,Anorexia,Anorexia,meddra_code,MDR,10002646,Anorexia,matched_exact
adr,Anorexia,Anorexia,icd_code,ICD10CM,R63.0,Anorexia,matched_exact
adr,hypoglycaemia,hypoglycaemia,meddra_code,MDR,10020993,Hypoglycaemia,matched_exact
adr,hypoglycaemia,hypoglycaemia,icd_code,ICD10,E16.2,"Hypoglycaemia, unspecified",matched_words
adr,Euphoric mood,Euphoric mood,meddra_code,MDR,10015535,Euphoric mood,matched_exact
adr,Euphoric mood,Euphoric mood,icd_code,ICD10,UNKNOWN,,not_found
adr,confusion,confusion,meddra_code,MDR,10010300,Confusion,matched_exact
adr,confusion,confusion,icd_code,ICD10CM,R41.0,"Disorientation, unspecified",matched_words
adr,irritability,irritability,meddra_code,MDR,10022998,Irritability,matched_exact
adr,irritability,irritability,icd_code,ICD10CM,K58,Irritable bowel syndrome,matched_words
adr,disorientation,disorientation,meddra_code,MDR,10013395,Disorientation,matched_exact
adr,disorientation,disorientation,icd_code,ICD10CM,R41.0,"Disorientation, unspecified",matched_words
adr,insomnia,insomnia,meddra_code,MDR,10022437,Insomnia,matched_exact
adr,insomnia,insomnia,icd_code,ICD10CM,G47.0,Insomnia,matched_exact
adr,libido decreased,libido decreased,meddra_code,MDR,10024419,Libido decreased,matched_exact
adr,libido decreased,libido decreased,icd_code,ICD10CM,R68.82,Decreased libido,matched_words
adr,Hallucination,Hallucination,meddra_code,MDR,10019063,Hallucination,matched_exact
adr,Hallucination,Hallucination,icd_code,ICD10CM,R44.3,"Hallucinations, unspecified",matched_words
adr,panic attack,panic attack,meddra_code,MDR,10033664,Panic attack,matched_exact
adr,panic attack,panic attack,icd_code,ICD10CM,F41.0,Panic disorder [episodic paroxysmal anxiety],matched_exact
adr,restlessness,restlessness,meddra_code,MDR,10038743,Restlessness,matched_exact
adr,restlessness,restlessness,icd_code,ICD10CM,G25.81,Restless legs syndrome,matched_words
adr,agitation,agitation,meddra_code,MDR,10001497,Agitation,matched_exact
adr,agitation,agitation,icd_code,ICD10CM,R45.1,Restlessness and agitation,matched_words
adr,depression,depression,meddra_code,MDR,10012378,Depression,matched_exact
adr,depression,depression,icd_code,ICD10CM,F31.9,"Bipolar disorder, unspecified",matched_words
adr,depressed mood,depressed mood,meddra_code,MDR,10012374,Depressed mood,matched_exact
adr,depressed mood,depressed mood,icd_code,ICD10CM,F43.21,Adjustment disorder with depressed mood,matched_words
adr,elevated mood,elevated mood,meddra_code,MDR,10014483,Elevated mood,matched_exact
adr,elevated mood,elevated mood,icd_code,ICD10,UNKNOWN,,not_found
adr,aggression,aggression,meddra_code,MDR,10001488,Aggression,matched_exact
adr,aggression,aggression,icd_code,ICD10CM,D48.11,Desmoid tumor,matched_words
adr,mood swings,mood swings,meddra_code,MDR,10027951,Mood swings,matched_exact
adr,mood swings,mood swings,icd_code,ICD10,UNKNOWN,,not_found
adr,depersonalisation,depersonalisation,meddra_code,MDR,10012357,Depersonalisation,matched_exact
adr,depersonalisation,depersonalisation,icd_code,ICD10CM,F48.1,Depersonalization-derealization syndrome,matched_words
adr,word finding difficulty,word finding difficulty,meddra_code,MDR,10067711,Word finding difficulty,matched_exact
adr,word finding difficulty,word finding difficulty,icd_code,ICD10,UNKNOWN,,not_found
adr,abnormal dreams,abnormal dreams,meddra_code,MDR,10000125,Abnormal dreams,matched_exact
adr,abnormal dreams,abnormal dreams,icd_code,ICD10,UNKNOWN,,not_found
adr,libido increased,libido increased,meddra_code,MDR,10024421,Libido increased,matched_exact
adr,libido increased,libido increased,icd_code,ICD10,UNKNOWN,,not_found
adr,anorgasmia,anorgasmia,meddra_code,MDR,10002652,Anorgasmia,matched_exact
adr,anorgasmia,anorgasmia,icd_code,ICD10,UNKNOWN,,not_found
adr,apathy,apathy,meddra_code,MDR,10002942,Apathy,matched_exact
adr,apathy,apathy,icd_code,ICD10CM,R45.3,Demoralization and apathy,matched_words
adr,Disinhibition,Disinhibition,meddra_code,MDR,10013142,Disinhibition,matched_exact
adr,Disinhibition,Disinhibition,icd_code,ICD10CM,F94.2,Disinhibited attachment disorder of childhood,matched_words
adr,suicidal behavior,suicidal behavior,meddra_code,MDR,10065607,Suicidal behavior,matched_exact
adr,suicidal behavior,suicidal behavior,icd_code,ICD10CM,Z91.51,Personal history of suicidal behavior,matched_words
adr,suicidal ideation,suicidal ideation,meddra_code,MDR,10042458,Suicidal ideation,matched_exact
adr,suicidal ideation,suicidal ideation,icd_code,ICD10CM,R45.851,Suicidal ideations,matched_words
adr,Drug dependence,Drug dependence,meddra_code,MDR,10013663,Drug dependence,matched_exact
adr,Drug dependence,Drug dependence,icd_code,ICD10CM,P96.1,Neonatal withdrawal symptoms from maternal use of drugs of addiction,matched_words
adr,Dizziness,Dizziness,meddra_code,MDR,10013573,Dizziness,matched_exact
adr,Dizziness,Dizziness,icd_code,ICD10CM,R42,Dizziness and giddiness,matched_words
adr,somnolence,somnolence,meddra_code,MDR,10041349,Somnolence,matched_exact
adr,somnolence,somnolence,icd_code,ICD10CM,R40.0,Somnolence,matched_exact
adr,headache,headache,meddra_code,MDR,10019211,Headache,matched_exact
adr,headache,headache,icd_code,ICD10CM,R51,Headache,matched_exact
adr,Ataxia,Ataxia,meddra_code,MDR,10003591,Ataxia,matched_exact
adr,Ataxia,Ataxia,icd_code,ICD10CM,R27.0,"Ataxia, unspecified",matched_words
adr,coordination abnormal,coordination abnormal,meddra_code,MDR,10010947,Coordination abnormal,matched_exact
adr,coordination abnormal,coordination abnormal,icd_code,ICD10,UNKNOWN,,not_found
adr,tremor,tremor,meddra_code,MDR,10044565,Tremor,matched_exact
adr,tremor,tremor,icd_code,ICD10CM,R25.1,"Tremor, unspecified",matched_words
adr,dysarthria,dysarthria,meddra_code,MDR,10013887,Dysarthria,matched_exact
adr,dysarthria,dysarthria,icd_code,ICD10CM,R47.1,Dysarthria and anarthria,matched_words
adr,amnesia,amnesia,meddra_code,MDR,10001949,Amnesia,matched_exact
adr,amnesia,amnesia,icd_code,ICD10CM,R41.3,Other amnesia,matched_words
adr,memory impairment,memory impairment,meddra_code,MDR,10027175,Memory impairment,matched_exact
adr,memory impairment,memory impairment,icd_code,ICD10,UNKNOWN,,not_found
adr,disturbance in attention,disturbance in attention,meddra_code,MDR,10013496,Disturbance in attention,matched_exact
adr,disturbance in attention,disturbance in attention,icd_code,ICD10,UNKNOWN,,not_found
adr,paraesthesia,paraesthesia,meddra_code,MDR,10033775,Paraesthesia,matched_exact
adr,paraesthesia,paraesthesia,icd_code,ICD10,R20.2,Paraesthesia of skin,matched_words
adr,hypoaesthesia,hypoaesthesia,meddra_code,MDR,10020937,Hypoaesthesia,matched_exact
adr,hypoaesthesia,hypoaesthesia,icd_code,ICD10,R20.1,Hypoaesthesia of skin,matched_words
adr,sedation,sedation,meddra_code,MDR,10039897,Sedation,matched_exact
adr,sedation,sedation,icd_code,ICD10CM,Z92.83,Personal history of failed moderate sedation,matched_words
adr,balance disorder,balance disorder,meddra_code,MDR,10049848,Balance disorder,matched_exact
adr,balance disorder,balance disorder,icd_code,ICD10CM,E87.4,Mixed disorder of acid-base balance,matched_words
adr,lethargy,lethargy,meddra_code,MDR,10024264,Lethargy,matched_exact
adr,lethargy,lethargy,icd_code,ICD10CM,R53.83,Other fatigue,matched_exact
adr,Syncope,Syncope,meddra_code,MDR,10042772,Syncope,matched_exact
adr,Syncope,Syncope,icd_code,ICD10CM,R55,Syncope and collapse,matched_words
adr,stupor,stupor,meddra_code,MDR,10042264,Stupor,matched_exact
adr,stupor,stupor,icd_code,ICD10CM,R40.1,Stupor,matched_exact
adr,myoclonus,myoclonus,meddra_code,MDR,10028622,Myoclonus,matched_exact
adr,myoclonus,myoclonus,icd_code,ICD10CM,G25.3,Myoclonus,matched_exact
adr,loss of consciousness,loss of consciousness,meddra_code,MDR,10024855,Loss of consciousness,matched_exact
adr,loss of consciousness,loss of consciousness,icd_code,ICD10CM,S06.0XA,Concussion with loss of consciousness status unknown,matched_words
adr,psychomotor hyperactivity,psychomotor hyperactivity,meddra_code,MDR,10037211,Psychomotor hyperactivity,matched_exact
adr,psychomotor hyperactivity,psychomotor hyperactivity,icd_code,ICD10,UNKNOWN,,not_found
adr,dyskinesia,dyskinesia,meddra_code,MDR,10013916,Dyskinesia,matched_exact
adr,dyskinesia,dyskinesia,icd_code,ICD10CM,G24,Dystonia,matched_exact
adr,dizziness postural,dizziness postural,meddra_code,MDR,10013578,Dizziness postural,matched_exact
adr,dizziness postural,dizziness postural,icd_code,ICD10,UNKNOWN,,not_found
adr,intention tremor,intention tremor,meddra_code,MDR,10022520,Intention tremor,matched_exact
adr,intention tremor,intention tremor,icd_code,ICD10CM,G25.2,Other specified forms of tremor,matched_exact
adr,nystagmus,nystagmus,meddra_code,MDR,10029864,Nystagmus,matched_exact
adr,nystagmus,nystagmus,icd_code,ICD10CM,H55.0,Nystagmus,matched_exact
adr,cognitive disorder,cognitive disorder,meddra_code,MDR,10057668,Cognitive disorder,matched_exact
adr,cognitive disorder,cognitive disorder,icd_code,ICD10CM,G31.84,Mild cognitive impairment of uncertain or unknown etiology,matched_words
adr,mental impairment,mental impairment,meddra_code,MDR,10027374,Mental impairment,matched_exact
adr,mental impairment,mental impairment,icd_code,ICD10,F71.9,Moderate mental retardation without mention of impairment of behaviour,matched_words
adr,speech disorder,speech disorder,meddra_code,MDR,10041466,Speech disorder,matched_exact
adr,speech disorder,speech disorder,icd_code,ICD10CM,F80.9,"Developmental disorder of speech and language, unspecified",matched_words
adr,hyporeflexia,hyporeflexia,meddra_code,MDR,10021089,Hyporeflexia,matched_exact
adr,hyporeflexia,hyporeflexia,icd_code,ICD10,UNKNOWN,,not_found
adr,hyperaesthesia,hyperaesthesia,meddra_code,MDR,10020568,Hyperaesthesia,matched_exact
adr,hyperaesthesia,hyperaesthesia,icd_code,ICD10,R20.3,Hyperaesthesia,matched_exact
adr,burning sensation,burning sensation,meddra_code,MDR,10006784,Burning sensation,matched_exact
adr,burning sensation,burning sensation,icd_code,ICD10,UNKNOWN,,not_found
adr,ageusia,ageusia,meddra_code,MDR,10001480,Ageusia,matched_exact
adr,ageusia,ageusia,icd_code,ICD10,UNKNOWN,,not_found
adr,malaise,malaise,meddra_code,MDR,10025482,Malaise,matched_exact
adr,malaise,malaise,icd_code,ICD10CM,R53.81,Other malaise,matched_words
adr,Convulsions,Convulsions,meddra_code,MDR,10010914,Convulsions,matched_exact
adr,Convulsions,Convulsions,icd_code,ICD10CM,G40.909,"Epilepsy, unspecified, not intractable, without status epilepticus",matched_words
adr,parosmia,parosmia,meddra_code,MDR,10034018,Parosmia,matched_exact
adr,parosmia,parosmia,icd_code,ICD10CM,R43.1,Parosmia,matched_exact
adr,hypokinesia,hypokinesia,meddra_code,MDR,10021021,Hypokinesia,matched_exact
adr,hypokinesia,hypokinesia,icd_code,ICD10,UNKNOWN,,not_found
adr,dysgraphia,dysgraphia,meddra_code,MDR,10058319,Dysgraphia,matched_exact
adr,dysgraphia,dysgraphia,icd_code,ICD10,UNKNOWN,,not_found
adr,parkinsonism,parkinsonism,meddra_code,MDR,10034010,Parkinsonism,matched_exact
adr,parkinsonism,parkinsonism,icd_code,ICD10CM,G20,Parkinson's disease,matched_words
adr,Vision blurred,Vision blurred,meddra_code,MDR,10047513,Vision blurred,matched_exact
adr,Vision blurred,Vision blurred,icd_code,ICD10,UNKNOWN,,not_found
adr,diplopia,diplopia,meddra_code,MDR,10013036,Diplopia,matched_exact
adr,diplopia,diplopia,icd_code,ICD10CM,H53.2,Diplopia,matched_exact
adr,Peripheral vision loss,Peripheral vision loss,meddra_code,MDR,0,,not_found
adr,Peripheral vision loss,Peripheral vision loss,icd_code,ICD10,UNKNOWN,,not_found
adr,visual disturbance,visual disturbance,meddra_code,MDR,10047543,Visual disturbance,matched_exact
adr,visual disturbance,visual disturbance,icd_code,ICD10CM,H53.9,Unspecified visual disturbance,matched_words
adr,eye swelling,eye swelling,meddra_code,MDR,10015967,Eye swelling,matched_exact
adr,eye swelling,eye swelling,icd_code,ICD10,UNKNOWN,,not_found
adr,visual field defect,visual field defect,meddra_code,MDR,10047555,Visual field defect,matched_exact
adr,visual field defect,visual field defect,icd_code,ICD10CM,H53.4,Visual field defects,matched_words
adr,visual acuity reduced,visual acuity reduced,meddra_code,MDR,10047531,Visual acuity reduced,matched_exact
adr,visual acuity reduced,visual acuity reduced,icd_code,ICD10,UNKNOWN,,not_found
adr,eye pain,eye pain,meddra_code,MDR,10015958,Eye pain,matched_exact
adr,eye pain,eye pain,icd_code,ICD10CM,H57.10,"Ocular pain, unspecified eye",matched_words
adr,asthenopia,asthenopia,meddra_code,MDR,10003552,Asthenopia,matched_exact
adr,asthenopia,asthenopia,icd_code,ICD10CM,H53.14,Visual discomfort,matched_exact
adr,photopsia,photopsia,meddra_code,MDR,10034962,Photopsia,matched_exact
adr,photopsia,photopsia,icd_code,ICD10,UNKNOWN,,not_found
adr,dry eye,dry eye,meddra_code,MDR,10013774,Dry eye,matched_exact
adr,dry eye,dry eye,icd_code,ICD10CM,H04.12,Dry eye syndrome,matched_words
adr,lacrimation increased,lacrimation increased,meddra_code,MDR,10023644,Lacrimation increased,matched_exact
adr,lacrimation increased,lacrimation increased,icd_code,ICD10,UNKNOWN,,not_found
adr,eye irritation,eye irritation,meddra_code,MDR,10015946,Eye irritation,matched_exact
adr,eye irritation,eye irritation,icd_code,ICD10,UNKNOWN,,not_found
adr,Vision loss,Vision loss,meddra_code,MDR,10047522,Vision loss,matched_exact
adr,Vision loss,Vision loss,icd_code,ICD10CM,H54.61,"Unqualified visual loss, right eye, normal vision left eye",matched_words
adr,keratitis,keratitis,meddra_code,MDR,10023332,Keratitis,matched_exact
adr,keratitis,keratitis,icd_code,ICD10CM,H16,Keratitis,matched_exact
adr,oscillopsia,oscillopsia,meddra_code,MDR,10052087,Oscillopsia,matched_exact
adr,oscillopsia,oscillopsia,icd_code,ICD10,UNKNOWN,,not_found
adr,altered visual depth perception,altered visual depth perception,meddra_code,MDR,10053549,Altered visual depth perception,matched_exact
adr,altered visual depth perception,altered visual depth perception,icd_code,ICD10,UNKNOWN,,not_found
adr,mydriasis,mydriasis,meddra_code,MDR,10028521,Mydriasis,matched_exact
adr,mydriasis,mydriasis,icd_code,ICD10CM,H57.04,Mydriasis,matched_exact
adr,strabismus,strabismus,meddra_code,MDR,10042159,Strabismus,matched_exact
adr,strabismus,strabismus,icd_code,ICD10CM,H50.9,Unspecified strabismus,matched_words
adr,visual brightness,visual brightness,meddra_code,MDR,10049155,Visual brightness,matched_exact
adr,visual brightness,visual brightness,icd_code,ICD10,UNKNOWN,,not_found
adr,Vertigo,Vertigo,meddra_code,MDR,10047340,Vertigo,matched_exact
adr,Vertigo,Vertigo,icd_code,ICD10CM,H81.0,Ménière's disease,matched_words
adr,Hyperacusis,Hyperacusis,meddra_code,MDR,10020559,Hyperacusis,matched_exact
adr,Hyperacusis,Hyperacusis,icd_code,ICD10CM,H93.23,Hyperacusis,matched_exact
adr,Tachycardia,Tachycardia,meddra_code,MDR,10043071,Tachycardia,matched_exact
adr,Tachycardia,Tachycardia,icd_code,ICD10CM,R00.0,"Tachycardia, unspecified",matched_words
adr,atrioventricular block first degree,atrioventricular block first degree,meddra_code,MDR,10003674,Atrioventricular block first degree,matched_exact
adr,atrioventricular block first degree,atrioventricular block first degree,icd_code,ICD10CM,I44.0,"Atrioventricular block, first degree",matched_words
adr,sinus bradycardia,sinus bradycardia,meddra_code,MDR,10040741,Sinus bradycardia,matched_exact
adr,sinus bradycardia,sinus bradycardia,icd_code,ICD10CM,R00.1,"Bradycardia, unspecified",matched_exact
adr,congestive heart failure,congestive heart failure,meddra_code,MDR,10010684,Congestive heart failure,matched_exact
adr,congestive heart failure,congestive heart failure,icd_code,ICD10CM,I50.9,"Heart failure, unspecified",matched_words
adr,QT prolongation,QT prolongation,meddra_code,MDR,10037705,QT prolonged,matched_words
adr,QT prolongation,QT prolongation,icd_code,ICD10,UNKNOWN,,not_found
adr,sinus tachycardia,sinus tachycardia,meddra_code,MDR,10040752,Sinus tachycardia,matched_exact
adr,sinus tachycardia,sinus tachycardia,icd_code,ICD10CM,I47.11,"Inappropriate sinus tachycardia, so stated",matched_words
adr,sinus arrhythmia,sinus arrhythmia,meddra_code,MDR,10040739,Sinus arrhythmia,matched_exact
adr,sinus arrhythmia,sinus arrhythmia,icd_code,ICD10,UNKNOWN,,not_found
adr,Hypotension,Hypotension,meddra_code,MDR,10021097,Hypotension,matched_exact
adr,Hypotension,Hypotension,icd_code,ICD10CM,I95,Hypotension,matched_exact
adr,hypertension,hypertension,meddra_code,MDR,10020772,Hypertension,matched_exact
adr,hypertension,hypertension,icd_code,ICD10CM,I10,Essential (primary) hypertension,matched_words
adr,hot flushes,hot flushes,meddra_code,MDR,10020408,Hot flushes,matched_exact
adr,hot flushes,hot flushes,icd_code,ICD10,UNKNOWN,,not_found
adr,flushing,flushing,meddra_code,MDR,10016825,Flushing,matched_exact
adr,flushing,flushing,icd_code,ICD10CM,R23.2,Flushing,matched_exact
adr,peripheral coldness,peripheral coldness,meddra_code,MDR,10034568,Peripheral coldness,matched_exact
adr,peripheral coldness,peripheral coldness,icd_code,ICD10,UNKNOWN,,not_found
adr,Dyspnoea,Dyspnoea,meddra_code,MDR,10013968,Dyspnoea,matched_exact
adr,Dyspnoea,Dyspnoea,icd_code,ICD10,R06.0,Dyspnoea,matched_exact
adr,epistaxis,epistaxis,meddra_code,MDR,10015090,Epistaxis,matched_exact
adr,epistaxis,epistaxis,icd_code,ICD10CM,R04.0,Epistaxis,matched_exact
adr,cough,cough,meddra_code,MDR,10011224,Cough,matched_exact
adr,cough,cough,icd_code,ICD10CM,R05,Cough,matched_exact
adr,nasal congestion,nasal congestion,meddra_code,MDR,10028735,Nasal congestion,matched_exact
adr,nasal congestion,nasal congestion,icd_code,ICD10CM,R09.81,Nasal congestion,matched_exact
adr,rhinitis,rhinitis,meddra_code,MDR,10039083,Rhinitis,matched_exact
adr,rhinitis,rhinitis,icd_code,ICD10CM,J00,Acute nasopharyngitis [common cold],matched_words
adr,snoring,snoring,meddra_code,MDR,10041235,Snoring,matched_exact
adr,snoring,snoring,icd_code,ICD10CM,R06.83,Snoring,matched_exact
adr,nasal dryness,nasal dryness,meddra_code,MDR,10028740,Nasal dryness,matched_exact
adr,nasal dryness,nasal dryness,icd_code,ICD10,UNKNOWN,,not_found
adr,Pulmonary oedema,Pulmonary oedema,meddra_code,MDR,10037423,Pulmonary oedema,matched_exact
adr,Pulmonary oedema,Pulmonary oedema,icd_code,ICD10,J81,Pulmonary oedema,matched_exact
adr,throat tightness,throat tightness,meddra_code,MDR,10043528,Throat tightness,matched_exact
adr,throat tightness,throat tightness,icd_code,ICD10,UNKNOWN,,not_found
adr,Respiratory depression,Respiratory depression,meddra_code,MDR,10038678,Respiratory depression,matched_exact
adr,Respiratory depression,Respiratory depression,icd_code,ICD10CM,P28.9,"Respiratory condition of newborn, unspecified",matched_words
adr,Vomiting,Vomiting,meddra_code,MDR,10047700,Vomiting,matched_exact
adr,Vomiting,Vomiting,icd_code,ICD10CM,R11.1,Vomiting,matched_exact
adr,nausea,nausea,meddra_code,MDR,10028813,Nausea,matched_exact
adr,nausea,nausea,icd_code,ICD10CM,R11.0,Nausea,matched_exact
adr,constipation,constipation,meddra_code,MDR,10010774,Constipation,matched_exact
adr,constipation,constipation,icd_code,ICD10CM,K59.0,Constipation,matched_exact
adr,diarrhoea,diarrhoea,meddra_code,MDR,10012735,Diarrhoea,matched_exact
adr,diarrhoea,diarrhoea,icd_code,ICD10,K59.1,Functional diarrhoea,matched_words
adr,flatulence,flatulence,meddra_code,MDR,10016766,Flatulence,matched_exact
adr,flatulence,flatulence,icd_code,ICD10CM,R14.3,Flatulence,matched_exact
adr,abdominal distension,abdominal distension,meddra_code,MDR,10000060,Abdominal distension,matched_exact
adr,abdominal distension,abdominal distension,icd_code,ICD10CM,R14.0,Abdominal distension (gaseous),matched_words
adr,dry mouth,dry mouth,meddra_code,MDR,10013781,Dry mouth,matched_exact
adr,dry mouth,dry mouth,icd_code,ICD10CM,R68.2,"Dry mouth, unspecified",matched_words
adr,Gastrooesophageal reflux disease,Gastrooesophageal reflux disease,meddra_code,MDR,10017885,Gastrooesophageal reflux disease,matched_exact
adr,Gastrooesophageal reflux disease,Gastrooesophageal reflux disease,icd_code,ICD10,UNKNOWN,,not_found
adr,salivary hypersecretion,salivary hypersecretion,meddra_code,MDR,10039424,Salivary hypersecretion,matched_exact
adr,salivary hypersecretion,salivary hypersecretion,icd_code,ICD10,UNKNOWN,,not_found
adr,hypoaesthesia oral,hypoaesthesia oral,meddra_code,MDR,10057371,Hypoaesthesia oral,matched_exact
adr,hypoaesthesia oral,hypoaesthesia oral,icd_code,ICD10,UNKNOWN,,not_found
adr,Ascites,Ascites,meddra_code,MDR,10003445,Ascites,matched_exact
adr,Ascites,Ascites,icd_code,ICD10CM,R18,Ascites,matched_exact
adr,pancreatitis,pancreatitis,meddra_code,MDR,10033645,Pancreatitis,matched_exact
adr,pancreatitis,pancreatitis,icd_code,ICD10CM,K85.9,"Acute pancreatitis, unspecified",matched_words
adr,swollen tongue,swollen tongue,meddra_code,MDR,10042727,Swollen tongue,matched_exact
adr,swollen tongue,swollen tongue,icd_code,ICD10,UNKNOWN,,not_found
adr,dysphagia,dysphagia,meddra_code,MDR,10013950,Dysphagia,matched_exact
adr,dysphagia,dysphagia,icd_code,ICD10CM,R13.1,Dysphagia,matched_exact
adr,Elevated liver enzymes,Elevated liver enzymes,meddra_code,MDR,10014481,Elevated liver enzymes,matched_exact
adr,Elevated liver enzymes,Elevated liver enzymes,icd_code,ICD10CM,O14.2,HELLP syndrome,matched_words
adr,Jaundice,Jaundice,meddra_code,MDR,10023126,Jaundice,matched_exact
adr,Jaundice,Jaundice,icd_code,ICD10CM,R17,Unspecified jaundice,matched_words
adr,Hepatic failure,Hepatic failure,meddra_code,MDR,10019663,Hepatic failure,matched_exact
adr,Hepatic failure,Hepatic failure,icd_code,ICD10CM,K72.9,"Hepatic failure, unspecified",matched_words
adr,hepatitis,hepatitis,meddra_code,MDR,10019717,Hepatitis,matched_exact
adr,hepatitis,hepatitis,icd_code,ICD10CM,K75.9,"Inflammatory liver disease, unspecified",matched_words
adr,Rash papular,Rash papular,meddra_code,MDR,10037876,Rash papular,matched_exact
adr,Rash papular,Rash papular,icd_code,ICD10,UNKNOWN,,not_found
adr,urticaria,urticaria,meddra_code,MDR,10046735,Urticaria,matched_exact
adr,urticaria,urticaria,icd_code,ICD10CM,L50,Urticaria,matched_exact
adr,hyperhidrosis,hyperhidrosis,meddra_code,MDR,10020642,Hyperhidrosis,matched_exact
adr,hyperhidrosis,hyperhidrosis,icd_code,ICD10CM,R61,Generalized hyperhidrosis,matched_words
adr,pruritus,pruritus,meddra_code,MDR,10037087,Pruritus,matched_exact
adr,pruritus,pruritus,icd_code,ICD10CM,L29,Pruritus,matched_exact
adr,Toxic epidermal necrolysis,Toxic epidermal necrolysis,meddra_code,MDR,10044223,Toxic epidermal necrolysis,matched_exact
adr,Toxic epidermal necrolysis,Toxic epidermal necrolysis,icd_code,ICD10CM,L51.2,Toxic epidermal necrolysis [Lyell],matched_words
adr,Stevens Johnson syndrome,Stevens Johnson syndrome,meddra_code,MDR,10042030,Stevens Johnson syndrome,matched_exact
adr,Stevens Johnson syndrome,Stevens Johnson syndrome,icd_code,ICD10CM,L51.1,Stevens-Johnson syndrome,matched_words
adr,cold sweat,cold sweat,meddra_code,MDR,10009866,Cold sweat,matched_exact
adr,cold sweat,cold sweat,icd_code,ICD10,UNKNOWN,,not_found
adr,Muscle cramp,Muscle cramp,meddra_code,MDR,10028294,Muscle cramp,matched_exact
adr,Muscle cramp,Muscle cramp,icd_code,ICD10,UNKNOWN,,not_found
adr,arthralgia,arthralgia,meddra_code,MDR,10003239,Arthralgia,matched_exact
adr,arthralgia,arthralgia,icd_code,ICD10CM,M26.62,Arthralgia of temporomandibular joint,matched_words
adr,back pain,back pain,meddra_code,MDR,10003988,Back pain,matched_exact
adr,back pain,back pain,icd_code,ICD10CM,M54.9,"Dorsalgia, unspecified",matched_words
adr,pain in limb,pain in limb,meddra_code,MDR,10033447,Pain in limb,matched_exact
adr,pain in limb,pain in limb,icd_code,ICD10CM,M79.609,Pain in unspecified limb,matched_words
adr,cervical spasm,cervical spasm,meddra_code,MDR,10048315,Cervical spasm,matched_exact
adr,cervical spasm,cervical spasm,icd_code,ICD10CM,O62.4,"Hypertonic, incoordinate, and prolonged uterine contractions",matched_exact
adr,Joint swelling,Joint swelling,meddra_code,MDR,10023232,Joint swelling,matched_exact
adr,Joint swelling,Joint swelling,icd_code,ICD10,UNKNOWN,,not_found
adr,myalgia,myalgia,meddra_code,MDR,10028411,Myalgia,matched_exact
adr,myalgia,myalgia,icd_code,ICD10CM,M79.1,Myalgia,matched_exact
adr,muscle twitching,muscle twitching,meddra_code,MDR,10028347,Muscle twitching,matched_exact
adr,muscle twitching,muscle twitching,icd_code,ICD10,UNKNOWN,,not_found
adr,neck pain,neck pain,meddra_code,MDR,10028836,Neck pain,matched_exact
adr,neck pain,neck pain,icd_code,ICD10,UNKNOWN,,not_found
adr,muscle stiffness,muscle stiffness,meddra_code,MDR,10028339,Muscle stiffness,matched_exact
adr,muscle stiffness,muscle stiffness,icd_code,ICD10,UNKNOWN,,not_found
adr,Rhabdomyolysis,Rhabdomyolysis,meddra_code,MDR,10039020,Rhabdomyolysis,matched_exact
adr,Rhabdomyolysis,Rhabdomyolysis,icd_code,ICD10CM,M62.82,Rhabdomyolysis,matched_exact
adr,Urinary incontinence,Urinary incontinence,meddra_code,MDR,10046543,Urinary incontinence,matched_exact
adr,Urinary incontinence,Urinary incontinence,icd_code,ICD10CM,R32,Unspecified urinary incontinence,matched_words
adr,dysuria,dysuria,meddra_code,MDR,10013990,Dysuria,matched_exact
adr,dysuria,dysuria,icd_code,ICD10CM,R30.0,Dysuria,matched_exact
adr,Renal failure,Renal failure,meddra_code,MDR,10038435,Renal failure,matched_exact
adr,Renal failure,Renal failure,icd_code,ICD10CM,N18.9,"Chronic kidney disease, unspecified",matched_words
adr,oliguria,oliguria,meddra_code,MDR,10030302,Oliguria,matched_exact
adr,oliguria,oliguria,icd_code,ICD10CM,R34,Anuria and oliguria,matched_words
adr,urinary retention,urinary retention,meddra_code,MDR,10046555,Urinary retention,matched_exact
adr,urinary retention,urinary retention,icd_code,ICD10,UNKNOWN,,not_found
adr,Erectile dysfunction,Erectile dysfunction,meddra_code,MDR,10061461,Erectile dysfunction,matched_exact
adr,Erectile dysfunction,Erectile dysfunction,icd_code,ICD10CM,N52,Male erectile dysfunction,matched_words
adr,Sexual dysfunction,Sexual dysfunction,meddra_code,MDR,10040477,Sexual dysfunction,matched_exact
adr,Sexual dysfunction,Sexual dysfunction,icd_code,ICD10CM,R37,"Sexual dysfunction, unspecified",matched_words
adr,ejaculation delayed,ejaculation delayed,meddra_code,MDR,10014325,Ejaculation delayed,matched_exact
adr,ejaculation delayed,ejaculation delayed,icd_code,ICD10CM,F52.32,Male orgasmic disorder,matched_words
adr,dysmenorrhoea,dysmenorrhoea,meddra_code,MDR,10013935,Dysmenorrhoea,matched_exact
adr,dysmenorrhoea,dysmenorrhoea,icd_code,ICD10,N94.6,"Dysmenorrhoea, unspecified",matched_words
adr,breast pain,breast pain,meddra_code,MDR,10006298,Breast pain,matched_exact
adr,breast pain,breast pain,icd_code,ICD10,UNKNOWN,,not_found
adr,Amenorrhoea,Amenorrhoea,meddra_code,MDR,10001928,Amenorrhoea,matched_exact
adr,Amenorrhoea,Amenorrhoea,icd_code,ICD10,N91.2,"Amenorrhoea, unspecified",matched_words
adr,breast discharge,breast discharge,meddra_code,MDR,10006223,Breast discharge,matched_exact
adr,breast discharge,breast discharge,icd_code,ICD10,UNKNOWN,,not_found
adr,breast enlargement,breast enlargement,meddra_code,MDR,10006242,Breast enlargement,matched_exact
adr,breast enlargement,breast enlargement,icd_code,ICD10,UNKNOWN,,not_found
adr,gynaecomastia,gynaecomastia,meddra_code,MDR,10018800,Gynaecomastia,matched_exact
adr,gynaecomastia,gynaecomastia,icd_code,ICD10,UNKNOWN,,not_found
adr,Oedema peripheral,Oedema peripheral,meddra_code,MDR,10030124,Oedema peripheral,matched_exact
adr,Oedema peripheral,Oedema peripheral,icd_code,ICD10,UNKNOWN,,not_found
adr,oedema,oedema,meddra_code,MDR,10030095,Oedema,matched_exact
adr,oedema,oedema,icd_code,ICD10,R60.9,"Oedema, unspecified",matched_words
adr,gait abnormal,gait abnormal,meddra_code,MDR,10017573,Gait abnormal,matched_exact
adr,gait abnormal,gait abnormal,icd_code,ICD10CM,R26,Abnormalities of gait and mobility,matched_words
adr,fall,fall,meddra_code,MDR,10016173,Fall,matched_exact
adr,fall,fall,icd_code,ICD10CM,W19,Unspecified fall,matched_words
adr,feeling drunk,feeling drunk,meddra_code,MDR,10016330,Feeling drunk,matched_exact
adr,feeling drunk,feeling drunk,icd_code,ICD10,UNKNOWN,,not_found
adr,feeling abnormal,feeling abnormal,meddra_code,MDR,10016322,Feeling abnormal,matched_exact
adr,feeling abnormal,feeling abnormal,icd_code,ICD10,UNKNOWN,,not_found
adr,fatigue,fatigue,meddra_code,MDR,10016256,Fatigue,matched_exact
adr,fatigue,fatigue,icd_code,ICD10CM,R53.83,Other fatigue,matched_words
adr,Generalised oedema,Generalised oedema,meddra_code,MDR,10018092,Generalised oedema,matched_exact
adr,Generalised oedema,Generalised oedema,icd_code,ICD10,UNKNOWN,,not_found
adr,face oedema,face oedema,meddra_code,MDR,10016029,Face oedema,matched_exact
adr,face oedema,face oedema,icd_code,ICD10,UNKNOWN,,not_found
adr,chest tightness,chest tightness,meddra_code,MDR,10008492,Chest tightness,matched_exact
adr,chest tightness,chest tightness,icd_code,ICD10,UNKNOWN,,not_found
adr,pain,pain,meddra_code,MDR,10033371,Pain,matched_exact
adr,pain,pain,icd_code,ICD10CM,R52,"Pain, unspecified",matched_words
adr,pyrexia,pyrexia,meddra_code,MDR,10037660,Pyrexia,matched_exact
adr,pyrexia,pyrexia,icd_code,ICD10CM,R50.9,"Fever, unspecified",matched_words
adr,thirst,thirst,meddra_code,MDR,10043458,Thirst,matched_exact
adr,thirst,thirst,icd_code,ICD10CM,R63.1,Polydipsia,matched_words
adr,chills,chills,meddra_code,MDR,10008531,Chills,matched_exact
adr,chills,chills,icd_code,ICD10CM,R68.83,Chills (without fever),matched_words
adr,asthenia,asthenia,meddra_code,MDR,10003549,Asthenia,matched_exact
adr,asthenia,asthenia,icd_code,ICD10CM,R53.1,Weakness,matched_words
adr,Weight increased,Weight increased,meddra_code,MDR,10047899,Weight increased,matched_exact
adr,Weight increased,Weight increased,icd_code,ICD10,UNKNOWN,,not_found
adr,Blood creatine phosphokinase increased,Blood creatine phosphokinase increased,meddra_code,MDR,10005470,Blood creatine phosphokinase increased,matched_exact
adr,Blood creatine phosphokinase increased,Blood creatine phosphokinase increased,icd_code,ICD10,UNKNOWN,,not_found
adr,blood glucose increased,blood glucose increased,meddra_code,MDR,10005557,Blood glucose increased,matched_exact
adr,blood glucose increased,blood glucose increased,icd_code,ICD10,UNKNOWN,,not_found
adr,platelet count decreased,platelet count decreased,meddra_code,MDR,10035528,Platelet count decreased,matched_exact
adr,platelet count decreased,platelet count decreased,icd_code,ICD10,UNKNOWN,,not_found
adr,blood creatinine increased,blood creatinine increased,meddra_code,MDR,10005483,Blood creatinine increased,matched_exact
adr,blood creatinine increased,blood creatinine increased,icd_code,ICD10,UNKNOWN,,not_found
adr,blood potassium decreased,blood potassium decreased,meddra_code,MDR,10005724,Blood potassium decreased,matched_exact
adr,blood potassium decreased,blood potassium decreased,icd_code,ICD10,UNKNOWN,,not_found
adr,weight decreased,weight decreased,meddra_code,MDR,10047895,Weight decreased,matched_exact
adr,weight decreased,weight decreased,icd_code,ICD10CM,D68.020,"Von Willebrand disease, type 2A",matched_words
adr,White blood cell count decreased,White blood cell count decreased,meddra_code,MDR,10047942,White blood cell count decreased,matched_exact
adr,White blood cell count decreased,White blood cell count decreased,icd_code,ICD10CM,D72.819,"Decreased white blood cell count, unspecified",matched_words
adr,somnolence,somnolence,meddra_code,MDR,10041349,Somnolence,matched_exact
adr,somnolence,somnolence,icd_code,ICD10CM,R40.0,Somnolence,matched_exact
adr,weight gain,weight gain,meddra_code,MDR,10047896,Weight gain,matched_exact
adr,weight gain,weight gain,icd_code,ICD10CM,R62.51,Failure to thrive (child),matched_words
adr,eosinophilia,eosinophilia,meddra_code,MDR,10014950,Eosinophilia,matched_exact
adr,eosinophilia,eosinophilia,icd_code,ICD10CM,D72.1,Eosinophilia,matched_exact
adr,elevated prolactin,elevated prolactin,meddra_code,MDR,0,,not_found
adr,elevated prolactin,elevated prolactin,icd_code,ICD10,UNKNOWN,,not_found
adr,cholesterol,cholesterol,meddra_code,MDR,10008650,Cholesterol,matched_exact
adr,cholesterol,cholesterol,icd_code,ICD10CM,E78.6,Lipoprotein deficiency,matched_words
adr,glucose,glucose,meddra_code,MDR,10018414,Glucose,matched_exact
adr,glucose,glucose,icd_code,ICD10CM,D55.0,Anemia due to glucose-6-phosphate dehydrogenase [G6PD] deficiency,matched_words
adr,triglyceride levels,triglyceride levels,meddra_code,MDR,0,,not_found
adr,triglyceride levels,triglyceride levels,icd_code,ICD10,UNKNOWN,,not_found
adr,glucosuria,glucosuria,meddra_code,MDR,10068405,Glucosuria,matched_exact
adr,glucosuria,glucosuria,icd_code,ICD10,UNKNOWN,,not_found
adr,increased appetite,increased appetite,meddra_code,MDR,10021654,Increased appetite,matched_exact
adr,increased appetite,increased appetite,icd_code,ICD10,UNKNOWN,,not_found
adr,dizziness,dizziness,meddra_code,MDR,10013573,Dizziness,matched_exact
adr,dizziness,dizziness,icd_code,ICD10CM,R42,Dizziness and giddiness,matched_words
adr,akathisia,akathisia,meddra_code,MDR,10001540,Akathisia,matched_exact
adr,akathisia,akathisia,icd_code,ICD10CM,G25.71,Drug induced akathisia,matched_words
adr,parkinsonism,parkinsonism,meddra_code,MDR,10034010,Parkinsonism,matched_exact
adr,parkinsonism,parkinsonism,icd_code,ICD10CM,G20,Parkinson's disease,matched_words
adr,dyskinesia,dyskinesia,meddra_code,MDR,10013916,Dyskinesia,matched_exact
adr,dyskinesia,dyskinesia,icd_code,ICD10CM,G24,Dystonia,matched_exact
adr,orthostatic hypotension,orthostatic hypotension,meddra_code,MDR,10031127,Orthostatic hypotension,matched_exact
adr,orthostatic hypotension,orthostatic hypotension,icd_code,ICD10CM,I95.1,Orthostatic hypotension,matched_exact
adr,anticholinergic effects,anticholinergic effects,meddra_code,MDR,10090930,Anticholinergic effect,matched_words
adr,anticholinergic effects,anticholinergic effects,icd_code,ICD10CM,T44.3X5,Adverse effect of other parasympatholytics [anticholinergics and antimuscarinics] and spasmolytics,matched_words
adr,transient asymptomatic elevations of hepatic aminotransferases,transient asymptomatic elevations of hepatic aminotransferases,meddra_code,MDR,0,,not_found
adr,transient asymptomatic elevations of hepatic aminotransferases,transient asymptomatic elevations of hepatic aminotransferases,icd_code,ICD10,UNKNOWN,,not_found
adr,rash,rash,meddra_code,MDR,10037844,Rash,matched_exact
adr,rash,rash,icd_code,ICD10CM,R21,Rash and other nonspecific skin eruption,matched_words
adr,asthenia,asthenia,meddra_code,MDR,10003549,Asthenia,matched_exact
adr,asthenia,asthenia,icd_code,ICD10CM,R53.1,Weakness,matched_words
adr,fatigue,fatigue,meddra_code,MDR,10016256,Fatigue,matched_exact
adr,fatigue,fatigue,icd_code,ICD10CM,R53.83,Other fatigue,matched_words
adr,pyrexia,pyrexia,meddra_code,MDR,10037660,Pyrexia,matched_exact
adr,pyrexia,pyrexia,icd_code,ICD10CM,R50.9,"Fever, unspecified",matched_words
adr,arthralgia,arthralgia,meddra_code,MDR,10003239,Arthralgia,matched_exact
adr,arthralgia,arthralgia,icd_code,ICD10CM,M26.62,Arthralgia of temporomandibular joint,matched_words
adr,increased alkaline phosphatase,increased alkaline phosphatase,meddra_code,MDR,10001679,Alkaline phosphatase serum increased,matched_words
adr,increased alkaline phosphatase,increased alkaline phosphatase,icd_code,ICD10,UNKNOWN,,not_found
adr,high gamma glutamyltransferase,high gamma glutamyltransferase,meddra_code,MDR,10017691,Gamma-glutamyltransferase high,matched_words
adr,high gamma glutamyltransferase,high gamma glutamyltransferase,icd_code,ICD10,UNKNOWN,,not_found
adr,high uric acid,high uric acid,meddra_code,MDR,10050450,Uric acid high,matched_words
adr,high uric acid,high uric acid,icd_code,ICD10,UNKNOWN,,not_found
adr,high creatine phosphokinase,high creatine phosphokinase,meddra_code,MDR,0,,not_found
adr,high creatine phosphokinase,high creatine phosphokinase,icd_code,ICD10,UNKNOWN,,not_found
adr,oedema,oedema,meddra_code,MDR,10030095,Oedema,matched_exact
adr,oedema,oedema,icd_code,ICD10,R60.9,"Oedema, unspecified",matched_words
adr,leukopenia,leukopenia,meddra_code,MDR,10024384,Leukopenia,matched_exact
adr,leukopenia,leukopenia,icd_code,ICD10CM,D72.819,"Decreased white blood cell count, unspecified",matched_exact
adr,neutropenia,neutropenia,meddra_code,MDR,10029354,Neutropenia,matched_exact
adr,neutropenia,neutropenia,icd_code,ICD10CM,D70,Neutropenia,matched_exact
adr,thrombocytopenia,thrombocytopenia,meddra_code,MDR,10043554,Thrombocytopenia,matched_exact
adr,thrombocytopenia,thrombocytopenia,icd_code,ICD10CM,D69.6,"Thrombocytopenia, unspecified",matched_words
adr,hypersensitivity,hypersensitivity,meddra_code,MDR,10020751,Hypersensitivity,matched_exact
adr,hypersensitivity,hypersensitivity,icd_code,ICD10CM,T78.40,"Allergy, unspecified",matched_words
adr,Development or exacerbation of diabetes,Development or exacerbation of diabetes,meddra_code,MDR,0,,not_found
adr,Development or exacerbation of diabetes,Development or exacerbation of diabetes,icd_code,ICD10,UNKNOWN,,not_found
adr,hypothermia,hypothermia,meddra_code,MDR,10021113,Hypothermia,matched_exact
adr,hypothermia,hypothermia,icd_code,ICD10CM,T68,Hypothermia,matched_exact
adr,seizures,seizures,meddra_code,MDR,10039910,Seizures,matched_exact
adr,seizures,seizures,icd_code,ICD10CM,G40.909,"Epilepsy, unspecified, not intractable, without status epilepticus",matched_words
adr,dystonia,dystonia,meddra_code,MDR,10013983,Dystonia,matched_exact
adr,dystonia,dystonia,icd_code,ICD10CM,G24,Dystonia,matched_exact
adr,tardive dyskinesia,tardive dyskinesia,meddra_code,MDR,10043118,Tardive dyskinesia,matched_exact
adr,tardive dyskinesia,tardive dyskinesia,icd_code,ICD10CM,G24.01,Drug induced subacute dyskinesia,matched_exact
adr,amnesia,amnesia,meddra_code,MDR,10001949,Amnesia,matched_exact
adr,amnesia,amnesia,icd_code,ICD10CM,R41.3,Other amnesia,matched_words
adr,dysarthria,dysarthria,meddra_code,MDR,10013887,Dysarthria,matched_exact
adr,dysarthria,dysarthria,icd_code,ICD10CM,R47.1,Dysarthria and anarthria,matched_words
adr,stuttering,stuttering,meddra_code,MDR,10042267,Stuttering,matched_exact
adr,stuttering,stuttering,icd_code,ICD10CM,F80.81,Childhood onset fluency disorder,matched_words
adr,restless legs syndrome,restless legs syndrome,meddra_code,MDR,10058920,Restless legs syndrome,matched_exact
adr,restless legs syndrome,restless legs syndrome,icd_code,ICD10CM,G25.81,Restless legs syndrome,matched_exact
adr,neuroleptic malignant syndrome,neuroleptic malignant syndrome,meddra_code,MDR,10029282,Neuroleptic malignant syndrome,matched_exact
adr,neuroleptic malignant syndrome,neuroleptic malignant syndrome,icd_code,ICD10CM,G21.0,Malignant neuroleptic syndrome,matched_words
adr,discontinuation symptoms,discontinuation symptoms,meddra_code,MDR,0,,not_found
adr,discontinuation symptoms,discontinuation symptoms,icd_code,ICD10,UNKNOWN,,not_found
adr,bradycardia,bradycardia,meddra_code,MDR,10006093,Bradycardia,matched_exact
adr,bradycardia,bradycardia,icd_code,ICD10CM,R00.1,"Bradycardia, unspecified",matched_words
adr,QT c prolongation,QT c prolongation,meddra_code,MDR,0,,not_found
adr,QT c prolongation,QT c prolongation,icd_code,ICD10,UNKNOWN,,not_found
adr,ventricular tachycardia/fibrillation,ventricular tachycardia/fibrillation,meddra_code,MDR,0,,not_found
adr,ventricular tachycardia/fibrillation,ventricular tachycardia/fibrillation,icd_code,ICD10,UNKNOWN,,not_found
adr,sudden death,sudden death,meddra_code,MDR,10042434,Sudden death,matched_exact
adr,sudden death,sudden death,icd_code,ICD10CM,Z82.41,Family history of sudden cardiac death,matched_words
adr,thromboembolism,thromboembolism,meddra_code,MDR,10043566,Thromboembolism,matched_exact
adr,thromboembolism,thromboembolism,icd_code,ICD10CM,I27.24,Chronic thromboembolic pulmonary hypertension,matched_words
adr,epistaxis,epistaxis,meddra_code,MDR,10015090,Epistaxis,matched_exact
adr,epistaxis,epistaxis,icd_code,ICD10CM,R04.0,Epistaxis,matched_exact
adr,"mild, transient anticholinergic effects","mild, transient anticholinergic effects",meddra_code,MDR,0,,not_found
adr,"mild, transient anticholinergic effects","mild, transient anticholinergic effects",icd_code,ICD10,UNKNOWN,,not_found
adr,abdominal distension,abdominal distension,meddra_code,MDR,10000060,Abdominal distension,matched_exact
adr,abdominal distension,abdominal distension,icd_code,ICD10CM,R14.0,Abdominal distension (gaseous),matched_words
adr,salivary hypersecretion,salivary hypersecretion,meddra_code,MDR,10039424,Salivary hypersecretion,matched_exact
adr,salivary hypersecretion,salivary hypersecretion,icd_code,ICD10,UNKNOWN,,not_found
adr,pancreatitis,pancreatitis,meddra_code,MDR,10033645,Pancreatitis,matched_exact
adr,pancreatitis,pancreatitis,icd_code,ICD10CM,K85.9,"Acute pancreatitis, unspecified",matched_words
adr,hepatitis,hepatitis,meddra_code,MDR,10019717,Hepatitis,matched_exact
adr,hepatitis,hepatitis,icd_code,ICD10CM,K75.9,"Inflammatory liver disease, unspecified",matched_words
adr,photosensitivity reaction,photosensitivity reaction,meddra_code,MDR,10034972,Photosensitivity reaction,matched_exact
adr,photosensitivity reaction,photosensitivity reaction,icd_code,ICD10,UNKNOWN,,not_found
adr,alopecia,alopecia,meddra_code,MDR,10001760,Alopecia,matched_exact
adr,alopecia,alopecia,icd_code,ICD10CM,L65.9,"Nonscarring hair loss, unspecified",matched_words
adr,Drug Reaction with Eosinophilia and Systemic Symptoms (DRESS),Drug Reaction with Eosinophilia and Systemic Symptoms (DRESS),meddra_code,MDR,0,,not_found
adr,Drug Reaction with Eosinophilia and Systemic Symptoms (DRESS),Drug Reaction with Eosinophilia and Systemic Symptoms (DRESS),icd_code,ICD10,UNKNOWN,,not_found
adr,rhabdomyolysis,rhabdomyolysis,meddra_code,MDR,10039020,Rhabdomyolysis,matched_exact
adr,rhabdomyolysis,rhabdomyolysis,icd_code,ICD10CM,M62.82,Rhabdomyolysis,matched_exact
adr,urinary incontinence,urinary incontinence,meddra_code,MDR,10046543,Urinary incontinence,matched_exact
adr,urinary incontinence,urinary incontinence,icd_code,ICD10CM,R32,Unspecified urinary incontinence,matched_words
adr,urinary retention,urinary retention,meddra_code,MDR,10046555,Urinary retention,matched_exact
adr,urinary retention,urinary retention,icd_code,ICD10,UNKNOWN,,not_found
adr,urinary hesitation,urinary hesitation,meddra_code,MDR,10046542,Urinary hesitation,matched_exact
adr,urinary hesitation,urinary hesitation,icd_code,ICD10,UNKNOWN,,not_found
adr,Drug withdrawal syndrome neonatal,Drug withdrawal syndrome neonatal,meddra_code,MDR,10013756,Drug withdrawal syndrome neonatal,matched_exact
adr,Drug withdrawal syndrome neonatal,Drug withdrawal syndrome neonatal,icd_code,ICD10,UNKNOWN,,not_found
adr,erectile dysfunction,erectile dysfunction,meddra_code,MDR,10061461,Erectile dysfunction,matched_exact
adr,erectile dysfunction,erectile dysfunction,icd_code,ICD10CM,N52,Male erectile dysfunction,matched_words
adr,decreased libido,decreased libido,meddra_code,MDR,10024419,Libido decreased,matched_words
adr,decreased libido,decreased libido,icd_code,ICD10CM,R68.82,Decreased libido,matched_exact
adr,amenorrhea,amenorrhea,meddra_code,MDR,10001927,Amenorrhea,matched_exact
adr,amenorrhea,amenorrhea,icd_code,ICD10CM,N91.2,"Amenorrhea, unspecified",matched_words
adr,breast enlargement,breast enlargement,meddra_code,MDR,10006242,Breast enlargement,matched_exact
adr,breast enlargement,breast enlargement,icd_code,ICD10,UNKNOWN,,not_found
adr,galactorrhea,galactorrhea,meddra_code,MDR,10017592,Galactorrhea,matched_exact
adr,galactorrhea,galactorrhea,icd_code,ICD10CM,O92.6,Galactorrhea,matched_exact
adr,gynecomastia/breast enlargement,gynecomastia/breast enlargement,meddra_code,MDR,0,,not_found
adr,gynecomastia/breast enlargement,gynecomastia/breast enlargement,icd_code,ICD10,UNKNOWN,,not_found
adr,priapism,priapism,meddra_code,MDR,10036661,Priapism,matched_exact
adr,priapism,priapism,icd_code,ICD10CM,N48.3,Priapism,matched_exact
adr,elevated plasma prolactin levels,elevated plasma prolactin levels,meddra_code,MDR,0,,not_found
adr,elevated plasma prolactin levels,elevated plasma prolactin levels,icd_code,ICD10,UNKNOWN,,not_found
adr,increased total bilirubin,increased total bilirubin,meddra_code,MDR,10056806,Bilirubin total increased,matched_words
adr,increased total bilirubin,increased total bilirubin,icd_code,ICD10,UNKNOWN,,not_found
adr,abnormal gait,abnormal gait,meddra_code,MDR,10000136,Abnormal gait,matched_exact
adr,abnormal gait,abnormal gait,icd_code,ICD10CM,R26,Abnormalities of gait and mobility,matched_words
adr,falls,falls,meddra_code,MDR,10016174,Fall in blood pressure,matched_words
adr,falls,falls,icd_code,ICD10CM,R29.6,Repeated falls,matched_words
adr,pneumonia,pneumonia,meddra_code,MDR,10035664,Pneumonia,matched_exact
adr,pneumonia,pneumonia,icd_code,ICD10CM,J13,Pneumonia due to Streptococcus pneumoniae,matched_words
adr,increased body temperature,increased body temperature,meddra_code,MDR,10005911,Body temperature increased,matched_words
adr,increased body temperature,increased body temperature,icd_code,ICD10,UNKNOWN,,not_found
adr,lethargy,lethargy,meddra_code,MDR,10024264,Lethargy,matched_exact
adr,lethargy,lethargy,icd_code,ICD10CM,R53.83,Other fatigue,matched_exact
adr,erythema,erythema,meddra_code,MDR,10015150,Erythema,matched_exact
adr,erythema,erythema,icd_code,ICD10CM,L53.9,"Erythematous condition, unspecified",matched_words
adr,visual hallucinations,visual hallucinations,meddra_code,MDR,10047570,Visual hallucinations,matched_exact
adr,visual hallucinations,visual hallucinations,icd_code,ICD10CM,R44.1,Visual hallucinations,matched_exact
adr,worsening of Parkinsonian symptomatology,worsening of Parkinsonian symptomatology,meddra_code,MDR,0,,not_found
adr,worsening of Parkinsonian symptomatology,worsening of Parkinsonian symptomatology,icd_code,ICD10,UNKNOWN,,not_found
adr,hallucinations,hallucinations,meddra_code,MDR,10019077,Hallucinations,matched_exact
adr,hallucinations,hallucinations,icd_code,ICD10CM,R44.3,"Hallucinations, unspecified",matched_words
adr,anaphylactic reaction,anaphylactic reaction,meddra_code,MDR,10002198,Anaphylactic reaction,matched_exact
adr,anaphylactic reaction,anaphylactic reaction,icd_code,ICD10CM,T78.2,"Anaphylactic shock, unspecified",matched_exact
adr,angioedema,angioedema,meddra_code,MDR,10002424,Angioedema,matched_exact
adr,angioedema,angioedema,icd_code,ICD10CM,T78.3,Angioneurotic edema,matched_words
adr,skin reactions,skin reactions,meddra_code,MDR,10040935,Skin test reaction,matched_words
adr,skin reactions,skin reactions,icd_code,ICD10CM,R76.11,Nonspecific reaction to tuberculin skin test without active tuberculosis,matched_words
adr,urticaria,urticaria,meddra_code,MDR,10046735,Urticaria,matched_exact
adr,urticaria,urticaria,icd_code,ICD10CM,L50,Urticaria,matched_exact
adr,rash,rash,meddra_code,MDR,10037844,Rash,matched_exact
adr,rash,rash,icd_code,ICD10CM,R21,Rash and other nonspecific skin eruption,matched_words
adr,hypotension,hypotension,meddra_code,MDR,10021097,Hypotension,matched_exact
adr,hypotension,hypotension,icd_code,ICD10CM,I95,Hypotension,matched_exact
adr,ST segment depression,ST segment depression,meddra_code,MDR,10041892,ST segment depression,matched_exact
adr,ST segment depression,ST segment depression,icd_code,ICD10,UNKNOWN,,not_found
adr,sustained ventricular tachycardia,sustained ventricular tachycardia,meddra_code,MDR,10060730,Sustained ventricular tachycardia,matched_exact
adr,sustained ventricular tachycardia,sustained ventricular tachycardia,icd_code,ICD10,UNKNOWN,,not_found
adr,non-sustained ventricular tachycardia,non-sustained ventricular tachycardia,meddra_code,MDR,10060731,Non-sustained ventricular tachycardia,matched_exact
adr,non-sustained ventricular tachycardia,non-sustained ventricular tachycardia,icd_code,ICD10,UNKNOWN,,not_found
adr,AV block,AV block,meddra_code,MDR,10003846,AV block,matched_exact
adr,AV block,AV block,icd_code,ICD10,UNKNOWN,,not_found
adr,bradycardia,bradycardia,meddra_code,MDR,10006093,Bradycardia,matched_exact
adr,bradycardia,bradycardia,icd_code,ICD10CM,R00.1,"Bradycardia, unspecified",matched_words
adr,asystole,asystole,meddra_code,MDR,10003586,Asystole,matched_exact
adr,asystole,asystole,icd_code,ICD10,UNKNOWN,,not_found
adr,Cardiac arrest,Cardiac arrest,meddra_code,MDR,10007515,Cardiac arrest,matched_exact
adr,Cardiac arrest,Cardiac arrest,icd_code,ICD10CM,I46,Cardiac arrest,matched_exact
adr,sinus tachycardia,sinus tachycardia,meddra_code,MDR,10040752,Sinus tachycardia,matched_exact
adr,sinus tachycardia,sinus tachycardia,icd_code,ICD10CM,I47.11,"Inappropriate sinus tachycardia, so stated",matched_words
adr,atrial fibrillation,atrial fibrillation,meddra_code,MDR,10003658,Atrial fibrillation,matched_exact
adr,atrial fibrillation,atrial fibrillation,icd_code,ICD10CM,I48.0,Paroxysmal atrial fibrillation,matched_words
adr,ventricular fibrillation,ventricular fibrillation,meddra_code,MDR,10047290,Ventricular fibrillation,matched_exact
adr,ventricular fibrillation,ventricular fibrillation,icd_code,ICD10CM,I49.01,Ventricular fibrillation,matched_exact
adr,Arteriospasm coronary,Arteriospasm coronary,meddra_code,MDR,10003225,Arteriospasm coronary,matched_exact
adr,Arteriospasm coronary,Arteriospasm coronary,icd_code,ICD10,UNKNOWN,,not_found
adr,myocardial infarction,myocardial infarction,meddra_code,MDR,10028596,Myocardial infarction,matched_exact
adr,myocardial infarction,myocardial infarction,icd_code,ICD10CM,I21,Acute myocardial infarction,matched_words
adr,headache,headache,meddra_code,MDR,10019211,Headache,matched_exact
adr,headache,headache,icd_code,ICD10CM,R51,Headache,matched_exact
adr,dizziness,dizziness,meddra_code,MDR,10013573,Dizziness,matched_exact
adr,dizziness,dizziness,icd_code,ICD10CM,R42,Dizziness and giddiness,matched_words
adr,light-headedness,light-headedness,meddra_code,MDR,10024461,Light headedness,matched_words
adr,light-headedness,light-headedness,icd_code,ICD10CM,R42,Dizziness and giddiness,matched_exact
adr,paraesthesia,paraesthesia,meddra_code,MDR,10033775,Paraesthesia,matched_exact
adr,paraesthesia,paraesthesia,icd_code,ICD10,R20.2,Paraesthesia of skin,matched_words
adr,tremor,tremor,meddra_code,MDR,10044565,Tremor,matched_exact
adr,tremor,tremor,icd_code,ICD10CM,R25.1,"Tremor, unspecified",matched_words
adr,drowsiness,drowsiness,meddra_code,MDR,10013649,Drowsiness,matched_exact
adr,drowsiness,drowsiness,icd_code,ICD10CM,R40.0,Somnolence,matched_exact
adr,loss of consciousness,loss of consciousness,meddra_code,MDR,10024855,Loss of consciousness,matched_exact
adr,loss of consciousness,loss of consciousness,icd_code,ICD10CM,S06.0XA,Concussion with loss of consciousness status unknown,matched_words
adr,syncope,syncope,meddra_code,MDR,10042772,Syncope,matched_exact
adr,syncope,syncope,icd_code,ICD10CM,R55,Syncope and collapse,matched_words
adr,convulsions,convulsions,meddra_code,MDR,10010914,Convulsions,matched_exact
adr,convulsions,convulsions,icd_code,ICD10CM,G40.909,"Epilepsy, unspecified, not intractable, without status epilepticus",matched_words
adr,blurred vision,blurred vision,meddra_code,MDR,10005886,Blurred vision,matched_exact
adr,blurred vision,blurred vision,icd_code,ICD10,UNKNOWN,,not_found
adr,tinnitus,tinnitus,meddra_code,MDR,10043882,Tinnitus,matched_exact
adr,tinnitus,tinnitus,icd_code,ICD10CM,H93.1,Tinnitus,matched_exact
adr,dyspnea,dyspnea,meddra_code,MDR,10013963,Dyspnea,matched_exact
adr,dyspnea,dyspnea,icd_code,ICD10CM,R06.0,Dyspnea,matched_exact
adr,bronchospasm,bronchospasm,meddra_code,MDR,10006482,Bronchospasm,matched_exact
adr,bronchospasm,bronchospasm,icd_code,ICD10CM,J45.990,Exercise induced bronchospasm,matched_words
adr,nasal congestion,nasal congestion,meddra_code,MDR,10028735,Nasal congestion,matched_exact
adr,nasal congestion,nasal congestion,icd_code,ICD10CM,R09.81,Nasal congestion,matched_exact
adr,respiratory failure,respiratory failure,meddra_code,MDR,10038695,Respiratory failure,matched_exact
adr,respiratory failure,respiratory failure,icd_code,ICD10CM,J96.9,"Respiratory failure, unspecified",matched_words
adr,apnea,apnea,meddra_code,MDR,10002972,Apnea,matched_exact
adr,apnea,apnea,icd_code,ICD10CM,G47.3,Sleep apnea,matched_words
adr,respiratory arrest,respiratory arrest,meddra_code,MDR,10038669,Respiratory arrest,matched_exact
adr,respiratory arrest,respiratory arrest,icd_code,ICD10CM,R09.2,Respiratory arrest,matched_exact
adr,abdominal discomfort,abdominal discomfort,meddra_code,MDR,10000059,Abdominal discomfort,matched_exact
adr,abdominal discomfort,abdominal discomfort,icd_code,ICD10,UNKNOWN,,not_found
adr,dry mouth,dry mouth,meddra_code,MDR,10013781,Dry mouth,matched_exact
adr,dry mouth,dry mouth,icd_code,ICD10CM,R68.2,"Dry mouth, unspecified",matched_words
adr,metallic taste,metallic taste,meddra_code,MDR,10043135,Taste metallic,matched_words
adr,metallic taste,metallic taste,icd_code,ICD10,UNKNOWN,,not_found
adr,nausea,nausea,meddra_code,MDR,10028813,Nausea,matched_exact
adr,nausea,nausea,icd_code,ICD10CM,R11.0,Nausea,matched_exact
adr,vomiting,vomiting,meddra_code,MDR,10047700,Vomiting,matched_exact
adr,vomiting,vomiting,icd_code,ICD10CM,R11.1,Vomiting,matched_exact
adr,urinary urgency,urinary urgency,meddra_code,MDR,10046593,Urinary urgency,matched_exact
adr,urinary urgency,urinary urgency,icd_code,ICD10,UNKNOWN,,not_found
adr,flushing,flushing,meddra_code,MDR,10016825,Flushing,matched_exact
adr,flushing,flushing,icd_code,ICD10CM,R23.2,Flushing,matched_exact
adr,discomfort in the leg,discomfort in the leg,meddra_code,MDR,0,,not_found
adr,discomfort in the leg,discomfort in the leg,icd_code,ICD10,UNKNOWN,,not_found
adr,discomfort in the arm,discomfort in the arm,meddra_code,MDR,0,,not_found
adr,discomfort in the arm,discomfort in the arm,icd_code,ICD10,UNKNOWN,,not_found
adr,discomfort in the back,discomfort in the back,meddra_code,MDR,0,,not_found
adr,discomfort in the back,discomfort in the back,icd_code,ICD10,UNKNOWN,,not_found
adr,feeling of general discomfort,feeling of general discomfort,meddra_code,MDR,0,,not_found
adr,feeling of general discomfort,feeling of general discomfort,icd_code,ICD10,UNKNOWN,,not_found
adr,weakness,weakness,meddra_code,MDR,10047862,Weakness,matched_exact
adr,weakness,weakness,icd_code,ICD10CM,R53.1,Weakness,matched_exact
adr,pain,pain,meddra_code,MDR,10033371,Pain,matched_exact
adr,pain,pain,icd_code,ICD10CM,R52,"Pain, unspecified",matched_words
adr,injection site reactions,injection site reactions,meddra_code,MDR,10022097,Injection site reactions,matched_exact
adr,injection site reactions,injection site reactions,icd_code,ICD10,UNKNOWN,,not_found
adr,nipple discomfort,nipple discomfort,meddra_code,MDR,0,,not_found
adr,nipple discomfort,nipple discomfort,icd_code,ICD10,UNKNOWN,,not_found
adr,nervousness,nervousness,meddra_code,MDR,10029216,Nervousness,matched_exact
adr,nervousness,nervousness,icd_code,ICD10CM,R45.0,Nervousness,matched_exact
adr,chest pain or pressure,chest pain or pressure,meddra_code,MDR,0,,not_found
adr,chest pain or pressure,chest pain or pressure,icd_code,ICD10,UNKNOWN,,not_found
adr,feeling of thoracic constriction/oppression,feeling of thoracic constriction/oppression,meddra_code,MDR,0,,not_found
adr,feeling of thoracic constriction/oppression,feeling of thoracic constriction/oppression,icd_code,ICD10,UNKNOWN,,not_found
adr,throat discomfort,throat discomfort,meddra_code,MDR,10081115,Throat discomfort,matched_exact
adr,throat discomfort,throat discomfort,icd_code,ICD10,UNKNOWN,,not_found
adr,neck discomfort,neck discomfort,meddra_code,MDR,10028831,Neck discomfort,matched_exact
adr,neck discomfort,neck discomfort,icd_code,ICD10,UNKNOWN,,not_found
adr,jaw discomfort,jaw discomfort,meddra_code,MDR,0,,not_found
adr,jaw discomfort,jaw discomfort,icd_code,ICD10,UNKNOWN,,not_found
adr,sweating,sweating,meddra_code,MDR,10042661,Sweating,matched_exact
adr,sweating,sweating,icd_code,ICD10CM,R61,Generalized hyperhidrosis,matched_words
adr,Nasopharyngitis,Nasopharyngitis,meddra_code,MDR,10028810,Nasopharyngitis,matched_exact
adr,Nasopharyngitis,Nasopharyngitis,icd_code,ICD10CM,J00,Acute nasopharyngitis [common cold],matched_words
adr,Pharyngitis,Pharyngitis,meddra_code,MDR,10034835,Pharyngitis,matched_exact
adr,Pharyngitis,Pharyngitis,icd_code,ICD10CM,J02.0,Streptococcal pharyngitis,matched_words
adr,Viral respiratory tract infection,Viral respiratory tract infection,meddra_code,MDR,10047482,Viral upper respiratory tract infection,matched_words
adr,Viral respiratory tract infection,Viral respiratory tract infection,icd_code,ICD10,UNKNOWN,,not_found
adr,Urinary tract infection,Urinary tract infection,meddra_code,MDR,10046571,Urinary tract infection,matched_exact
adr,Urinary tract infection,Urinary tract infection,icd_code,ICD10CM,N39.0,"Urinary tract infection, site not specified",matched_words
adr,Herpes zoster,Herpes zoster,meddra_code,MDR,10019974,Herpes zoster,matched_exact
adr,Herpes zoster,Herpes zoster,icd_code,ICD10CM,B02,Zoster [herpes zoster],matched_words
adr,Herpes simplex,Herpes simplex,meddra_code,MDR,10019948,Herpes simplex,matched_exact
adr,Herpes simplex,Herpes simplex,icd_code,ICD10CM,B00,Herpesviral [herpes simplex] infections,matched_words
adr,Progressive multifocal leukoencephalopathy,Progressive multifocal leukoencephalopathy,meddra_code,MDR,10036807,Progressive multifocal leukoencephalopathy,matched_exact
adr,Progressive multifocal leukoencephalopathy,Progressive multifocal leukoencephalopathy,icd_code,ICD10CM,A81.2,Progressive multifocal leukoencephalopathy,matched_exact
adr,Lymphopenia,Lymphopenia,meddra_code,MDR,10025327,Lymphopenia,matched_exact
adr,Lymphopenia,Lymphopenia,icd_code,ICD10,UNKNOWN,,not_found
adr,Hypersensitivity,Hypersensitivity,meddra_code,MDR,10020751,Hypersensitivity,matched_exact
adr,Hypersensitivity,Hypersensitivity,icd_code,ICD10CM,T78.40,"Allergy, unspecified",matched_words
adr,Headache,Headache,meddra_code,MDR,10019211,Headache,matched_exact
adr,Headache,Headache,icd_code,ICD10CM,R51,Headache,matched_exact
adr,Macular oedema,Macular oedema,meddra_code,MDR,10025415,Macular oedema,matched_exact
adr,Macular oedema,Macular oedema,icd_code,ICD10,UNKNOWN,,not_found
adr,Bradycardia,Bradycardia,meddra_code,MDR,10006093,Bradycardia,matched_exact
adr,Bradycardia,Bradycardia,icd_code,ICD10CM,R00.1,"Bradycardia, unspecified",matched_words
adr,Hypertension,Hypertension,meddra_code,MDR,10020772,Hypertension,matched_exact
adr,Hypertension,Hypertension,icd_code,ICD10CM,I10,Essential (primary) hypertension,matched_words
adr,Orthostatic hypotension,Orthostatic hypotension,meddra_code,MDR,10031127,Orthostatic hypotension,matched_exact
adr,Orthostatic hypotension,Orthostatic hypotension,icd_code,ICD10CM,I95.1,Orthostatic hypotension,matched_exact
adr,Alanine aminotransferase increased,Alanine aminotransferase increased,meddra_code,MDR,10001551,Alanine aminotransferase increased,matched_exact
adr,Alanine aminotransferase increased,Alanine aminotransferase increased,icd_code,ICD10,UNKNOWN,,not_found
adr,Gamma-glutamyl transferase increased,Gamma-glutamyl transferase increased,meddra_code,MDR,0,,not_found
adr,Gamma-glutamyl transferase increased,Gamma-glutamyl transferase increased,icd_code,ICD10,UNKNOWN,,not_found
adr,Blood bilirubin increased,Blood bilirubin increased,meddra_code,MDR,10005364,Blood bilirubin increased,matched_exact
adr,Blood bilirubin increased,Blood bilirubin increased,icd_code,ICD10,UNKNOWN,,not_found
adr,Liver injury,Liver injury,meddra_code,MDR,10067125,Liver injury,matched_exact
adr,Liver injury,Liver injury,icd_code,ICD10CM,S36.11,Injury of liver,matched_words
adr,Peripheral oedema,Peripheral oedema,meddra_code,MDR,10034611,Peripheral oedema,matched_exact
adr,Peripheral oedema,Peripheral oedema,icd_code,ICD10,UNKNOWN,,not_found
adr,Pulmonary function test abnormal,Pulmonary function test abnormal,meddra_code,MDR,10061602,Pulmonary function test abnormal,matched_exact
adr,Pulmonary function test abnormal,Pulmonary function test abnormal,icd_code,ICD10,UNKNOWN,,not_found
adr,Serious opportunistic infections,Serious opportunistic infections,meddra_code,MDR,0,,not_found
adr,Serious opportunistic infections,Serious opportunistic infections,icd_code,ICD10,UNKNOWN,,not_found
adr,Transient bradycardia,Transient bradycardia,meddra_code,MDR,10085625,Transient bradycardia,matched_exact
adr,Transient bradycardia,Transient bradycardia,icd_code,ICD10,UNKNOWN,,not_found
adr,dizziness,dizziness,meddra_code,MDR,10013573,Dizziness,matched_exact
adr,dizziness,dizziness,icd_code,ICD10CM,R42,Dizziness and giddiness,matched_words
adr,fatigue,fatigue,meddra_code,MDR,10016256,Fatigue,matched_exact
adr,fatigue,fatigue,icd_code,ICD10CM,R53.83,Other fatigue,matched_words
adr,dyspnoea,dyspnoea,meddra_code,MDR,10013968,Dyspnoea,matched_exact
adr,dyspnoea,dyspnoea,icd_code,ICD10,R06.0,Dyspnoea,matched_exact
adr,headache,headache,meddra_code,MDR,10019211,Headache,matched_exact
adr,headache,headache,icd_code,ICD10CM,R51,Headache,matched_exact
adr,fever,fever,meddra_code,MDR,10016558,Fever,matched_exact
adr,fever,fever,icd_code,ICD10CM,R50.9,"Fever, unspecified",matched_words
adr,excessive bradycardia,excessive bradycardia,meddra_code,MDR,0,,not_found
adr,excessive bradycardia,excessive bradycardia,icd_code,ICD10,UNKNOWN,,not_found
adr,hypotension,hypotension,meddra_code,MDR,10021097,Hypotension,matched_exact
adr,hypotension,hypotension,icd_code,ICD10CM,I95,Hypotension,matched_exact
adr,Bradycardia,Bradycardia,meddra_code,MDR,10006093,Bradycardia,matched_exact
adr,Bradycardia,Bradycardia,icd_code,ICD10CM,R00.1,"Bradycardia, unspecified",matched_words
adr,chest pain,chest pain,meddra_code,MDR,10008479,Chest pain,matched_exact
adr,chest pain,chest pain,icd_code,ICD10CM,I20.9,"Angina pectoris, unspecified",matched_words
adr,palpitations,palpitations,meddra_code,MDR,10033557,Palpitations,matched_exact
adr,palpitations,palpitations,icd_code,ICD10CM,R00.2,Palpitations,matched_exact
adr,oedema,oedema,meddra_code,MDR,10030095,Oedema,matched_exact
adr,oedema,oedema,icd_code,ICD10,R60.9,"Oedema, unspecified",matched_words
adr,ECG abnormalities,ECG abnormalities,meddra_code,MDR,10000126,Abnormal ECG,matched_words
adr,ECG abnormalities,ECG abnormalities,icd_code,ICD10CM,R94.31,Abnormal electrocardiogram [ECG] [EKG],matched_words
adr,arrhythmia,arrhythmia,meddra_code,MDR,10003119,Arrhythmia,matched_exact
adr,arrhythmia,arrhythmia,icd_code,ICD10CM,I49.9,"Cardiac arrhythmia, unspecified",matched_words
adr,syncope,syncope,meddra_code,MDR,10042772,Syncope,matched_exact
adr,syncope,syncope,icd_code,ICD10CM,R55,Syncope and collapse,matched_words
adr,cardiac failure,cardiac failure,meddra_code,MDR,10007554,Cardiac failure,matched_exact
adr,cardiac failure,cardiac failure,icd_code,ICD10CM,P29.0,Neonatal cardiac failure,matched_words
adr,presyncope,presyncope,meddra_code,MDR,10036653,Presyncope,matched_exact
adr,presyncope,presyncope,icd_code,ICD10,UNKNOWN,,not_found
adr,Rash,Rash,meddra_code,MDR,10037844,Rash,matched_exact
adr,Rash,Rash,icd_code,ICD10CM,R21,Rash and other nonspecific skin eruption,matched_words
adr,Alopecia,Alopecia,meddra_code,MDR,10001760,Alopecia,matched_exact
adr,Alopecia,Alopecia,icd_code,ICD10CM,L65.9,"Nonscarring hair loss, unspecified",matched_words
adr,Hyperhidrosis,Hyperhidrosis,meddra_code,MDR,10020642,Hyperhidrosis,matched_exact
adr,Hyperhidrosis,Hyperhidrosis,icd_code,ICD10CM,R61,Generalized hyperhidrosis,matched_words
adr,Thrombocytopenia,Thrombocytopenia,meddra_code,MDR,10043554,Thrombocytopenia,matched_exact
adr,Thrombocytopenia,Thrombocytopenia,icd_code,ICD10CM,D69.6,"Thrombocytopenia, unspecified",matched_words
adr,Nausea,Nausea,meddra_code,MDR,10028813,Nausea,matched_exact
adr,Nausea,Nausea,icd_code,ICD10CM,R11.0,Nausea,matched_exact
adr,vomiting,vomiting,meddra_code,MDR,10047700,Vomiting,matched_exact
adr,vomiting,vomiting,icd_code,ICD10CM,R11.1,Vomiting,matched_exact
adr,diarrhoea,diarrhoea,meddra_code,MDR,10012735,Diarrhoea,matched_exact
adr,diarrhoea,diarrhoea,icd_code,ICD10,K59.1,Functional diarrhoea,matched_words
adr,dyspepsia,dyspepsia,meddra_code,MDR,10013946,Dyspepsia,matched_exact
adr,dyspepsia,dyspepsia,icd_code,ICD10CM,R10.13,Epigastric pain,matched_exact
adr,abdominal pain,abdominal pain,meddra_code,MDR,10000081,Abdominal pain,matched_exact
adr,abdominal pain,abdominal pain,icd_code,ICD10CM,R10.9,Unspecified abdominal pain,matched_words
adr,flatulence,flatulence,meddra_code,MDR,10016766,Flatulence,matched_exact
adr,flatulence,flatulence,icd_code,ICD10CM,R14.3,Flatulence,matched_exact
adr,Muscle spasms,Muscle spasms,meddra_code,MDR,10028334,Muscle spasms,matched_exact
adr,Muscle spasms,Muscle spasms,icd_code,ICD10CM,M62.83,Muscle spasm,matched_words
adr,Asthenia,Asthenia,meddra_code,MDR,10003549,Asthenia,matched_exact
adr,Asthenia,Asthenia,icd_code,ICD10CM,R53.1,Weakness,matched_words
adr,light-headedness,light-headedness,meddra_code,MDR,10024461,Light headedness,matched_words
adr,light-headedness,light-headedness,icd_code,ICD10CM,R42,Dizziness and giddiness,matched_exact
adr,paraesthesia,paraesthesia,meddra_code,MDR,10033775,Paraesthesia,matched_exact
adr,paraesthesia,paraesthesia,icd_code,ICD10,R20.2,Paraesthesia of skin,matched_words
adr,dysgeusia,dysgeusia,meddra_code,MDR,10013911,Dysgeusia,matched_exact
adr,dysgeusia,dysgeusia,icd_code,ICD10,UNKNOWN,,not_found
adr,Sleep disorder,Sleep disorder,meddra_code,MDR,10040984,Sleep disorder,matched_exact
adr,Sleep disorder,Sleep disorder,icd_code,ICD10CM,G47.9,"Sleep disorder, unspecified",matched_words
adr,mood altered,mood altered,meddra_code,MDR,10027940,Mood altered,matched_exact
adr,mood altered,mood altered,icd_code,ICD10,UNKNOWN,,not_found
adr,depression,depression,meddra_code,MDR,10012378,Depression,matched_exact
adr,depression,depression,icd_code,ICD10CM,F31.9,"Bipolar disorder, unspecified",matched_words
adr,anxiety,anxiety,meddra_code,MDR,10002855,Anxiety,matched_exact
adr,anxiety,anxiety,icd_code,ICD10CM,F41.1,Generalized anxiety disorder,matched_words
adr,Sexual dysfunction,Sexual dysfunction,meddra_code,MDR,10040477,Sexual dysfunction,matched_exact
adr,Sexual dysfunction,Sexual dysfunction,icd_code,ICD10CM,R37,"Sexual dysfunction, unspecified",matched_words
adr,Visual disturbances,Visual disturbances,meddra_code,MDR,10047545,Visual disturbances,matched_exact
adr,Visual disturbances,Visual disturbances,icd_code,ICD10CM,H53,Visual disturbances,matched_exact
adr,Hearing disturbances,Hearing disturbances,meddra_code,MDR,0,,not_found
adr,Hearing disturbances,Hearing disturbances,icd_code,ICD10,UNKNOWN,,not_found
adr,Pyrexia,Pyrexia,meddra_code,MDR,10037660,Pyrexia,matched_exact
adr,Pyrexia,Pyrexia,icd_code,ICD10CM,R50.9,"Fever, unspecified",matched_words
adr,torsades de pointes,torsades de pointes,meddra_code,MDR,10044067,Torsades de pointes,matched_exact
adr,torsades de pointes,torsades de pointes,icd_code,ICD10CM,I47.21,Torsades de pointes,matched_exact
adr,Proarrythmia,Proarrythmia,meddra_code,MDR,0,,not_found
adr,Proarrythmia,Proarrythmia,icd_code,ICD10,UNKNOWN,,not_found
adr,Fatigue,Fatigue,meddra_code,MDR,10016256,Fatigue,matched_exact
adr,Fatigue,Fatigue,icd_code,ICD10CM,R53.83,Other fatigue,matched_words
adr,Bradycardia (<50 bpm),Bradycardia (<50 bpm),meddra_code,MDR,0,,not_found
adr,Bradycardia (<50 bpm),Bradycardia (<50 bpm),icd_code,ICD10,UNKNOWN,,not_found
adr,Dyspnoea,Dyspnoea,meddra_code,MDR,10013968,Dyspnoea,matched_exact
adr,Dyspnoea,Dyspnoea,icd_code,ICD10,R06.0,Dyspnoea,matched_exact
adr,Asthenia,Asthenia,meddra_code,MDR,10003549,Asthenia,matched_exact
adr,Asthenia,Asthenia,icd_code,ICD10CM,R53.1,Weakness,matched_words
adr,Dizziness,Dizziness,meddra_code,MDR,10013573,Dizziness,matched_exact
adr,Dizziness,Dizziness,icd_code,ICD10CM,R42,Dizziness and giddiness,matched_words
adr,Cold and cyanotic extremities,Cold and cyanotic extremities,meddra_code,MDR,0,,not_found
adr,Cold and cyanotic extremities,Cold and cyanotic extremities,icd_code,ICD10,UNKNOWN,,not_found
adr,Raynaud's phenomenon,Raynaud's phenomenon,meddra_code,MDR,10037912,Raynaud's phenomenon,matched_exact
adr,Raynaud's phenomenon,Raynaud's phenomenon,icd_code,ICD10CM,I73.0,Raynaud's syndrome,matched_words
adr,increase in existing intermittent claudication,increase in existing intermittent claudication,meddra_code,MDR,0,,not_found
adr,increase in existing intermittent claudication,increase in existing intermittent claudication,icd_code,ICD10,UNKNOWN,,not_found
adr,dry eyes,dry eyes,meddra_code,MDR,10013778,Dry eyes,matched_exact
adr,dry eyes,dry eyes,icd_code,ICD10,UNKNOWN,,not_found
adr,Congenital malformations and developmental disorders,Congenital malformations and developmental disorders,meddra_code,MDR,0,,not_found
adr,Congenital malformations and developmental disorders,Congenital malformations and developmental disorders,icd_code,ICD10,UNKNOWN,,not_found
adr,liver injury,liver injury,meddra_code,MDR,10067125,Liver injury,matched_exact
adr,liver injury,liver injury,icd_code,ICD10CM,S36.11,Injury of liver,matched_words
adr,Severe liver damage,Severe liver damage,meddra_code,MDR,0,,not_found
adr,Severe liver damage,Severe liver damage,icd_code,ICD10,UNKNOWN,,not_found
adr,hepatic failure,hepatic failure,meddra_code,MDR,10019663,Hepatic failure,matched_exact
adr,hepatic failure,hepatic failure,icd_code,ICD10CM,K72.9,"Hepatic failure, unspecified",matched_words
adr,increased liver enzymes,increased liver enzymes,meddra_code,MDR,0,,not_found
adr,increased liver enzymes,increased liver enzymes,icd_code,ICD10,UNKNOWN,,not_found
adr,nausea,nausea,meddra_code,MDR,10028813,Nausea,matched_exact
adr,nausea,nausea,icd_code,ICD10CM,R11.0,Nausea,matched_exact
adr,vomiting,vomiting,meddra_code,MDR,10047700,Vomiting,matched_exact
adr,vomiting,vomiting,icd_code,ICD10CM,R11.1,Vomiting,matched_exact
adr,gingival disorder,gingival disorder,meddra_code,MDR,10018280,Gingival disorder,matched_exact
adr,gingival disorder,gingival disorder,icd_code,ICD10,UNKNOWN,,not_found
adr,gingival hyperplasia,gingival hyperplasia,meddra_code,MDR,10018283,Gingival hyperplasia,matched_exact
adr,gingival hyperplasia,gingival hyperplasia,icd_code,ICD10,UNKNOWN,,not_found
adr,stomatitis,stomatitis,meddra_code,MDR,10042128,Stomatitis,matched_exact
adr,stomatitis,stomatitis,icd_code,ICD10CM,B37.0,Candidal stomatitis,matched_words
adr,gastralgia,gastralgia,meddra_code,MDR,10064906,Gastralgia,matched_exact
adr,gastralgia,gastralgia,icd_code,ICD10,UNKNOWN,,not_found
adr,diarrhoea,diarrhoea,meddra_code,MDR,10012735,Diarrhoea,matched_exact
adr,diarrhoea,diarrhoea,icd_code,ICD10,K59.1,Functional diarrhoea,matched_words
adr,pancreatitis,pancreatitis,meddra_code,MDR,10033645,Pancreatitis,matched_exact
adr,pancreatitis,pancreatitis,icd_code,ICD10CM,K85.9,"Acute pancreatitis, unspecified",matched_words
adr,tremor,tremor,meddra_code,MDR,10044565,Tremor,matched_exact
adr,tremor,tremor,icd_code,ICD10CM,R25.1,"Tremor, unspecified",matched_words
adr,extrapyramidal disorder,extrapyramidal disorder,meddra_code,MDR,10015832,Extrapyramidal disorder,matched_exact
adr,extrapyramidal disorder,extrapyramidal disorder,icd_code,ICD10CM,G25.9,"Extrapyramidal and movement disorder, unspecified",matched_words
adr,stupor,stupor,meddra_code,MDR,10042264,Stupor,matched_exact
adr,stupor,stupor,icd_code,ICD10CM,R40.1,Stupor,matched_exact
adr,somnolence,somnolence,meddra_code,MDR,10041349,Somnolence,matched_exact
adr,somnolence,somnolence,icd_code,ICD10CM,R40.0,Somnolence,matched_exact
adr,convulsion,convulsion,meddra_code,MDR,10010904,Convulsion,matched_exact
adr,convulsion,convulsion,icd_code,ICD10CM,G40.909,"Epilepsy, unspecified, not intractable, without status epilepticus",matched_words
adr,memory impairment,memory impairment,meddra_code,MDR,10027175,Memory impairment,matched_exact
adr,memory impairment,memory impairment,icd_code,ICD10,UNKNOWN,,not_found
adr,headache,headache,meddra_code,MDR,10019211,Headache,matched_exact
adr,headache,headache,icd_code,ICD10CM,R51,Headache,matched_exact
adr,nystagmus,nystagmus,meddra_code,MDR,10029864,Nystagmus,matched_exact
adr,nystagmus,nystagmus,icd_code,ICD10CM,H55.0,Nystagmus,matched_exact
adr,dizziness,dizziness,meddra_code,MDR,10013573,Dizziness,matched_exact
adr,dizziness,dizziness,icd_code,ICD10CM,R42,Dizziness and giddiness,matched_words
adr,coma,coma,meddra_code,MDR,10010071,Coma,matched_exact
adr,coma,coma,icd_code,ICD10CM,R40.2,Coma,matched_exact
adr,encephalopathy,encephalopathy,meddra_code,MDR,10014625,Encephalopathy,matched_exact
adr,encephalopathy,encephalopathy,icd_code,ICD10CM,G93.40,"Encephalopathy, unspecified",matched_words
adr,lethargy,lethargy,meddra_code,MDR,10024264,Lethargy,matched_exact
adr,lethargy,lethargy,icd_code,ICD10CM,R53.83,Other fatigue,matched_exact
adr,reversible parkinsonism,reversible parkinsonism,meddra_code,MDR,0,,not_found
adr,reversible parkinsonism,reversible parkinsonism,icd_code,ICD10,UNKNOWN,,not_found
adr,ataxia,ataxia,meddra_code,MDR,10003591,Ataxia,matched_exact
adr,ataxia,ataxia,icd_code,ICD10CM,R27.0,"Ataxia, unspecified",matched_words
adr,paraesthesia,paraesthesia,meddra_code,MDR,10033775,Paraesthesia,matched_exact
adr,paraesthesia,paraesthesia,icd_code,ICD10,R20.2,Paraesthesia of skin,matched_words
adr,aggravated convulsions,aggravated convulsions,meddra_code,MDR,10010915,Convulsions aggravated,matched_words
adr,aggravated convulsions,aggravated convulsions,icd_code,ICD10,UNKNOWN,,not_found
adr,reversible dementia,reversible dementia,meddra_code,MDR,0,,not_found
adr,reversible dementia,reversible dementia,icd_code,ICD10,UNKNOWN,,not_found
adr,reversible cerebral atrophy,reversible cerebral atrophy,meddra_code,MDR,0,,not_found
adr,reversible cerebral atrophy,reversible cerebral atrophy,icd_code,ICD10,UNKNOWN,,not_found
adr,cognitive disorder,cognitive disorder,meddra_code,MDR,10057668,Cognitive disorder,matched_exact
adr,cognitive disorder,cognitive disorder,icd_code,ICD10CM,G31.84,Mild cognitive impairment of uncertain or unknown etiology,matched_words
adr,sedation,sedation,meddra_code,MDR,10039897,Sedation,matched_exact
adr,sedation,sedation,icd_code,ICD10CM,Z92.83,Personal history of failed moderate sedation,matched_words
adr,hallucinations,hallucinations,meddra_code,MDR,10019077,Hallucinations,matched_exact
adr,hallucinations,hallucinations,icd_code,ICD10CM,R44.3,"Hallucinations, unspecified",matched_words
adr,confusional state,confusional state,meddra_code,MDR,10010305,Confusional state,matched_exact
adr,confusional state,confusional state,icd_code,ICD10CM,F05,Delirium due to known physiological condition,matched_words
adr,aggression,aggression,meddra_code,MDR,10001488,Aggression,matched_exact
adr,aggression,aggression,icd_code,ICD10CM,D48.11,Desmoid tumor,matched_words
adr,agitation,agitation,meddra_code,MDR,10001497,Agitation,matched_exact
adr,agitation,agitation,icd_code,ICD10CM,R45.1,Restlessness and agitation,matched_words
adr,disturbance in attention,disturbance in attention,meddra_code,MDR,10013496,Disturbance in attention,matched_exact
adr,disturbance in attention,disturbance in attention,icd_code,ICD10,UNKNOWN,,not_found
adr,abnormal behaviour,abnormal behaviour,meddra_code,MDR,10061422,Abnormal behaviour,matched_exact
adr,abnormal behaviour,abnormal behaviour,icd_code,ICD10,UNKNOWN,,not_found
adr,psychomotor hyperactivity,psychomotor hyperactivity,meddra_code,MDR,10037211,Psychomotor hyperactivity,matched_exact
adr,psychomotor hyperactivity,psychomotor hyperactivity,icd_code,ICD10,UNKNOWN,,not_found
adr,learning disorder,learning disorder,meddra_code,MDR,10061265,Learning disorder,matched_exact
adr,learning disorder,learning disorder,icd_code,ICD10CM,F81.9,"Developmental disorder of scholastic skills, unspecified",matched_words
adr,hyponatraemia,hyponatraemia,meddra_code,MDR,10021036,Hyponatraemia,matched_exact
adr,hyponatraemia,hyponatraemia,icd_code,ICD10,E87.1,Hypo-osmolality and hyponatraemia,matched_words
adr,weight increased,weight increased,meddra_code,MDR,10047899,Weight increased,matched_exact
adr,weight increased,weight increased,icd_code,ICD10,UNKNOWN,,not_found
adr,hyperammonaemia,hyperammonaemia,meddra_code,MDR,10020575,Hyperammonaemia,matched_exact
adr,hyperammonaemia,hyperammonaemia,icd_code,ICD10,UNKNOWN,,not_found
adr,obesity,obesity,meddra_code,MDR,10029883,Obesity,matched_exact
adr,obesity,obesity,icd_code,ICD10CM,E66.9,"Obesity, unspecified",matched_words
adr,hypocarnitinaemia,hypocarnitinaemia,meddra_code,MDR,10073952,Hypocarnitinaemia,matched_exact
adr,hypocarnitinaemia,hypocarnitinaemia,icd_code,ICD10,UNKNOWN,,not_found
adr,Syndrome of Inappropriate Secretion of ADH (SIADH),Syndrome of Inappropriate Secretion of ADH (SIADH),meddra_code,MDR,0,,not_found
adr,Syndrome of Inappropriate Secretion of ADH (SIADH),Syndrome of Inappropriate Secretion of ADH (SIADH),icd_code,ICD10,UNKNOWN,,not_found
adr,hyperandrogenism,hyperandrogenism,meddra_code,MDR,10065597,Hyperandrogenism,matched_exact
adr,hyperandrogenism,hyperandrogenism,icd_code,ICD10,UNKNOWN,,not_found
adr,hirsutism,hirsutism,meddra_code,MDR,10020112,Hirsutism,matched_exact
adr,hirsutism,hirsutism,icd_code,ICD10CM,L68.0,Hirsutism,matched_exact
adr,virilism,virilism,meddra_code,MDR,10047486,Virilism,matched_exact
adr,virilism,virilism,icd_code,ICD10CM,E25,Adrenogenital disorders,matched_words
adr,acne,acne,meddra_code,MDR,10000496,Acne,matched_exact
adr,acne,acne,icd_code,ICD10CM,L70,Acne,matched_exact
adr,male pattern alopecia,male pattern alopecia,meddra_code,MDR,0,,not_found
adr,male pattern alopecia,male pattern alopecia,icd_code,ICD10,UNKNOWN,,not_found
adr,androgen increase,androgen increase,meddra_code,MDR,10002265,Androgens increased,matched_words
adr,androgen increase,androgen increase,icd_code,ICD10,UNKNOWN,,not_found
adr,hypothyroidism,hypothyroidism,meddra_code,MDR,10021114,Hypothyroidism,matched_exact
adr,hypothyroidism,hypothyroidism,icd_code,ICD10CM,E03.9,"Hypothyroidism, unspecified",matched_words
adr,anaemia,anaemia,meddra_code,MDR,10002034,Anaemia,matched_exact
adr,anaemia,anaemia,icd_code,ICD10,D64.9,"Anaemia, unspecified",matched_words
adr,thrombocytopenia,thrombocytopenia,meddra_code,MDR,10043554,Thrombocytopenia,matched_exact
adr,thrombocytopenia,thrombocytopenia,icd_code,ICD10CM,D69.6,"Thrombocytopenia, unspecified",matched_words
adr,pancytopenia,pancytopenia,meddra_code,MDR,10033661,Pancytopenia,matched_exact
adr,pancytopenia,pancytopenia,icd_code,ICD10CM,D61.81,Pancytopenia,matched_exact
adr,leucopenia,leucopenia,meddra_code,MDR,10024283,Leucopenia,matched_exact
adr,leucopenia,leucopenia,icd_code,ICD10CM,D72.819,"Decreased white blood cell count, unspecified",matched_words
adr,bone marrow failure,bone marrow failure,meddra_code,MDR,10065553,Bone marrow failure,matched_exact
adr,bone marrow failure,bone marrow failure,icd_code,ICD10CM,T86.02,Bone marrow transplant failure,matched_words
adr,pure red cell aplasia,pure red cell aplasia,meddra_code,MDR,10002965,Aplasia pure red cell,matched_words
adr,pure red cell aplasia,pure red cell aplasia,icd_code,ICD10CM,D61.01,Constitutional (pure) red blood cell aplasia,matched_words
adr,agranulocytosis,agranulocytosis,meddra_code,MDR,10001507,Agranulocytosis,matched_exact
adr,agranulocytosis,agranulocytosis,icd_code,ICD10CM,D70,Neutropenia,matched_exact
adr,anaemia macrocytic,anaemia macrocytic,meddra_code,MDR,10002064,Anaemia macrocytic,matched_exact
adr,anaemia macrocytic,anaemia macrocytic,icd_code,ICD10,UNKNOWN,,not_found
adr,macrocytosis,macrocytosis,meddra_code,MDR,10025382,Macrocytosis,matched_exact
adr,macrocytosis,macrocytosis,icd_code,ICD10,UNKNOWN,,not_found
adr,hypersensitivity,hypersensitivity,meddra_code,MDR,10020751,Hypersensitivity,matched_exact
adr,hypersensitivity,hypersensitivity,icd_code,ICD10CM,T78.40,"Allergy, unspecified",matched_words
adr,transient and/or dose related alopecia,transient and/or dose related alopecia,meddra_code,MDR,0,,not_found
adr,transient and/or dose related alopecia,transient and/or dose related alopecia,icd_code,ICD10,UNKNOWN,,not_found
adr,nail and nail bed disorders,nail and nail bed disorders,meddra_code,MDR,0,,not_found
adr,nail and nail bed disorders,nail and nail bed disorders,icd_code,ICD10,UNKNOWN,,not_found
adr,angioedema,angioedema,meddra_code,MDR,10002424,Angioedema,matched_exact
adr,angioedema,angioedema,icd_code,ICD10CM,T78.3,Angioneurotic edema,matched_words
adr,rash,rash,meddra_code,MDR,10037844,Rash,matched_exact
adr,rash,rash,icd_code,ICD10CM,R21,Rash and other nonspecific skin eruption,matched_words
adr,hair disorder,hair disorder,meddra_code,MDR,10019037,Hair disorder,matched_exact
adr,hair disorder,hair disorder,icd_code,ICD10,UNKNOWN,,not_found
adr,abnormal hair texture,abnormal hair texture,meddra_code,MDR,10019049,Hair texture abnormal,matched_words
adr,abnormal hair texture,abnormal hair texture,icd_code,ICD10,UNKNOWN,,not_found
adr,hair colour changes,hair colour changes,meddra_code,MDR,10019030,Hair colour changes,matched_exact
adr,hair colour changes,hair colour changes,icd_code,ICD10,UNKNOWN,,not_found
adr,abnormal hair growth,abnormal hair growth,meddra_code,MDR,10000147,Abnormal hair growth,matched_exact
adr,abnormal hair growth,abnormal hair growth,icd_code,ICD10,UNKNOWN,,not_found
adr,toxic epidermal necrolysis,toxic epidermal necrolysis,meddra_code,MDR,10044223,Toxic epidermal necrolysis,matched_exact
adr,toxic epidermal necrolysis,toxic epidermal necrolysis,icd_code,ICD10CM,L51.2,Toxic epidermal necrolysis [Lyell],matched_words
adr,Stevens-Johnson syndrome,Stevens-Johnson syndrome,meddra_code,MDR,10042033,Stevens-Johnson syndrome,matched_exact
adr,Stevens-Johnson syndrome,Stevens-Johnson syndrome,icd_code,ICD10CM,L51.1,Stevens-Johnson syndrome,matched_exact
adr,erythema multiforme,erythema multiforme,meddra_code,MDR,10015218,Erythema multiforme,matched_exact
adr,erythema multiforme,erythema multiforme,icd_code,ICD10CM,L51,Erythema multiforme,matched_exact
adr,Drug Rash with Eosinophilia and Systemic Symptoms (DRESS) syndrome,Drug Rash with Eosinophilia and Systemic Symptoms (DRESS) syndrome,meddra_code,MDR,0,,not_found
adr,Drug Rash with Eosinophilia and Systemic Symptoms (DRESS) syndrome,Drug Rash with Eosinophilia and Systemic Symptoms (DRESS) syndrome,icd_code,ICD10,UNKNOWN,,not_found
adr,dysmenorrhea,dysmenorrhea,meddra_code,MDR,10013934,Dysmenorrhea,matched_exact
adr,dysmenorrhea,dysmenorrhea,icd_code,ICD10CM,N94.6,"Dysmenorrhea, unspecified",matched_words
adr,amenorrhea,amenorrhea,meddra_code,MDR,10001927,Amenorrhea,matched_exact
adr,amenorrhea,amenorrhea,icd_code,ICD10CM,N91.2,"Amenorrhea, unspecified",matched_words
adr,polycystic ovaries,polycystic ovaries,meddra_code,MDR,10036049,Polycystic ovaries,matched_exact
adr,polycystic ovaries,polycystic ovaries,icd_code,ICD10,UNKNOWN,,not_found
adr,male infertility,male infertility,meddra_code,MDR,10021929,Infertility male,matched_words
adr,male infertility,male infertility,icd_code,ICD10CM,N46,Male infertility,matched_exact
adr,gynaecomastia,gynaecomastia,meddra_code,MDR,10018800,Gynaecomastia,matched_exact
adr,gynaecomastia,gynaecomastia,icd_code,ICD10,UNKNOWN,,not_found
adr,haemorrhage,haemorrhage,meddra_code,MDR,10055798,Haemorrhage,matched_exact
adr,haemorrhage,haemorrhage,icd_code,ICD10,K92.2,"Gastrointestinal haemorrhage, unspecified",matched_words
adr,vasculitis,vasculitis,meddra_code,MDR,10047115,Vasculitis,matched_exact
adr,vasculitis,vasculitis,icd_code,ICD10CM,D69.0,Allergic purpura,matched_words
adr,diplopia,diplopia,meddra_code,MDR,10013036,Diplopia,matched_exact
adr,diplopia,diplopia,icd_code,ICD10CM,H53.2,Diplopia,matched_exact
adr,deafness,deafness,meddra_code,MDR,10011878,Deafness,matched_exact
adr,deafness,deafness,icd_code,ICD10CM,H91.9,Unspecified hearing loss,matched_words
adr,urinary incontinence,urinary incontinence,meddra_code,MDR,10046543,Urinary incontinence,matched_exact
adr,urinary incontinence,urinary incontinence,icd_code,ICD10CM,R32,Unspecified urinary incontinence,matched_words
adr,renal failure,renal failure,meddra_code,MDR,10038435,Renal failure,matched_exact
adr,renal failure,renal failure,icd_code,ICD10CM,N18.9,"Chronic kidney disease, unspecified",matched_words
adr,enuresis,enuresis,meddra_code,MDR,10014928,Enuresis,matched_exact
adr,enuresis,enuresis,icd_code,ICD10CM,R32,Unspecified urinary incontinence,matched_words
adr,tubulointerstitial nephritis,tubulointerstitial nephritis,meddra_code,MDR,10048302,Tubulointerstitial nephritis,matched_exact
adr,tubulointerstitial nephritis,tubulointerstitial nephritis,icd_code,ICD10,UNKNOWN,,not_found
adr,reversible Fanconi syndrome,reversible Fanconi syndrome,meddra_code,MDR,0,,not_found
adr,reversible Fanconi syndrome,reversible Fanconi syndrome,icd_code,ICD10,UNKNOWN,,not_found
adr,hypothermia,hypothermia,meddra_code,MDR,10021113,Hypothermia,matched_exact
adr,hypothermia,hypothermia,icd_code,ICD10CM,T68,Hypothermia,matched_exact
adr,non-severe peripheral oedema,non-severe peripheral oedema,meddra_code,MDR,0,,not_found
adr,non-severe peripheral oedema,non-severe peripheral oedema,icd_code,ICD10,UNKNOWN,,not_found
adr,bone mineral density decreased,bone mineral density decreased,meddra_code,MDR,0,,not_found
adr,bone mineral density decreased,bone mineral density decreased,icd_code,ICD10,UNKNOWN,,not_found
adr,osteopenia,osteopenia,meddra_code,MDR,10049088,Osteopenia,matched_exact
adr,osteopenia,osteopenia,icd_code,ICD10,UNKNOWN,,not_found
adr,osteoporosis,osteoporosis,meddra_code,MDR,10031282,Osteoporosis,matched_exact
adr,osteoporosis,osteoporosis,icd_code,ICD10CM,M81.0,Age-related osteoporosis without current pathological fracture,matched_words
adr,fractures,fractures,meddra_code,MDR,10017322,Fractures,matched_exact
adr,fractures,fractures,icd_code,ICD10CM,T14.8,Other injury of unspecified body region,matched_words
adr,systemic lupus erythematosus,systemic lupus erythematosus,meddra_code,MDR,10042945,Systemic lupus erythematosus,matched_exact
adr,systemic lupus erythematosus,systemic lupus erythematosus,icd_code,ICD10CM,M32.9,"Systemic lupus erythematosus, unspecified",matched_words
adr,rhabdomyolysis,rhabdomyolysis,meddra_code,MDR,10039020,Rhabdomyolysis,matched_exact
adr,rhabdomyolysis,rhabdomyolysis,icd_code,ICD10CM,M62.82,Rhabdomyolysis,matched_exact
adr,pleural effusion,pleural effusion,meddra_code,MDR,10035598,Pleural effusion,matched_exact
adr,pleural effusion,pleural effusion,icd_code,ICD10CM,J90,"Pleural effusion, not elsewhere classified",matched_words
adr,coagulation factors decreased,coagulation factors decreased,meddra_code,MDR,10009789,Coagulation factors decreased,matched_exact
adr,coagulation factors decreased,coagulation factors decreased,icd_code,ICD10,UNKNOWN,,not_found
adr,abnormal coagulation tests,abnormal coagulation tests,meddra_code,MDR,10063557,Coagulation test abnormal,matched_words
adr,abnormal coagulation tests,abnormal coagulation tests,icd_code,ICD10,UNKNOWN,,not_found
adr,myelodysplastic syndrome,myelodysplastic syndrome,meddra_code,MDR,10028533,Myelodysplastic syndrome,matched_exact
adr,myelodysplastic syndrome,myelodysplastic syndrome,icd_code,ICD10CM,D46.9,"Myelodysplastic syndrome, unspecified",matched_words
adr,acquired Pelger-Huet anomaly,acquired Pelger-Huet anomaly,meddra_code,MDR,0,,not_found
adr,acquired Pelger-Huet anomaly,acquired Pelger-Huet anomaly,icd_code,ICD10,UNKNOWN,,not_found
adr,psychiatric disorders,psychiatric disorders,meddra_code,MDR,10037175,Psychiatric disorders,matched_exact
adr,psychiatric disorders,psychiatric disorders,icd_code,ICD10CM,Z72.811,Adult antisocial behavior,matched_words
adr,nervous system disorders,nervous system disorders,meddra_code,MDR,10029205,Nervous system disorders,matched_exact
adr,nervous system disorders,nervous system disorders,icd_code,ICD10CM,G98.8,Other disorders of nervous system,matched_words
adr,gastrointestinal disorders,gastrointestinal disorders,meddra_code,MDR,10017947,Gastrointestinal disorders,matched_exact
adr,gastrointestinal disorders,gastrointestinal disorders,icd_code,ICD10CM,Z13.811,Encounter for screening for lower gastrointestinal disorder,matched_words
adr,Severe skin reactions,Severe skin reactions,meddra_code,MDR,0,,not_found
adr,Severe skin reactions,Severe skin reactions,icd_code,ICD10,UNKNOWN,,not_found
adr,Stevens-Johnson syndrome,Stevens-Johnson syndrome,meddra_code,MDR,10042033,Stevens-Johnson syndrome,matched_exact
adr,Stevens-Johnson syndrome,Stevens-Johnson syndrome,icd_code,ICD10CM,L51.1,Stevens-Johnson syndrome,matched_exact
adr,erythema multiforme,erythema multiforme,meddra_code,MDR,10015218,Erythema multiforme,matched_exact
adr,erythema multiforme,erythema multiforme,icd_code,ICD10CM,L51,Erythema multiforme,matched_exact
adr,neuropsychiatric adverse reactions,neuropsychiatric adverse reactions,meddra_code,MDR,0,,not_found
adr,neuropsychiatric adverse reactions,neuropsychiatric adverse reactions,icd_code,ICD10,UNKNOWN,,not_found
adr,severe depression,severe depression,meddra_code,MDR,0,,not_found
adr,severe depression,severe depression,icd_code,ICD10CM,F33.3,"Major depressive disorder, recurrent, severe with psychotic symptoms",matched_words
adr,death by suicide,death by suicide,meddra_code,MDR,0,,not_found
adr,death by suicide,death by suicide,icd_code,ICD10,UNKNOWN,,not_found
adr,psychosis-like behaviour,psychosis-like behaviour,meddra_code,MDR,0,,not_found
adr,psychosis-like behaviour,psychosis-like behaviour,icd_code,ICD10,UNKNOWN,,not_found
adr,seizures,seizures,meddra_code,MDR,10039910,Seizures,matched_exact
adr,seizures,seizures,icd_code,ICD10CM,G40.909,"Epilepsy, unspecified, not intractable, without status epilepticus",matched_words
adr,severe hepatic events,severe hepatic events,meddra_code,MDR,20000007,Drug related hepatic disorders - severe events only (SMQ),matched_words
adr,severe hepatic events,severe hepatic events,icd_code,ICD10,UNKNOWN,,not_found
adr,pancreatitis,pancreatitis,meddra_code,MDR,10033645,Pancreatitis,matched_exact
adr,pancreatitis,pancreatitis,icd_code,ICD10CM,K85.9,"Acute pancreatitis, unspecified",matched_words
adr,lactic acidosis,lactic acidosis,meddra_code,MDR,10023676,Lactic acidosis,matched_exact
adr,lactic acidosis,lactic acidosis,icd_code,ICD10CM,E87.20,"Acidosis, unspecified",matched_words
adr,renal impairment,renal impairment,meddra_code,MDR,10062237,Renal impairment,matched_exact
adr,renal impairment,renal impairment,icd_code,ICD10CM,N25,Disorders resulting from impaired renal tubular function,matched_words
adr,renal failure,renal failure,meddra_code,MDR,10038435,Renal failure,matched_exact
adr,renal failure,renal failure,icd_code,ICD10CM,N18.9,"Chronic kidney disease, unspecified",matched_words
adr,proximal renal tubulopathy,proximal renal tubulopathy,meddra_code,MDR,0,,not_found
adr,proximal renal tubulopathy,proximal renal tubulopathy,icd_code,ICD10,UNKNOWN,,not_found
adr,Fanconi syndrome,Fanconi syndrome,meddra_code,MDR,10016219,Fanconi syndrome,matched_exact
adr,Fanconi syndrome,Fanconi syndrome,icd_code,ICD10CM,E72.09,Other disorders of amino-acid transport,matched_words
adr,bone abnormalities,bone abnormalities,meddra_code,MDR,10005954,Bone development abnormal,matched_words
adr,bone abnormalities,bone abnormalities,icd_code,ICD10,UNKNOWN,,not_found
adr,fractures,fractures,meddra_code,MDR,10017322,Fractures,matched_exact
adr,fractures,fractures,icd_code,ICD10CM,T14.8,Other injury of unspecified body region,matched_words
adr,severe acute exacerbations of hepatitis,severe acute exacerbations of hepatitis,meddra_code,MDR,0,,not_found
adr,severe acute exacerbations of hepatitis,severe acute exacerbations of hepatitis,icd_code,ICD10,UNKNOWN,,not_found
adr,anorexia,anorexia,meddra_code,MDR,10002646,Anorexia,matched_exact
adr,anorexia,anorexia,icd_code,ICD10CM,R63.0,Anorexia,matched_exact
adr,dry mouth,dry mouth,meddra_code,MDR,10013781,Dry mouth,matched_exact
adr,dry mouth,dry mouth,icd_code,ICD10CM,R68.2,"Dry mouth, unspecified",matched_words
adr,increased appetite,increased appetite,meddra_code,MDR,10021654,Increased appetite,matched_exact
adr,increased appetite,increased appetite,icd_code,ICD10,UNKNOWN,,not_found
adr,libido decreased,libido decreased,meddra_code,MDR,10024419,Libido decreased,matched_exact
adr,libido decreased,libido decreased,icd_code,ICD10CM,R68.82,Decreased libido,matched_words
adr,myalgia,myalgia,meddra_code,MDR,10028411,Myalgia,matched_exact
adr,myalgia,myalgia,icd_code,ICD10CM,M79.1,Myalgia,matched_exact
adr,neutropenia,neutropenia,meddra_code,MDR,10029354,Neutropenia,matched_exact
adr,neutropenia,neutropenia,icd_code,ICD10CM,D70,Neutropenia,matched_exact
adr,anaemia,anaemia,meddra_code,MDR,10002034,Anaemia,matched_exact
adr,anaemia,anaemia,icd_code,ICD10,D64.9,"Anaemia, unspecified",matched_words
adr,allergic reaction,allergic reaction,meddra_code,MDR,10001718,Allergic reaction,matched_exact
adr,allergic reaction,allergic reaction,icd_code,ICD10CM,T78.40,"Allergy, unspecified",matched_words
adr,hypersensitivity,hypersensitivity,meddra_code,MDR,10020751,Hypersensitivity,matched_exact
adr,hypersensitivity,hypersensitivity,icd_code,ICD10CM,T78.40,"Allergy, unspecified",matched_words
adr,hypophosphataemia,hypophosphataemia,meddra_code,MDR,10021058,Hypophosphataemia,matched_exact
adr,hypophosphataemia,hypophosphataemia,icd_code,ICD10,UNKNOWN,,not_found
adr,hypertriglyceridaemia,hypertriglyceridaemia,meddra_code,MDR,10020869,Hypertriglyceridaemia,matched_exact
adr,hypertriglyceridaemia,hypertriglyceridaemia,icd_code,ICD10,UNKNOWN,,not_found
adr,hyperglycaemia,hyperglycaemia,meddra_code,MDR,10020635,Hyperglycaemia,matched_exact
adr,hyperglycaemia,hyperglycaemia,icd_code,ICD10,R73.9,"Hyperglycaemia, unspecified",matched_words
adr,hypercholesterolaemia,hypercholesterolaemia,meddra_code,MDR,10020603,Hypercholesterolaemia,matched_exact
adr,hypercholesterolaemia,hypercholesterolaemia,icd_code,ICD10,E78.0,Pure hypercholesterolaemia,matched_words
adr,hypokalaemia,hypokalaemia,meddra_code,MDR,10021015,Hypokalaemia,matched_exact
adr,hypokalaemia,hypokalaemia,icd_code,ICD10,E87.6,Hypokalaemia,matched_exact
adr,lactic acidosis,lactic acidosis,meddra_code,MDR,10023676,Lactic acidosis,matched_exact
adr,lactic acidosis,lactic acidosis,icd_code,ICD10CM,E87.20,"Acidosis, unspecified",matched_words
adr,depression,depression,meddra_code,MDR,10012378,Depression,matched_exact
adr,depression,depression,icd_code,ICD10CM,F31.9,"Bipolar disorder, unspecified",matched_words
adr,anxiety,anxiety,meddra_code,MDR,10002855,Anxiety,matched_exact
adr,anxiety,anxiety,icd_code,ICD10CM,F41.1,Generalized anxiety disorder,matched_words
adr,abnormal dreams,abnormal dreams,meddra_code,MDR,10000125,Abnormal dreams,matched_exact
adr,abnormal dreams,abnormal dreams,icd_code,ICD10,UNKNOWN,,not_found
adr,insomnia,insomnia,meddra_code,MDR,10022437,Insomnia,matched_exact
adr,insomnia,insomnia,icd_code,ICD10CM,G47.0,Insomnia,matched_exact
adr,suicide attempt,suicide attempt,meddra_code,MDR,10042464,Suicide attempt,matched_exact
adr,suicide attempt,suicide attempt,icd_code,ICD10CM,T14.91,Suicide attempt,matched_exact
adr,suicide ideation,suicide ideation,meddra_code,MDR,10042458,Suicidal ideation,matched_words
adr,suicide ideation,suicide ideation,icd_code,ICD10CM,R45.851,Suicidal ideations,matched_words
adr,psychosis,psychosis,meddra_code,MDR,10037234,Psychosis,matched_exact
adr,psychosis,psychosis,icd_code,ICD10CM,F25.9,"Schizoaffective disorder, unspecified",matched_words
adr,mania,mania,meddra_code,MDR,10026749,Mania,matched_exact
adr,mania,mania,icd_code,ICD10CM,F30.9,"Manic episode, unspecified",matched_words
adr,paranoia,paranoia,meddra_code,MDR,10033864,Paranoia,matched_exact
adr,paranoia,paranoia,icd_code,ICD10CM,F22,Delusional disorders,matched_exact
adr,hallucination,hallucination,meddra_code,MDR,10019063,Hallucination,matched_exact
adr,hallucination,hallucination,icd_code,ICD10CM,R44.3,"Hallucinations, unspecified",matched_words
adr,euphoric mood,euphoric mood,meddra_code,MDR,10015535,Euphoric mood,matched_exact
adr,euphoric mood,euphoric mood,icd_code,ICD10,UNKNOWN,,not_found
adr,affect lability,affect lability,meddra_code,MDR,10054196,Affect lability,matched_exact
adr,affect lability,affect lability,icd_code,ICD10,UNKNOWN,,not_found
adr,confusional state,confusional state,meddra_code,MDR,10010305,Confusional state,matched_exact
adr,confusional state,confusional state,icd_code,ICD10CM,F05,Delirium due to known physiological condition,matched_words
adr,catatonia,catatonia,meddra_code,MDR,10007776,Catatonia,matched_exact
adr,catatonia,catatonia,icd_code,ICD10CM,F20.2,Catatonic schizophrenia,matched_words
adr,aggression,aggression,meddra_code,MDR,10001488,Aggression,matched_exact
adr,aggression,aggression,icd_code,ICD10CM,D48.11,Desmoid tumor,matched_words
adr,completed suicide,completed suicide,meddra_code,MDR,10010144,Completed suicide,matched_exact
adr,completed suicide,completed suicide,icd_code,ICD10,UNKNOWN,,not_found
adr,delusion,delusion,meddra_code,MDR,10012239,Delusion,matched_exact
adr,delusion,delusion,icd_code,ICD10CM,F12.250,Cannabis dependence with psychotic disorder with delusions,matched_words
adr,neurosis,neurosis,meddra_code,MDR,10029333,Neurosis,matched_exact
adr,neurosis,neurosis,icd_code,ICD10CM,F60.9,"Personality disorder, unspecified",matched_words
adr,headache,headache,meddra_code,MDR,10019211,Headache,matched_exact
adr,headache,headache,icd_code,ICD10CM,R51,Headache,matched_exact
adr,dizziness,dizziness,meddra_code,MDR,10013573,Dizziness,matched_exact
adr,dizziness,dizziness,icd_code,ICD10CM,R42,Dizziness and giddiness,matched_words
adr,cerebellar coordination and balance disturbances,cerebellar coordination and balance disturbances,meddra_code,MDR,0,,not_found
adr,cerebellar coordination and balance disturbances,cerebellar coordination and balance disturbances,icd_code,ICD10,UNKNOWN,,not_found
adr,somnolence,somnolence,meddra_code,MDR,10041349,Somnolence,matched_exact
adr,somnolence,somnolence,icd_code,ICD10CM,R40.0,Somnolence,matched_exact
adr,disturbance in attention,disturbance in attention,meddra_code,MDR,10013496,Disturbance in attention,matched_exact
adr,disturbance in attention,disturbance in attention,icd_code,ICD10,UNKNOWN,,not_found
adr,convulsions,convulsions,meddra_code,MDR,10010914,Convulsions,matched_exact
adr,convulsions,convulsions,icd_code,ICD10CM,G40.909,"Epilepsy, unspecified, not intractable, without status epilepticus",matched_words
adr,amnesia,amnesia,meddra_code,MDR,10001949,Amnesia,matched_exact
adr,amnesia,amnesia,icd_code,ICD10CM,R41.3,Other amnesia,matched_words
adr,thinking abnormal,thinking abnormal,meddra_code,MDR,10043431,Thinking abnormal,matched_exact
adr,thinking abnormal,thinking abnormal,icd_code,ICD10,UNKNOWN,,not_found
adr,ataxia,ataxia,meddra_code,MDR,10003591,Ataxia,matched_exact
adr,ataxia,ataxia,icd_code,ICD10CM,R27.0,"Ataxia, unspecified",matched_words
adr,coordination abnormal,coordination abnormal,meddra_code,MDR,10010947,Coordination abnormal,matched_exact
adr,coordination abnormal,coordination abnormal,icd_code,ICD10,UNKNOWN,,not_found
adr,agitation,agitation,meddra_code,MDR,10001497,Agitation,matched_exact
adr,agitation,agitation,icd_code,ICD10CM,R45.1,Restlessness and agitation,matched_words
adr,tremor,tremor,meddra_code,MDR,10044565,Tremor,matched_exact
adr,tremor,tremor,icd_code,ICD10CM,R25.1,"Tremor, unspecified",matched_words
adr,vision blurred,vision blurred,meddra_code,MDR,10047513,Vision blurred,matched_exact
adr,vision blurred,vision blurred,icd_code,ICD10,UNKNOWN,,not_found
adr,tinnitus,tinnitus,meddra_code,MDR,10043882,Tinnitus,matched_exact
adr,tinnitus,tinnitus,icd_code,ICD10CM,H93.1,Tinnitus,matched_exact
adr,vertigo,vertigo,meddra_code,MDR,10047340,Vertigo,matched_exact
adr,vertigo,vertigo,icd_code,ICD10CM,H81.0,Ménière's disease,matched_words
adr,flushing,flushing,meddra_code,MDR,10016825,Flushing,matched_exact
adr,flushing,flushing,icd_code,ICD10CM,R23.2,Flushing,matched_exact
adr,diarrhoea,diarrhoea,meddra_code,MDR,10012735,Diarrhoea,matched_exact
adr,diarrhoea,diarrhoea,icd_code,ICD10,K59.1,Functional diarrhoea,matched_words
adr,nausea,nausea,meddra_code,MDR,10028813,Nausea,matched_exact
adr,nausea,nausea,icd_code,ICD10CM,R11.0,Nausea,matched_exact
adr,vomiting,vomiting,meddra_code,MDR,10047700,Vomiting,matched_exact
adr,vomiting,vomiting,icd_code,ICD10CM,R11.1,Vomiting,matched_exact
adr,abdominal pain,abdominal pain,meddra_code,MDR,10000081,Abdominal pain,matched_exact
adr,abdominal pain,abdominal pain,icd_code,ICD10CM,R10.9,Unspecified abdominal pain,matched_words
adr,elevated amylase,elevated amylase,meddra_code,MDR,0,,not_found
adr,elevated amylase,elevated amylase,icd_code,ICD10,UNKNOWN,,not_found
adr,elevated serum lipase,elevated serum lipase,meddra_code,MDR,0,,not_found
adr,elevated serum lipase,elevated serum lipase,icd_code,ICD10,UNKNOWN,,not_found
adr,dyspepsia,dyspepsia,meddra_code,MDR,10013946,Dyspepsia,matched_exact
adr,dyspepsia,dyspepsia,icd_code,ICD10CM,R10.13,Epigastric pain,matched_exact
adr,elevated aspartate aminotransferase (AST),elevated aspartate aminotransferase (AST),meddra_code,MDR,0,,not_found
adr,elevated aspartate aminotransferase (AST),elevated aspartate aminotransferase (AST),icd_code,ICD10,UNKNOWN,,not_found
adr,elevated alanine aminotransferase (ALT),elevated alanine aminotransferase (ALT),meddra_code,MDR,0,,not_found
adr,elevated alanine aminotransferase (ALT),elevated alanine aminotransferase (ALT),icd_code,ICD10,UNKNOWN,,not_found
adr,elevated gamma- glutamyltransferase (GGT),elevated gamma- glutamyltransferase (GGT),meddra_code,MDR,0,,not_found
adr,elevated gamma- glutamyltransferase (GGT),elevated gamma- glutamyltransferase (GGT),icd_code,ICD10,UNKNOWN,,not_found
adr,hepatitis acute,hepatitis acute,meddra_code,MDR,10019727,Hepatitis acute,matched_exact
adr,hepatitis acute,hepatitis acute,icd_code,ICD10CM,B17.9,"Acute viral hepatitis, unspecified",matched_words
adr,hepatic failure,hepatic failure,meddra_code,MDR,10019663,Hepatic failure,matched_exact
adr,hepatic failure,hepatic failure,icd_code,ICD10CM,K72.9,"Hepatic failure, unspecified",matched_words
adr,hepatic steatosis,hepatic steatosis,meddra_code,MDR,10019708,Hepatic steatosis,matched_exact
adr,hepatic steatosis,hepatic steatosis,icd_code,ICD10,UNKNOWN,,not_found
adr,rash,rash,meddra_code,MDR,10037844,Rash,matched_exact
adr,rash,rash,icd_code,ICD10CM,R21,Rash and other nonspecific skin eruption,matched_words
adr,pruritus,pruritus,meddra_code,MDR,10037087,Pruritus,matched_exact
adr,pruritus,pruritus,icd_code,ICD10CM,L29,Pruritus,matched_exact
adr,vesiculobullous rash,vesiculobullous rash,meddra_code,MDR,10047381,Vesiculobullous rash,matched_exact
adr,vesiculobullous rash,vesiculobullous rash,icd_code,ICD10,UNKNOWN,,not_found
adr,pustular rash,pustular rash,meddra_code,MDR,10037576,Pustular rash,matched_exact
adr,pustular rash,pustular rash,icd_code,ICD10,UNKNOWN,,not_found
adr,maculopapular rash,maculopapular rash,meddra_code,MDR,10025424,Maculopapular rash,matched_exact
adr,maculopapular rash,maculopapular rash,icd_code,ICD10,UNKNOWN,,not_found
adr,urticaria,urticaria,meddra_code,MDR,10046735,Urticaria,matched_exact
adr,urticaria,urticaria,icd_code,ICD10CM,L50,Urticaria,matched_exact
adr,skin discolouration,skin discolouration,meddra_code,MDR,10040829,Skin discolouration,matched_exact
adr,skin discolouration,skin discolouration,icd_code,ICD10,UNKNOWN,,not_found
adr,Stevens-Johnson syndrome,Stevens-Johnson syndrome,meddra_code,MDR,10042033,Stevens-Johnson syndrome,matched_exact
adr,Stevens-Johnson syndrome,Stevens-Johnson syndrome,icd_code,ICD10CM,L51.1,Stevens-Johnson syndrome,matched_exact
adr,erythema multiforme,erythema multiforme,meddra_code,MDR,10015218,Erythema multiforme,matched_exact
adr,erythema multiforme,erythema multiforme,icd_code,ICD10CM,L51,Erythema multiforme,matched_exact
adr,angioedema,angioedema,meddra_code,MDR,10002424,Angioedema,matched_exact
adr,angioedema,angioedema,icd_code,ICD10CM,T78.3,Angioneurotic edema,matched_words
adr,photoallergic dermatitis,photoallergic dermatitis,meddra_code,MDR,0,,not_found
adr,photoallergic dermatitis,photoallergic dermatitis,icd_code,ICD10,UNKNOWN,,not_found
adr,elevated creatine kinase,elevated creatine kinase,meddra_code,MDR,0,,not_found
adr,elevated creatine kinase,elevated creatine kinase,icd_code,ICD10,UNKNOWN,,not_found
adr,rhabdomyolysis,rhabdomyolysis,meddra_code,MDR,10039020,Rhabdomyolysis,matched_exact
adr,rhabdomyolysis,rhabdomyolysis,icd_code,ICD10CM,M62.82,Rhabdomyolysis,matched_exact
adr,muscular weakness,muscular weakness,meddra_code,MDR,10028372,Muscular weakness,matched_exact
adr,muscular weakness,muscular weakness,icd_code,ICD10,UNKNOWN,,not_found
adr,osteomalacia,osteomalacia,meddra_code,MDR,10031250,Osteomalacia,matched_exact
adr,osteomalacia,osteomalacia,icd_code,ICD10CM,E55.0,"Rickets, active",matched_words
adr,myopathy,myopathy,meddra_code,MDR,10028641,Myopathy,matched_exact
adr,myopathy,myopathy,icd_code,ICD10CM,G72.49,"Other inflammatory and immune myopathies, not elsewhere classified",matched_words
adr,increased creatinine,increased creatinine,meddra_code,MDR,10040233,Serum creatinine increased,matched_words
adr,increased creatinine,increased creatinine,icd_code,ICD10,UNKNOWN,,not_found
adr,proteinuria,proteinuria,meddra_code,MDR,10037032,Proteinuria,matched_exact
adr,proteinuria,proteinuria,icd_code,ICD10CM,R80,Proteinuria,matched_exact
adr,renal failure,renal failure,meddra_code,MDR,10038435,Renal failure,matched_exact
adr,renal failure,renal failure,icd_code,ICD10CM,N18.9,"Chronic kidney disease, unspecified",matched_words
adr,acute tubular necrosis,acute tubular necrosis,meddra_code,MDR,10001099,Acute tubular necrosis,matched_exact
adr,acute tubular necrosis,acute tubular necrosis,icd_code,ICD10CM,N17.0,Acute kidney failure with tubular necrosis,matched_exact
adr,nephritis,nephritis,meddra_code,MDR,10029117,Nephritis,matched_exact
adr,nephritis,nephritis,icd_code,ICD10CM,N08,Glomerular disorders in diseases classified elsewhere,matched_exact
adr,nephrogenic diabetes insipidus,nephrogenic diabetes insipidus,meddra_code,MDR,10029147,Nephrogenic diabetes insipidus,matched_exact
adr,nephrogenic diabetes insipidus,nephrogenic diabetes insipidus,icd_code,ICD10CM,N25.1,Nephrogenic diabetes insipidus,matched_exact
adr,gynaecomastia,gynaecomastia,meddra_code,MDR,10018800,Gynaecomastia,matched_exact
adr,gynaecomastia,gynaecomastia,icd_code,ICD10,UNKNOWN,,not_found
adr,asthenia,asthenia,meddra_code,MDR,10003549,Asthenia,matched_exact
adr,asthenia,asthenia,icd_code,ICD10CM,R53.1,Weakness,matched_words
adr,fatigue,fatigue,meddra_code,MDR,10016256,Fatigue,matched_exact
adr,fatigue,fatigue,icd_code,ICD10CM,R53.83,Other fatigue,matched_words
adr,pain,pain,meddra_code,MDR,10033371,Pain,matched_exact
adr,pain,pain,icd_code,ICD10CM,R52,"Pain, unspecified",matched_words
adr,diarrhoea,diarrhoea,meddra_code,MDR,10012735,Diarrhoea,matched_exact
adr,diarrhoea,diarrhoea,icd_code,ICD10,K59.1,Functional diarrhoea,matched_words
adr,nausea,nausea,meddra_code,MDR,10028813,Nausea,matched_exact
adr,nausea,nausea,icd_code,ICD10CM,R11.0,Nausea,matched_exact
adr,skin rash,skin rash,meddra_code,MDR,10040913,Skin rash,matched_exact
adr,skin rash,skin rash,icd_code,ICD10CM,R21,Rash and other nonspecific skin eruption,matched_words
adr,Mucocutaneous candidiasis,Mucocutaneous candidiasis,meddra_code,MDR,10028080,Mucocutaneous candidiasis,matched_exact
adr,Mucocutaneous candidiasis,Mucocutaneous candidiasis,icd_code,ICD10,UNKNOWN,,not_found
adr,Reversible leucopenia (including severe neutropenia or agranulocytosis),Reversible leucopenia (including severe neutropenia or agranulocytosis),meddra_code,MDR,0,,not_found
adr,Reversible leucopenia (including severe neutropenia or agranulocytosis),Reversible leucopenia (including severe neutropenia or agranulocytosis),icd_code,ICD10,UNKNOWN,,not_found
adr,reversible thrombocytopenia,reversible thrombocytopenia,meddra_code,MDR,0,,not_found
adr,reversible thrombocytopenia,reversible thrombocytopenia,icd_code,ICD10,UNKNOWN,,not_found
adr,haemolytic anaemia,haemolytic anaemia,meddra_code,MDR,10018916,Haemolytic anaemia,matched_exact
adr,haemolytic anaemia,haemolytic anaemia,icd_code,ICD10,D55-D59.9,Haemolytic anaemias,matched_words
adr,Prolongation of bleeding time,Prolongation of bleeding time,meddra_code,MDR,0,,not_found
adr,Prolongation of bleeding time,Prolongation of bleeding time,icd_code,ICD10,UNKNOWN,,not_found
adr,prothrombin time,prothrombin time,meddra_code,MDR,10037056,Prothrombin time,matched_exact
adr,prothrombin time,prothrombin time,icd_code,ICD10CM,R79.1,Abnormal coagulation profile,matched_words
adr,Severe allergic reactions,Severe allergic reactions,meddra_code,MDR,0,,not_found
adr,Severe allergic reactions,Severe allergic reactions,icd_code,ICD10,UNKNOWN,,not_found
adr,angioneurotic oedema,angioneurotic oedema,meddra_code,MDR,10002473,Angioneurotic oedema,matched_exact
adr,angioneurotic oedema,angioneurotic oedema,icd_code,ICD10,T78.3,Angioneurotic oedema,matched_exact
adr,anaphylaxis,anaphylaxis,meddra_code,MDR,10002218,Anaphylaxis,matched_exact
adr,anaphylaxis,anaphylaxis,icd_code,ICD10CM,T78.2,"Anaphylactic shock, unspecified",matched_exact
adr,serum sickness,serum sickness,meddra_code,MDR,10040400,Serum sickness,matched_exact
adr,serum sickness,serum sickness,icd_code,ICD10CM,T80.6,Other serum reactions,matched_exact
adr,hypersensitivity vasculitis,hypersensitivity vasculitis,meddra_code,MDR,10020764,Hypersensitivity vasculitis,matched_exact
adr,hypersensitivity vasculitis,hypersensitivity vasculitis,icd_code,ICD10,UNKNOWN,,not_found
adr,Jarisch-Herxheimer reaction,Jarisch-Herxheimer reaction,meddra_code,MDR,10023125,Jarisch-Herxheimer reaction,matched_exact
adr,Jarisch-Herxheimer reaction,Jarisch-Herxheimer reaction,icd_code,ICD10,UNKNOWN,,not_found
adr,Hyperkinesia,Hyperkinesia,meddra_code,MDR,10020651,Hyperkinesia,matched_exact
adr,Hyperkinesia,Hyperkinesia,icd_code,ICD10,UNKNOWN,,not_found
adr,dizziness,dizziness,meddra_code,MDR,10013573,Dizziness,matched_exact
adr,dizziness,dizziness,icd_code,ICD10CM,R42,Dizziness and giddiness,matched_words
adr,convulsions,convulsions,meddra_code,MDR,10010914,Convulsions,matched_exact
adr,convulsions,convulsions,icd_code,ICD10CM,G40.909,"Epilepsy, unspecified, not intractable, without status epilepticus",matched_words
adr,Aseptic meningitis,Aseptic meningitis,meddra_code,MDR,10003458,Aseptic meningitis,matched_exact
adr,Aseptic meningitis,Aseptic meningitis,icd_code,ICD10CM,G03.0,Nonpyogenic meningitis,matched_exact
adr,Vomiting,Vomiting,meddra_code,MDR,10047700,Vomiting,matched_exact
adr,Vomiting,Vomiting,icd_code,ICD10CM,R11.1,Vomiting,matched_exact
adr,Drug-induced enterocolitis syndrome,Drug-induced enterocolitis syndrome,meddra_code,MDR,10085361,Drug-induced enterocolitis syndrome,matched_exact
adr,Drug-induced enterocolitis syndrome,Drug-induced enterocolitis syndrome,icd_code,ICD10,UNKNOWN,,not_found
adr,Antibiotic associated colitis (including pseudomembraneous colitis and haemorrhagic colitis),Antibiotic associated colitis (including pseudomembraneous colitis and haemorrhagic colitis),meddra_code,MDR,0,,not_found
adr,Antibiotic associated colitis (including pseudomembraneous colitis and haemorrhagic colitis),Antibiotic associated colitis (including pseudomembraneous colitis and haemorrhagic colitis),icd_code,ICD10,UNKNOWN,,not_found
adr,Black hairy tongue,Black hairy tongue,meddra_code,MDR,10004974,Black hairy tongue,matched_exact
adr,Black hairy tongue,Black hairy tongue,icd_code,ICD10CM,K14.3,Hypertrophy of tongue papillae,matched_exact
adr,Hepatitis,Hepatitis,meddra_code,MDR,10019717,Hepatitis,matched_exact
adr,Hepatitis,Hepatitis,icd_code,ICD10CM,K75.9,"Inflammatory liver disease, unspecified",matched_words
adr,cholestatic jaundice,cholestatic jaundice,meddra_code,MDR,10008640,Cholestatic jaundice,matched_exact
adr,cholestatic jaundice,cholestatic jaundice,icd_code,ICD10,UNKNOWN,,not_found
adr,A moderate rise in AST and/or ALT,A moderate rise in AST and/or ALT,meddra_code,MDR,0,,not_found
adr,A moderate rise in AST and/or ALT,A moderate rise in AST and/or ALT,icd_code,ICD10,UNKNOWN,,not_found
adr,Urticaria,Urticaria,meddra_code,MDR,10046735,Urticaria,matched_exact
adr,Urticaria,Urticaria,icd_code,ICD10CM,L50,Urticaria,matched_exact
adr,pruritus,pruritus,meddra_code,MDR,10037087,Pruritus,matched_exact
adr,pruritus,pruritus,icd_code,ICD10CM,L29,Pruritus,matched_exact
adr,Linear IgA disease,Linear IgA disease,meddra_code,MDR,10024515,Linear IgA disease,matched_exact
adr,Linear IgA disease,Linear IgA disease,icd_code,ICD10,UNKNOWN,,not_found
adr,erythema multiforme,erythema multiforme,meddra_code,MDR,10015218,Erythema multiforme,matched_exact
adr,erythema multiforme,erythema multiforme,icd_code,ICD10CM,L51,Erythema multiforme,matched_exact
adr,Stevens-Johnson syndrome,Stevens-Johnson syndrome,meddra_code,MDR,10042033,Stevens-Johnson syndrome,matched_exact
adr,Stevens-Johnson syndrome,Stevens-Johnson syndrome,icd_code,ICD10CM,L51.1,Stevens-Johnson syndrome,matched_exact
adr,toxic epidermal necrolysis,toxic epidermal necrolysis,meddra_code,MDR,10044223,Toxic epidermal necrolysis,matched_exact
adr,toxic epidermal necrolysis,toxic epidermal necrolysis,icd_code,ICD10CM,L51.2,Toxic epidermal necrolysis [Lyell],matched_words
adr,bullous and exfoliative dermatitis,bullous and exfoliative dermatitis,meddra_code,MDR,0,,not_found
adr,bullous and exfoliative dermatitis,bullous and exfoliative dermatitis,icd_code,ICD10,UNKNOWN,,not_found
adr,acute generalised exanthematous pustulosis (AGEP),acute generalised exanthematous pustulosis (AGEP),meddra_code,MDR,0,,not_found
adr,acute generalised exanthematous pustulosis (AGEP),acute generalised exanthematous pustulosis (AGEP),icd_code,ICD10,UNKNOWN,,not_found
adr,drug reaction with eosinophilia and systemic symptoms (DRESS),drug reaction with eosinophilia and systemic symptoms (DRESS),meddra_code,MDR,0,,not_found
adr,drug reaction with eosinophilia and systemic symptoms (DRESS),drug reaction with eosinophilia and systemic symptoms (DRESS),icd_code,ICD10,UNKNOWN,,not_found
adr,Interstitial nephritis,Interstitial nephritis,meddra_code,MDR,10029134,Nephritis interstitial,matched_words
adr,Interstitial nephritis,Interstitial nephritis,icd_code,ICD10CM,N12,"Tubulo-interstitial nephritis, not specified as acute or chronic",matched_words
adr,Crystalluria (including acute renal injury),Crystalluria (including acute renal injury),meddra_code,MDR,0,,not_found
adr,Crystalluria (including acute renal injury),Crystalluria (including acute renal injury),icd_code,ICD10,UNKNOWN,,not_found
adr,Kounis syndrome,Kounis syndrome,meddra_code,MDR,10069167,Kounis syndrome,matched_exact
adr,Kounis syndrome,Kounis syndrome,icd_code,ICD10,UNKNOWN,,not_found
adr,Dry mouth,Dry mouth,meddra_code,MDR,10013781,Dry mouth,matched_exact
adr,Dry mouth,Dry mouth,icd_code,ICD10CM,R68.2,"Dry mouth, unspecified",matched_words
adr,Urinary retention,Urinary retention,meddra_code,MDR,10046555,Urinary retention,matched_exact
adr,Urinary retention,Urinary retention,icd_code,ICD10,UNKNOWN,,not_found
adr,Urinary tract infection,Urinary tract infection,meddra_code,MDR,10046571,Urinary tract infection,matched_exact
adr,Urinary tract infection,Urinary tract infection,icd_code,ICD10CM,N39.0,"Urinary tract infection, site not specified",matched_words
adr,Insomnia,Insomnia,meddra_code,MDR,10022437,Insomnia,matched_exact
adr,Insomnia,Insomnia,icd_code,ICD10CM,G47.0,Insomnia,matched_exact
adr,Dizziness,Dizziness,meddra_code,MDR,10013573,Dizziness,matched_exact
adr,Dizziness,Dizziness,icd_code,ICD10CM,R42,Dizziness and giddiness,matched_words
adr,Headache,Headache,meddra_code,MDR,10019211,Headache,matched_exact
adr,Headache,Headache,icd_code,ICD10CM,R51,Headache,matched_exact
adr,Dry eye,Dry eye,meddra_code,MDR,10013774,Dry eye,matched_exact
adr,Dry eye,Dry eye,icd_code,ICD10CM,H04.12,Dry eye syndrome,matched_words
adr,Tachycardia,Tachycardia,meddra_code,MDR,10043071,Tachycardia,matched_exact
adr,Tachycardia,Tachycardia,icd_code,ICD10CM,R00.0,"Tachycardia, unspecified",matched_words
adr,Palpitations,Palpitations,meddra_code,MDR,10033557,Palpitations,matched_exact
adr,Palpitations,Palpitations,icd_code,ICD10CM,R00.2,Palpitations,matched_exact
adr,Dry throat,Dry throat,meddra_code,MDR,10013789,Dry throat,matched_exact
adr,Dry throat,Dry throat,icd_code,ICD10,UNKNOWN,,not_found
adr,Abdominal pain,Abdominal pain,meddra_code,MDR,10000081,Abdominal pain,matched_exact
adr,Abdominal pain,Abdominal pain,icd_code,ICD10CM,R10.9,Unspecified abdominal pain,matched_words
adr,Diarrhoea,Diarrhoea,meddra_code,MDR,10012735,Diarrhoea,matched_exact
adr,Diarrhoea,Diarrhoea,icd_code,ICD10,K59.1,Functional diarrhoea,matched_words
adr,Dyspepsia,Dyspepsia,meddra_code,MDR,10013946,Dyspepsia,matched_exact
adr,Dyspepsia,Dyspepsia,icd_code,ICD10CM,R10.13,Epigastric pain,matched_exact
adr,Constipation,Constipation,meddra_code,MDR,10010774,Constipation,matched_exact
adr,Constipation,Constipation,icd_code,ICD10CM,K59.0,Constipation,matched_exact
adr,Nausea,Nausea,meddra_code,MDR,10028813,Nausea,matched_exact
adr,Nausea,Nausea,icd_code,ICD10CM,R11.0,Nausea,matched_exact
adr,Abdominal discomfort,Abdominal discomfort,meddra_code,MDR,10000059,Abdominal discomfort,matched_exact
adr,Abdominal discomfort,Abdominal discomfort,icd_code,ICD10,UNKNOWN,,not_found
adr,Flatulence,Flatulence,meddra_code,MDR,10016766,Flatulence,matched_exact
adr,Flatulence,Flatulence,icd_code,ICD10CM,R14.3,Flatulence,matched_exact
adr,Gastroesophageal reflux,Gastroesophageal reflux,meddra_code,MDR,10017924,Gastroesophageal reflux,matched_exact
adr,Gastroesophageal reflux,Gastroesophageal reflux,icd_code,ICD10,UNKNOWN,,not_found
adr,ALT increased,ALT increased,meddra_code,MDR,10001845,ALT increased,matched_exact
adr,ALT increased,ALT increased,icd_code,ICD10,UNKNOWN,,not_found
adr,GGT increased,GGT increased,meddra_code,MDR,10056910,GGT increased,matched_exact
adr,GGT increased,GGT increased,icd_code,ICD10,UNKNOWN,,not_found
adr,Rash,Rash,meddra_code,MDR,10037844,Rash,matched_exact
adr,Rash,Rash,icd_code,ICD10CM,R21,Rash and other nonspecific skin eruption,matched_words
adr,Dry skin,Dry skin,meddra_code,MDR,10013786,Dry skin,matched_exact
adr,Dry skin,Dry skin,icd_code,ICD10CM,L85.3,Xerosis cutis,matched_words
adr,Pruritus,Pruritus,meddra_code,MDR,10037087,Pruritus,matched_exact
adr,Pruritus,Pruritus,icd_code,ICD10CM,L29,Pruritus,matched_exact
adr,Angioedema,Angioedema,meddra_code,MDR,10002424,Angioedema,matched_exact
adr,Angioedema,Angioedema,icd_code,ICD10CM,T78.3,Angioneurotic edema,matched_words
adr,Urticaria,Urticaria,meddra_code,MDR,10046735,Urticaria,matched_exact
adr,Urticaria,Urticaria,icd_code,ICD10CM,L50,Urticaria,matched_exact
adr,Dysuria,Dysuria,meddra_code,MDR,10013990,Dysuria,matched_exact
adr,Dysuria,Dysuria,icd_code,ICD10CM,R30.0,Dysuria,matched_exact
adr,Urinary retention (including feeling of residual urine; micturition disorder),Urinary retention (including feeling of residual urine; micturition disorder),meddra_code,MDR,0,,not_found
adr,Urinary retention (including feeling of residual urine; micturition disorder),Urinary retention (including feeling of residual urine; micturition disorder),icd_code,ICD10,UNKNOWN,,not_found
adr,Urinary hesitation,Urinary hesitation,meddra_code,MDR,10046542,Urinary hesitation,matched_exact
adr,Urinary hesitation,Urinary hesitation,icd_code,ICD10,UNKNOWN,,not_found
adr,Fatigue,Fatigue,meddra_code,MDR,10016256,Fatigue,matched_exact
adr,Fatigue,Fatigue,icd_code,ICD10CM,R53.83,Other fatigue,matched_words
adr,Confusional state,Confusional state,meddra_code,MDR,10010305,Confusional state,matched_exact
adr,Confusional state,Confusional state,icd_code,ICD10CM,F05,Delirium due to known physiological condition,matched_words
adr,Dysgeusia,Dysgeusia,meddra_code,MDR,10013911,Dysgeusia,matched_exact
adr,Dysgeusia,Dysgeusia,icd_code,ICD10,UNKNOWN,,not_found
adr,Somnolence,Somnolence,meddra_code,MDR,10041349,Somnolence,matched_exact
adr,Somnolence,Somnolence,icd_code,ICD10CM,R40.0,Somnolence,matched_exact
adr,Blurred vision,Blurred vision,meddra_code,MDR,10005886,Blurred vision,matched_exact
adr,Blurred vision,Blurred vision,icd_code,ICD10,UNKNOWN,,not_found
adr,Vertigo,Vertigo,meddra_code,MDR,10047340,Vertigo,matched_exact
adr,Vertigo,Vertigo,icd_code,ICD10CM,H81.0,Ménière's disease,matched_words
adr,Pharyngolaryngeal pain,Pharyngolaryngeal pain,meddra_code,MDR,10034844,Pharyngolaryngeal pain,matched_exact
adr,Pharyngolaryngeal pain,Pharyngolaryngeal pain,icd_code,ICD10,UNKNOWN,,not_found
adr,Cough,Cough,meddra_code,MDR,10011224,Cough,matched_exact
adr,Cough,Cough,icd_code,ICD10CM,R05,Cough,matched_exact
adr,Nasal dryness,Nasal dryness,meddra_code,MDR,10028740,Nasal dryness,matched_exact
adr,Nasal dryness,Nasal dryness,icd_code,ICD10,UNKNOWN,,not_found
adr,Hypoaesthesia oral,Hypoaesthesia oral,meddra_code,MDR,10057371,Hypoaesthesia oral,matched_exact
adr,Hypoaesthesia oral,Hypoaesthesia oral,icd_code,ICD10,UNKNOWN,,not_found
adr,"application site reaction (including rash, erythema, pruritus, dermatitis, dryness, and skin irritation)","application site reaction (including rash, erythema, pruritus, dermatitis, dryness, and skin irritation)",meddra_code,MDR,0,,not_found
adr,"application site reaction (including rash, erythema, pruritus, dermatitis, dryness, and skin irritation)","application site reaction (including rash, erythema, pruritus, dermatitis, dryness, and skin irritation)",icd_code,ICD10,UNKNOWN,,not_found
adr,rash,rash,meddra_code,MDR,10037844,Rash,matched_exact
adr,rash,rash,icd_code,ICD10CM,R21,Rash and other nonspecific skin eruption,matched_words
adr,erythema,erythema,meddra_code,MDR,10015150,Erythema,matched_exact
adr,erythema,erythema,icd_code,ICD10CM,L53.9,"Erythematous condition, unspecified",matched_words
adr,pruritus,pruritus,meddra_code,MDR,10037087,Pruritus,matched_exact
adr,pruritus,pruritus,icd_code,ICD10CM,L29,Pruritus,matched_exact
adr,dermatitis,dermatitis,meddra_code,MDR,10012431,Dermatitis,matched_exact
adr,dermatitis,dermatitis,icd_code,ICD10CM,L21,Seborrheic dermatitis,matched_words
adr,dryness,dryness,meddra_code,MDR,10030974,Oral dryness,matched_words
adr,dryness,dryness,icd_code,ICD10,UNKNOWN,,not_found
adr,skin irritation,skin irritation,meddra_code,MDR,10040880,Skin irritation,matched_exact
adr,skin irritation,skin irritation,icd_code,ICD10CM,L24.4,Irritant contact dermatitis due to drugs in contact with skin,matched_words
adr,Blood triglycerides increased/hypertriglyceridaemia,Blood triglycerides increased/hypertriglyceridaemia,meddra_code,MDR,0,,not_found
adr,Blood triglycerides increased/hypertriglyceridaemia,Blood triglycerides increased/hypertriglyceridaemia,icd_code,ICD10,UNKNOWN,,not_found
adr,PSA increased,PSA increased,meddra_code,MDR,10037102,PSA increased,matched_exact
adr,PSA increased,PSA increased,icd_code,ICD10,UNKNOWN,,not_found
adr,haematocrit increased,haematocrit increased,meddra_code,MDR,10018840,Haematocrit increased,matched_exact
adr,haematocrit increased,haematocrit increased,icd_code,ICD10,UNKNOWN,,not_found
adr,Haemoglobin increased,Haemoglobin increased,meddra_code,MDR,10018888,Haemoglobin increased,matched_exact
adr,Haemoglobin increased,Haemoglobin increased,icd_code,ICD10,UNKNOWN,,not_found
adr,Hypertension,Hypertension,meddra_code,MDR,10020772,Hypertension,matched_exact
adr,Hypertension,Hypertension,icd_code,ICD10CM,I10,Essential (primary) hypertension,matched_words
adr,Headache,Headache,meddra_code,MDR,10019211,Headache,matched_exact
adr,Headache,Headache,icd_code,ICD10CM,R51,Headache,matched_exact
adr,Polycythaemia,Polycythaemia,meddra_code,MDR,10036051,Polycythaemia,matched_exact
adr,Polycythaemia,Polycythaemia,icd_code,ICD10,D45,Polycythaemia vera,matched_words
adr,anaemia,anaemia,meddra_code,MDR,10002034,Anaemia,matched_exact
adr,anaemia,anaemia,icd_code,ICD10,D64.9,"Anaemia, unspecified",matched_words
adr,Insomnia,Insomnia,meddra_code,MDR,10022437,Insomnia,matched_exact
adr,Insomnia,Insomnia,icd_code,ICD10CM,G47.0,Insomnia,matched_exact
adr,depression,depression,meddra_code,MDR,10012378,Depression,matched_exact
adr,depression,depression,icd_code,ICD10CM,F31.9,"Bipolar disorder, unspecified",matched_words
adr,anxiety,anxiety,meddra_code,MDR,10002855,Anxiety,matched_exact
adr,anxiety,anxiety,icd_code,ICD10CM,F41.1,Generalized anxiety disorder,matched_words
adr,aggression,aggression,meddra_code,MDR,10001488,Aggression,matched_exact
adr,aggression,aggression,icd_code,ICD10CM,D48.11,Desmoid tumor,matched_words
adr,nervousness,nervousness,meddra_code,MDR,10029216,Nervousness,matched_exact
adr,nervousness,nervousness,icd_code,ICD10CM,R45.0,Nervousness,matched_exact
adr,hostility,hostility,meddra_code,MDR,10020400,Hostility,matched_exact
adr,hostility,hostility,icd_code,ICD10CM,R45.5,Hostility,matched_exact
adr,dizziness,dizziness,meddra_code,MDR,10013573,Dizziness,matched_exact
adr,dizziness,dizziness,icd_code,ICD10CM,R42,Dizziness and giddiness,matched_words
adr,paraesthesia,paraesthesia,meddra_code,MDR,10033775,Paraesthesia,matched_exact
adr,paraesthesia,paraesthesia,icd_code,ICD10,R20.2,Paraesthesia of skin,matched_words
adr,Hot flushes (vasodilation),Hot flushes (vasodilation),meddra_code,MDR,0,,not_found
adr,Hot flushes (vasodilation),Hot flushes (vasodilation),icd_code,ICD10,UNKNOWN,,not_found
adr,deep vein thrombosis,deep vein thrombosis,meddra_code,MDR,10051055,Deep vein thrombosis,matched_exact
adr,deep vein thrombosis,deep vein thrombosis,icd_code,ICD10CM,I82.40,Acute embolism and thrombosis of unspecified deep veins of lower extremity,matched_words
adr,Dyspnoea,Dyspnoea,meddra_code,MDR,10013968,Dyspnoea,matched_exact
adr,Dyspnoea,Dyspnoea,icd_code,ICD10,R06.0,Dyspnoea,matched_exact
adr,sleep apnoea,sleep apnoea,meddra_code,MDR,10040977,Sleep apnoea,matched_exact
adr,sleep apnoea,sleep apnoea,icd_code,ICD10,G47.3,Sleep apnoea,matched_exact
adr,Nausea,Nausea,meddra_code,MDR,10028813,Nausea,matched_exact
adr,Nausea,Nausea,icd_code,ICD10CM,R11.0,Nausea,matched_exact
adr,acne,acne,meddra_code,MDR,10000496,Acne,matched_exact
adr,acne,acne,icd_code,ICD10CM,L70,Acne,matched_exact
adr,seborrhoea,seborrhoea,meddra_code,MDR,10039792,Seborrhoea,matched_exact
adr,seborrhoea,seborrhoea,icd_code,ICD10,L21.0,Seborrhoea capitis,matched_words
adr,balding (alopecia),balding (alopecia),meddra_code,MDR,0,,not_found
adr,balding (alopecia),balding (alopecia),icd_code,ICD10,UNKNOWN,,not_found
adr,sweating,sweating,meddra_code,MDR,10042661,Sweating,matched_exact
adr,sweating,sweating,icd_code,ICD10CM,R61,Generalized hyperhidrosis,matched_words
adr,hypertrichosis,hypertrichosis,meddra_code,MDR,10020864,Hypertrichosis,matched_exact
adr,hypertrichosis,hypertrichosis,icd_code,ICD10CM,L68,Hypertrichosis,matched_exact
adr,Musculoskeletal pain,Musculoskeletal pain,meddra_code,MDR,10028391,Musculoskeletal pain,matched_exact
adr,Musculoskeletal pain,Musculoskeletal pain,icd_code,ICD10,UNKNOWN,,not_found
adr,muscle cramps,muscle cramps,meddra_code,MDR,10028295,Muscle cramps,matched_exact
adr,muscle cramps,muscle cramps,icd_code,ICD10,UNKNOWN,,not_found
adr,Urination impaired,Urination impaired,meddra_code,MDR,10046601,Urination impaired,matched_exact
adr,Urination impaired,Urination impaired,icd_code,ICD10,UNKNOWN,,not_found
adr,urinary tract obstruction,urinary tract obstruction,meddra_code,MDR,10061574,Urinary tract obstruction,matched_exact
adr,urinary tract obstruction,urinary tract obstruction,icd_code,ICD10CM,N13.9,"Obstructive and reflux uropathy, unspecified",matched_words
adr,Gynaecomastia,Gynaecomastia,meddra_code,MDR,10018800,Gynaecomastia,matched_exact
adr,Gynaecomastia,Gynaecomastia,icd_code,ICD10,UNKNOWN,,not_found
adr,erection increased,erection increased,meddra_code,MDR,10015120,Erection increased,matched_exact
adr,erection increased,erection increased,icd_code,ICD10,UNKNOWN,,not_found
adr,testis disorder,testis disorder,meddra_code,MDR,10043361,Testis disorder,matched_exact
adr,testis disorder,testis disorder,icd_code,ICD10CM,N44,Noninflammatory disorders of testis,matched_words
adr,oligospermia,oligospermia,meddra_code,MDR,10030300,Oligospermia,matched_exact
adr,oligospermia,oligospermia,icd_code,ICD10CM,N46.1,Oligospermia,matched_exact
adr,benign prostatic hyperplasia,benign prostatic hyperplasia,meddra_code,MDR,10004446,Benign prostatic hyperplasia,matched_exact
adr,benign prostatic hyperplasia,benign prostatic hyperplasia,icd_code,ICD10CM,N40,Benign prostatic hyperplasia,matched_exact
adr,libido changes,libido changes,meddra_code,MDR,0,,not_found
adr,libido changes,libido changes,icd_code,ICD10,UNKNOWN,,not_found
adr,Asthenia,Asthenia,meddra_code,MDR,10003549,Asthenia,matched_exact
adr,Asthenia,Asthenia,icd_code,ICD10CM,R53.1,Weakness,matched_words
adr,malaise,malaise,meddra_code,MDR,10025482,Malaise,matched_exact
adr,malaise,malaise,icd_code,ICD10CM,R53.81,Other malaise,matched_words
adr,hypersensitivity reactions,hypersensitivity reactions,meddra_code,MDR,10020756,Hypersensitivity reaction,matched_words
adr,hypersensitivity reactions,hypersensitivity reactions,icd_code,ICD10CM,M36.4,Arthropathy in hypersensitivity reactions classified elsewhere,matched_words
adr,Weight increase,Weight increase,meddra_code,MDR,10047898,Weight increase,matched_exact
adr,Weight increase,Weight increase,icd_code,ICD10,UNKNOWN,,not_found
adr,elevated PSA,elevated PSA,meddra_code,MDR,10014484,Elevated prostate specific antigen [PSA],matched_words
adr,elevated PSA,elevated PSA,icd_code,ICD10CM,R97.20,Elevated prostate specific antigen [PSA],matched_words
adr,elevated haematocrit,elevated haematocrit,meddra_code,MDR,0,,not_found
adr,elevated haematocrit,elevated haematocrit,icd_code,ICD10,UNKNOWN,,not_found
adr,red blood cell count increased or elevated haemoglobin,red blood cell count increased or elevated haemoglobin,meddra_code,MDR,0,,not_found
adr,red blood cell count increased or elevated haemoglobin,red blood cell count increased or elevated haemoglobin,icd_code,ICD10,UNKNOWN,,not_found
adr,"Electrolyte changes (retention of sodium, chloride, potassium, calcium, inorganic phosphate and water)","Electrolyte changes (retention of sodium, chloride, potassium, calcium, inorganic phosphate and water)",meddra_code,MDR,0,,not_found
adr,"Electrolyte changes (retention of sodium, chloride, potassium, calcium, inorganic phosphate and water)","Electrolyte changes (retention of sodium, chloride, potassium, calcium, inorganic phosphate and water)",icd_code,ICD10,UNKNOWN,,not_found
adr,Jaundice and liver function test abnormalities,Jaundice and liver function test abnormalities,meddra_code,MDR,0,,not_found
adr,Jaundice and liver function test abnormalities,Jaundice and liver function test abnormalities,icd_code,ICD10,UNKNOWN,,not_found
adr,nasopharyngitis,nasopharyngitis,meddra_code,MDR,10028810,Nasopharyngitis,matched_exact
adr,nasopharyngitis,nasopharyngitis,icd_code,ICD10CM,J00,Acute nasopharyngitis [common cold],matched_words
adr,influenza,influenza,meddra_code,MDR,10022000,Influenza,matched_exact
adr,influenza,influenza,icd_code,ICD10CM,J11.1,Influenza due to unidentified influenza virus with other respiratory manifestations,matched_words
adr,hypersensitivity,hypersensitivity,meddra_code,MDR,10020751,Hypersensitivity,matched_exact
adr,hypersensitivity,hypersensitivity,icd_code,ICD10CM,T78.40,"Allergy, unspecified",matched_words
adr,headache,headache,meddra_code,MDR,10019211,Headache,matched_exact
adr,headache,headache,icd_code,ICD10CM,R51,Headache,matched_exact
adr,syncope,syncope,meddra_code,MDR,10042772,Syncope,matched_exact
adr,syncope,syncope,icd_code,ICD10CM,R55,Syncope and collapse,matched_words
adr,orthostatic hypotension,orthostatic hypotension,meddra_code,MDR,10031127,Orthostatic hypotension,matched_exact
adr,orthostatic hypotension,orthostatic hypotension,icd_code,ICD10CM,I95.1,Orthostatic hypotension,matched_exact
adr,oedema,oedema,meddra_code,MDR,10030095,Oedema,matched_exact
adr,oedema,oedema,icd_code,ICD10,R60.9,"Oedema, unspecified",matched_words
adr,pitting oedema,pitting oedema,meddra_code,MDR,10035076,Pitting oedema,matched_exact
adr,pitting oedema,pitting oedema,icd_code,ICD10,UNKNOWN,,not_found
adr,facial oedema,facial oedema,meddra_code,MDR,0,,not_found
adr,facial oedema,facial oedema,icd_code,ICD10,UNKNOWN,,not_found
adr,oedema peripheral,oedema peripheral,meddra_code,MDR,10030124,Oedema peripheral,matched_exact
adr,oedema peripheral,oedema peripheral,icd_code,ICD10,UNKNOWN,,not_found
adr,fatigue,fatigue,meddra_code,MDR,10016256,Fatigue,matched_exact
adr,fatigue,fatigue,icd_code,ICD10CM,R53.83,Other fatigue,matched_words
adr,flushing,flushing,meddra_code,MDR,10016825,Flushing,matched_exact
adr,flushing,flushing,icd_code,ICD10CM,R23.2,Flushing,matched_exact
adr,asthenia,asthenia,meddra_code,MDR,10003549,Asthenia,matched_exact
adr,asthenia,asthenia,icd_code,ICD10CM,R53.1,Weakness,matched_words
adr,hot flush,hot flush,meddra_code,MDR,10060800,Hot flush,matched_exact
adr,hot flush,hot flush,icd_code,ICD10,UNKNOWN,,not_found
adr,Haemoglobin and in haematocrit decreased,Haemoglobin and in haematocrit decreased,meddra_code,MDR,0,,not_found
adr,Haemoglobin and in haematocrit decreased,Haemoglobin and in haematocrit decreased,icd_code,ICD10,UNKNOWN,,not_found
adr,Leukopenia,Leukopenia,meddra_code,MDR,10024384,Leukopenia,matched_exact
adr,Leukopenia,Leukopenia,icd_code,ICD10CM,D72.819,"Decreased white blood cell count, unspecified",matched_exact
adr,Neutropenia,Neutropenia,meddra_code,MDR,10029354,Neutropenia,matched_exact
adr,Neutropenia,Neutropenia,icd_code,ICD10CM,D70,Neutropenia,matched_exact
adr,"Thrombocytopenia, sometimes with purpura","Thrombocytopenia, sometimes with purpura",meddra_code,MDR,0,,not_found
adr,"Thrombocytopenia, sometimes with purpura","Thrombocytopenia, sometimes with purpura",icd_code,ICD10,UNKNOWN,,not_found
adr,Hyperglycaemia,Hyperglycaemia,meddra_code,MDR,10020635,Hyperglycaemia,matched_exact
adr,Hyperglycaemia,Hyperglycaemia,icd_code,ICD10,R73.9,"Hyperglycaemia, unspecified",matched_words
adr,Hyponatraemia,Hyponatraemia,meddra_code,MDR,10021036,Hyponatraemia,matched_exact
adr,Hyponatraemia,Hyponatraemia,icd_code,ICD10,E87.1,Hypo-osmolality and hyponatraemia,matched_words
adr,Depression,Depression,meddra_code,MDR,10012378,Depression,matched_exact
adr,Depression,Depression,icd_code,ICD10CM,F31.9,"Bipolar disorder, unspecified",matched_words
adr,Anxiety,Anxiety,meddra_code,MDR,10002855,Anxiety,matched_exact
adr,Anxiety,Anxiety,icd_code,ICD10CM,F41.1,Generalized anxiety disorder,matched_words
adr,Insomnia / sleep disorders,Insomnia / sleep disorders,meddra_code,MDR,10040986,"Sleep disorder due to general medical condition, insomnia type",matched_words
adr,Insomnia / sleep disorders,Insomnia / sleep disorders,icd_code,ICD10,G47.0,Disorders of initiating and maintaining sleep [insomnias],matched_words
adr,Mood swings,Mood swings,meddra_code,MDR,10027951,Mood swings,matched_exact
adr,Mood swings,Mood swings,icd_code,ICD10,UNKNOWN,,not_found
adr,Confusion,Confusion,meddra_code,MDR,10010300,Confusion,matched_exact
adr,Confusion,Confusion,icd_code,ICD10CM,R41.0,"Disorientation, unspecified",matched_words
adr,Coordination abnormal,Coordination abnormal,meddra_code,MDR,10010947,Coordination abnormal,matched_exact
adr,Coordination abnormal,Coordination abnormal,icd_code,ICD10,UNKNOWN,,not_found
adr,Dizziness,Dizziness,meddra_code,MDR,10013573,Dizziness,matched_exact
adr,Dizziness,Dizziness,icd_code,ICD10CM,R42,Dizziness and giddiness,matched_words
adr,Dizziness postural,Dizziness postural,meddra_code,MDR,10013578,Dizziness postural,matched_exact
adr,Dizziness postural,Dizziness postural,icd_code,ICD10,UNKNOWN,,not_found
adr,Dysgeusia,Dysgeusia,meddra_code,MDR,10013911,Dysgeusia,matched_exact
adr,Dysgeusia,Dysgeusia,icd_code,ICD10,UNKNOWN,,not_found
adr,Extrapyramidal disorder,Extrapyramidal disorder,meddra_code,MDR,10015832,Extrapyramidal disorder,matched_exact
adr,Extrapyramidal disorder,Extrapyramidal disorder,icd_code,ICD10CM,G25.9,"Extrapyramidal and movement disorder, unspecified",matched_words
adr,Paraesthesia,Paraesthesia,meddra_code,MDR,10033775,Paraesthesia,matched_exact
adr,Paraesthesia,Paraesthesia,icd_code,ICD10,R20.2,Paraesthesia of skin,matched_words
adr,"Peripheral neuropathy, neuropathy","Peripheral neuropathy, neuropathy",meddra_code,MDR,10029331,Neuropathy peripheral,matched_words
adr,"Peripheral neuropathy, neuropathy","Peripheral neuropathy, neuropathy",icd_code,ICD10CM,G90.0,Idiopathic peripheral autonomic neuropathy,matched_words
adr,Somnolence,Somnolence,meddra_code,MDR,10041349,Somnolence,matched_exact
adr,Somnolence,Somnolence,icd_code,ICD10CM,R40.0,Somnolence,matched_exact
adr,Syncope,Syncope,meddra_code,MDR,10042772,Syncope,matched_exact
adr,Syncope,Syncope,icd_code,ICD10CM,R55,Syncope and collapse,matched_words
adr,Tremor,Tremor,meddra_code,MDR,10044565,Tremor,matched_exact
adr,Tremor,Tremor,icd_code,ICD10CM,R25.1,"Tremor, unspecified",matched_words
adr,Hypoesthesia,Hypoesthesia,meddra_code,MDR,10020976,Hypoesthesia,matched_exact
adr,Hypoesthesia,Hypoesthesia,icd_code,ICD10CM,R20.1,Hypoesthesia of skin,matched_words
adr,Visual disturbance,Visual disturbance,meddra_code,MDR,10047543,Visual disturbance,matched_exact
adr,Visual disturbance,Visual disturbance,icd_code,ICD10CM,H53.9,Unspecified visual disturbance,matched_words
adr,Visual impairment,Visual impairment,meddra_code,MDR,10047571,Visual impairment,matched_exact
adr,Visual impairment,Visual impairment,icd_code,ICD10CM,H54.7,Unspecified visual loss,matched_words
adr,Tinnitus,Tinnitus,meddra_code,MDR,10043882,Tinnitus,matched_exact
adr,Tinnitus,Tinnitus,icd_code,ICD10CM,H93.1,Tinnitus,matched_exact
adr,Vertigo,Vertigo,meddra_code,MDR,10047340,Vertigo,matched_exact
adr,Vertigo,Vertigo,icd_code,ICD10CM,H81.0,Ménière's disease,matched_words
adr,Palpitations,Palpitations,meddra_code,MDR,10033557,Palpitations,matched_exact
adr,Palpitations,Palpitations,icd_code,ICD10CM,R00.2,Palpitations,matched_exact
adr,Tachycardia,Tachycardia,meddra_code,MDR,10043071,Tachycardia,matched_exact
adr,Tachycardia,Tachycardia,icd_code,ICD10CM,R00.0,"Tachycardia, unspecified",matched_words
adr,"Arrhythmias (including bradycardia, ventricular tachycardia, and atrial fibrillation)","Arrhythmias (including bradycardia, ventricular tachycardia, and atrial fibrillation)",meddra_code,MDR,0,,not_found
adr,"Arrhythmias (including bradycardia, ventricular tachycardia, and atrial fibrillation)","Arrhythmias (including bradycardia, ventricular tachycardia, and atrial fibrillation)",icd_code,ICD10,UNKNOWN,,not_found
adr,Myocardial infarction,Myocardial infarction,meddra_code,MDR,10028596,Myocardial infarction,matched_exact
adr,Myocardial infarction,Myocardial infarction,icd_code,ICD10CM,I21,Acute myocardial infarction,matched_words
adr,Hypotension,Hypotension,meddra_code,MDR,10021097,Hypotension,matched_exact
adr,Hypotension,Hypotension,icd_code,ICD10CM,I95,Hypotension,matched_exact
adr,Vasculitis,Vasculitis,meddra_code,MDR,10047115,Vasculitis,matched_exact
adr,Vasculitis,Vasculitis,icd_code,ICD10CM,D69.0,Allergic purpura,matched_words
adr,Cough,Cough,meddra_code,MDR,10011224,Cough,matched_exact
adr,Cough,Cough,icd_code,ICD10CM,R05,Cough,matched_exact
adr,Dyspnoea,Dyspnoea,meddra_code,MDR,10013968,Dyspnoea,matched_exact
adr,Dyspnoea,Dyspnoea,icd_code,ICD10,R06.0,Dyspnoea,matched_exact
adr,Pharyngolaryngeal pain,Pharyngolaryngeal pain,meddra_code,MDR,10034844,Pharyngolaryngeal pain,matched_exact
adr,Pharyngolaryngeal pain,Pharyngolaryngeal pain,icd_code,ICD10,UNKNOWN,,not_found
adr,Rhinitis,Rhinitis,meddra_code,MDR,10039083,Rhinitis,matched_exact
adr,Rhinitis,Rhinitis,icd_code,ICD10CM,J00,Acute nasopharyngitis [common cold],matched_words
adr,"Abdominal discomfort, abdominal pain upper","Abdominal discomfort, abdominal pain upper",meddra_code,MDR,0,,not_found
adr,"Abdominal discomfort, abdominal pain upper","Abdominal discomfort, abdominal pain upper",icd_code,ICD10,UNKNOWN,,not_found
adr,Change of bowel habit,Change of bowel habit,meddra_code,MDR,10008399,Change of bowel habit,matched_exact
adr,Change of bowel habit,Change of bowel habit,icd_code,ICD10,UNKNOWN,,not_found
adr,Constipation,Constipation,meddra_code,MDR,10010774,Constipation,matched_exact
adr,Constipation,Constipation,icd_code,ICD10CM,K59.0,Constipation,matched_exact
adr,Diarrhoea,Diarrhoea,meddra_code,MDR,10012735,Diarrhoea,matched_exact
adr,Diarrhoea,Diarrhoea,icd_code,ICD10,K59.1,Functional diarrhoea,matched_words
adr,Dry mouth,Dry mouth,meddra_code,MDR,10013781,Dry mouth,matched_exact
adr,Dry mouth,Dry mouth,icd_code,ICD10CM,R68.2,"Dry mouth, unspecified",matched_words
adr,Dyspepsia,Dyspepsia,meddra_code,MDR,10013946,Dyspepsia,matched_exact
adr,Dyspepsia,Dyspepsia,icd_code,ICD10CM,R10.13,Epigastric pain,matched_exact
adr,Gastritis,Gastritis,meddra_code,MDR,10017853,Gastritis,matched_exact
adr,Gastritis,Gastritis,icd_code,ICD10CM,K29.7,"Gastritis, unspecified",matched_words
adr,Gingival hyperplasia,Gingival hyperplasia,meddra_code,MDR,10018283,Gingival hyperplasia,matched_exact
adr,Gingival hyperplasia,Gingival hyperplasia,icd_code,ICD10,UNKNOWN,,not_found
adr,Intestinal angioedema,Intestinal angioedema,meddra_code,MDR,10076229,Intestinal angioedema,matched_exact
adr,Intestinal angioedema,Intestinal angioedema,icd_code,ICD10,UNKNOWN,,not_found
adr,Nausea,Nausea,meddra_code,MDR,10028813,Nausea,matched_exact
adr,Nausea,Nausea,icd_code,ICD10CM,R11.0,Nausea,matched_exact
adr,Pancreatitis,Pancreatitis,meddra_code,MDR,10033645,Pancreatitis,matched_exact
adr,Pancreatitis,Pancreatitis,icd_code,ICD10CM,K85.9,"Acute pancreatitis, unspecified",matched_words
adr,Vomiting,Vomiting,meddra_code,MDR,10047700,Vomiting,matched_exact
adr,Vomiting,Vomiting,icd_code,ICD10CM,R11.1,Vomiting,matched_exact
adr,"Liver function test abnormal, including blood bilirubin increase","Liver function test abnormal, including blood bilirubin increase",meddra_code,MDR,0,,not_found
adr,"Liver function test abnormal, including blood bilirubin increase","Liver function test abnormal, including blood bilirubin increase",icd_code,ICD10,UNKNOWN,,not_found
adr,Hepatitis,Hepatitis,meddra_code,MDR,10019717,Hepatitis,matched_exact
adr,Hepatitis,Hepatitis,icd_code,ICD10CM,K75.9,"Inflammatory liver disease, unspecified",matched_words
adr,"Intrahepatic cholestasis, jaundice","Intrahepatic cholestasis, jaundice",meddra_code,MDR,0,,not_found
adr,"Intrahepatic cholestasis, jaundice","Intrahepatic cholestasis, jaundice",icd_code,ICD10,UNKNOWN,,not_found
adr,Alopecia,Alopecia,meddra_code,MDR,10001760,Alopecia,matched_exact
adr,Alopecia,Alopecia,icd_code,ICD10CM,L65.9,"Nonscarring hair loss, unspecified",matched_words
adr,Angioedema,Angioedema,meddra_code,MDR,10002424,Angioedema,matched_exact
adr,Angioedema,Angioedema,icd_code,ICD10CM,T78.3,Angioneurotic edema,matched_words
adr,Dermatitis bullous,Dermatitis bullous,meddra_code,MDR,10012441,Dermatitis bullous,matched_exact
adr,Dermatitis bullous,Dermatitis bullous,icd_code,ICD10,UNKNOWN,,not_found
adr,Erythema,Erythema,meddra_code,MDR,10015150,Erythema,matched_exact
adr,Erythema,Erythema,icd_code,ICD10CM,L53.9,"Erythematous condition, unspecified",matched_words
adr,Erythema multiforme,Erythema multiforme,meddra_code,MDR,10015218,Erythema multiforme,matched_exact
adr,Erythema multiforme,Erythema multiforme,icd_code,ICD10CM,L51,Erythema multiforme,matched_exact
adr,Exanthema,Exanthema,meddra_code,MDR,10015587,Exanthema,matched_exact
adr,Exanthema,Exanthema,icd_code,ICD10CM,B08.2,Exanthema subitum [sixth disease],matched_words
adr,Hyperhidrosis,Hyperhidrosis,meddra_code,MDR,10020642,Hyperhidrosis,matched_exact
adr,Hyperhidrosis,Hyperhidrosis,icd_code,ICD10CM,R61,Generalized hyperhidrosis,matched_words
adr,Photosensitivity reaction,Photosensitivity reaction,meddra_code,MDR,10034972,Photosensitivity reaction,matched_exact
adr,Photosensitivity reaction,Photosensitivity reaction,icd_code,ICD10,UNKNOWN,,not_found
adr,Pruritus,Pruritus,meddra_code,MDR,10037087,Pruritus,matched_exact
adr,Pruritus,Pruritus,icd_code,ICD10CM,L29,Pruritus,matched_exact
adr,Purpura,Purpura,meddra_code,MDR,10037549,Purpura,matched_exact
adr,Purpura,Purpura,icd_code,ICD10CM,D69.3,Immune thrombocytopenic purpura,matched_words
adr,Rash,Rash,meddra_code,MDR,10037844,Rash,matched_exact
adr,Rash,Rash,icd_code,ICD10CM,R21,Rash and other nonspecific skin eruption,matched_words
adr,Skin discolouration,Skin discolouration,meddra_code,MDR,10040829,Skin discolouration,matched_exact
adr,Skin discolouration,Skin discolouration,icd_code,ICD10,UNKNOWN,,not_found
adr,Urticaria and other forms of rash,Urticaria and other forms of rash,meddra_code,MDR,0,,not_found
adr,Urticaria and other forms of rash,Urticaria and other forms of rash,icd_code,ICD10,UNKNOWN,,not_found
adr,Exfoliative dermatitis,Exfoliative dermatitis,meddra_code,MDR,10015665,Exfoliative dermatitis,matched_exact
adr,Exfoliative dermatitis,Exfoliative dermatitis,icd_code,ICD10CM,L26,Exfoliative dermatitis,matched_exact
adr,Stevens-Johnson syndrome,Stevens-Johnson syndrome,meddra_code,MDR,10042033,Stevens-Johnson syndrome,matched_exact
adr,Stevens-Johnson syndrome,Stevens-Johnson syndrome,icd_code,ICD10CM,L51.1,Stevens-Johnson syndrome,matched_exact
adr,Quincke oedema,Quincke oedema,meddra_code,MDR,0,,not_found
adr,Quincke oedema,Quincke oedema,icd_code,ICD10,UNKNOWN,,not_found
adr,Toxic epidermal necrolysis,Toxic epidermal necrolysis,meddra_code,MDR,10044223,Toxic epidermal necrolysis,matched_exact
adr,Toxic epidermal necrolysis,Toxic epidermal necrolysis,icd_code,ICD10CM,L51.2,Toxic epidermal necrolysis [Lyell],matched_words
adr,Arthralgia,Arthralgia,meddra_code,MDR,10003239,Arthralgia,matched_exact
adr,Arthralgia,Arthralgia,icd_code,ICD10CM,M26.62,Arthralgia of temporomandibular joint,matched_words
adr,Back pain,Back pain,meddra_code,MDR,10003988,Back pain,matched_exact
adr,Back pain,Back pain,icd_code,ICD10CM,M54.9,"Dorsalgia, unspecified",matched_words
adr,Joint swelling,Joint swelling,meddra_code,MDR,10023232,Joint swelling,matched_exact
adr,Joint swelling,Joint swelling,icd_code,ICD10,UNKNOWN,,not_found
adr,Muscle spasm,Muscle spasm,meddra_code,MDR,10028333,Muscle spasm,matched_exact
adr,Muscle spasm,Muscle spasm,icd_code,ICD10CM,M62.83,Muscle spasm,matched_exact
adr,Myalgia,Myalgia,meddra_code,MDR,10028411,Myalgia,matched_exact
adr,Myalgia,Myalgia,icd_code,ICD10CM,M79.1,Myalgia,matched_exact
adr,Ankle swelling,Ankle swelling,meddra_code,MDR,10002553,Ankle swelling,matched_exact
adr,Ankle swelling,Ankle swelling,icd_code,ICD10,UNKNOWN,,not_found
adr,Sensation of heaviness,Sensation of heaviness,meddra_code,MDR,10040000,Sensation of heaviness,matched_exact
adr,Sensation of heaviness,Sensation of heaviness,icd_code,ICD10,UNKNOWN,,not_found
adr,Blood creatinine increased,Blood creatinine increased,meddra_code,MDR,10005483,Blood creatinine increased,matched_exact
adr,Blood creatinine increased,Blood creatinine increased,icd_code,ICD10,UNKNOWN,,not_found
adr,Micturition disorder,Micturition disorder,meddra_code,MDR,10027561,Micturition disorder,matched_exact
adr,Micturition disorder,Micturition disorder,icd_code,ICD10,UNKNOWN,,not_found
adr,Nocturia,Nocturia,meddra_code,MDR,10029446,Nocturia,matched_exact
adr,Nocturia,Nocturia,icd_code,ICD10CM,R35.1,Nocturia,matched_exact
adr,Pollakiuria,Pollakiuria,meddra_code,MDR,10036018,Pollakiuria,matched_exact
adr,Pollakiuria,Pollakiuria,icd_code,ICD10,UNKNOWN,,not_found
adr,Polyuria,Polyuria,meddra_code,MDR,10036142,Polyuria,matched_exact
adr,Polyuria,Polyuria,icd_code,ICD10CM,R35,Polyuria,matched_exact
adr,Renal failure and impairment,Renal failure and impairment,meddra_code,MDR,10038443,Renal failure and impairment,matched_exact
adr,Renal failure and impairment,Renal failure and impairment,icd_code,ICD10,UNKNOWN,,not_found
adr,Impotence,Impotence,meddra_code,MDR,10021550,Impotence,matched_exact
adr,Impotence,Impotence,icd_code,ICD10CM,N52.9,"Male erectile dysfunction, unspecified",matched_words
adr,Erectile dysfunction,Erectile dysfunction,meddra_code,MDR,10061461,Erectile dysfunction,matched_exact
adr,Erectile dysfunction,Erectile dysfunction,icd_code,ICD10CM,N52,Male erectile dysfunction,matched_words
adr,Gynaecomastia,Gynaecomastia,meddra_code,MDR,10018800,Gynaecomastia,matched_exact
adr,Gynaecomastia,Gynaecomastia,icd_code,ICD10,UNKNOWN,,not_found
adr,Asthenia,Asthenia,meddra_code,MDR,10003549,Asthenia,matched_exact
adr,Asthenia,Asthenia,icd_code,ICD10CM,R53.1,Weakness,matched_words
adr,"Discomfort, malaise","Discomfort, malaise",meddra_code,MDR,0,,not_found
adr,"Discomfort, malaise","Discomfort, malaise",icd_code,ICD10,UNKNOWN,,not_found
adr,Non cardiac chest pain,Non cardiac chest pain,meddra_code,MDR,10062501,Non-cardiac chest pain,matched_words
adr,Non cardiac chest pain,Non cardiac chest pain,icd_code,ICD10,UNKNOWN,,not_found
adr,Pain,Pain,meddra_code,MDR,10033371,Pain,matched_exact
adr,Pain,Pain,icd_code,ICD10CM,R52,"Pain, unspecified",matched_words
adr,Blood potassium increased,Blood potassium increased,meddra_code,MDR,10005725,Blood potassium increased,matched_exact
adr,Blood potassium increased,Blood potassium increased,icd_code,ICD10,UNKNOWN,,not_found
adr,Weight increase,Weight increase,meddra_code,MDR,10047898,Weight increase,matched_exact
adr,Weight increase,Weight increase,icd_code,ICD10,UNKNOWN,,not_found
adr,Weight decrease,Weight decrease,meddra_code,MDR,10047893,Weight decrease,matched_exact
adr,Weight decrease,Weight decrease,icd_code,ICD10CM,D68.020,"Von Willebrand disease, type 2A",matched_words
adr,headache,headache,meddra_code,MDR,10019211,Headache,matched_exact
adr,headache,headache,icd_code,ICD10CM,R51,Headache,matched_exact
adr,abdominal pain,abdominal pain,meddra_code,MDR,10000081,Abdominal pain,matched_exact
adr,abdominal pain,abdominal pain,icd_code,ICD10CM,R10.9,Unspecified abdominal pain,matched_words
adr,upper respiratory infection,upper respiratory infection,meddra_code,MDR,10046300,Upper respiratory infection,matched_exact
adr,upper respiratory infection,upper respiratory infection,icd_code,ICD10CM,J06.9,"Acute upper respiratory infection, unspecified",matched_words
adr,increased bleeding tendency,increased bleeding tendency,meddra_code,MDR,0,,not_found
adr,increased bleeding tendency,increased bleeding tendency,icd_code,ICD10,UNKNOWN,,not_found
adr,thrombocytopenia,thrombocytopenia,meddra_code,MDR,10043554,Thrombocytopenia,matched_exact
adr,thrombocytopenia,thrombocytopenia,icd_code,ICD10CM,D69.6,"Thrombocytopenia, unspecified",matched_words
adr,hypersensitivity reactions including anaphylaxis,hypersensitivity reactions including anaphylaxis,meddra_code,MDR,0,,not_found
adr,hypersensitivity reactions including anaphylaxis,hypersensitivity reactions including anaphylaxis,icd_code,ICD10,UNKNOWN,,not_found
adr,hepatic eosinophilic infiltration,hepatic eosinophilic infiltration,meddra_code,MDR,10064668,Hepatic infiltration eosinophilic,matched_words
adr,hepatic eosinophilic infiltration,hepatic eosinophilic infiltration,icd_code,ICD10,UNKNOWN,,not_found
adr,dream abnormalities including nightmares,dream abnormalities including nightmares,meddra_code,MDR,0,,not_found
adr,dream abnormalities including nightmares,dream abnormalities including nightmares,icd_code,ICD10,UNKNOWN,,not_found
adr,insomnia,insomnia,meddra_code,MDR,10022437,Insomnia,matched_exact
adr,insomnia,insomnia,icd_code,ICD10CM,G47.0,Insomnia,matched_exact
adr,somnambulism,somnambulism,meddra_code,MDR,10041347,Somnambulism,matched_exact
adr,somnambulism,somnambulism,icd_code,ICD10CM,F51.3,Sleepwalking [somnambulism],matched_words
adr,anxiety,anxiety,meddra_code,MDR,10002855,Anxiety,matched_exact
adr,anxiety,anxiety,icd_code,ICD10CM,F41.1,Generalized anxiety disorder,matched_words
adr,agitation including aggressive behaviour or hostility,agitation including aggressive behaviour or hostility,meddra_code,MDR,0,,not_found
adr,agitation including aggressive behaviour or hostility,agitation including aggressive behaviour or hostility,icd_code,ICD10,UNKNOWN,,not_found
adr,depression,depression,meddra_code,MDR,10012378,Depression,matched_exact
adr,depression,depression,icd_code,ICD10CM,F31.9,"Bipolar disorder, unspecified",matched_words
adr,"psychomotor hyperactivity (including irritability, restlessness, tremor","psychomotor hyperactivity (including irritability, restlessness, tremor",meddra_code,MDR,0,,not_found
adr,"psychomotor hyperactivity (including irritability, restlessness, tremor","psychomotor hyperactivity (including irritability, restlessness, tremor",icd_code,ICD10,UNKNOWN,,not_found
adr,disturbance in attention,disturbance in attention,meddra_code,MDR,10013496,Disturbance in attention,matched_exact
adr,disturbance in attention,disturbance in attention,icd_code,ICD10,UNKNOWN,,not_found
adr,memory impairment,memory impairment,meddra_code,MDR,10027175,Memory impairment,matched_exact
adr,memory impairment,memory impairment,icd_code,ICD10,UNKNOWN,,not_found
adr,tic,tic,meddra_code,MDR,10043833,Tic,matched_exact
adr,tic,tic,icd_code,ICD10CM,G50.0,Trigeminal neuralgia,matched_words
adr,hallucinations,hallucinations,meddra_code,MDR,10019077,Hallucinations,matched_exact
adr,hallucinations,hallucinations,icd_code,ICD10CM,R44.3,"Hallucinations, unspecified",matched_words
adr,disorientation,disorientation,meddra_code,MDR,10013395,Disorientation,matched_exact
adr,disorientation,disorientation,icd_code,ICD10CM,R41.0,"Disorientation, unspecified",matched_words
adr,suicidal thinking and behaviour (suicidality),suicidal thinking and behaviour (suicidality),meddra_code,MDR,0,,not_found
adr,suicidal thinking and behaviour (suicidality),suicidal thinking and behaviour (suicidality),icd_code,ICD10,UNKNOWN,,not_found
adr,obsessive-compulsive symptoms,obsessive-compulsive symptoms,meddra_code,MDR,10068758,Obsessive-compulsive disorders and symptoms,matched_words
adr,obsessive-compulsive symptoms,obsessive-compulsive symptoms,icd_code,ICD10,UNKNOWN,,not_found
adr,dysphemia,dysphemia,meddra_code,MDR,10054964,Dysphemia,matched_exact
adr,dysphemia,dysphemia,icd_code,ICD10,UNKNOWN,,not_found
adr,dizziness,dizziness,meddra_code,MDR,10013573,Dizziness,matched_exact
adr,dizziness,dizziness,icd_code,ICD10CM,R42,Dizziness and giddiness,matched_words
adr,drowsiness,drowsiness,meddra_code,MDR,10013649,Drowsiness,matched_exact
adr,drowsiness,drowsiness,icd_code,ICD10CM,R40.0,Somnolence,matched_exact
adr,paraesthesia/hypoesthesia,paraesthesia/hypoesthesia,meddra_code,MDR,0,,not_found
adr,paraesthesia/hypoesthesia,paraesthesia/hypoesthesia,icd_code,ICD10,UNKNOWN,,not_found
adr,seizure,seizure,meddra_code,MDR,10039906,Seizure,matched_exact
adr,seizure,seizure,icd_code,ICD10CM,G40.909,"Epilepsy, unspecified, not intractable, without status epilepticus",matched_words
adr,palpitations,palpitations,meddra_code,MDR,10033557,Palpitations,matched_exact
adr,palpitations,palpitations,icd_code,ICD10CM,R00.2,Palpitations,matched_exact
adr,epistaxis,epistaxis,meddra_code,MDR,10015090,Epistaxis,matched_exact
adr,epistaxis,epistaxis,icd_code,ICD10CM,R04.0,Epistaxis,matched_exact
adr,Churg-Strauss Syndrome (CSS),Churg-Strauss Syndrome (CSS),meddra_code,MDR,0,,not_found
adr,Churg-Strauss Syndrome (CSS),Churg-Strauss Syndrome (CSS),icd_code,ICD10,UNKNOWN,,not_found
adr,pulmonary eosinophilia,pulmonary eosinophilia,meddra_code,MDR,10037382,Pulmonary eosinophilia,matched_exact
adr,pulmonary eosinophilia,pulmonary eosinophilia,icd_code,ICD10CM,J82.89,"Other pulmonary eosinophilia, not elsewhere classified",matched_words
adr,diarrhoea,diarrhoea,meddra_code,MDR,10012735,Diarrhoea,matched_exact
adr,diarrhoea,diarrhoea,icd_code,ICD10,K59.1,Functional diarrhoea,matched_words
adr,nausea,nausea,meddra_code,MDR,10028813,Nausea,matched_exact
adr,nausea,nausea,icd_code,ICD10CM,R11.0,Nausea,matched_exact
adr,vomiting,vomiting,meddra_code,MDR,10047700,Vomiting,matched_exact
adr,vomiting,vomiting,icd_code,ICD10CM,R11.1,Vomiting,matched_exact
adr,dry mouth,dry mouth,meddra_code,MDR,10013781,Dry mouth,matched_exact
adr,dry mouth,dry mouth,icd_code,ICD10CM,R68.2,"Dry mouth, unspecified",matched_words
adr,dyspepsia,dyspepsia,meddra_code,MDR,10013946,Dyspepsia,matched_exact
adr,dyspepsia,dyspepsia,icd_code,ICD10CM,R10.13,Epigastric pain,matched_exact
adr,"elevated levels of serum transaminases (ALT, AST)","elevated levels of serum transaminases (ALT, AST)",meddra_code,MDR,0,,not_found
adr,"elevated levels of serum transaminases (ALT, AST)","elevated levels of serum transaminases (ALT, AST)",icd_code,ICD10,UNKNOWN,,not_found
adr,"hepatitis (including cholestatic, hepatocellular and mixed-pattern liver injury)","hepatitis (including cholestatic, hepatocellular and mixed-pattern liver injury)",meddra_code,MDR,0,,not_found
adr,"hepatitis (including cholestatic, hepatocellular and mixed-pattern liver injury)","hepatitis (including cholestatic, hepatocellular and mixed-pattern liver injury)",icd_code,ICD10,UNKNOWN,,not_found
adr,rash,rash,meddra_code,MDR,10037844,Rash,matched_exact
adr,rash,rash,icd_code,ICD10CM,R21,Rash and other nonspecific skin eruption,matched_words
adr,bruising,bruising,meddra_code,MDR,10006504,Bruising,matched_exact
adr,bruising,bruising,icd_code,ICD10CM,P12.3,Bruising of scalp due to birth injury,matched_words
adr,urticaria,urticaria,meddra_code,MDR,10046735,Urticaria,matched_exact
adr,urticaria,urticaria,icd_code,ICD10CM,L50,Urticaria,matched_exact
adr,pruritus,pruritus,meddra_code,MDR,10037087,Pruritus,matched_exact
adr,pruritus,pruritus,icd_code,ICD10CM,L29,Pruritus,matched_exact
adr,angiooedema,angiooedema,meddra_code,MDR,0,,not_found
adr,angiooedema,angiooedema,icd_code,ICD10,UNKNOWN,,not_found
adr,erythema nodosum,erythema nodosum,meddra_code,MDR,10015226,Erythema nodosum,matched_exact
adr,erythema nodosum,erythema nodosum,icd_code,ICD10CM,L52,Erythema nodosum,matched_exact
adr,erythema multiforme,erythema multiforme,meddra_code,MDR,10015218,Erythema multiforme,matched_exact
adr,erythema multiforme,erythema multiforme,icd_code,ICD10CM,L51,Erythema multiforme,matched_exact
adr,arthralgia,arthralgia,meddra_code,MDR,10003239,Arthralgia,matched_exact
adr,arthralgia,arthralgia,icd_code,ICD10CM,M26.62,Arthralgia of temporomandibular joint,matched_words
adr,myalgia,myalgia,meddra_code,MDR,10028411,Myalgia,matched_exact
adr,myalgia,myalgia,icd_code,ICD10CM,M79.1,Myalgia,matched_exact
adr,muscular cramps,muscular cramps,meddra_code,MDR,0,,not_found
adr,muscular cramps,muscular cramps,icd_code,ICD10,UNKNOWN,,not_found
adr,enuresis,enuresis,meddra_code,MDR,10014928,Enuresis,matched_exact
adr,enuresis,enuresis,icd_code,ICD10CM,R32,Unspecified urinary incontinence,matched_words
adr,pyrexia,pyrexia,meddra_code,MDR,10037660,Pyrexia,matched_exact
adr,pyrexia,pyrexia,icd_code,ICD10CM,R50.9,"Fever, unspecified",matched_words
adr,asthenia/fatigue,asthenia/fatigue,meddra_code,MDR,0,,not_found
adr,asthenia/fatigue,asthenia/fatigue,icd_code,ICD10,UNKNOWN,,not_found
adr,malaise,malaise,meddra_code,MDR,10025482,Malaise,matched_exact
adr,malaise,malaise,icd_code,ICD10CM,R53.81,Other malaise,matched_words
adr,oedema,oedema,meddra_code,MDR,10030095,Oedema,matched_exact
adr,oedema,oedema,icd_code,ICD10,R60.9,"Oedema, unspecified",matched_words
adr,Hypersensitivity,Hypersensitivity,meddra_code,MDR,10020751,Hypersensitivity,matched_exact
adr,Hypersensitivity,Hypersensitivity,icd_code,ICD10CM,T78.40,"Allergy, unspecified",matched_words
adr,Headache,Headache,meddra_code,MDR,10019211,Headache,matched_exact
adr,Headache,Headache,icd_code,ICD10CM,R51,Headache,matched_exact
adr,Dizziness,Dizziness,meddra_code,MDR,10013573,Dizziness,matched_exact
adr,Dizziness,Dizziness,icd_code,ICD10CM,R42,Dizziness and giddiness,matched_words
adr,Somnolence,Somnolence,meddra_code,MDR,10041349,Somnolence,matched_exact
adr,Somnolence,Somnolence,icd_code,ICD10CM,R40.0,Somnolence,matched_exact
adr,Syncope,Syncope,meddra_code,MDR,10042772,Syncope,matched_exact
adr,Syncope,Syncope,icd_code,ICD10CM,R55,Syncope and collapse,matched_words
adr,Tachycardia,Tachycardia,meddra_code,MDR,10043071,Tachycardia,matched_exact
adr,Tachycardia,Tachycardia,icd_code,ICD10CM,R00.0,"Tachycardia, unspecified",matched_words
adr,Palpitations,Palpitations,meddra_code,MDR,10033557,Palpitations,matched_exact
adr,Palpitations,Palpitations,icd_code,ICD10CM,R00.2,Palpitations,matched_exact
adr,Angina pectoris,Angina pectoris,meddra_code,MDR,10002383,Angina pectoris,matched_exact
adr,Angina pectoris,Angina pectoris,icd_code,ICD10CM,I20,Angina pectoris,matched_exact
adr,Flushing,Flushing,meddra_code,MDR,10016825,Flushing,matched_exact
adr,Flushing,Flushing,icd_code,ICD10CM,R23.2,Flushing,matched_exact
adr,Hypotension,Hypotension,meddra_code,MDR,10021097,Hypotension,matched_exact
adr,Hypotension,Hypotension,icd_code,ICD10CM,I95,Hypotension,matched_exact
adr,Dyspepsia,Dyspepsia,meddra_code,MDR,10013946,Dyspepsia,matched_exact
adr,Dyspepsia,Dyspepsia,icd_code,ICD10CM,R10.13,Epigastric pain,matched_exact
adr,Nausea,Nausea,meddra_code,MDR,10028813,Nausea,matched_exact
adr,Nausea,Nausea,icd_code,ICD10CM,R11.0,Nausea,matched_exact
adr,Abdominal pain upper,Abdominal pain upper,meddra_code,MDR,10000087,Abdominal pain upper,matched_exact
adr,Abdominal pain upper,Abdominal pain upper,icd_code,ICD10CM,R10.10,"Upper abdominal pain, unspecified",matched_words
adr,Vomiting,Vomiting,meddra_code,MDR,10047700,Vomiting,matched_exact
adr,Vomiting,Vomiting,icd_code,ICD10CM,R11.1,Vomiting,matched_exact
adr,Diarrhoea,Diarrhoea,meddra_code,MDR,10012735,Diarrhoea,matched_exact
adr,Diarrhoea,Diarrhoea,icd_code,ICD10,K59.1,Functional diarrhoea,matched_words
adr,Gingival hypertrophy,Gingival hypertrophy,meddra_code,MDR,10018284,Gingival hypertrophy,matched_exact
adr,Gingival hypertrophy,Gingival hypertrophy,icd_code,ICD10,UNKNOWN,,not_found
adr,Peritoneal cloudy effluent,Peritoneal cloudy effluent,meddra_code,MDR,10067011,Peritoneal cloudy effluent,matched_exact
adr,Peritoneal cloudy effluent,Peritoneal cloudy effluent,icd_code,ICD10CM,R88.0,Cloudy (hemodialysis) (peritoneal) dialysis effluent,matched_words
adr,Serum transaminase increased,Serum transaminase increased,meddra_code,MDR,10040421,Serum transaminase increased,matched_exact
adr,Serum transaminase increased,Serum transaminase increased,icd_code,ICD10,UNKNOWN,,not_found
adr,Rash,Rash,meddra_code,MDR,10037844,Rash,matched_exact
adr,Rash,Rash,icd_code,ICD10CM,R21,Rash and other nonspecific skin eruption,matched_words
adr,Pruritus,Pruritus,meddra_code,MDR,10037087,Pruritus,matched_exact
adr,Pruritus,Pruritus,icd_code,ICD10CM,L29,Pruritus,matched_exact
adr,Urticaria,Urticaria,meddra_code,MDR,10046735,Urticaria,matched_exact
adr,Urticaria,Urticaria,icd_code,ICD10CM,L50,Urticaria,matched_exact
adr,Angioedema,Angioedema,meddra_code,MDR,10002424,Angioedema,matched_exact
adr,Angioedema,Angioedema,icd_code,ICD10CM,T78.3,Angioneurotic edema,matched_words
adr,Myalgia,Myalgia,meddra_code,MDR,10028411,Myalgia,matched_exact
adr,Myalgia,Myalgia,icd_code,ICD10CM,M79.1,Myalgia,matched_exact
adr,Polyuria,Polyuria,meddra_code,MDR,10036142,Polyuria,matched_exact
adr,Polyuria,Polyuria,icd_code,ICD10CM,R35,Polyuria,matched_exact
adr,Pollakiuria,Pollakiuria,meddra_code,MDR,10036018,Pollakiuria,matched_exact
adr,Pollakiuria,Pollakiuria,icd_code,ICD10,UNKNOWN,,not_found
adr,Oedema peripheral,Oedema peripheral,meddra_code,MDR,10030124,Oedema peripheral,matched_exact
adr,Oedema peripheral,Oedema peripheral,icd_code,ICD10,UNKNOWN,,not_found
adr,Asthenia,Asthenia,meddra_code,MDR,10003549,Asthenia,matched_exact
adr,Asthenia,Asthenia,icd_code,ICD10CM,R53.1,Weakness,matched_words
adr,Fatigue,Fatigue,meddra_code,MDR,10016256,Fatigue,matched_exact
adr,Fatigue,Fatigue,icd_code,ICD10CM,R53.83,Other fatigue,matched_words
adr,Chest pain,Chest pain,meddra_code,MDR,10008479,Chest pain,matched_exact
adr,Chest pain,Chest pain,icd_code,ICD10CM,I20.9,"Angina pectoris, unspecified",matched_words
adr,Myocardial infarction,Myocardial infarction,meddra_code,MDR,10028596,Myocardial infarction,matched_exact
adr,Myocardial infarction,Myocardial infarction,icd_code,ICD10CM,I21,Acute myocardial infarction,matched_words
adr,Dry mouth,Dry mouth,meddra_code,MDR,10013781,Dry mouth,matched_exact
adr,Dry mouth,Dry mouth,icd_code,ICD10CM,R68.2,"Dry mouth, unspecified",matched_words
adr,Constipation,Constipation,meddra_code,MDR,10010774,Constipation,matched_exact
adr,Constipation,Constipation,icd_code,ICD10CM,K59.0,Constipation,matched_exact
adr,Dyspepsia,Dyspepsia,meddra_code,MDR,10013946,Dyspepsia,matched_exact
adr,Dyspepsia,Dyspepsia,icd_code,ICD10CM,R10.13,Epigastric pain,matched_exact
adr,Dizziness,Dizziness,meddra_code,MDR,10013573,Dizziness,matched_exact
adr,Dizziness,Dizziness,icd_code,ICD10CM,R42,Dizziness and giddiness,matched_words
adr,Vision blurred,Vision blurred,meddra_code,MDR,10047513,Vision blurred,matched_exact
adr,Vision blurred,Vision blurred,icd_code,ICD10,UNKNOWN,,not_found
adr,Fatigue,Fatigue,meddra_code,MDR,10016256,Fatigue,matched_exact
adr,Fatigue,Fatigue,icd_code,ICD10CM,R53.83,Other fatigue,matched_words
adr,Ejaculation disorders including retrograde ejaculation and ejaculation failure,Ejaculation disorders including retrograde ejaculation and ejaculation failure,meddra_code,MDR,0,,not_found
adr,Ejaculation disorders including retrograde ejaculation and ejaculation failure,Ejaculation disorders including retrograde ejaculation and ejaculation failure,icd_code,ICD10,UNKNOWN,,not_found
adr,Acute urinary retention,Acute urinary retention,meddra_code,MDR,0,,not_found
adr,Acute urinary retention,Acute urinary retention,icd_code,ICD10,UNKNOWN,,not_found
adr,Urinary tract infection,Urinary tract infection,meddra_code,MDR,10046571,Urinary tract infection,matched_exact
adr,Urinary tract infection,Urinary tract infection,icd_code,ICD10CM,N39.0,"Urinary tract infection, site not specified",matched_words
adr,Cystitis,Cystitis,meddra_code,MDR,10011781,Cystitis,matched_exact
adr,Cystitis,Cystitis,icd_code,ICD10CM,N30,Cystitis,matched_exact
adr,Anaphylactic reaction,Anaphylactic reaction,meddra_code,MDR,10002198,Anaphylactic reaction,matched_exact
adr,Anaphylactic reaction,Anaphylactic reaction,icd_code,ICD10CM,T78.2,"Anaphylactic shock, unspecified",matched_exact
adr,Decreased appetite,Decreased appetite,meddra_code,MDR,10061428,Decreased appetite,matched_exact
adr,Decreased appetite,Decreased appetite,icd_code,ICD10,UNKNOWN,,not_found
adr,Hyperkalaemia,Hyperkalaemia,meddra_code,MDR,10020646,Hyperkalaemia,matched_exact
adr,Hyperkalaemia,Hyperkalaemia,icd_code,ICD10,E87.5,Hyperkalaemia,matched_exact
adr,Hallucination,Hallucination,meddra_code,MDR,10019063,Hallucination,matched_exact
adr,Hallucination,Hallucination,icd_code,ICD10CM,R44.3,"Hallucinations, unspecified",matched_words
adr,Confusional state,Confusional state,meddra_code,MDR,10010305,Confusional state,matched_exact
adr,Confusional state,Confusional state,icd_code,ICD10CM,F05,Delirium due to known physiological condition,matched_words
adr,Delirium,Delirium,meddra_code,MDR,10012218,Delirium,matched_exact
adr,Delirium,Delirium,icd_code,ICD10CM,R41.0,"Disorientation, unspecified",matched_words
adr,Somnolence,Somnolence,meddra_code,MDR,10041349,Somnolence,matched_exact
adr,Somnolence,Somnolence,icd_code,ICD10CM,R40.0,Somnolence,matched_exact
adr,Dysgeusia,Dysgeusia,meddra_code,MDR,10013911,Dysgeusia,matched_exact
adr,Dysgeusia,Dysgeusia,icd_code,ICD10,UNKNOWN,,not_found
adr,Headache,Headache,meddra_code,MDR,10019211,Headache,matched_exact
adr,Headache,Headache,icd_code,ICD10CM,R51,Headache,matched_exact
adr,Syncope,Syncope,meddra_code,MDR,10042772,Syncope,matched_exact
adr,Syncope,Syncope,icd_code,ICD10CM,R55,Syncope and collapse,matched_words
adr,Intraoperative Floppy Iris Syndrome (IFIS),Intraoperative Floppy Iris Syndrome (IFIS),meddra_code,MDR,0,,not_found
adr,Intraoperative Floppy Iris Syndrome (IFIS),Intraoperative Floppy Iris Syndrome (IFIS),icd_code,ICD10CM,H21.81,Floppy iris syndrome,matched_exact
adr,Dry eyes,Dry eyes,meddra_code,MDR,10013778,Dry eyes,matched_exact
adr,Dry eyes,Dry eyes,icd_code,ICD10,UNKNOWN,,not_found
adr,Glaucoma,Glaucoma,meddra_code,MDR,10018304,Glaucoma,matched_exact
adr,Glaucoma,Glaucoma,icd_code,ICD10CM,H40,Glaucoma,matched_exact
adr,Visual impairment,Visual impairment,meddra_code,MDR,10047571,Visual impairment,matched_exact
adr,Visual impairment,Visual impairment,icd_code,ICD10CM,H54.7,Unspecified visual loss,matched_words
adr,Palpitations,Palpitations,meddra_code,MDR,10033557,Palpitations,matched_exact
adr,Palpitations,Palpitations,icd_code,ICD10CM,R00.2,Palpitations,matched_exact
adr,Torsade de Pointes,Torsade de Pointes,meddra_code,MDR,10044066,Torsade de pointes,matched_exact
adr,Torsade de Pointes,Torsade de Pointes,icd_code,ICD10CM,I47.21,Torsades de pointes,matched_words
adr,Electrocardiogram QT prolongation,Electrocardiogram QT prolongation,meddra_code,MDR,10014387,Electrocardiogram QT prolonged,matched_words
adr,Electrocardiogram QT prolongation,Electrocardiogram QT prolongation,icd_code,ICD10,UNKNOWN,,not_found
adr,Atrial fibrillation,Atrial fibrillation,meddra_code,MDR,10003658,Atrial fibrillation,matched_exact
adr,Atrial fibrillation,Atrial fibrillation,icd_code,ICD10CM,I48.0,Paroxysmal atrial fibrillation,matched_words
adr,Arrhythmia,Arrhythmia,meddra_code,MDR,10003119,Arrhythmia,matched_exact
adr,Arrhythmia,Arrhythmia,icd_code,ICD10CM,I49.9,"Cardiac arrhythmia, unspecified",matched_words
adr,Tachycardia,Tachycardia,meddra_code,MDR,10043071,Tachycardia,matched_exact
adr,Tachycardia,Tachycardia,icd_code,ICD10CM,R00.0,"Tachycardia, unspecified",matched_words
adr,Orthostatic hypotension,Orthostatic hypotension,meddra_code,MDR,10031127,Orthostatic hypotension,matched_exact
adr,Orthostatic hypotension,Orthostatic hypotension,icd_code,ICD10CM,I95.1,Orthostatic hypotension,matched_exact
adr,Rhinitis,Rhinitis,meddra_code,MDR,10039083,Rhinitis,matched_exact
adr,Rhinitis,Rhinitis,icd_code,ICD10CM,J00,Acute nasopharyngitis [common cold],matched_words
adr,Nasal dryness,Nasal dryness,meddra_code,MDR,10028740,Nasal dryness,matched_exact
adr,Nasal dryness,Nasal dryness,icd_code,ICD10,UNKNOWN,,not_found
adr,Dyspnoea,Dyspnoea,meddra_code,MDR,10013968,Dyspnoea,matched_exact
adr,Dyspnoea,Dyspnoea,icd_code,ICD10,R06.0,Dyspnoea,matched_exact
adr,Dysphonia,Dysphonia,meddra_code,MDR,10013952,Dysphonia,matched_exact
adr,Dysphonia,Dysphonia,icd_code,ICD10CM,R49.0,Dysphonia,matched_exact
adr,Epistaxis,Epistaxis,meddra_code,MDR,10015090,Epistaxis,matched_exact
adr,Epistaxis,Epistaxis,icd_code,ICD10CM,R04.0,Epistaxis,matched_exact
adr,Dry throat,Dry throat,meddra_code,MDR,10013789,Dry throat,matched_exact
adr,Dry throat,Dry throat,icd_code,ICD10,UNKNOWN,,not_found
adr,Vomiting,Vomiting,meddra_code,MDR,10047700,Vomiting,matched_exact
adr,Vomiting,Vomiting,icd_code,ICD10CM,R11.1,Vomiting,matched_exact
adr,Colonic obstruction,Colonic obstruction,meddra_code,MDR,10010000,Colonic obstruction,matched_exact
adr,Colonic obstruction,Colonic obstruction,icd_code,ICD10CM,K59.81,Ogilvie syndrome,matched_words
adr,Faecal impaction,Faecal impaction,meddra_code,MDR,10016087,Faecal impaction,matched_exact
adr,Faecal impaction,Faecal impaction,icd_code,ICD10,UNKNOWN,,not_found
adr,Ileus,Ileus,meddra_code,MDR,10021328,Ileus,matched_exact
adr,Ileus,Ileus,icd_code,ICD10CM,K56.0,Paralytic ileus,matched_words
adr,Abdominal discomfort,Abdominal discomfort,meddra_code,MDR,10000059,Abdominal discomfort,matched_exact
adr,Abdominal discomfort,Abdominal discomfort,icd_code,ICD10,UNKNOWN,,not_found
adr,Liver disorder,Liver disorder,meddra_code,MDR,10024670,Liver disorder,matched_exact
adr,Liver disorder,Liver disorder,icd_code,ICD10CM,K71.8,Toxic liver disease with other disorders of liver,matched_words
adr,Liver function test abnormal,Liver function test abnormal,meddra_code,MDR,10024690,Liver function test abnormal,matched_exact
adr,Liver function test abnormal,Liver function test abnormal,icd_code,ICD10,UNKNOWN,,not_found
adr,Pruritus,Pruritus,meddra_code,MDR,10037087,Pruritus,matched_exact
adr,Pruritus,Pruritus,icd_code,ICD10CM,L29,Pruritus,matched_exact
adr,Dry skin,Dry skin,meddra_code,MDR,10013786,Dry skin,matched_exact
adr,Dry skin,Dry skin,icd_code,ICD10CM,L85.3,Xerosis cutis,matched_words
adr,Rash,Rash,meddra_code,MDR,10037844,Rash,matched_exact
adr,Rash,Rash,icd_code,ICD10CM,R21,Rash and other nonspecific skin eruption,matched_words
adr,Urticaria,Urticaria,meddra_code,MDR,10046735,Urticaria,matched_exact
adr,Urticaria,Urticaria,icd_code,ICD10CM,L50,Urticaria,matched_exact
adr,Angioedema,Angioedema,meddra_code,MDR,10002424,Angioedema,matched_exact
adr,Angioedema,Angioedema,icd_code,ICD10CM,T78.3,Angioneurotic edema,matched_words
adr,Stevens-Johnson syndrome,Stevens-Johnson syndrome,meddra_code,MDR,10042033,Stevens-Johnson syndrome,matched_exact
adr,Stevens-Johnson syndrome,Stevens-Johnson syndrome,icd_code,ICD10CM,L51.1,Stevens-Johnson syndrome,matched_exact
adr,Erythema multiforme,Erythema multiforme,meddra_code,MDR,10015218,Erythema multiforme,matched_exact
adr,Erythema multiforme,Erythema multiforme,icd_code,ICD10CM,L51,Erythema multiforme,matched_exact
adr,Exfoliative dermatitis,Exfoliative dermatitis,meddra_code,MDR,10015665,Exfoliative dermatitis,matched_exact
adr,Exfoliative dermatitis,Exfoliative dermatitis,icd_code,ICD10CM,L26,Exfoliative dermatitis,matched_exact
adr,Muscular weakness,Muscular weakness,meddra_code,MDR,10028372,Muscular weakness,matched_exact
adr,Muscular weakness,Muscular weakness,icd_code,ICD10,UNKNOWN,,not_found
adr,Urinary retention,Urinary retention,meddra_code,MDR,10046555,Urinary retention,matched_exact
adr,Urinary retention,Urinary retention,icd_code,ICD10,UNKNOWN,,not_found
adr,Difficulty in micturition,Difficulty in micturition,meddra_code,MDR,10012793,Difficulty in micturition,matched_exact
adr,Difficulty in micturition,Difficulty in micturition,icd_code,ICD10,UNKNOWN,,not_found
adr,Renal impairment,Renal impairment,meddra_code,MDR,10062237,Renal impairment,matched_exact
adr,Renal impairment,Renal impairment,icd_code,ICD10CM,N25,Disorders resulting from impaired renal tubular function,matched_words
adr,Priapism,Priapism,meddra_code,MDR,10036661,Priapism,matched_exact
adr,Priapism,Priapism,icd_code,ICD10CM,N48.3,Priapism,matched_exact
adr,Peripheral oedema,Peripheral oedema,meddra_code,MDR,10034611,Peripheral oedema,matched_exact
adr,Peripheral oedema,Peripheral oedema,icd_code,ICD10,UNKNOWN,,not_found
adr,Asthenia,Asthenia,meddra_code,MDR,10003549,Asthenia,matched_exact
adr,Asthenia,Asthenia,icd_code,ICD10CM,R53.1,Weakness,matched_words
adr,acute-on-chronic renal failure,acute-on-chronic renal failure,meddra_code,MDR,10000952,Acute on chronic renal failure,matched_words
adr,acute-on-chronic renal failure,acute-on-chronic renal failure,icd_code,ICD10,UNKNOWN,,not_found
adr,acute renal failure,acute renal failure,meddra_code,MDR,10001041,Acute renal failure,matched_exact
adr,acute renal failure,acute renal failure,icd_code,ICD10,N17,Acute renal failure,matched_exact
adr,anaphylactic or anaphylactoid shock,anaphylactic or anaphylactoid shock,meddra_code,MDR,0,,not_found
adr,anaphylactic or anaphylactoid shock,anaphylactic or anaphylactoid shock,icd_code,ICD10,UNKNOWN,,not_found
adr,hypersensitivity reaction followed by cardiac reactions (Kounis' syndrome),hypersensitivity reaction followed by cardiac reactions (Kounis' syndrome),meddra_code,MDR,0,,not_found
adr,hypersensitivity reaction followed by cardiac reactions (Kounis' syndrome),hypersensitivity reaction followed by cardiac reactions (Kounis' syndrome),icd_code,ICD10,UNKNOWN,,not_found
adr,cardiac or cardio-respiratory arrest,cardiac or cardio-respiratory arrest,meddra_code,MDR,0,,not_found
adr,cardiac or cardio-respiratory arrest,cardiac or cardio-respiratory arrest,icd_code,ICD10,UNKNOWN,,not_found
adr,myocardial infarction,myocardial infarction,meddra_code,MDR,10028596,Myocardial infarction,matched_exact
adr,myocardial infarction,myocardial infarction,icd_code,ICD10CM,I21,Acute myocardial infarction,matched_words
adr,dyspnoea,dyspnoea,meddra_code,MDR,10013968,Dyspnoea,matched_exact
adr,dyspnoea,dyspnoea,icd_code,ICD10,R06.0,Dyspnoea,matched_exact
adr,rash,rash,meddra_code,MDR,10037844,Rash,matched_exact
adr,rash,rash,icd_code,ICD10CM,R21,Rash and other nonspecific skin eruption,matched_words
adr,erythema,erythema,meddra_code,MDR,10015150,Erythema,matched_exact
adr,erythema,erythema,icd_code,ICD10CM,L53.9,"Erythematous condition, unspecified",matched_words
adr,urticaria,urticaria,meddra_code,MDR,10046735,Urticaria,matched_exact
adr,urticaria,urticaria,icd_code,ICD10CM,L50,Urticaria,matched_exact
adr,pruritus,pruritus,meddra_code,MDR,10037087,Pruritus,matched_exact
adr,pruritus,pruritus,icd_code,ICD10CM,L29,Pruritus,matched_exact
adr,skin reactions,skin reactions,meddra_code,MDR,10040935,Skin test reaction,matched_words
adr,skin reactions,skin reactions,icd_code,ICD10CM,R76.11,Nonspecific reaction to tuberculin skin test without active tuberculosis,matched_words
adr,angioneurotic oedema,angioneurotic oedema,meddra_code,MDR,10002473,Angioneurotic oedema,matched_exact
adr,angioneurotic oedema,angioneurotic oedema,icd_code,ICD10,T78.3,Angioneurotic oedema,matched_exact
adr,hypotension,hypotension,meddra_code,MDR,10021097,Hypotension,matched_exact
adr,hypotension,hypotension,icd_code,ICD10CM,I95,Hypotension,matched_exact
adr,fever,fever,meddra_code,MDR,10016558,Fever,matched_exact
adr,fever,fever,icd_code,ICD10CM,R50.9,"Fever, unspecified",matched_words
adr,laryngeal oedema,laryngeal oedema,meddra_code,MDR,10023845,Laryngeal oedema,matched_exact
adr,laryngeal oedema,laryngeal oedema,icd_code,ICD10,UNKNOWN,,not_found
adr,bronchospasm,bronchospasm,meddra_code,MDR,10006482,Bronchospasm,matched_exact
adr,bronchospasm,bronchospasm,icd_code,ICD10CM,J45.990,Exercise induced bronchospasm,matched_words
adr,pulmonary oedema,pulmonary oedema,meddra_code,MDR,10037423,Pulmonary oedema,matched_exact
adr,pulmonary oedema,pulmonary oedema,icd_code,ICD10,J81,Pulmonary oedema,matched_exact
adr,vasculitis,vasculitis,meddra_code,MDR,10047115,Vasculitis,matched_exact
adr,vasculitis,vasculitis,icd_code,ICD10CM,D69.0,Allergic purpura,matched_words
adr,SJS-like syndrome,SJS-like syndrome,meddra_code,MDR,0,,not_found
adr,SJS-like syndrome,SJS-like syndrome,icd_code,ICD10,UNKNOWN,,not_found
adr,agitation,agitation,meddra_code,MDR,10001497,Agitation,matched_exact
adr,agitation,agitation,icd_code,ICD10CM,R45.1,Restlessness and agitation,matched_words
adr,anxiety,anxiety,meddra_code,MDR,10002855,Anxiety,matched_exact
adr,anxiety,anxiety,icd_code,ICD10CM,F41.1,Generalized anxiety disorder,matched_words
adr,confusional state,confusional state,meddra_code,MDR,10010305,Confusional state,matched_exact
adr,confusional state,confusional state,icd_code,ICD10CM,F05,Delirium due to known physiological condition,matched_words
adr,dizziness,dizziness,meddra_code,MDR,10013573,Dizziness,matched_exact
adr,dizziness,dizziness,icd_code,ICD10CM,R42,Dizziness and giddiness,matched_words
adr,sensory abnormalities including taste disturbance,sensory abnormalities including taste disturbance,meddra_code,MDR,0,,not_found
adr,sensory abnormalities including taste disturbance,sensory abnormalities including taste disturbance,icd_code,ICD10,UNKNOWN,,not_found
adr,paraesthesia,paraesthesia,meddra_code,MDR,10033775,Paraesthesia,matched_exact
adr,paraesthesia,paraesthesia,icd_code,ICD10,R20.2,Paraesthesia of skin,matched_words
adr,parosmia,parosmia,meddra_code,MDR,10034018,Parosmia,matched_exact
adr,parosmia,parosmia,icd_code,ICD10CM,R43.1,Parosmia,matched_exact
adr,cerebrovascular accident,cerebrovascular accident,meddra_code,MDR,10008190,Cerebrovascular accident,matched_exact
adr,cerebrovascular accident,cerebrovascular accident,icd_code,ICD10,UNKNOWN,,not_found
adr,amnesia,amnesia,meddra_code,MDR,10001949,Amnesia,matched_exact
adr,amnesia,amnesia,icd_code,ICD10CM,R41.3,Other amnesia,matched_words
adr,syncope,syncope,meddra_code,MDR,10042772,Syncope,matched_exact
adr,syncope,syncope,icd_code,ICD10CM,R55,Syncope and collapse,matched_words
adr,coma,coma,meddra_code,MDR,10010071,Coma,matched_exact
adr,coma,coma,icd_code,ICD10CM,R40.2,Coma,matched_exact
adr,disturbance in consciousness,disturbance in consciousness,meddra_code,MDR,10013509,Disturbances in consciousness NEC,matched_words
adr,disturbance in consciousness,disturbance in consciousness,icd_code,ICD10,UNKNOWN,,not_found
adr,seizures,seizures,meddra_code,MDR,10039910,Seizures,matched_exact
adr,seizures,seizures,icd_code,ICD10CM,G40.909,"Epilepsy, unspecified, not intractable, without status epilepticus",matched_words
adr,transient contrast-induced encephalopathy caused by extravasation of contrast media,transient contrast-induced encephalopathy caused by extravasation of contrast media,meddra_code,MDR,0,,not_found
adr,transient contrast-induced encephalopathy caused by extravasation of contrast media,transient contrast-induced encephalopathy caused by extravasation of contrast media,icd_code,ICD10,UNKNOWN,,not_found
adr,hallucination,hallucination,meddra_code,MDR,10019063,Hallucination,matched_exact
adr,hallucination,hallucination,icd_code,ICD10CM,R44.3,"Hallucinations, unspecified",matched_words
adr,paralysis,paralysis,meddra_code,MDR,10033799,Paralysis,matched_exact
adr,paralysis,paralysis,icd_code,ICD10CM,G20,Parkinson's disease,matched_words
adr,paresis,paresis,meddra_code,MDR,10033985,Paresis,matched_exact
adr,paresis,paresis,icd_code,ICD10CM,A52.17,General paresis,matched_words
adr,disorientation,disorientation,meddra_code,MDR,10013395,Disorientation,matched_exact
adr,disorientation,disorientation,icd_code,ICD10CM,R41.0,"Disorientation, unspecified",matched_words
adr,transient speech disorder,transient speech disorder,meddra_code,MDR,0,,not_found
adr,transient speech disorder,transient speech disorder,icd_code,ICD10,UNKNOWN,,not_found
adr,aphasia,aphasia,meddra_code,MDR,10002948,Aphasia,matched_exact
adr,aphasia,aphasia,icd_code,ICD10CM,R47.01,Aphasia,matched_exact
adr,dysarthria,dysarthria,meddra_code,MDR,10013887,Dysarthria,matched_exact
adr,dysarthria,dysarthria,icd_code,ICD10CM,R47.1,Dysarthria and anarthria,matched_words
adr,Cortical blindness (transient),Cortical blindness (transient),meddra_code,MDR,10011166,Cortical blindness transient,matched_words
adr,Cortical blindness (transient),Cortical blindness (transient),icd_code,ICD10,UNKNOWN,,not_found
adr,transient visual impairment,transient visual impairment,meddra_code,MDR,10058711,Visual impairment transient,matched_words
adr,transient visual impairment,transient visual impairment,icd_code,ICD10,UNKNOWN,,not_found
adr,diplopia,diplopia,meddra_code,MDR,10013036,Diplopia,matched_exact
adr,diplopia,diplopia,icd_code,ICD10CM,H53.2,Diplopia,matched_exact
adr,blurred vision,blurred vision,meddra_code,MDR,10005886,Blurred vision,matched_exact
adr,blurred vision,blurred vision,icd_code,ICD10,UNKNOWN,,not_found
adr,eyelid oedema,eyelid oedema,meddra_code,MDR,10015993,Eyelid oedema,matched_exact
adr,eyelid oedema,eyelid oedema,icd_code,ICD10,UNKNOWN,,not_found
adr,Arrhythmia,Arrhythmia,meddra_code,MDR,10003119,Arrhythmia,matched_exact
adr,Arrhythmia,Arrhythmia,icd_code,ICD10CM,I49.9,"Cardiac arrhythmia, unspecified",matched_words
adr,bradycardia,bradycardia,meddra_code,MDR,10006093,Bradycardia,matched_exact
adr,bradycardia,bradycardia,icd_code,ICD10CM,R00.1,"Bradycardia, unspecified",matched_words
adr,tachycardia,tachycardia,meddra_code,MDR,10043071,Tachycardia,matched_exact
adr,tachycardia,tachycardia,icd_code,ICD10CM,R00.0,"Tachycardia, unspecified",matched_words
adr,cardiac arrest,cardiac arrest,meddra_code,MDR,10007515,Cardiac arrest,matched_exact
adr,cardiac arrest,cardiac arrest,icd_code,ICD10CM,I46,Cardiac arrest,matched_exact
adr,palpitation,palpitation,meddra_code,MDR,10033556,Palpitation,matched_exact
adr,palpitation,palpitation,icd_code,ICD10CM,R00.2,Palpitations,matched_words
adr,ventricular hypokinesia,ventricular hypokinesia,meddra_code,MDR,10050510,Ventricular hypokinesia,matched_exact
adr,ventricular hypokinesia,ventricular hypokinesia,icd_code,ICD10,UNKNOWN,,not_found
adr,myocardial ischaemia,myocardial ischaemia,meddra_code,MDR,10028600,Myocardial ischaemia,matched_exact
adr,myocardial ischaemia,myocardial ischaemia,icd_code,ICD10,I25.6,Silent myocardial ischaemia,matched_words
adr,conduction abnormalities,conduction abnormalities,meddra_code,MDR,10029175,Nerve conduction studies abnormal,matched_words
adr,conduction abnormalities,conduction abnormalities,icd_code,ICD10,UNKNOWN,,not_found
adr,coronary artery thrombosis,coronary artery thrombosis,meddra_code,MDR,10011091,Coronary artery thrombosis,matched_exact
adr,coronary artery thrombosis,coronary artery thrombosis,icd_code,ICD10CM,I21,Acute myocardial infarction,matched_words
adr,angina pectoris,angina pectoris,meddra_code,MDR,10002383,Angina pectoris,matched_exact
adr,angina pectoris,angina pectoris,icd_code,ICD10CM,I20,Angina pectoris,matched_exact
adr,spasm of coronary arteries,spasm of coronary arteries,meddra_code,MDR,0,,not_found
adr,spasm of coronary arteries,spasm of coronary arteries,icd_code,ICD10CM,I25.721,Atherosclerosis of autologous artery coronary artery bypass graft(s) with angina pectoris with documented spasm,matched_words
adr,flushing,flushing,meddra_code,MDR,10016825,Flushing,matched_exact
adr,flushing,flushing,icd_code,ICD10CM,R23.2,Flushing,matched_exact
adr,hypertension,hypertension,meddra_code,MDR,10020772,Hypertension,matched_exact
adr,hypertension,hypertension,icd_code,ICD10CM,I10,Essential (primary) hypertension,matched_words
adr,ischaemia,ischaemia,meddra_code,MDR,10061255,Ischaemia,matched_exact
adr,ischaemia,ischaemia,icd_code,ICD10,I25.6,Silent myocardial ischaemia,matched_words
adr,arterial spasm,arterial spasm,meddra_code,MDR,10003175,Arterial spasm,matched_exact
adr,arterial spasm,arterial spasm,icd_code,ICD10CM,I73.9,"Peripheral vascular disease, unspecified",matched_words
adr,thrombosis,thrombosis,meddra_code,MDR,10043607,Thrombosis,matched_exact
adr,thrombosis,thrombosis,icd_code,ICD10CM,K64,Hemorrhoids and perianal venous thrombosis,matched_words
adr,thrombophlebitis,thrombophlebitis,meddra_code,MDR,10043570,Thrombophlebitis,matched_exact
adr,thrombophlebitis,thrombophlebitis,icd_code,ICD10CM,I80,Phlebitis and thrombophlebitis,matched_words
adr,shock,shock,meddra_code,MDR,10040560,Shock,matched_exact
adr,shock,shock,icd_code,ICD10CM,R57.9,"Shock, unspecified",matched_words
adr,cough,cough,meddra_code,MDR,10011224,Cough,matched_exact
adr,cough,cough,icd_code,ICD10CM,R05,Cough,matched_exact
adr,sneezing,sneezing,meddra_code,MDR,10041232,Sneezing,matched_exact
adr,sneezing,sneezing,icd_code,ICD10CM,R06.7,Sneezing,matched_exact
adr,throat irritation,throat irritation,meddra_code,MDR,10043521,Throat irritation,matched_exact
adr,throat irritation,throat irritation,icd_code,ICD10,UNKNOWN,,not_found
adr,pharyngeal oedema,pharyngeal oedema,meddra_code,MDR,10034829,Pharyngeal oedema,matched_exact
adr,pharyngeal oedema,pharyngeal oedema,icd_code,ICD10,UNKNOWN,,not_found
adr,non-cardiogenic pulmonary oedema,non-cardiogenic pulmonary oedema,meddra_code,MDR,10029538,Non-cardiogenic pulmonary oedema,matched_exact
adr,non-cardiogenic pulmonary oedema,non-cardiogenic pulmonary oedema,icd_code,ICD10,UNKNOWN,,not_found
adr,respiratory arrest,respiratory arrest,meddra_code,MDR,10038669,Respiratory arrest,matched_exact
adr,respiratory arrest,respiratory arrest,icd_code,ICD10CM,R09.2,Respiratory arrest,matched_exact
adr,respiratory failure,respiratory failure,meddra_code,MDR,10038695,Respiratory failure,matched_exact
adr,respiratory failure,respiratory failure,icd_code,ICD10CM,J96.9,"Respiratory failure, unspecified",matched_words
adr,throat tightness,throat tightness,meddra_code,MDR,10043528,Throat tightness,matched_exact
adr,throat tightness,throat tightness,icd_code,ICD10,UNKNOWN,,not_found
adr,nausea,nausea,meddra_code,MDR,10028813,Nausea,matched_exact
adr,nausea,nausea,icd_code,ICD10CM,R11.0,Nausea,matched_exact
adr,vomiting,vomiting,meddra_code,MDR,10047700,Vomiting,matched_exact
adr,vomiting,vomiting,icd_code,ICD10CM,R11.1,Vomiting,matched_exact
adr,abdominal pain/discomfort,abdominal pain/discomfort,meddra_code,MDR,0,,not_found
adr,abdominal pain/discomfort,abdominal pain/discomfort,icd_code,ICD10,UNKNOWN,,not_found
adr,diarrhoea,diarrhoea,meddra_code,MDR,10012735,Diarrhoea,matched_exact
adr,diarrhoea,diarrhoea,icd_code,ICD10,K59.1,Functional diarrhoea,matched_words
adr,acute pancreatitis,acute pancreatitis,meddra_code,MDR,10000971,Acute pancreatitis,matched_exact
adr,acute pancreatitis,acute pancreatitis,icd_code,ICD10CM,K85,Acute pancreatitis,matched_exact
adr,pancreatitis aggravated,pancreatitis aggravated,meddra_code,MDR,10048365,Pancreatitis aggravated,matched_exact
adr,pancreatitis aggravated,pancreatitis aggravated,icd_code,ICD10,UNKNOWN,,not_found
adr,salivary gland enlargement,salivary gland enlargement,meddra_code,MDR,10039408,Salivary gland enlargement,matched_exact
adr,salivary gland enlargement,salivary gland enlargement,icd_code,ICD10,UNKNOWN,,not_found
adr,Rash or drug eruption,Rash or drug eruption,meddra_code,MDR,0,,not_found
adr,Rash or drug eruption,Rash or drug eruption,icd_code,ICD10,UNKNOWN,,not_found
adr,Angioedema,Angioedema,meddra_code,MDR,10002424,Angioedema,matched_exact
adr,Angioedema,Angioedema,icd_code,ICD10CM,T78.3,Angioneurotic edema,matched_words
adr,hyperhidrosis,hyperhidrosis,meddra_code,MDR,10020642,Hyperhidrosis,matched_exact
adr,hyperhidrosis,hyperhidrosis,icd_code,ICD10CM,R61,Generalized hyperhidrosis,matched_words
adr,Bullous or exfoliative dermatitis,Bullous or exfoliative dermatitis,meddra_code,MDR,0,,not_found
adr,Bullous or exfoliative dermatitis,Bullous or exfoliative dermatitis,icd_code,ICD10,UNKNOWN,,not_found
adr,Stevens-Johnson syndrome,Stevens-Johnson syndrome,meddra_code,MDR,10042033,Stevens-Johnson syndrome,matched_exact
adr,Stevens-Johnson syndrome,Stevens-Johnson syndrome,icd_code,ICD10CM,L51.1,Stevens-Johnson syndrome,matched_exact
adr,erythema multiforme,erythema multiforme,meddra_code,MDR,10015218,Erythema multiforme,matched_exact
adr,erythema multiforme,erythema multiforme,icd_code,ICD10CM,L51,Erythema multiforme,matched_exact
adr,toxic epidermal necrolysis,toxic epidermal necrolysis,meddra_code,MDR,10044223,Toxic epidermal necrolysis,matched_exact
adr,toxic epidermal necrolysis,toxic epidermal necrolysis,icd_code,ICD10CM,L51.2,Toxic epidermal necrolysis [Lyell],matched_words
adr,acute generalised exanthematous pustulosis,acute generalised exanthematous pustulosis,meddra_code,MDR,10048799,Acute generalised exanthematous pustulosis,matched_exact
adr,acute generalised exanthematous pustulosis,acute generalised exanthematous pustulosis,icd_code,ICD10,UNKNOWN,,not_found
adr,drug rash with eosinophilia and systemic symptoms,drug rash with eosinophilia and systemic symptoms,meddra_code,MDR,10058919,Drug rash with eosinophilia and systemic symptoms,matched_exact
adr,drug rash with eosinophilia and systemic symptoms,drug rash with eosinophilia and systemic symptoms,icd_code,ICD10CM,D72.12,Drug rash with eosinophilia and systemic symptoms syndrome,matched_words
adr,dermatitis allergic,dermatitis allergic,meddra_code,MDR,10012434,Dermatitis allergic,matched_exact
adr,dermatitis allergic,dermatitis allergic,icd_code,ICD10CM,L23,Allergic contact dermatitis,matched_words
adr,Back pain,Back pain,meddra_code,MDR,10003988,Back pain,matched_exact
adr,Back pain,Back pain,icd_code,ICD10CM,M54.9,"Dorsalgia, unspecified",matched_words
adr,muscle spasm,muscle spasm,meddra_code,MDR,10028333,Muscle spasm,matched_exact
adr,muscle spasm,muscle spasm,icd_code,ICD10CM,M62.83,Muscle spasm,matched_exact
adr,Arthralgia,Arthralgia,meddra_code,MDR,10003239,Arthralgia,matched_exact
adr,Arthralgia,Arthralgia,icd_code,ICD10CM,M26.62,Arthralgia of temporomandibular joint,matched_words
adr,Acute kidney injury or nephropathy toxic (CIN),Acute kidney injury or nephropathy toxic (CIN),meddra_code,MDR,0,,not_found
adr,Acute kidney injury or nephropathy toxic (CIN),Acute kidney injury or nephropathy toxic (CIN),icd_code,ICD10,UNKNOWN,,not_found
adr,Increased blood creatinine,Increased blood creatinine,meddra_code,MDR,10005483,Blood creatinine increased,matched_words
adr,Increased blood creatinine,Increased blood creatinine,icd_code,ICD10,UNKNOWN,,not_found
adr,Feeling hot,Feeling hot,meddra_code,MDR,10016334,Feeling hot,matched_exact
adr,Feeling hot,Feeling hot,icd_code,ICD10,UNKNOWN,,not_found
adr,chest pain,chest pain,meddra_code,MDR,10008479,Chest pain,matched_exact
adr,chest pain,chest pain,icd_code,ICD10CM,I20.9,"Angina pectoris, unspecified",matched_words
adr,Pain and discomfort,Pain and discomfort,meddra_code,MDR,10033372,Pain and discomfort NEC,matched_words
adr,Pain and discomfort,Pain and discomfort,icd_code,ICD10,UNKNOWN,,not_found
adr,Shivering (chills),Shivering (chills),meddra_code,MDR,0,,not_found
adr,Shivering (chills),Shivering (chills),icd_code,ICD10,UNKNOWN,,not_found
adr,Pyrexia,Pyrexia,meddra_code,MDR,10037660,Pyrexia,matched_exact
adr,Pyrexia,Pyrexia,icd_code,ICD10CM,R50.9,"Fever, unspecified",matched_words
adr,administration site reactions including extravasation,administration site reactions including extravasation,meddra_code,MDR,0,,not_found
adr,administration site reactions including extravasation,administration site reactions including extravasation,icd_code,ICD10,UNKNOWN,,not_found
adr,feeling cold,feeling cold,meddra_code,MDR,10016326,Feeling cold,matched_exact
adr,feeling cold,feeling cold,icd_code,ICD10,UNKNOWN,,not_found
adr,"Asthenic conditions (e.g. malaise, fatigue)","Asthenic conditions (e.g. malaise, fatigue)",meddra_code,MDR,0,,not_found
adr,"Asthenic conditions (e.g. malaise, fatigue)","Asthenic conditions (e.g. malaise, fatigue)",icd_code,ICD10,UNKNOWN,,not_found
adr,face oedema,face oedema,meddra_code,MDR,10016029,Face oedema,matched_exact
adr,face oedema,face oedema,icd_code,ICD10,UNKNOWN,,not_found
adr,localised oedema,localised oedema,meddra_code,MDR,10048961,Localised oedema,matched_exact
adr,localised oedema,localised oedema,icd_code,ICD10,UNKNOWN,,not_found
adr,Iodism,Iodism,meddra_code,MDR,10022926,Iodism,matched_exact
adr,Iodism,Iodism,icd_code,ICD10,UNKNOWN,,not_found
adr,Meningeal irritation giving photophobia and meningism,Meningeal irritation giving photophobia and meningism,meddra_code,MDR,0,,not_found
adr,Meningeal irritation giving photophobia and meningism,Meningeal irritation giving photophobia and meningism,icd_code,ICD10,UNKNOWN,,not_found
adr,frank chemical meningitis,frank chemical meningitis,meddra_code,MDR,0,,not_found
adr,frank chemical meningitis,frank chemical meningitis,icd_code,ICD10,UNKNOWN,,not_found
adr,Hypersensitivity,Hypersensitivity,meddra_code,MDR,10020751,Hypersensitivity,matched_exact
adr,Hypersensitivity,Hypersensitivity,icd_code,ICD10CM,T78.40,"Allergy, unspecified",matched_words
adr,Anaphylactic/anaphylactoid reactions,Anaphylactic/anaphylactoid reactions,meddra_code,MDR,0,,not_found
adr,Anaphylactic/anaphylactoid reactions,Anaphylactic/anaphylactoid reactions,icd_code,ICD10,UNKNOWN,,not_found
adr,Anaphylactic/anaphylactoid shock,Anaphylactic/anaphylactoid shock,meddra_code,MDR,20000071,Anaphylactic/anaphylactoid shock conditions (SMQ),matched_words
adr,Anaphylactic/anaphylactoid shock,Anaphylactic/anaphylactoid shock,icd_code,ICD10,UNKNOWN,,not_found
adr,Anaphylactic/anaphylactoid reaction including life-threatening or fatal anaphylaxis,Anaphylactic/anaphylactoid reaction including life-threatening or fatal anaphylaxis,meddra_code,MDR,0,,not_found
adr,Anaphylactic/anaphylactoid reaction including life-threatening or fatal anaphylaxis,Anaphylactic/anaphylactoid reaction including life-threatening or fatal anaphylaxis,icd_code,ICD10,UNKNOWN,,not_found
adr,Hyperthyroidism,Hyperthyroidism,meddra_code,MDR,10020850,Hyperthyroidism,matched_exact
adr,Hyperthyroidism,Hyperthyroidism,icd_code,ICD10CM,E05.9,"Thyrotoxicosis, unspecified",matched_words
adr,transient hypothyroidism,transient hypothyroidism,meddra_code,MDR,0,,not_found
adr,transient hypothyroidism,transient hypothyroidism,icd_code,ICD10,UNKNOWN,,not_found
adr,Headache (may be severe and lasting),Headache (may be severe and lasting),meddra_code,MDR,0,,not_found
adr,Headache (may be severe and lasting),Headache (may be severe and lasting),icd_code,ICD10,UNKNOWN,,not_found
adr,Shivering,Shivering,meddra_code,MDR,10040558,Shivering,matched_exact
adr,Shivering,Shivering,icd_code,ICD10,UNKNOWN,,not_found
adr,injection site reaction,injection site reaction,meddra_code,MDR,10022095,Injection site reaction,matched_exact
adr,injection site reaction,injection site reaction,icd_code,ICD10,UNKNOWN,,not_found
adr,Vaginal haemorrhage,Vaginal haemorrhage,meddra_code,MDR,10046910,Vaginal haemorrhage,matched_exact
adr,Vaginal haemorrhage,Vaginal haemorrhage,icd_code,ICD10,P54.6,Neonatal vaginal haemorrhage,matched_words
adr,Injection site pain,Injection site pain,meddra_code,MDR,10022086,Injection site pain,matched_exact
adr,Injection site pain,Injection site pain,icd_code,ICD10,UNKNOWN,,not_found
adr,Abdominal pain,Abdominal pain,meddra_code,MDR,10000081,Abdominal pain,matched_exact
adr,Abdominal pain,Abdominal pain,icd_code,ICD10CM,R10.9,Unspecified abdominal pain,matched_words
adr,Pyrexia,Pyrexia,meddra_code,MDR,10037660,Pyrexia,matched_exact
adr,Pyrexia,Pyrexia,icd_code,ICD10CM,R50.9,"Fever, unspecified",matched_words
adr,Diarrhoea,Diarrhoea,meddra_code,MDR,10012735,Diarrhoea,matched_exact
adr,Diarrhoea,Diarrhoea,icd_code,ICD10,K59.1,Functional diarrhoea,matched_words
adr,Hypersensitivity,Hypersensitivity,meddra_code,MDR,10020751,Hypersensitivity,matched_exact
adr,Hypersensitivity,Hypersensitivity,icd_code,ICD10CM,T78.40,"Allergy, unspecified",matched_words
adr,Headache,Headache,meddra_code,MDR,10019211,Headache,matched_exact
adr,Headache,Headache,icd_code,ICD10CM,R51,Headache,matched_exact
adr,aseptic meningitis,aseptic meningitis,meddra_code,MDR,10003458,Aseptic meningitis,matched_exact
adr,aseptic meningitis,aseptic meningitis,icd_code,ICD10CM,G03.0,Nonpyogenic meningitis,matched_exact
adr,pseudomembranous colitis,pseudomembranous colitis,meddra_code,MDR,10037128,Pseudomembranous colitis,matched_exact
adr,pseudomembranous colitis,pseudomembranous colitis,icd_code,ICD10CM,A04.7,Enterocolitis due to Clostridium difficile,matched_words
adr,leukopenia,leukopenia,meddra_code,MDR,10024384,Leukopenia,matched_exact
adr,leukopenia,leukopenia,icd_code,ICD10CM,D72.819,"Decreased white blood cell count, unspecified",matched_exact
adr,thrombocytopenia,thrombocytopenia,meddra_code,MDR,10043554,Thrombocytopenia,matched_exact
adr,thrombocytopenia,thrombocytopenia,icd_code,ICD10CM,D69.6,"Thrombocytopenia, unspecified",matched_words
adr,agranulocytosis,agranulocytosis,meddra_code,MDR,10001507,Agranulocytosis,matched_exact
adr,agranulocytosis,agranulocytosis,icd_code,ICD10CM,D70,Neutropenia,matched_exact
adr,aplastic anaemia,aplastic anaemia,meddra_code,MDR,10002967,Aplastic anaemia,matched_exact
adr,aplastic anaemia,aplastic anaemia,icd_code,ICD10,D61.9,"Aplastic anaemia, unspecified",matched_words
adr,haemolytic anaemia,haemolytic anaemia,meddra_code,MDR,10018916,Haemolytic anaemia,matched_exact
adr,haemolytic anaemia,haemolytic anaemia,icd_code,ICD10,D55-D59.9,Haemolytic anaemias,matched_words
adr,heinz body anaemia,heinz body anaemia,meddra_code,MDR,10002058,Anaemia Heinz body,matched_words
adr,heinz body anaemia,heinz body anaemia,icd_code,ICD10,UNKNOWN,,not_found
adr,hypoprothrombinaemia,hypoprothrombinaemia,meddra_code,MDR,10021085,Hypoprothrombinaemia,matched_exact
adr,hypoprothrombinaemia,hypoprothrombinaemia,icd_code,ICD10,UNKNOWN,,not_found
adr,lymphadenopathy,lymphadenopathy,meddra_code,MDR,10025197,Lymphadenopathy,matched_exact
adr,lymphadenopathy,lymphadenopathy,icd_code,ICD10CM,R59.1,Generalized enlarged lymph nodes,matched_words
adr,macrocytosis,macrocytosis,meddra_code,MDR,10025382,Macrocytosis,matched_exact
adr,macrocytosis,macrocytosis,icd_code,ICD10,UNKNOWN,,not_found
adr,megaloblastic anaemia,megaloblastic anaemia,meddra_code,MDR,10074044,Megaloblastic anaemia,matched_exact
adr,megaloblastic anaemia,megaloblastic anaemia,icd_code,ICD10,Y44.1,"Adverse effects in the therapeutic use of vitamin B12, folic acid and other anti-megaloblastic-anaemia preparations",matched_words
adr,methaemoglobinaemina,methaemoglobinaemina,meddra_code,MDR,0,,not_found
adr,methaemoglobinaemina,methaemoglobinaemina,icd_code,ICD10,UNKNOWN,,not_found
adr,neutropenia,neutropenia,meddra_code,MDR,10029354,Neutropenia,matched_exact
adr,neutropenia,neutropenia,icd_code,ICD10CM,D70,Neutropenia,matched_exact
adr,pancytopenia,pancytopenia,meddra_code,MDR,10033661,Pancytopenia,matched_exact
adr,pancytopenia,pancytopenia,icd_code,ICD10CM,D61.81,Pancytopenia,matched_exact
adr,pseudomononucleosis,pseudomononucleosis,meddra_code,MDR,10058008,Pseudomononucleosis,matched_exact
adr,pseudomononucleosis,pseudomononucleosis,icd_code,ICD10,UNKNOWN,,not_found
adr,anaphylaxis,anaphylaxis,meddra_code,MDR,10002218,Anaphylaxis,matched_exact
adr,anaphylaxis,anaphylaxis,icd_code,ICD10CM,T78.2,"Anaphylactic shock, unspecified",matched_exact
adr,polyarteritis nodosa,polyarteritis nodosa,meddra_code,MDR,10036024,Polyarteritis nodosa,matched_exact
adr,polyarteritis nodosa,polyarteritis nodosa,icd_code,ICD10CM,M30.0,Polyarteritis nodosa,matched_exact
adr,serum sickness,serum sickness,meddra_code,MDR,10040400,Serum sickness,matched_exact
adr,serum sickness,serum sickness,icd_code,ICD10CM,T80.6,Other serum reactions,matched_exact
adr,folate deficiency,folate deficiency,meddra_code,MDR,10016880,Folate deficiency,matched_exact
adr,folate deficiency,folate deficiency,icd_code,ICD10CM,E53.8,Deficiency of other specified B group vitamins,matched_exact
adr,insomnia,insomnia,meddra_code,MDR,10022437,Insomnia,matched_exact
adr,insomnia,insomnia,icd_code,ICD10CM,G47.0,Insomnia,matched_exact
adr,depression,depression,meddra_code,MDR,10012378,Depression,matched_exact
adr,depression,depression,icd_code,ICD10CM,F31.9,"Bipolar disorder, unspecified",matched_words
adr,hallucinations,hallucinations,meddra_code,MDR,10019077,Hallucinations,matched_exact
adr,hallucinations,hallucinations,icd_code,ICD10CM,R44.3,"Hallucinations, unspecified",matched_words
adr,dizziness,dizziness,meddra_code,MDR,10013573,Dizziness,matched_exact
adr,dizziness,dizziness,icd_code,ICD10CM,R42,Dizziness and giddiness,matched_words
adr,headache,headache,meddra_code,MDR,10019211,Headache,matched_exact
adr,headache,headache,icd_code,ICD10CM,R51,Headache,matched_exact
adr,taste disorders,taste disorders,meddra_code,MDR,10043131,Taste disorders,matched_exact
adr,taste disorders,taste disorders,icd_code,ICD10,UNKNOWN,,not_found
adr,convulsions,convulsions,meddra_code,MDR,10010914,Convulsions,matched_exact
adr,convulsions,convulsions,icd_code,ICD10CM,G40.909,"Epilepsy, unspecified, not intractable, without status epilepticus",matched_words
adr,aseptic meningitis,aseptic meningitis,meddra_code,MDR,10003458,Aseptic meningitis,matched_exact
adr,aseptic meningitis,aseptic meningitis,icd_code,ICD10CM,G03.0,Nonpyogenic meningitis,matched_exact
adr,ataxia,ataxia,meddra_code,MDR,10003591,Ataxia,matched_exact
adr,ataxia,ataxia,icd_code,ICD10CM,R27.0,"Ataxia, unspecified",matched_words
adr,encephalopathy,encephalopathy,meddra_code,MDR,10014625,Encephalopathy,matched_exact
adr,encephalopathy,encephalopathy,icd_code,ICD10CM,G93.40,"Encephalopathy, unspecified",matched_words
adr,peripheral neuropathy,peripheral neuropathy,meddra_code,MDR,10080342,Peripheral neuropathy,matched_exact
adr,peripheral neuropathy,peripheral neuropathy,icd_code,ICD10CM,G90.0,Idiopathic peripheral autonomic neuropathy,matched_words
adr,smell disorders,smell disorders,meddra_code,MDR,20000046,Taste and smell disorders (SMQ),matched_words
adr,smell disorders,smell disorders,icd_code,ICD10,UNKNOWN,,not_found
adr,tinnitus,tinnitus,meddra_code,MDR,10043882,Tinnitus,matched_exact
adr,tinnitus,tinnitus,icd_code,ICD10CM,H93.1,Tinnitus,matched_exact
adr,vertigo,vertigo,meddra_code,MDR,10047340,Vertigo,matched_exact
adr,vertigo,vertigo,icd_code,ICD10CM,H81.0,Ménière's disease,matched_words
adr,allergic myocarditis,allergic myocarditis,meddra_code,MDR,10001715,Allergic myocarditis,matched_exact
adr,allergic myocarditis,allergic myocarditis,icd_code,ICD10,UNKNOWN,,not_found
adr,cyanosis,cyanosis,meddra_code,MDR,10011703,Cyanosis,matched_exact
adr,cyanosis,cyanosis,icd_code,ICD10CM,R23.0,Cyanosis,matched_exact
adr,pericarditis,pericarditis,meddra_code,MDR,10034484,Pericarditis,matched_exact
adr,pericarditis,pericarditis,icd_code,ICD10CM,I30,Acute pericarditis,matched_words
adr,vasculitis,vasculitis,meddra_code,MDR,10047115,Vasculitis,matched_exact
adr,vasculitis,vasculitis,icd_code,ICD10CM,D69.0,Allergic purpura,matched_words
adr,pallor,pallor,meddra_code,MDR,10033546,Pallor,matched_exact
adr,pallor,pallor,icd_code,ICD10CM,R23.1,Pallor,matched_exact
adr,cough,cough,meddra_code,MDR,10011224,Cough,matched_exact
adr,cough,cough,icd_code,ICD10CM,R05,Cough,matched_exact
adr,dyspnoea,dyspnoea,meddra_code,MDR,10013968,Dyspnoea,matched_exact
adr,dyspnoea,dyspnoea,icd_code,ICD10,R06.0,Dyspnoea,matched_exact
adr,fibrosing alveolitis,fibrosing alveolitis,meddra_code,MDR,10016640,Fibrosing alveolitis,matched_exact
adr,fibrosing alveolitis,fibrosing alveolitis,icd_code,ICD10CM,J84.112,Idiopathic pulmonary fibrosis,matched_words
adr,eosinophilic infiltration,eosinophilic infiltration,meddra_code,MDR,10078757,Eosinophilic infiltration,matched_exact
adr,eosinophilic infiltration,eosinophilic infiltration,icd_code,ICD10,UNKNOWN,,not_found
adr,interstitial lung disease,interstitial lung disease,meddra_code,MDR,10022611,Interstitial lung disease,matched_exact
adr,interstitial lung disease,interstitial lung disease,icd_code,ICD10CM,J84.115,Respiratory bronchiolitis interstitial lung disease,matched_words
adr,oropharyngeal pain,oropharyngeal pain,meddra_code,MDR,10068319,Oropharyngeal pain,matched_exact
adr,oropharyngeal pain,oropharyngeal pain,icd_code,ICD10,UNKNOWN,,not_found
adr,gastric distress,gastric distress,meddra_code,MDR,0,,not_found
adr,gastric distress,gastric distress,icd_code,ICD10,UNKNOWN,,not_found
adr,nausea,nausea,meddra_code,MDR,10028813,Nausea,matched_exact
adr,nausea,nausea,icd_code,ICD10CM,R11.0,Nausea,matched_exact
adr,abdominal pain,abdominal pain,meddra_code,MDR,10000081,Abdominal pain,matched_exact
adr,abdominal pain,abdominal pain,icd_code,ICD10CM,R10.9,Unspecified abdominal pain,matched_words
adr,diarrhoea,diarrhoea,meddra_code,MDR,10012735,Diarrhoea,matched_exact
adr,diarrhoea,diarrhoea,icd_code,ICD10,K59.1,Functional diarrhoea,matched_words
adr,vomiting,vomiting,meddra_code,MDR,10047700,Vomiting,matched_exact
adr,vomiting,vomiting,icd_code,ICD10CM,R11.1,Vomiting,matched_exact
adr,stomatitis,stomatitis,meddra_code,MDR,10042128,Stomatitis,matched_exact
adr,stomatitis,stomatitis,icd_code,ICD10CM,B37.0,Candidal stomatitis,matched_words
adr,aggravation of ulcerative colitis,aggravation of ulcerative colitis,meddra_code,MDR,0,,not_found
adr,aggravation of ulcerative colitis,aggravation of ulcerative colitis,icd_code,ICD10,UNKNOWN,,not_found
adr,pancreatitis,pancreatitis,meddra_code,MDR,10033645,Pancreatitis,matched_exact
adr,pancreatitis,pancreatitis,icd_code,ICD10CM,K85.9,"Acute pancreatitis, unspecified",matched_words
adr,parotitis,parotitis,meddra_code,MDR,10034038,Parotitis,matched_exact
adr,parotitis,parotitis,icd_code,ICD10CM,K11.2,Sialoadenitis,matched_exact
adr,jaundice,jaundice,meddra_code,MDR,10023126,Jaundice,matched_exact
adr,jaundice,jaundice,icd_code,ICD10CM,R17,Unspecified jaundice,matched_words
adr,hepatic failure,hepatic failure,meddra_code,MDR,10019663,Hepatic failure,matched_exact
adr,hepatic failure,hepatic failure,icd_code,ICD10CM,K72.9,"Hepatic failure, unspecified",matched_words
adr,hepatitis fulminant,hepatitis fulminant,meddra_code,MDR,10019772,Hepatitis fulminant,matched_exact
adr,hepatitis fulminant,hepatitis fulminant,icd_code,ICD10CM,K72,"Hepatic failure, not elsewhere classified",matched_words
adr,hepatitis,hepatitis,meddra_code,MDR,10019717,Hepatitis,matched_exact
adr,hepatitis,hepatitis,icd_code,ICD10CM,K75.9,"Inflammatory liver disease, unspecified",matched_words
adr,hepatitis cholestatic,hepatitis cholestatic,meddra_code,MDR,10019754,Hepatitis cholestatic,matched_exact
adr,hepatitis cholestatic,hepatitis cholestatic,icd_code,ICD10,UNKNOWN,,not_found
adr,cholestasis,cholestasis,meddra_code,MDR,10008635,Cholestasis,matched_exact
adr,cholestasis,cholestasis,icd_code,ICD10CM,O26.64,Intrahepatic cholestasis of pregnancy,matched_words
adr,pruritus,pruritus,meddra_code,MDR,10037087,Pruritus,matched_exact
adr,pruritus,pruritus,icd_code,ICD10CM,L29,Pruritus,matched_exact
adr,purpura,purpura,meddra_code,MDR,10037549,Purpura,matched_exact
adr,purpura,purpura,icd_code,ICD10CM,D69.3,Immune thrombocytopenic purpura,matched_words
adr,alopecia,alopecia,meddra_code,MDR,10001760,Alopecia,matched_exact
adr,alopecia,alopecia,icd_code,ICD10CM,L65.9,"Nonscarring hair loss, unspecified",matched_words
adr,urticaria,urticaria,meddra_code,MDR,10046735,Urticaria,matched_exact
adr,urticaria,urticaria,icd_code,ICD10CM,L50,Urticaria,matched_exact
adr,drug rash with eosinophilia and systemic symptoms (DRESS),drug rash with eosinophilia and systemic symptoms (DRESS),meddra_code,MDR,0,,not_found
adr,drug rash with eosinophilia and systemic symptoms (DRESS),drug rash with eosinophilia and systemic symptoms (DRESS),icd_code,ICD10,UNKNOWN,,not_found
adr,epidermal necrolysis (Lyell's syndrome),epidermal necrolysis (Lyell's syndrome),meddra_code,MDR,0,,not_found
adr,epidermal necrolysis (Lyell's syndrome),epidermal necrolysis (Lyell's syndrome),icd_code,ICD10,UNKNOWN,,not_found
adr,Stevens-Johnson syndrome,Stevens-Johnson syndrome,meddra_code,MDR,10042033,Stevens-Johnson syndrome,matched_exact
adr,Stevens-Johnson syndrome,Stevens-Johnson syndrome,icd_code,ICD10CM,L51.1,Stevens-Johnson syndrome,matched_exact
adr,exanthema,exanthema,meddra_code,MDR,10015587,Exanthema,matched_exact
adr,exanthema,exanthema,icd_code,ICD10CM,B08.2,Exanthema subitum [sixth disease],matched_words
adr,exfoliative dermatitis,exfoliative dermatitis,meddra_code,MDR,10015665,Exfoliative dermatitis,matched_exact
adr,exfoliative dermatitis,exfoliative dermatitis,icd_code,ICD10CM,L26,Exfoliative dermatitis,matched_exact
adr,angioedema,angioedema,meddra_code,MDR,10002424,Angioedema,matched_exact
adr,angioedema,angioedema,icd_code,ICD10CM,T78.3,Angioneurotic edema,matched_words
adr,toxic pustuloderma,toxic pustuloderma,meddra_code,MDR,10044246,Toxic pustuloderma,matched_exact
adr,toxic pustuloderma,toxic pustuloderma,icd_code,ICD10,UNKNOWN,,not_found
adr,lichen planus,lichen planus,meddra_code,MDR,10024429,Lichen planus,matched_exact
adr,lichen planus,lichen planus,icd_code,ICD10CM,L43,Lichen planus,matched_exact
adr,photosensitvity,photosensitvity,meddra_code,MDR,0,,not_found
adr,photosensitvity,photosensitvity,icd_code,ICD10,UNKNOWN,,not_found
adr,erythema,erythema,meddra_code,MDR,10015150,Erythema,matched_exact
adr,erythema,erythema,icd_code,ICD10CM,L53.9,"Erythematous condition, unspecified",matched_words
adr,arthralgia,arthralgia,meddra_code,MDR,10003239,Arthralgia,matched_exact
adr,arthralgia,arthralgia,icd_code,ICD10CM,M26.62,Arthralgia of temporomandibular joint,matched_words
adr,system lupus erythematosus,system lupus erythematosus,meddra_code,MDR,10042945,Systemic lupus erythematosus,matched_words
adr,system lupus erythematosus,system lupus erythematosus,icd_code,ICD10CM,M32.9,"Systemic lupus erythematosus, unspecified",matched_words
adr,Sjogren's syndrome,Sjogren's syndrome,meddra_code,MDR,10040767,Sjogren's syndrome,matched_exact
adr,Sjogren's syndrome,Sjogren's syndrome,icd_code,ICD10CM,M35.0,Sjögren syndrome,matched_words
adr,proteinuria,proteinuria,meddra_code,MDR,10037032,Proteinuria,matched_exact
adr,proteinuria,proteinuria,icd_code,ICD10CM,R80,Proteinuria,matched_exact
adr,nephrotic syndrome,nephrotic syndrome,meddra_code,MDR,10029164,Nephrotic syndrome,matched_exact
adr,nephrotic syndrome,nephrotic syndrome,icd_code,ICD10CM,N04,Nephrotic syndrome,matched_exact
adr,interstitial nephritis,interstitial nephritis,meddra_code,MDR,10029134,Nephritis interstitial,matched_words
adr,interstitial nephritis,interstitial nephritis,icd_code,ICD10CM,N12,"Tubulo-interstitial nephritis, not specified as acute or chronic",matched_words
adr,nephrolithiasis,nephrolithiasis,meddra_code,MDR,10029148,Nephrolithiasis,matched_exact
adr,nephrolithiasis,nephrolithiasis,icd_code,ICD10CM,N20.0,Calculus of kidney,matched_words
adr,haematuria,haematuria,meddra_code,MDR,10018867,Haematuria,matched_exact
adr,haematuria,haematuria,icd_code,ICD10,R31,Unspecified haematuria,matched_words
adr,crystalluria,crystalluria,meddra_code,MDR,10011509,Crystalluria,matched_exact
adr,crystalluria,crystalluria,icd_code,ICD10CM,R82.998,Other abnormal findings in urine,matched_exact
adr,reversible oligospermia,reversible oligospermia,meddra_code,MDR,0,,not_found
adr,reversible oligospermia,reversible oligospermia,icd_code,ICD10,UNKNOWN,,not_found
adr,fever,fever,meddra_code,MDR,10016558,Fever,matched_exact
adr,fever,fever,icd_code,ICD10CM,R50.9,"Fever, unspecified",matched_words
adr,facial edema,facial edema,meddra_code,MDR,0,,not_found
adr,facial edema,facial edema,icd_code,ICD10,UNKNOWN,,not_found
adr,yellow discoloration of skin and body fluids,yellow discoloration of skin and body fluids,meddra_code,MDR,0,,not_found
adr,yellow discoloration of skin and body fluids,yellow discoloration of skin and body fluids,icd_code,ICD10,UNKNOWN,,not_found
adr,elevation of liver enzymes,elevation of liver enzymes,meddra_code,MDR,0,,not_found
adr,elevation of liver enzymes,elevation of liver enzymes,icd_code,ICD10,UNKNOWN,,not_found
adr,induction of autoantibodies,induction of autoantibodies,meddra_code,MDR,0,,not_found
adr,induction of autoantibodies,induction of autoantibodies,icd_code,ICD10,UNKNOWN,,not_found
adr,flush,flush,meddra_code,MDR,10016825,Flushing,matched_words
adr,flush,flush,icd_code,ICD10CM,R23.2,Flushing,matched_words
adr,urticaria,urticaria,meddra_code,MDR,10046735,Urticaria,matched_exact
adr,urticaria,urticaria,icd_code,ICD10CM,L50,Urticaria,matched_exact
adr,fever,fever,meddra_code,MDR,10016558,Fever,matched_exact
adr,fever,fever,icd_code,ICD10CM,R50.9,"Fever, unspecified",matched_words
adr,nausea,nausea,meddra_code,MDR,10028813,Nausea,matched_exact
adr,nausea,nausea,icd_code,ICD10CM,R11.0,Nausea,matched_exact
adr,shock,shock,meddra_code,MDR,10040560,Shock,matched_exact
adr,shock,shock,icd_code,ICD10CM,R57.9,"Shock, unspecified",matched_words
adr,anaphylactic shock,anaphylactic shock,meddra_code,MDR,10002199,Anaphylactic shock,matched_exact
adr,anaphylactic shock,anaphylactic shock,icd_code,ICD10CM,T78.2,"Anaphylactic shock, unspecified",matched_words
adr,anaphylactic reaction,anaphylactic reaction,meddra_code,MDR,10002198,Anaphylactic reaction,matched_exact
adr,anaphylactic reaction,anaphylactic reaction,icd_code,ICD10CM,T78.2,"Anaphylactic shock, unspecified",matched_exact
adr,hypersensitivity,hypersensitivity,meddra_code,MDR,10020751,Hypersensitivity,matched_exact
adr,hypersensitivity,hypersensitivity,icd_code,ICD10CM,T78.40,"Allergy, unspecified",matched_words
adr,confusional state,confusional state,meddra_code,MDR,10010305,Confusional state,matched_exact
adr,confusional state,confusional state,icd_code,ICD10CM,F05,Delirium due to known physiological condition,matched_words
adr,headache,headache,meddra_code,MDR,10019211,Headache,matched_exact
adr,headache,headache,icd_code,ICD10CM,R51,Headache,matched_exact
adr,tachycardia,tachycardia,meddra_code,MDR,10043071,Tachycardia,matched_exact
adr,tachycardia,tachycardia,icd_code,ICD10CM,R00.0,"Tachycardia, unspecified",matched_words
adr,bradycardia,bradycardia,meddra_code,MDR,10006093,Bradycardia,matched_exact
adr,bradycardia,bradycardia,icd_code,ICD10CM,R00.1,"Bradycardia, unspecified",matched_words
adr,hypotension,hypotension,meddra_code,MDR,10021097,Hypotension,matched_exact
adr,hypotension,hypotension,icd_code,ICD10CM,I95,Hypotension,matched_exact
adr,hypertension,hypertension,meddra_code,MDR,10020772,Hypertension,matched_exact
adr,hypertension,hypertension,icd_code,ICD10CM,I10,Essential (primary) hypertension,matched_words
adr,dyspnoea,dyspnoea,meddra_code,MDR,10013968,Dyspnoea,matched_exact
adr,dyspnoea,dyspnoea,icd_code,ICD10,R06.0,Dyspnoea,matched_exact
adr,urticaria,urticaria,meddra_code,MDR,10046735,Urticaria,matched_exact
adr,urticaria,urticaria,icd_code,ICD10CM,L50,Urticaria,matched_exact
adr,angioneurotic oedema,angioneurotic oedema,meddra_code,MDR,10002473,Angioneurotic oedema,matched_exact
adr,angioneurotic oedema,angioneurotic oedema,icd_code,ICD10,T78.3,Angioneurotic oedema,matched_exact
adr,rash,rash,meddra_code,MDR,10037844,Rash,matched_exact
adr,rash,rash,icd_code,ICD10CM,R21,Rash and other nonspecific skin eruption,matched_words
adr,erythema,erythema,meddra_code,MDR,10015150,Erythema,matched_exact
adr,erythema,erythema,icd_code,ICD10CM,L53.9,"Erythematous condition, unspecified",matched_words
adr,hyperhidrosis,hyperhidrosis,meddra_code,MDR,10020642,Hyperhidrosis,matched_exact
adr,hyperhidrosis,hyperhidrosis,icd_code,ICD10CM,R61,Generalized hyperhidrosis,matched_words
adr,pyrexia,pyrexia,meddra_code,MDR,10037660,Pyrexia,matched_exact
adr,pyrexia,pyrexia,icd_code,ICD10CM,R50.9,"Fever, unspecified",matched_words
adr,chills,chills,meddra_code,MDR,10008531,Chills,matched_exact
adr,chills,chills,icd_code,ICD10CM,R68.83,Chills (without fever),matched_words
adr,Hypersentivity,Hypersentivity,meddra_code,MDR,0,,not_found
adr,Hypersentivity,Hypersentivity,icd_code,ICD10,UNKNOWN,,not_found
adr,Abdominal pain,Abdominal pain,meddra_code,MDR,10000081,Abdominal pain,matched_exact
adr,Abdominal pain,Abdominal pain,icd_code,ICD10CM,R10.9,Unspecified abdominal pain,matched_words
adr,Dyspepsia,Dyspepsia,meddra_code,MDR,10013946,Dyspepsia,matched_exact
adr,Dyspepsia,Dyspepsia,icd_code,ICD10CM,R10.13,Epigastric pain,matched_exact
adr,Renal impairment,Renal impairment,meddra_code,MDR,10062237,Renal impairment,matched_exact
adr,Renal impairment,Renal impairment,icd_code,ICD10CM,N25,Disorders resulting from impaired renal tubular function,matched_words
adr,Severe cutaneous adverse reactions (SCARs),Severe cutaneous adverse reactions (SCARs),meddra_code,MDR,0,,not_found
adr,Severe cutaneous adverse reactions (SCARs),Severe cutaneous adverse reactions (SCARs),icd_code,ICD10,UNKNOWN,,not_found
adr,Erythema multiforme,Erythema multiforme,meddra_code,MDR,10015218,Erythema multiforme,matched_exact
adr,Erythema multiforme,Erythema multiforme,icd_code,ICD10CM,L51,Erythema multiforme,matched_exact
adr,Exfoliative dermatitis,Exfoliative dermatitis,meddra_code,MDR,10015665,Exfoliative dermatitis,matched_exact
adr,Exfoliative dermatitis,Exfoliative dermatitis,icd_code,ICD10CM,L26,Exfoliative dermatitis,matched_exact
adr,Stevens-Johnson syndrome,Stevens-Johnson syndrome,meddra_code,MDR,10042033,Stevens-Johnson syndrome,matched_exact
adr,Stevens-Johnson syndrome,Stevens-Johnson syndrome,icd_code,ICD10CM,L51.1,Stevens-Johnson syndrome,matched_exact
adr,Toxic epidermal necrolysis,Toxic epidermal necrolysis,meddra_code,MDR,10044223,Toxic epidermal necrolysis,matched_exact
adr,Toxic epidermal necrolysis,Toxic epidermal necrolysis,icd_code,ICD10CM,L51.2,Toxic epidermal necrolysis [Lyell],matched_words
adr,Photosensitivity reactions,Photosensitivity reactions,meddra_code,MDR,10034972,Photosensitivity reaction,matched_words
adr,Photosensitivity reactions,Photosensitivity reactions,icd_code,ICD10,UNKNOWN,,not_found
adr,Drug reaction with eosinophilia and systemic symptoms (DRESS syndrome),Drug reaction with eosinophilia and systemic symptoms (DRESS syndrome),meddra_code,MDR,0,,not_found
adr,Drug reaction with eosinophilia and systemic symptoms (DRESS syndrome),Drug reaction with eosinophilia and systemic symptoms (DRESS syndrome),icd_code,ICD10,UNKNOWN,,not_found
adr,Acute generalised exanthematous pustulosis (AGEP),Acute generalised exanthematous pustulosis (AGEP),meddra_code,MDR,0,,not_found
adr,Acute generalised exanthematous pustulosis (AGEP),Acute generalised exanthematous pustulosis (AGEP),icd_code,ICD10,UNKNOWN,,not_found
adr,non-specific allergic reaction,non-specific allergic reaction,meddra_code,MDR,0,,not_found
adr,non-specific allergic reaction,non-specific allergic reaction,icd_code,ICD10,UNKNOWN,,not_found
adr,anaphylaxis,anaphylaxis,meddra_code,MDR,10002218,Anaphylaxis,matched_exact
adr,anaphylaxis,anaphylaxis,icd_code,ICD10CM,T78.2,"Anaphylactic shock, unspecified",matched_exact
adr,asthma,asthma,meddra_code,MDR,10003553,Asthma,matched_exact
adr,asthma,asthma,icd_code,ICD10CM,J45,Asthma,matched_exact
adr,aggravated asthma,aggravated asthma,meddra_code,MDR,10003554,Asthma aggravated,matched_words
adr,aggravated asthma,aggravated asthma,icd_code,ICD10,UNKNOWN,,not_found
adr,brochospasm,brochospasm,meddra_code,MDR,0,,not_found
adr,brochospasm,brochospasm,icd_code,ICD10,UNKNOWN,,not_found
adr,dyspnoea,dyspnoea,meddra_code,MDR,10013968,Dyspnoea,matched_exact
adr,dyspnoea,dyspnoea,icd_code,ICD10,R06.0,Dyspnoea,matched_exact
adr,assorted skin disorders,assorted skin disorders,meddra_code,MDR,0,,not_found
adr,assorted skin disorders,assorted skin disorders,icd_code,ICD10,UNKNOWN,,not_found
adr,rashes of various types,rashes of various types,meddra_code,MDR,0,,not_found
adr,rashes of various types,rashes of various types,icd_code,ICD10,UNKNOWN,,not_found
adr,pruritis,pruritis,meddra_code,MDR,0,,not_found
adr,pruritis,pruritis,icd_code,ICD10,UNKNOWN,,not_found
adr,urticaria,urticaria,meddra_code,MDR,10046735,Urticaria,matched_exact
adr,urticaria,urticaria,icd_code,ICD10CM,L50,Urticaria,matched_exact
adr,purpura,purpura,meddra_code,MDR,10037549,Purpura,matched_exact
adr,purpura,purpura,icd_code,ICD10CM,D69.3,Immune thrombocytopenic purpura,matched_words
adr,angioedema,angioedema,meddra_code,MDR,10002424,Angioedema,matched_exact
adr,angioedema,angioedema,icd_code,ICD10CM,T78.3,Angioneurotic edema,matched_words
adr,bullous dermatoses,bullous dermatoses,meddra_code,MDR,0,,not_found
adr,bullous dermatoses,bullous dermatoses,icd_code,ICD10,UNKNOWN,,not_found
adr,epidermal necrolysis,epidermal necrolysis,meddra_code,MDR,10014986,Epidermal necrolysis,matched_exact
adr,epidermal necrolysis,epidermal necrolysis,icd_code,ICD10CM,L51.2,Toxic epidermal necrolysis [Lyell],matched_words
adr,erythema multiforme,erythema multiforme,meddra_code,MDR,10015218,Erythema multiforme,matched_exact
adr,erythema multiforme,erythema multiforme,icd_code,ICD10CM,L51,Erythema multiforme,matched_exact
adr,Candida infections including oral candidiasis,Candida infections including oral candidiasis,meddra_code,MDR,0,,not_found
adr,Candida infections including oral candidiasis,Candida infections including oral candidiasis,icd_code,ICD10,UNKNOWN,,not_found
adr,Upper respiratory tract infection,Upper respiratory tract infection,meddra_code,MDR,10046306,Upper respiratory tract infection,matched_exact
adr,Upper respiratory tract infection,Upper respiratory tract infection,icd_code,ICD10,UNKNOWN,,not_found
adr,Sepsis,Sepsis,meddra_code,MDR,10040047,Sepsis,matched_exact
adr,Sepsis,Sepsis,icd_code,ICD10CM,A41.9,"Sepsis, unspecified organism",matched_words
adr,Influenza,Influenza,meddra_code,MDR,10022000,Influenza,matched_exact
adr,Influenza,Influenza,icd_code,ICD10CM,J11.1,Influenza due to unidentified influenza virus with other respiratory manifestations,matched_words
adr,Urinary tract infection,Urinary tract infection,meddra_code,MDR,10046571,Urinary tract infection,matched_exact
adr,Urinary tract infection,Urinary tract infection,icd_code,ICD10CM,N39.0,"Urinary tract infection, site not specified",matched_words
adr,Cellulitis,Cellulitis,meddra_code,MDR,10007882,Cellulitis,matched_exact
adr,Cellulitis,Cellulitis,icd_code,ICD10CM,L03.90,"Cellulitis, unspecified",matched_words
adr,Neutropenia,Neutropenia,meddra_code,MDR,10029354,Neutropenia,matched_exact
adr,Neutropenia,Neutropenia,icd_code,ICD10CM,D70,Neutropenia,matched_exact
adr,Anaemia,Anaemia,meddra_code,MDR,10002034,Anaemia,matched_exact
adr,Anaemia,Anaemia,icd_code,ICD10,D64.9,"Anaemia, unspecified",matched_words
adr,Thrombocytopenia,Thrombocytopenia,meddra_code,MDR,10043554,Thrombocytopenia,matched_exact
adr,Thrombocytopenia,Thrombocytopenia,icd_code,ICD10CM,D69.6,"Thrombocytopenia, unspecified",matched_words
adr,Leukopenia,Leukopenia,meddra_code,MDR,10024384,Leukopenia,matched_exact
adr,Leukopenia,Leukopenia,icd_code,ICD10CM,D72.819,"Decreased white blood cell count, unspecified",matched_exact
adr,Pancytopenia,Pancytopenia,meddra_code,MDR,10033661,Pancytopenia,matched_exact
adr,Pancytopenia,Pancytopenia,icd_code,ICD10CM,D61.81,Pancytopenia,matched_exact
adr,Bone marrow failure,Bone marrow failure,meddra_code,MDR,10065553,Bone marrow failure,matched_exact
adr,Bone marrow failure,Bone marrow failure,icd_code,ICD10CM,T86.02,Bone marrow transplant failure,matched_words
adr,Aplastic anaemia,Aplastic anaemia,meddra_code,MDR,10002967,Aplastic anaemia,matched_exact
adr,Aplastic anaemia,Aplastic anaemia,icd_code,ICD10,D61.9,"Aplastic anaemia, unspecified",matched_words
adr,Agranulocytosis,Agranulocytosis,meddra_code,MDR,10001507,Agranulocytosis,matched_exact
adr,Agranulocytosis,Agranulocytosis,icd_code,ICD10CM,D70,Neutropenia,matched_exact
adr,Granulocytopenia,Granulocytopenia,meddra_code,MDR,10018687,Granulocytopenia,matched_exact
adr,Granulocytopenia,Granulocytopenia,icd_code,ICD10,UNKNOWN,,not_found
adr,Hypersensitivity,Hypersensitivity,meddra_code,MDR,10020751,Hypersensitivity,matched_exact
adr,Hypersensitivity,Hypersensitivity,icd_code,ICD10CM,T78.40,"Allergy, unspecified",matched_words
adr,Anaphylactic reaction,Anaphylactic reaction,meddra_code,MDR,10002198,Anaphylactic reaction,matched_exact
adr,Anaphylactic reaction,Anaphylactic reaction,icd_code,ICD10CM,T78.2,"Anaphylactic shock, unspecified",matched_exact
adr,Decreased appetite,Decreased appetite,meddra_code,MDR,10061428,Decreased appetite,matched_exact
adr,Decreased appetite,Decreased appetite,icd_code,ICD10,UNKNOWN,,not_found
adr,Weight decreased,Weight decreased,meddra_code,MDR,10047895,Weight decreased,matched_exact
adr,Weight decreased,Weight decreased,icd_code,ICD10CM,D68.020,"Von Willebrand disease, type 2A",matched_words
adr,Depression,Depression,meddra_code,MDR,10012378,Depression,matched_exact
adr,Depression,Depression,icd_code,ICD10CM,F31.9,"Bipolar disorder, unspecified",matched_words
adr,Confusional state,Confusional state,meddra_code,MDR,10010305,Confusional state,matched_exact
adr,Confusional state,Confusional state,icd_code,ICD10CM,F05,Delirium due to known physiological condition,matched_words
adr,Anxiety,Anxiety,meddra_code,MDR,10002855,Anxiety,matched_exact
adr,Anxiety,Anxiety,icd_code,ICD10CM,F41.1,Generalized anxiety disorder,matched_words
adr,Agitation,Agitation,meddra_code,MDR,10001497,Agitation,matched_exact
adr,Agitation,Agitation,icd_code,ICD10CM,R45.1,Restlessness and agitation,matched_words
adr,Psychotic disorder,Psychotic disorder,meddra_code,MDR,10061920,Psychotic disorder,matched_exact
adr,Psychotic disorder,Psychotic disorder,icd_code,ICD10CM,F24,Shared psychotic disorder,matched_words
adr,Thinking abnormal,Thinking abnormal,meddra_code,MDR,10043431,Thinking abnormal,matched_exact
adr,Thinking abnormal,Thinking abnormal,icd_code,ICD10,UNKNOWN,,not_found
adr,Hallucinations,Hallucinations,meddra_code,MDR,10019077,Hallucinations,matched_exact
adr,Hallucinations,Hallucinations,icd_code,ICD10CM,R44.3,"Hallucinations, unspecified",matched_words
adr,Headache,Headache,meddra_code,MDR,10019211,Headache,matched_exact
adr,Headache,Headache,icd_code,ICD10CM,R51,Headache,matched_exact
adr,Insomnia,Insomnia,meddra_code,MDR,10022437,Insomnia,matched_exact
adr,Insomnia,Insomnia,icd_code,ICD10CM,G47.0,Insomnia,matched_exact
adr,Neuropathy peripheral,Neuropathy peripheral,meddra_code,MDR,10029331,Neuropathy peripheral,matched_exact
adr,Neuropathy peripheral,Neuropathy peripheral,icd_code,ICD10CM,G90.0,Idiopathic peripheral autonomic neuropathy,matched_words
adr,Dizziness,Dizziness,meddra_code,MDR,10013573,Dizziness,matched_exact
adr,Dizziness,Dizziness,icd_code,ICD10CM,R42,Dizziness and giddiness,matched_words
adr,Paraesthesia,Paraesthesia,meddra_code,MDR,10033775,Paraesthesia,matched_exact
adr,Paraesthesia,Paraesthesia,icd_code,ICD10,R20.2,Paraesthesia of skin,matched_words
adr,Hypoaesthesia,Hypoaesthesia,meddra_code,MDR,10020937,Hypoaesthesia,matched_exact
adr,Hypoaesthesia,Hypoaesthesia,icd_code,ICD10,R20.1,Hypoaesthesia of skin,matched_words
adr,Seizure,Seizure,meddra_code,MDR,10039906,Seizure,matched_exact
adr,Seizure,Seizure,icd_code,ICD10CM,G40.909,"Epilepsy, unspecified, not intractable, without status epilepticus",matched_words
adr,Dysgeusia (taste disturbance),Dysgeusia (taste disturbance),meddra_code,MDR,0,,not_found
adr,Dysgeusia (taste disturbance),Dysgeusia (taste disturbance),icd_code,ICD10,UNKNOWN,,not_found
adr,Tremor,Tremor,meddra_code,MDR,10044565,Tremor,matched_exact
adr,Tremor,Tremor,icd_code,ICD10CM,R25.1,"Tremor, unspecified",matched_words
adr,Visual impairment,Visual impairment,meddra_code,MDR,10047571,Visual impairment,matched_exact
adr,Visual impairment,Visual impairment,icd_code,ICD10CM,H54.7,Unspecified visual loss,matched_words
adr,Retinal detachment,Retinal detachment,meddra_code,MDR,10038848,Retinal detachment,matched_exact
adr,Retinal detachment,Retinal detachment,icd_code,ICD10CM,H33.2,Serous retinal detachment,matched_words
adr,Vitreous floaters,Vitreous floaters,meddra_code,MDR,10047654,Vitreous floaters,matched_exact
adr,Vitreous floaters,Vitreous floaters,icd_code,ICD10CM,H43.39,Other vitreous opacities,matched_exact
adr,Eye pain,Eye pain,meddra_code,MDR,10015958,Eye pain,matched_exact
adr,Eye pain,Eye pain,icd_code,ICD10CM,H57.10,"Ocular pain, unspecified eye",matched_words
adr,Conjunctivitis,Conjunctivitis,meddra_code,MDR,10010741,Conjunctivitis,matched_exact
adr,Conjunctivitis,Conjunctivitis,icd_code,ICD10CM,H10,Conjunctivitis,matched_exact
adr,Macular oedema,Macular oedema,meddra_code,MDR,10025415,Macular oedema,matched_exact
adr,Macular oedema,Macular oedema,icd_code,ICD10,UNKNOWN,,not_found
adr,Ear pain,Ear pain,meddra_code,MDR,10014020,Ear pain,matched_exact
adr,Ear pain,Ear pain,icd_code,ICD10,UNKNOWN,,not_found
adr,Deafness,Deafness,meddra_code,MDR,10011878,Deafness,matched_exact
adr,Deafness,Deafness,icd_code,ICD10CM,H91.9,Unspecified hearing loss,matched_words
adr,Arrhythmia,Arrhythmia,meddra_code,MDR,10003119,Arrhythmia,matched_exact
adr,Arrhythmia,Arrhythmia,icd_code,ICD10CM,I49.9,"Cardiac arrhythmia, unspecified",matched_words
adr,Hypotension,Hypotension,meddra_code,MDR,10021097,Hypotension,matched_exact
adr,Hypotension,Hypotension,icd_code,ICD10CM,I95,Hypotension,matched_exact
adr,Cough,Cough,meddra_code,MDR,10011224,Cough,matched_exact
adr,Cough,Cough,icd_code,ICD10CM,R05,Cough,matched_exact
adr,Dyspnoea,Dyspnoea,meddra_code,MDR,10013968,Dyspnoea,matched_exact
adr,Dyspnoea,Dyspnoea,icd_code,ICD10,R06.0,Dyspnoea,matched_exact
adr,Diarrhoea,Diarrhoea,meddra_code,MDR,10012735,Diarrhoea,matched_exact
adr,Diarrhoea,Diarrhoea,icd_code,ICD10,K59.1,Functional diarrhoea,matched_words
adr,Nausea,Nausea,meddra_code,MDR,10028813,Nausea,matched_exact
adr,Nausea,Nausea,icd_code,ICD10CM,R11.0,Nausea,matched_exact
adr,Vomiting,Vomiting,meddra_code,MDR,10047700,Vomiting,matched_exact
adr,Vomiting,Vomiting,icd_code,ICD10CM,R11.1,Vomiting,matched_exact
adr,Abdominal pain,Abdominal pain,meddra_code,MDR,10000081,Abdominal pain,matched_exact
adr,Abdominal pain,Abdominal pain,icd_code,ICD10CM,R10.9,Unspecified abdominal pain,matched_words
adr,Dyspepsia,Dyspepsia,meddra_code,MDR,10013946,Dyspepsia,matched_exact
adr,Dyspepsia,Dyspepsia,icd_code,ICD10CM,R10.13,Epigastric pain,matched_exact
adr,Flatulence,Flatulence,meddra_code,MDR,10016766,Flatulence,matched_exact
adr,Flatulence,Flatulence,icd_code,ICD10CM,R14.3,Flatulence,matched_exact
adr,Abdominal pain upper,Abdominal pain upper,meddra_code,MDR,10000087,Abdominal pain upper,matched_exact
adr,Abdominal pain upper,Abdominal pain upper,icd_code,ICD10CM,R10.10,"Upper abdominal pain, unspecified",matched_words
adr,Constipation,Constipation,meddra_code,MDR,10010774,Constipation,matched_exact
adr,Constipation,Constipation,icd_code,ICD10CM,K59.0,Constipation,matched_exact
adr,Mouth ulceration,Mouth ulceration,meddra_code,MDR,10028034,Mouth ulceration,matched_exact
adr,Mouth ulceration,Mouth ulceration,icd_code,ICD10,UNKNOWN,,not_found
adr,Dysphagia,Dysphagia,meddra_code,MDR,10013950,Dysphagia,matched_exact
adr,Dysphagia,Dysphagia,icd_code,ICD10CM,R13.1,Dysphagia,matched_exact
adr,Abdominal distention,Abdominal distention,meddra_code,MDR,0,,not_found
adr,Abdominal distention,Abdominal distention,icd_code,ICD10,UNKNOWN,,not_found
adr,Pancreatitis,Pancreatitis,meddra_code,MDR,10033645,Pancreatitis,matched_exact
adr,Pancreatitis,Pancreatitis,icd_code,ICD10CM,K85.9,"Acute pancreatitis, unspecified",matched_words
adr,Blood alkaline phosphatase increased,Blood alkaline phosphatase increased,meddra_code,MDR,10059570,Blood alkaline phosphatase increased,matched_exact
adr,Blood alkaline phosphatase increased,Blood alkaline phosphatase increased,icd_code,ICD10,UNKNOWN,,not_found
adr,Hepatic function abnormal,Hepatic function abnormal,meddra_code,MDR,10019670,Hepatic function abnormal,matched_exact
adr,Hepatic function abnormal,Hepatic function abnormal,icd_code,ICD10,UNKNOWN,,not_found
adr,Aspartate aminotransferase increased,Aspartate aminotransferase increased,meddra_code,MDR,10003481,Aspartate aminotransferase increased,matched_exact
adr,Aspartate aminotransferase increased,Aspartate aminotransferase increased,icd_code,ICD10,UNKNOWN,,not_found
adr,Alanine aminotransferase increased,Alanine aminotransferase increased,meddra_code,MDR,10001551,Alanine aminotransferase increased,matched_exact
adr,Alanine aminotransferase increased,Alanine aminotransferase increased,icd_code,ICD10,UNKNOWN,,not_found
adr,Dermatitis,Dermatitis,meddra_code,MDR,10012431,Dermatitis,matched_exact
adr,Dermatitis,Dermatitis,icd_code,ICD10CM,L21,Seborrheic dermatitis,matched_words
adr,Night sweats,Night sweats,meddra_code,MDR,10029410,Night sweats,matched_exact
adr,Night sweats,Night sweats,icd_code,ICD10CM,R61,Generalized hyperhidrosis,matched_exact
adr,Pruritus,Pruritus,meddra_code,MDR,10037087,Pruritus,matched_exact
adr,Pruritus,Pruritus,icd_code,ICD10CM,L29,Pruritus,matched_exact
adr,Rash,Rash,meddra_code,MDR,10037844,Rash,matched_exact
adr,Rash,Rash,icd_code,ICD10CM,R21,Rash and other nonspecific skin eruption,matched_words
adr,Alopecia,Alopecia,meddra_code,MDR,10001760,Alopecia,matched_exact
adr,Alopecia,Alopecia,icd_code,ICD10CM,L65.9,"Nonscarring hair loss, unspecified",matched_words
adr,Dry skin,Dry skin,meddra_code,MDR,10013786,Dry skin,matched_exact
adr,Dry skin,Dry skin,icd_code,ICD10CM,L85.3,Xerosis cutis,matched_words
adr,Urticaria,Urticaria,meddra_code,MDR,10046735,Urticaria,matched_exact
adr,Urticaria,Urticaria,icd_code,ICD10CM,L50,Urticaria,matched_exact
adr,Back pain,Back pain,meddra_code,MDR,10003988,Back pain,matched_exact
adr,Back pain,Back pain,icd_code,ICD10CM,M54.9,"Dorsalgia, unspecified",matched_words
adr,Myalgia,Myalgia,meddra_code,MDR,10028411,Myalgia,matched_exact
adr,Myalgia,Myalgia,icd_code,ICD10CM,M79.1,Myalgia,matched_exact
adr,Arthralgia,Arthralgia,meddra_code,MDR,10003239,Arthralgia,matched_exact
adr,Arthralgia,Arthralgia,icd_code,ICD10CM,M26.62,Arthralgia of temporomandibular joint,matched_words
adr,Muscle spasms,Muscle spasms,meddra_code,MDR,10028334,Muscle spasms,matched_exact
adr,Muscle spasms,Muscle spasms,icd_code,ICD10CM,M62.83,Muscle spasm,matched_words
adr,Renal impairment,Renal impairment,meddra_code,MDR,10062237,Renal impairment,matched_exact
adr,Renal impairment,Renal impairment,icd_code,ICD10CM,N25,Disorders resulting from impaired renal tubular function,matched_words
adr,Creatinine clearance renal decreased,Creatinine clearance renal decreased,meddra_code,MDR,10011372,Creatinine renal clearance decreased,matched_words
adr,Creatinine clearance renal decreased,Creatinine clearance renal decreased,icd_code,ICD10,UNKNOWN,,not_found
adr,Blood creatinine increased,Blood creatinine increased,meddra_code,MDR,10005483,Blood creatinine increased,matched_exact
adr,Blood creatinine increased,Blood creatinine increased,icd_code,ICD10,UNKNOWN,,not_found
adr,Renal failure,Renal failure,meddra_code,MDR,10038435,Renal failure,matched_exact
adr,Renal failure,Renal failure,icd_code,ICD10CM,N18.9,"Chronic kidney disease, unspecified",matched_words
adr,Haematuria,Haematuria,meddra_code,MDR,10018867,Haematuria,matched_exact
adr,Haematuria,Haematuria,icd_code,ICD10,R31,Unspecified haematuria,matched_words
adr,Infertility male,Infertility male,meddra_code,MDR,10021929,Infertility male,matched_exact
adr,Infertility male,Infertility male,icd_code,ICD10CM,N46,Male infertility,matched_words
adr,Pyrexia,Pyrexia,meddra_code,MDR,10037660,Pyrexia,matched_exact
adr,Pyrexia,Pyrexia,icd_code,ICD10CM,R50.9,"Fever, unspecified",matched_words
adr,Fatigue,Fatigue,meddra_code,MDR,10016256,Fatigue,matched_exact
adr,Fatigue,Fatigue,icd_code,ICD10CM,R53.83,Other fatigue,matched_words
adr,Injection site reaction,Injection site reaction,meddra_code,MDR,10022095,Injection site reaction,matched_exact
adr,Injection site reaction,Injection site reaction,icd_code,ICD10,UNKNOWN,,not_found
adr,Pain,Pain,meddra_code,MDR,10033371,Pain,matched_exact
adr,Pain,Pain,icd_code,ICD10CM,R52,"Pain, unspecified",matched_words
adr,Chills,Chills,meddra_code,MDR,10008531,Chills,matched_exact
adr,Chills,Chills,icd_code,ICD10CM,R68.83,Chills (without fever),matched_words
adr,Malaise,Malaise,meddra_code,MDR,10025482,Malaise,matched_exact
adr,Malaise,Malaise,icd_code,ICD10CM,R53.81,Other malaise,matched_words
adr,Asthenia,Asthenia,meddra_code,MDR,10003549,Asthenia,matched_exact
adr,Asthenia,Asthenia,icd_code,ICD10CM,R53.1,Weakness,matched_words
adr,Chest pain,Chest pain,meddra_code,MDR,10008479,Chest pain,matched_exact
adr,Chest pain,Chest pain,icd_code,ICD10CM,I20.9,"Angina pectoris, unspecified",matched_words
adr,Respiratory tract infection,Respiratory tract infection,meddra_code,MDR,10062352,Respiratory tract infection,matched_exact
adr,Respiratory tract infection,Respiratory tract infection,icd_code,ICD10CM,J22,Unspecified acute lower respiratory infection,matched_words
adr,Lower respiratory tract infection,Lower respiratory tract infection,meddra_code,MDR,10024968,Lower respiratory tract infection,matched_exact
adr,Lower respiratory tract infection,Lower respiratory tract infection,icd_code,ICD10CM,J22,Unspecified acute lower respiratory infection,matched_words
adr,Respiratory tract infection viral,Respiratory tract infection viral,meddra_code,MDR,10062106,Respiratory tract infection viral,matched_exact
adr,Respiratory tract infection viral,Respiratory tract infection viral,icd_code,ICD10,UNKNOWN,,not_found
adr,Upper respiratory tract infection,Upper respiratory tract infection,meddra_code,MDR,10046306,Upper respiratory tract infection,matched_exact
adr,Upper respiratory tract infection,Upper respiratory tract infection,icd_code,ICD10,UNKNOWN,,not_found
adr,Viral upper respiratory tract infection,Viral upper respiratory tract infection,meddra_code,MDR,10047482,Viral upper respiratory tract infection,matched_exact
adr,Viral upper respiratory tract infection,Viral upper respiratory tract infection,icd_code,ICD10,UNKNOWN,,not_found
adr,Nasopharyngitis,Nasopharyngitis,meddra_code,MDR,10028810,Nasopharyngitis,matched_exact
adr,Nasopharyngitis,Nasopharyngitis,icd_code,ICD10CM,J00,Acute nasopharyngitis [common cold],matched_words
adr,Pneumonia,Pneumonia,meddra_code,MDR,10035664,Pneumonia,matched_exact
adr,Pneumonia,Pneumonia,icd_code,ICD10CM,J13,Pneumonia due to Streptococcus pneumoniae,matched_words
adr,Atypical pneumonia,Atypical pneumonia,meddra_code,MDR,10003757,Atypical pneumonia,matched_exact
adr,Atypical pneumonia,Atypical pneumonia,icd_code,ICD10,UNKNOWN,,not_found
adr,Pneumonia bacterial,Pneumonia bacterial,meddra_code,MDR,10060946,Pneumonia bacterial,matched_exact
adr,Pneumonia bacterial,Pneumonia bacterial,icd_code,ICD10CM,J15.9,Unspecified bacterial pneumonia,matched_words
adr,Pneumonia fungal,Pneumonia fungal,meddra_code,MDR,10061354,Pneumonia fungal,matched_exact
adr,Pneumonia fungal,Pneumonia fungal,icd_code,ICD10,UNKNOWN,,not_found
adr,Pneumonia necrotising,Pneumonia necrotising,meddra_code,MDR,10055672,Pneumonia necrotising,matched_exact
adr,Pneumonia necrotising,Pneumonia necrotising,icd_code,ICD10,UNKNOWN,,not_found
adr,Pneumonia streptococcal,Pneumonia streptococcal,meddra_code,MDR,10035735,Pneumonia streptococcal,matched_exact
adr,Pneumonia streptococcal,Pneumonia streptococcal,icd_code,ICD10CM,G00.1,Pneumococcal meningitis,matched_words
adr,Influenza,Influenza,meddra_code,MDR,10022000,Influenza,matched_exact
adr,Influenza,Influenza,icd_code,ICD10CM,J11.1,Influenza due to unidentified influenza virus with other respiratory manifestations,matched_words
adr,Influenza H1N1,Influenza H1N1,meddra_code,MDR,10069767,H1N1 influenza,matched_words
adr,Influenza H1N1,Influenza H1N1,icd_code,ICD10,UNKNOWN,,not_found
adr,Bronchitis,Bronchitis,meddra_code,MDR,10006451,Bronchitis,matched_exact
adr,Bronchitis,Bronchitis,icd_code,ICD10CM,J40,"Bronchitis, not specified as acute or chronic",matched_words
adr,Tumour lysis syndrome,Tumour lysis syndrome,meddra_code,MDR,10045170,Tumour lysis syndrome,matched_exact
adr,Tumour lysis syndrome,Tumour lysis syndrome,icd_code,ICD10,UNKNOWN,,not_found
adr,Thrombocytopenia,Thrombocytopenia,meddra_code,MDR,10043554,Thrombocytopenia,matched_exact
adr,Thrombocytopenia,Thrombocytopenia,icd_code,ICD10CM,D69.6,"Thrombocytopenia, unspecified",matched_words
adr,Platelet count decreased,Platelet count decreased,meddra_code,MDR,10035528,Platelet count decreased,matched_exact
adr,Platelet count decreased,Platelet count decreased,icd_code,ICD10,UNKNOWN,,not_found
adr,Neutropenia,Neutropenia,meddra_code,MDR,10029354,Neutropenia,matched_exact
adr,Neutropenia,Neutropenia,icd_code,ICD10CM,D70,Neutropenia,matched_exact
adr,Neutrophil count decreased,Neutrophil count decreased,meddra_code,MDR,10029366,Neutrophil count decreased,matched_exact
adr,Neutrophil count decreased,Neutrophil count decreased,icd_code,ICD10,UNKNOWN,,not_found
adr,Anaemia,Anaemia,meddra_code,MDR,10002034,Anaemia,matched_exact
adr,Anaemia,Anaemia,icd_code,ICD10,D64.9,"Anaemia, unspecified",matched_words
adr,haemoglobin decreased,haemoglobin decreased,meddra_code,MDR,10018884,Haemoglobin decreased,matched_exact
adr,haemoglobin decreased,haemoglobin decreased,icd_code,ICD10,UNKNOWN,,not_found
adr,Red blood cell count decreased,Red blood cell count decreased,meddra_code,MDR,10038153,Red blood cell count decreased,matched_exact
adr,Red blood cell count decreased,Red blood cell count decreased,icd_code,ICD10,UNKNOWN,,not_found
adr,Leukopenia,Leukopenia,meddra_code,MDR,10024384,Leukopenia,matched_exact
adr,Leukopenia,Leukopenia,icd_code,ICD10CM,D72.819,"Decreased white blood cell count, unspecified",matched_exact
adr,White blood cell count decreased,White blood cell count decreased,meddra_code,MDR,10047942,White blood cell count decreased,matched_exact
adr,White blood cell count decreased,White blood cell count decreased,icd_code,ICD10CM,D72.819,"Decreased white blood cell count, unspecified",matched_words
adr,Febrile neutropenia,Febrile neutropenia,meddra_code,MDR,10016288,Febrile neutropenia,matched_exact
adr,Febrile neutropenia,Febrile neutropenia,icd_code,ICD10,UNKNOWN,,not_found
adr,Granulocytopenia,Granulocytopenia,meddra_code,MDR,10018687,Granulocytopenia,matched_exact
adr,Granulocytopenia,Granulocytopenia,icd_code,ICD10,UNKNOWN,,not_found
adr,Drug hypersensitivity,Drug hypersensitivity,meddra_code,MDR,10013700,Drug hypersensitivity,matched_exact
adr,Drug hypersensitivity,Drug hypersensitivity,icd_code,ICD10CM,T88.7,Unspecified adverse effect of drug or medicament,matched_words
adr,Anaphylactic shock,Anaphylactic shock,meddra_code,MDR,10002199,Anaphylactic shock,matched_exact
adr,Anaphylactic shock,Anaphylactic shock,icd_code,ICD10CM,T78.2,"Anaphylactic shock, unspecified",matched_words
adr,Decreased appetite,Decreased appetite,meddra_code,MDR,10061428,Decreased appetite,matched_exact
adr,Decreased appetite,Decreased appetite,icd_code,ICD10,UNKNOWN,,not_found
adr,Dehydration,Dehydration,meddra_code,MDR,10012174,Dehydration,matched_exact
adr,Dehydration,Dehydration,icd_code,ICD10CM,E86.0,Dehydration,matched_exact
adr,Hyperkalaemia,Hyperkalaemia,meddra_code,MDR,10020646,Hyperkalaemia,matched_exact
adr,Hyperkalaemia,Hyperkalaemia,icd_code,ICD10,E87.5,Hyperkalaemia,matched_exact
adr,Blood potassium increased,Blood potassium increased,meddra_code,MDR,10005725,Blood potassium increased,matched_exact
adr,Blood potassium increased,Blood potassium increased,icd_code,ICD10,UNKNOWN,,not_found
adr,Hypophosphataemia,Hypophosphataemia,meddra_code,MDR,10021058,Hypophosphataemia,matched_exact
adr,Hypophosphataemia,Hypophosphataemia,icd_code,ICD10,UNKNOWN,,not_found
adr,Blood phosphorus decreased,Blood phosphorus decreased,meddra_code,MDR,10049471,Blood phosphorus decreased,matched_exact
adr,Blood phosphorus decreased,Blood phosphorus decreased,icd_code,ICD10,UNKNOWN,,not_found
adr,Dizziness,Dizziness,meddra_code,MDR,10013573,Dizziness,matched_exact
adr,Dizziness,Dizziness,icd_code,ICD10CM,R42,Dizziness and giddiness,matched_words
adr,Headache,Headache,meddra_code,MDR,10019211,Headache,matched_exact
adr,Headache,Headache,icd_code,ICD10CM,R51,Headache,matched_exact
adr,Dysgeusia,Dysgeusia,meddra_code,MDR,10013911,Dysgeusia,matched_exact
adr,Dysgeusia,Dysgeusia,icd_code,ICD10,UNKNOWN,,not_found
adr,Tinnitus,Tinnitus,meddra_code,MDR,10043882,Tinnitus,matched_exact
adr,Tinnitus,Tinnitus,icd_code,ICD10CM,H93.1,Tinnitus,matched_exact
adr,Pericardial effusion,Pericardial effusion,meddra_code,MDR,10034474,Pericardial effusion,matched_exact
adr,Pericardial effusion,Pericardial effusion,icd_code,ICD10CM,I31.3,Pericardial effusion (noninflammatory),matched_words
adr,Pericarditis,Pericarditis,meddra_code,MDR,10034484,Pericarditis,matched_exact
adr,Pericarditis,Pericarditis,icd_code,ICD10CM,I30,Acute pericarditis,matched_words
adr,Hypertension,Hypertension,meddra_code,MDR,10020772,Hypertension,matched_exact
adr,Hypertension,Hypertension,icd_code,ICD10CM,I10,Essential (primary) hypertension,matched_words
adr,Blood pressure increased,Blood pressure increased,meddra_code,MDR,10005750,Blood pressure increased,matched_exact
adr,Blood pressure increased,Blood pressure increased,icd_code,ICD10,UNKNOWN,,not_found
adr,Blood pressure systolic increased,Blood pressure systolic increased,meddra_code,MDR,10005760,Blood pressure systolic increased,matched_exact
adr,Blood pressure systolic increased,Blood pressure systolic increased,icd_code,ICD10,UNKNOWN,,not_found
adr,Essential hypertension,Essential hypertension,meddra_code,MDR,10015488,Essential hypertension,matched_exact
adr,Essential hypertension,Essential hypertension,icd_code,ICD10CM,I10,Essential (primary) hypertension,matched_words
adr,Hypertensive crisis,Hypertensive crisis,meddra_code,MDR,10020802,Hypertensive crisis,matched_exact
adr,Hypertensive crisis,Hypertensive crisis,icd_code,ICD10CM,I16,Hypertensive crisis,matched_exact
adr,Pleural effusion,Pleural effusion,meddra_code,MDR,10035598,Pleural effusion,matched_exact
adr,Pleural effusion,Pleural effusion,icd_code,ICD10CM,J90,"Pleural effusion, not elsewhere classified",matched_words
adr,Dyspnoea,Dyspnoea,meddra_code,MDR,10013968,Dyspnoea,matched_exact
adr,Dyspnoea,Dyspnoea,icd_code,ICD10,R06.0,Dyspnoea,matched_exact
adr,Cough,Cough,meddra_code,MDR,10011224,Cough,matched_exact
adr,Cough,Cough,icd_code,ICD10CM,R05,Cough,matched_exact
adr,Pulmonary hypertension,Pulmonary hypertension,meddra_code,MDR,10037400,Pulmonary hypertension,matched_exact
adr,Pulmonary hypertension,Pulmonary hypertension,icd_code,ICD10CM,I27.20,"Pulmonary hypertension, unspecified",matched_words
adr,Pulmonary arterial hypertension,Pulmonary arterial hypertension,meddra_code,MDR,10064911,Pulmonary arterial hypertension,matched_exact
adr,Pulmonary arterial hypertension,Pulmonary arterial hypertension,icd_code,ICD10CM,I27.0,Primary pulmonary hypertension,matched_words
adr,Pulmonary arterial pressure increased,Pulmonary arterial pressure increased,meddra_code,MDR,10037324,Pulmonary arterial pressure increased,matched_exact
adr,Pulmonary arterial pressure increased,Pulmonary arterial pressure increased,icd_code,ICD10,UNKNOWN,,not_found
adr,Respiratory failure,Respiratory failure,meddra_code,MDR,10038695,Respiratory failure,matched_exact
adr,Respiratory failure,Respiratory failure,icd_code,ICD10CM,J96.9,"Respiratory failure, unspecified",matched_words
adr,Acute pulmonary oedema,Acute pulmonary oedema,meddra_code,MDR,10001029,Acute pulmonary oedema,matched_exact
adr,Acute pulmonary oedema,Acute pulmonary oedema,icd_code,ICD10,J68.1,"Acute pulmonary oedema due to chemicals, gases, fumes and vapours",matched_words
adr,Pulmonary oedema,Pulmonary oedema,meddra_code,MDR,10037423,Pulmonary oedema,matched_exact
adr,Pulmonary oedema,Pulmonary oedema,icd_code,ICD10,J81,Pulmonary oedema,matched_exact
adr,Interstitial lung disease,Interstitial lung disease,meddra_code,MDR,10022611,Interstitial lung disease,matched_exact
adr,Interstitial lung disease,Interstitial lung disease,icd_code,ICD10CM,J84.115,Respiratory bronchiolitis interstitial lung disease,matched_words
adr,Diarrhoea,Diarrhoea,meddra_code,MDR,10012735,Diarrhoea,matched_exact
adr,Diarrhoea,Diarrhoea,icd_code,ICD10,K59.1,Functional diarrhoea,matched_words
adr,Vomiting,Vomiting,meddra_code,MDR,10047700,Vomiting,matched_exact
adr,Vomiting,Vomiting,icd_code,ICD10CM,R11.1,Vomiting,matched_exact
adr,Nausea,Nausea,meddra_code,MDR,10028813,Nausea,matched_exact
adr,Nausea,Nausea,icd_code,ICD10CM,R11.0,Nausea,matched_exact
adr,Abdominal pain,Abdominal pain,meddra_code,MDR,10000081,Abdominal pain,matched_exact
adr,Abdominal pain,Abdominal pain,icd_code,ICD10CM,R10.9,Unspecified abdominal pain,matched_words
adr,Abdominal discomfort,Abdominal discomfort,meddra_code,MDR,10000059,Abdominal discomfort,matched_exact
adr,Abdominal discomfort,Abdominal discomfort,icd_code,ICD10,UNKNOWN,,not_found
adr,Abdominal pain lower,Abdominal pain lower,meddra_code,MDR,10000084,Abdominal pain lower,matched_exact
adr,Abdominal pain lower,Abdominal pain lower,icd_code,ICD10CM,R10.30,"Lower abdominal pain, unspecified",matched_words
adr,Abdominal pain upper,Abdominal pain upper,meddra_code,MDR,10000087,Abdominal pain upper,matched_exact
adr,Abdominal pain upper,Abdominal pain upper,icd_code,ICD10CM,R10.10,"Upper abdominal pain, unspecified",matched_words
adr,Abdominal tenderness,Abdominal tenderness,meddra_code,MDR,10000097,Abdominal tenderness,matched_exact
adr,Abdominal tenderness,Abdominal tenderness,icd_code,ICD10CM,R10.81,Abdominal tenderness,matched_exact
adr,Gastrointestinal pain,Gastrointestinal pain,meddra_code,MDR,10017999,Gastrointestinal pain,matched_exact
adr,Gastrointestinal pain,Gastrointestinal pain,icd_code,ICD10,UNKNOWN,,not_found
adr,Gastrointestinal haemorrhage,Gastrointestinal haemorrhage,meddra_code,MDR,10017955,Gastrointestinal haemorrhage,matched_exact
adr,Gastrointestinal haemorrhage,Gastrointestinal haemorrhage,icd_code,ICD10,K92.2,"Gastrointestinal haemorrhage, unspecified",matched_words
adr,Anal haemorrhage,Anal haemorrhage,meddra_code,MDR,10049555,Anal haemorrhage,matched_exact
adr,Anal haemorrhage,Anal haemorrhage,icd_code,ICD10,UNKNOWN,,not_found
adr,Gastric haemorrhage,Gastric haemorrhage,meddra_code,MDR,10017788,Gastric haemorrhage,matched_exact
adr,Gastric haemorrhage,Gastric haemorrhage,icd_code,ICD10,K25.0,"Gastric ulcer, acute with haemorrhage",matched_words
adr,Intestinal haemorrhage,Intestinal haemorrhage,meddra_code,MDR,10059175,Intestinal haemorrhage,matched_exact
adr,Intestinal haemorrhage,Intestinal haemorrhage,icd_code,ICD10,UNKNOWN,,not_found
adr,Lower gastrointestinal haemorrhage,Lower gastrointestinal haemorrhage,meddra_code,MDR,10050953,Lower gastrointestinal haemorrhage,matched_exact
adr,Lower gastrointestinal haemorrhage,Lower gastrointestinal haemorrhage,icd_code,ICD10,UNKNOWN,,not_found
adr,Rectal haemorrhage,Rectal haemorrhage,meddra_code,MDR,10038063,Rectal haemorrhage,matched_exact
adr,Rectal haemorrhage,Rectal haemorrhage,icd_code,ICD10,P54.2,Neonatal rectal haemorrhage,matched_words
adr,Upper gastrointestinal haemorrhage,Upper gastrointestinal haemorrhage,meddra_code,MDR,10046274,Upper gastrointestinal haemorrhage,matched_exact
adr,Upper gastrointestinal haemorrhage,Upper gastrointestinal haemorrhage,icd_code,ICD10,UNKNOWN,,not_found
adr,Pancreatitis,Pancreatitis,meddra_code,MDR,10033645,Pancreatitis,matched_exact
adr,Pancreatitis,Pancreatitis,icd_code,ICD10CM,K85.9,"Acute pancreatitis, unspecified",matched_words
adr,Pancreatitis acute,Pancreatitis acute,meddra_code,MDR,10033647,Pancreatitis acute,matched_exact
adr,Pancreatitis acute,Pancreatitis acute,icd_code,ICD10CM,K85,Acute pancreatitis,matched_words
adr,Gastritis,Gastritis,meddra_code,MDR,10017853,Gastritis,matched_exact
adr,Gastritis,Gastritis,icd_code,ICD10CM,K29.7,"Gastritis, unspecified",matched_words
adr,Hepatotoxicity,Hepatotoxicity,meddra_code,MDR,10019851,Hepatotoxicity,matched_exact
adr,Hepatotoxicity,Hepatotoxicity,icd_code,ICD10,UNKNOWN,,not_found
adr,Hepatitis,Hepatitis,meddra_code,MDR,10019717,Hepatitis,matched_exact
adr,Hepatitis,Hepatitis,icd_code,ICD10CM,K75.9,"Inflammatory liver disease, unspecified",matched_words
adr,Hepatitis toxic,Hepatitis toxic,meddra_code,MDR,10019795,Hepatitis toxic,matched_exact
adr,Hepatitis toxic,Hepatitis toxic,icd_code,ICD10CM,K71.4,Toxic liver disease with chronic lobular hepatitis,matched_words
adr,Liver disorder,Liver disorder,meddra_code,MDR,10024670,Liver disorder,matched_exact
adr,Liver disorder,Liver disorder,icd_code,ICD10CM,K71.8,Toxic liver disease with other disorders of liver,matched_words
adr,Hepatic function abnormal,Hepatic function abnormal,meddra_code,MDR,10019670,Hepatic function abnormal,matched_exact
adr,Hepatic function abnormal,Hepatic function abnormal,icd_code,ICD10,UNKNOWN,,not_found
adr,Hepatic enzyme increased,Hepatic enzyme increased,meddra_code,MDR,10060795,Hepatic enzyme increased,matched_exact
adr,Hepatic enzyme increased,Hepatic enzyme increased,icd_code,ICD10,UNKNOWN,,not_found
adr,Liver function test abnormal,Liver function test abnormal,meddra_code,MDR,10024690,Liver function test abnormal,matched_exact
adr,Liver function test abnormal,Liver function test abnormal,icd_code,ICD10,UNKNOWN,,not_found
adr,Liver function test increased,Liver function test increased,meddra_code,MDR,10077692,Liver function test increased,matched_exact
adr,Liver function test increased,Liver function test increased,icd_code,ICD10,UNKNOWN,,not_found
adr,Transaminases increased,Transaminases increased,meddra_code,MDR,10054889,Transaminases increased,matched_exact
adr,Transaminases increased,Transaminases increased,icd_code,ICD10,UNKNOWN,,not_found
adr,Liver injury,Liver injury,meddra_code,MDR,10067125,Liver injury,matched_exact
adr,Liver injury,Liver injury,icd_code,ICD10CM,S36.11,Injury of liver,matched_words
adr,Drug-induced liver injury,Drug-induced liver injury,meddra_code,MDR,10072268,Drug-induced liver injury,matched_exact
adr,Drug-induced liver injury,Drug-induced liver injury,icd_code,ICD10,UNKNOWN,,not_found
adr,Hepatocellular injury,Hepatocellular injury,meddra_code,MDR,10019837,Hepatocellular injury,matched_exact
adr,Hepatocellular injury,Hepatocellular injury,icd_code,ICD10,UNKNOWN,,not_found
adr,Rash,Rash,meddra_code,MDR,10037844,Rash,matched_exact
adr,Rash,Rash,icd_code,ICD10CM,R21,Rash and other nonspecific skin eruption,matched_words
adr,Rash macular,Rash macular,meddra_code,MDR,10037867,Rash macular,matched_exact
adr,Rash macular,Rash macular,icd_code,ICD10,UNKNOWN,,not_found
adr,Rash maculo‑papular,Rash maculo‑papular,meddra_code,MDR,10037868,Rash maculo-papular,matched_words
adr,Rash maculo‑papular,Rash maculo‑papular,icd_code,ICD10,UNKNOWN,,not_found
adr,Rash papular,Rash papular,meddra_code,MDR,10037876,Rash papular,matched_exact
adr,Rash papular,Rash papular,icd_code,ICD10,UNKNOWN,,not_found
adr,Rash pruritic,Rash pruritic,meddra_code,MDR,10037884,Rash pruritic,matched_exact
adr,Rash pruritic,Rash pruritic,icd_code,ICD10,UNKNOWN,,not_found
adr,Pruritus,Pruritus,meddra_code,MDR,10037087,Pruritus,matched_exact
adr,Pruritus,Pruritus,icd_code,ICD10CM,L29,Pruritus,matched_exact
adr,Photosensitivity reaction,Photosensitivity reaction,meddra_code,MDR,10034972,Photosensitivity reaction,matched_exact
adr,Photosensitivity reaction,Photosensitivity reaction,icd_code,ICD10,UNKNOWN,,not_found
adr,Polymorphic light eruption,Polymorphic light eruption,meddra_code,MDR,10036087,Polymorphic light eruption,matched_exact
adr,Polymorphic light eruption,Polymorphic light eruption,icd_code,ICD10CM,L56.4,Polymorphous light eruption,matched_words
adr,Urticaria,Urticaria,meddra_code,MDR,10046735,Urticaria,matched_exact
adr,Urticaria,Urticaria,icd_code,ICD10CM,L50,Urticaria,matched_exact
adr,Acne,Acne,meddra_code,MDR,10000496,Acne,matched_exact
adr,Acne,Acne,icd_code,ICD10CM,L70,Acne,matched_exact
adr,Erythema multiforme,Erythema multiforme,meddra_code,MDR,10015218,Erythema multiforme,matched_exact
adr,Erythema multiforme,Erythema multiforme,icd_code,ICD10CM,L51,Erythema multiforme,matched_exact
adr,Exfoliative rash,Exfoliative rash,meddra_code,MDR,10064579,Exfoliative rash,matched_exact
adr,Exfoliative rash,Exfoliative rash,icd_code,ICD10,UNKNOWN,,not_found
adr,Drug eruption,Drug eruption,meddra_code,MDR,10013687,Drug eruption,matched_exact
adr,Drug eruption,Drug eruption,icd_code,ICD10CM,L27.0,Generalized skin eruption due to drugs and medicaments taken internally,matched_words
adr,Cutaneous vasculitis,Cutaneous vasculitis,meddra_code,MDR,10011686,Cutaneous vasculitis,matched_exact
adr,Cutaneous vasculitis,Cutaneous vasculitis,icd_code,ICD10,UNKNOWN,,not_found
adr,Stevens‑Johnson Syndrome,Stevens‑Johnson Syndrome,meddra_code,MDR,10042033,Stevens-Johnson syndrome,matched_words
adr,Stevens‑Johnson Syndrome,Stevens‑Johnson Syndrome,icd_code,ICD10CM,L51.1,Stevens-Johnson syndrome,matched_words
adr,Toxic epidermal necrolysis,Toxic epidermal necrolysis,meddra_code,MDR,10044223,Toxic epidermal necrolysis,matched_exact
adr,Toxic epidermal necrolysis,Toxic epidermal necrolysis,icd_code,ICD10CM,L51.2,Toxic epidermal necrolysis [Lyell],matched_words
adr,Arthralgia,Arthralgia,meddra_code,MDR,10003239,Arthralgia,matched_exact
adr,Arthralgia,Arthralgia,icd_code,ICD10CM,M26.62,Arthralgia of temporomandibular joint,matched_words
adr,Back pain,Back pain,meddra_code,MDR,10003988,Back pain,matched_exact
adr,Back pain,Back pain,icd_code,ICD10CM,M54.9,"Dorsalgia, unspecified",matched_words
adr,Myalgia,Myalgia,meddra_code,MDR,10028411,Myalgia,matched_exact
adr,Myalgia,Myalgia,icd_code,ICD10CM,M79.1,Myalgia,matched_exact
adr,Acute kidney injury,Acute kidney injury,meddra_code,MDR,10069339,Acute kidney injury,matched_exact
adr,Acute kidney injury,Acute kidney injury,icd_code,ICD10CM,N17.9,"Acute kidney failure, unspecified",matched_words
adr,Renal failure,Renal failure,meddra_code,MDR,10038435,Renal failure,matched_exact
adr,Renal failure,Renal failure,icd_code,ICD10CM,N18.9,"Chronic kidney disease, unspecified",matched_words
adr,Renal impairment,Renal impairment,meddra_code,MDR,10062237,Renal impairment,matched_exact
adr,Renal impairment,Renal impairment,icd_code,ICD10CM,N25,Disorders resulting from impaired renal tubular function,matched_words
adr,Oedema,Oedema,meddra_code,MDR,10030095,Oedema,matched_exact
adr,Oedema,Oedema,icd_code,ICD10,R60.9,"Oedema, unspecified",matched_words
adr,Eyelid oedema,Eyelid oedema,meddra_code,MDR,10015993,Eyelid oedema,matched_exact
adr,Eyelid oedema,Eyelid oedema,icd_code,ICD10,UNKNOWN,,not_found
adr,Face oedema,Face oedema,meddra_code,MDR,10016029,Face oedema,matched_exact
adr,Face oedema,Face oedema,icd_code,ICD10,UNKNOWN,,not_found
adr,Generalised oedema,Generalised oedema,meddra_code,MDR,10018092,Generalised oedema,matched_exact
adr,Generalised oedema,Generalised oedema,icd_code,ICD10,UNKNOWN,,not_found
adr,Localised oedema,Localised oedema,meddra_code,MDR,10048961,Localised oedema,matched_exact
adr,Localised oedema,Localised oedema,icd_code,ICD10,UNKNOWN,,not_found
adr,Oedema peripheral,Oedema peripheral,meddra_code,MDR,10030124,Oedema peripheral,matched_exact
adr,Oedema peripheral,Oedema peripheral,icd_code,ICD10,UNKNOWN,,not_found
adr,Periorbital oedema,Periorbital oedema,meddra_code,MDR,10034545,Periorbital oedema,matched_exact
adr,Periorbital oedema,Periorbital oedema,icd_code,ICD10,UNKNOWN,,not_found
adr,Periorbital swelling,Periorbital swelling,meddra_code,MDR,10056647,Periorbital swelling,matched_exact
adr,Periorbital swelling,Periorbital swelling,icd_code,ICD10,UNKNOWN,,not_found
adr,Peripheral swelling,Peripheral swelling,meddra_code,MDR,10048959,Peripheral swelling,matched_exact
adr,Peripheral swelling,Peripheral swelling,icd_code,ICD10,UNKNOWN,,not_found
adr,Swelling,Swelling,meddra_code,MDR,10042674,Swelling,matched_exact
adr,Swelling,Swelling,icd_code,ICD10CM,R59,Enlarged lymph nodes,matched_words
adr,Swelling of eyelid,Swelling of eyelid,meddra_code,MDR,10042690,Swelling of eyelid,matched_exact
adr,Swelling of eyelid,Swelling of eyelid,icd_code,ICD10,UNKNOWN,,not_found
adr,Pyrexia,Pyrexia,meddra_code,MDR,10037660,Pyrexia,matched_exact
adr,Pyrexia,Pyrexia,icd_code,ICD10CM,R50.9,"Fever, unspecified",matched_words
adr,Fatigue,Fatigue,meddra_code,MDR,10016256,Fatigue,matched_exact
adr,Fatigue,Fatigue,icd_code,ICD10CM,R53.83,Other fatigue,matched_words
adr,Asthenia,Asthenia,meddra_code,MDR,10003549,Asthenia,matched_exact
adr,Asthenia,Asthenia,icd_code,ICD10CM,R53.1,Weakness,matched_words
adr,Malaise,Malaise,meddra_code,MDR,10025482,Malaise,matched_exact
adr,Malaise,Malaise,icd_code,ICD10CM,R53.81,Other malaise,matched_words
adr,Chest pain,Chest pain,meddra_code,MDR,10008479,Chest pain,matched_exact
adr,Chest pain,Chest pain,icd_code,ICD10CM,I20.9,"Angina pectoris, unspecified",matched_words
adr,Chest discomfort,Chest discomfort,meddra_code,MDR,10008469,Chest discomfort,matched_exact
adr,Chest discomfort,Chest discomfort,icd_code,ICD10,UNKNOWN,,not_found
adr,Pain,Pain,meddra_code,MDR,10033371,Pain,matched_exact
adr,Pain,Pain,icd_code,ICD10CM,R52,"Pain, unspecified",matched_words
adr,Lipase increased,Lipase increased,meddra_code,MDR,10024574,Lipase increased,matched_exact
adr,Lipase increased,Lipase increased,icd_code,ICD10,UNKNOWN,,not_found
adr,Hyperlipasaemia,Hyperlipasaemia,meddra_code,MDR,10067725,Hyperlipasaemia,matched_exact
adr,Hyperlipasaemia,Hyperlipasaemia,icd_code,ICD10,UNKNOWN,,not_found
adr,Alanine aminotransferase increased,Alanine aminotransferase increased,meddra_code,MDR,10001551,Alanine aminotransferase increased,matched_exact
adr,Alanine aminotransferase increased,Alanine aminotransferase increased,icd_code,ICD10,UNKNOWN,,not_found
adr,Alanine aminotransferase abnormal,Alanine aminotransferase abnormal,meddra_code,MDR,10001547,Alanine aminotransferase abnormal,matched_exact
adr,Alanine aminotransferase abnormal,Alanine aminotransferase abnormal,icd_code,ICD10,UNKNOWN,,not_found
adr,Aspartate aminotransferase increased,Aspartate aminotransferase increased,meddra_code,MDR,10003481,Aspartate aminotransferase increased,matched_exact
adr,Aspartate aminotransferase increased,Aspartate aminotransferase increased,icd_code,ICD10,UNKNOWN,,not_found
adr,Blood creatinine increased,Blood creatinine increased,meddra_code,MDR,10005483,Blood creatinine increased,matched_exact
adr,Blood creatinine increased,Blood creatinine increased,icd_code,ICD10,UNKNOWN,,not_found
adr,Electrocardiogram QT prolonged,Electrocardiogram QT prolonged,meddra_code,MDR,10014387,Electrocardiogram QT prolonged,matched_exact
adr,Electrocardiogram QT prolonged,Electrocardiogram QT prolonged,icd_code,ICD10,UNKNOWN,,not_found
adr,Long QT syndrome,Long QT syndrome,meddra_code,MDR,10024803,Long QT syndrome,matched_exact
adr,Long QT syndrome,Long QT syndrome,icd_code,ICD10CM,I45.81,Long QT syndrome,matched_exact
adr,Amylase increased,Amylase increased,meddra_code,MDR,10002016,Amylase increased,matched_exact
adr,Amylase increased,Amylase increased,icd_code,ICD10,UNKNOWN,,not_found
adr,Hyperamylasaemia,Hyperamylasaemia,meddra_code,MDR,10062770,Hyperamylasaemia,matched_exact
adr,Hyperamylasaemia,Hyperamylasaemia,icd_code,ICD10,UNKNOWN,,not_found
adr,Blood creatine phosphokinase increased,Blood creatine phosphokinase increased,meddra_code,MDR,10005470,Blood creatine phosphokinase increased,matched_exact
adr,Blood creatine phosphokinase increased,Blood creatine phosphokinase increased,icd_code,ICD10,UNKNOWN,,not_found
adr,Gamma‑glutamyltransferase increased,Gamma‑glutamyltransferase increased,meddra_code,MDR,10017693,Gamma-glutamyltransferase increased,matched_words
adr,Gamma‑glutamyltransferase increased,Gamma‑glutamyltransferase increased,icd_code,ICD10,UNKNOWN,,not_found
adr,Blood bilirubin increased,Blood bilirubin increased,meddra_code,MDR,10005364,Blood bilirubin increased,matched_exact
adr,Blood bilirubin increased,Blood bilirubin increased,icd_code,ICD10,UNKNOWN,,not_found
adr,Hyperbilirubinaemia,Hyperbilirubinaemia,meddra_code,MDR,10020578,Hyperbilirubinaemia,matched_exact
adr,Hyperbilirubinaemia,Hyperbilirubinaemia,icd_code,ICD10,UNKNOWN,,not_found
adr,Bilirubin conjugated increased,Bilirubin conjugated increased,meddra_code,MDR,10004685,Bilirubin conjugated increased,matched_exact
adr,Bilirubin conjugated increased,Bilirubin conjugated increased,icd_code,ICD10,UNKNOWN,,not_found
adr,Blood bilirubin unconjugated increased,Blood bilirubin unconjugated increased,meddra_code,MDR,10005370,Blood bilirubin unconjugated increased,matched_exact
adr,Blood bilirubin unconjugated increased,Blood bilirubin unconjugated increased,icd_code,ICD10,UNKNOWN,,not_found
adr,Agranulocytosis,Agranulocytosis,meddra_code,MDR,10001507,Agranulocytosis,matched_exact
adr,Agranulocytosis,Agranulocytosis,icd_code,ICD10CM,D70,Neutropenia,matched_exact
adr,Leucopenia,Leucopenia,meddra_code,MDR,10024283,Leucopenia,matched_exact
adr,Leucopenia,Leucopenia,icd_code,ICD10CM,D72.819,"Decreased white blood cell count, unspecified",matched_words
adr,Neutropenia,Neutropenia,meddra_code,MDR,10029354,Neutropenia,matched_exact
adr,Neutropenia,Neutropenia,icd_code,ICD10CM,D70,Neutropenia,matched_exact
adr,Pancytopenia,Pancytopenia,meddra_code,MDR,10033661,Pancytopenia,matched_exact
adr,Pancytopenia,Pancytopenia,icd_code,ICD10CM,D61.81,Pancytopenia,matched_exact
adr,Thrombocytopenia,Thrombocytopenia,meddra_code,MDR,10043554,Thrombocytopenia,matched_exact
adr,Thrombocytopenia,Thrombocytopenia,icd_code,ICD10CM,D69.6,"Thrombocytopenia, unspecified",matched_words
adr,"Hypersensitivity reactions (Anaphylaxis, Angioneurotic oedema, Bronchospasm)","Hypersensitivity reactions (Anaphylaxis, Angioneurotic oedema, Bronchospasm)",meddra_code,MDR,0,,not_found
adr,"Hypersensitivity reactions (Anaphylaxis, Angioneurotic oedema, Bronchospasm)","Hypersensitivity reactions (Anaphylaxis, Angioneurotic oedema, Bronchospasm)",icd_code,ICD10,UNKNOWN,,not_found
adr,Loss of appetite (anorexia),Loss of appetite (anorexia),meddra_code,MDR,0,,not_found
adr,Loss of appetite (anorexia),Loss of appetite (anorexia),icd_code,ICD10,UNKNOWN,,not_found
adr,Agitation,Agitation,meddra_code,MDR,10001497,Agitation,matched_exact
adr,Agitation,Agitation,icd_code,ICD10CM,R45.1,Restlessness and agitation,matched_words
adr,Anxiety disorder,Anxiety disorder,meddra_code,MDR,10057666,Anxiety disorder,matched_exact
adr,Anxiety disorder,Anxiety disorder,icd_code,ICD10CM,F41.1,Generalized anxiety disorder,matched_words
adr,Confusion,Confusion,meddra_code,MDR,10010300,Confusion,matched_exact
adr,Confusion,Confusion,icd_code,ICD10CM,R41.0,"Disorientation, unspecified",matched_words
adr,Depression,Depression,meddra_code,MDR,10012378,Depression,matched_exact
adr,Depression,Depression,icd_code,ICD10CM,F31.9,"Bipolar disorder, unspecified",matched_words
adr,Disorientation,Disorientation,meddra_code,MDR,10013395,Disorientation,matched_exact
adr,Disorientation,Disorientation,icd_code,ICD10CM,R41.0,"Disorientation, unspecified",matched_words
adr,Hallucination,Hallucination,meddra_code,MDR,10019063,Hallucination,matched_exact
adr,Hallucination,Hallucination,icd_code,ICD10CM,R44.3,"Hallucinations, unspecified",matched_words
adr,Insomnia,Insomnia,meddra_code,MDR,10022437,Insomnia,matched_exact
adr,Insomnia,Insomnia,icd_code,ICD10CM,G47.0,Insomnia,matched_exact
adr,Reduced libido,Reduced libido,meddra_code,MDR,0,,not_found
adr,Reduced libido,Reduced libido,icd_code,ICD10,UNKNOWN,,not_found
adr,Headache,Headache,meddra_code,MDR,10019211,Headache,matched_exact
adr,Headache,Headache,icd_code,ICD10CM,R51,Headache,matched_exact
adr,Dizziness,Dizziness,meddra_code,MDR,10013573,Dizziness,matched_exact
adr,Dizziness,Dizziness,icd_code,ICD10CM,R42,Dizziness and giddiness,matched_words
adr,Taste disorder,Taste disorder,meddra_code,MDR,10082490,Taste disorder,matched_exact
adr,Taste disorder,Taste disorder,icd_code,ICD10,UNKNOWN,,not_found
adr,Somnolence,Somnolence,meddra_code,MDR,10041349,Somnolence,matched_exact
adr,Somnolence,Somnolence,icd_code,ICD10CM,R40.0,Somnolence,matched_exact
adr,Grand mal seizures (particularly in patients with impaired renal function),Grand mal seizures (particularly in patients with impaired renal function),meddra_code,MDR,0,,not_found
adr,Grand mal seizures (particularly in patients with impaired renal function),Grand mal seizures (particularly in patients with impaired renal function),icd_code,ICD10,UNKNOWN,,not_found
adr,Paraesthesia,Paraesthesia,meddra_code,MDR,10033775,Paraesthesia,matched_exact
adr,Paraesthesia,Paraesthesia,icd_code,ICD10,R20.2,Paraesthesia of skin,matched_words
adr,Convulsions,Convulsions,meddra_code,MDR,10010914,Convulsions,matched_exact
adr,Convulsions,Convulsions,icd_code,ICD10CM,G40.909,"Epilepsy, unspecified, not intractable, without status epilepticus",matched_words
adr,Atrioventricular block (with H 2 -receptor antagonists administered intravenously),Atrioventricular block (with H 2 -receptor antagonists administered intravenously),meddra_code,MDR,0,,not_found
adr,Atrioventricular block (with H 2 -receptor antagonists administered intravenously),Atrioventricular block (with H 2 -receptor antagonists administered intravenously),icd_code,ICD10,UNKNOWN,,not_found
adr,Arrhythmias,Arrhythmias,meddra_code,MDR,10007521,Cardiac arrhythmias,matched_words
adr,Arrhythmias,Arrhythmias,icd_code,ICD10CM,I49.9,"Cardiac arrhythmia, unspecified",matched_words
adr,QT prolongation (especially in patients with impaired renal function),QT prolongation (especially in patients with impaired renal function),meddra_code,MDR,0,,not_found
adr,QT prolongation (especially in patients with impaired renal function),QT prolongation (especially in patients with impaired renal function),icd_code,ICD10,UNKNOWN,,not_found
adr,"Interstitial pneumonia, sometimes fatal","Interstitial pneumonia, sometimes fatal",meddra_code,MDR,0,,not_found
adr,"Interstitial pneumonia, sometimes fatal","Interstitial pneumonia, sometimes fatal",icd_code,ICD10,UNKNOWN,,not_found
adr,Constipation,Constipation,meddra_code,MDR,10010774,Constipation,matched_exact
adr,Constipation,Constipation,icd_code,ICD10CM,K59.0,Constipation,matched_exact
adr,Diarrhoea,Diarrhoea,meddra_code,MDR,10012735,Diarrhoea,matched_exact
adr,Diarrhoea,Diarrhoea,icd_code,ICD10,K59.1,Functional diarrhoea,matched_words
adr,Nausea and/ or vomiting,Nausea and/ or vomiting,meddra_code,MDR,0,,not_found
adr,Nausea and/ or vomiting,Nausea and/ or vomiting,icd_code,ICD10,UNKNOWN,,not_found
adr,Abdominal discomfort or distension,Abdominal discomfort or distension,meddra_code,MDR,0,,not_found
adr,Abdominal discomfort or distension,Abdominal discomfort or distension,icd_code,ICD10,UNKNOWN,,not_found
adr,Flatulence,Flatulence,meddra_code,MDR,10016766,Flatulence,matched_exact
adr,Flatulence,Flatulence,icd_code,ICD10CM,R14.3,Flatulence,matched_exact
adr,Dry mouth,Dry mouth,meddra_code,MDR,10013781,Dry mouth,matched_exact
adr,Dry mouth,Dry mouth,icd_code,ICD10CM,R68.2,"Dry mouth, unspecified",matched_words
adr,Cholestatic jaundice,Cholestatic jaundice,meddra_code,MDR,10008640,Cholestatic jaundice,matched_exact
adr,Cholestatic jaundice,Cholestatic jaundice,icd_code,ICD10,UNKNOWN,,not_found
adr,Hepatitis,Hepatitis,meddra_code,MDR,10019717,Hepatitis,matched_exact
adr,Hepatitis,Hepatitis,icd_code,ICD10CM,K75.9,"Inflammatory liver disease, unspecified",matched_words
adr,Liver enzyme abnormalities,Liver enzyme abnormalities,meddra_code,MDR,10024677,Liver enzyme abnormal,matched_words
adr,Liver enzyme abnormalities,Liver enzyme abnormalities,icd_code,ICD10,UNKNOWN,,not_found
adr,Rash,Rash,meddra_code,MDR,10037844,Rash,matched_exact
adr,Rash,Rash,icd_code,ICD10CM,R21,Rash and other nonspecific skin eruption,matched_words
adr,Pruritus,Pruritus,meddra_code,MDR,10037087,Pruritus,matched_exact
adr,Pruritus,Pruritus,icd_code,ICD10CM,L29,Pruritus,matched_exact
adr,Urticaria,Urticaria,meddra_code,MDR,10046735,Urticaria,matched_exact
adr,Urticaria,Urticaria,icd_code,ICD10CM,L50,Urticaria,matched_exact
adr,Alopecia,Alopecia,meddra_code,MDR,10001760,Alopecia,matched_exact
adr,Alopecia,Alopecia,icd_code,ICD10CM,L65.9,"Nonscarring hair loss, unspecified",matched_words
adr,Stevens-Johnson syndrome / Toxic epidermal necrolysis (sometimes fatal),Stevens-Johnson syndrome / Toxic epidermal necrolysis (sometimes fatal),meddra_code,MDR,0,,not_found
adr,Stevens-Johnson syndrome / Toxic epidermal necrolysis (sometimes fatal),Stevens-Johnson syndrome / Toxic epidermal necrolysis (sometimes fatal),icd_code,ICD10,UNKNOWN,,not_found
adr,Arthralgia,Arthralgia,meddra_code,MDR,10003239,Arthralgia,matched_exact
adr,Arthralgia,Arthralgia,icd_code,ICD10CM,M26.62,Arthralgia of temporomandibular joint,matched_words
adr,Muscle cramps,Muscle cramps,meddra_code,MDR,10028295,Muscle cramps,matched_exact
adr,Muscle cramps,Muscle cramps,icd_code,ICD10,UNKNOWN,,not_found
adr,Impotence,Impotence,meddra_code,MDR,10021550,Impotence,matched_exact
adr,Impotence,Impotence,icd_code,ICD10CM,N52.9,"Male erectile dysfunction, unspecified",matched_words
adr,Fatigue,Fatigue,meddra_code,MDR,10016256,Fatigue,matched_exact
adr,Fatigue,Fatigue,icd_code,ICD10CM,R53.83,Other fatigue,matched_words
adr,Chest tighness,Chest tighness,meddra_code,MDR,0,,not_found
adr,Chest tighness,Chest tighness,icd_code,ICD10,UNKNOWN,,not_found
adr,"Increase in laboratory values (transaminases, gamma GT, alkaline phosphatase, bilirubin).","Increase in laboratory values (transaminases, gamma GT, alkaline phosphatase, bilirubin).",meddra_code,MDR,0,,not_found
adr,"Increase in laboratory values (transaminases, gamma GT, alkaline phosphatase, bilirubin).","Increase in laboratory values (transaminases, gamma GT, alkaline phosphatase, bilirubin).",icd_code,ICD10,UNKNOWN,,not_found
adr,gynecomastia,gynecomastia,meddra_code,MDR,10018801,Gynecomastia,matched_exact
adr,gynecomastia,gynecomastia,icd_code,ICD10CM,N62,Hypertrophy of breast,matched_exact
adr,somnolence,somnolence,meddra_code,MDR,10041349,Somnolence,matched_exact
adr,somnolence,somnolence,icd_code,ICD10CM,R40.0,Somnolence,matched_exact
adr,sedation,sedation,meddra_code,MDR,10039897,Sedation,matched_exact
adr,sedation,sedation,icd_code,ICD10CM,Z92.83,Personal history of failed moderate sedation,matched_words
adr,dry mouth,dry mouth,meddra_code,MDR,10013781,Dry mouth,matched_exact
adr,dry mouth,dry mouth,icd_code,ICD10CM,R68.2,"Dry mouth, unspecified",matched_words
adr,weight increased,weight increased,meddra_code,MDR,10047899,Weight increased,matched_exact
adr,weight increased,weight increased,icd_code,ICD10,UNKNOWN,,not_found
adr,increase in appetite,increase in appetite,meddra_code,MDR,0,,not_found
adr,increase in appetite,increase in appetite,icd_code,ICD10,UNKNOWN,,not_found
adr,dizziness,dizziness,meddra_code,MDR,10013573,Dizziness,matched_exact
adr,dizziness,dizziness,icd_code,ICD10CM,R42,Dizziness and giddiness,matched_words
adr,fatigue,fatigue,meddra_code,MDR,10016256,Fatigue,matched_exact
adr,fatigue,fatigue,icd_code,ICD10CM,R53.83,Other fatigue,matched_words
adr,Stevens-Johnson syndrome (SJS),Stevens-Johnson syndrome (SJS),meddra_code,MDR,0,,not_found
adr,Stevens-Johnson syndrome (SJS),Stevens-Johnson syndrome (SJS),icd_code,ICD10,UNKNOWN,,not_found
adr,toxic epidermal necrolysis (TEN),toxic epidermal necrolysis (TEN),meddra_code,MDR,0,,not_found
adr,toxic epidermal necrolysis (TEN),toxic epidermal necrolysis (TEN),icd_code,ICD10,UNKNOWN,,not_found
adr,drug reaction with eosinophilia and systemic symptoms (DRESS),drug reaction with eosinophilia and systemic symptoms (DRESS),meddra_code,MDR,0,,not_found
adr,drug reaction with eosinophilia and systemic symptoms (DRESS),drug reaction with eosinophilia and systemic symptoms (DRESS),icd_code,ICD10,UNKNOWN,,not_found
adr,bullous dermatitis,bullous dermatitis,meddra_code,MDR,10006556,Bullous dermatitis,matched_exact
adr,bullous dermatitis,bullous dermatitis,icd_code,ICD10,UNKNOWN,,not_found
adr,erythema multiforme,erythema multiforme,meddra_code,MDR,10015218,Erythema multiforme,matched_exact
adr,erythema multiforme,erythema multiforme,icd_code,ICD10CM,L51,Erythema multiforme,matched_exact
adr,"Bone marrow depression (granulocytopenia, agranulocytosis, aplastic anaemia, thrombocytopenia)","Bone marrow depression (granulocytopenia, agranulocytosis, aplastic anaemia, thrombocytopenia)",meddra_code,MDR,0,,not_found
adr,"Bone marrow depression (granulocytopenia, agranulocytosis, aplastic anaemia, thrombocytopenia)","Bone marrow depression (granulocytopenia, agranulocytosis, aplastic anaemia, thrombocytopenia)",icd_code,ICD10,UNKNOWN,,not_found
adr,Eosinophilia,Eosinophilia,meddra_code,MDR,10014950,Eosinophilia,matched_exact
adr,Eosinophilia,Eosinophilia,icd_code,ICD10CM,D72.1,Eosinophilia,matched_exact
adr,Inappropriate antidiuretic hormone secretion,Inappropriate antidiuretic hormone secretion,meddra_code,MDR,10053198,Inappropriate antidiuretic hormone secretion,matched_exact
adr,Inappropriate antidiuretic hormone secretion,Inappropriate antidiuretic hormone secretion,icd_code,ICD10CM,E22.2,Syndrome of inappropriate secretion of antidiuretic hormone,matched_words
adr,Hyperprolactinemia (and related symptoms galactorrhea and gynecomastia),Hyperprolactinemia (and related symptoms galactorrhea and gynecomastia),meddra_code,MDR,0,,not_found
adr,Hyperprolactinemia (and related symptoms galactorrhea and gynecomastia),Hyperprolactinemia (and related symptoms galactorrhea and gynecomastia),icd_code,ICD10,UNKNOWN,,not_found
adr,Hyponatraemia,Hyponatraemia,meddra_code,MDR,10021036,Hyponatraemia,matched_exact
adr,Hyponatraemia,Hyponatraemia,icd_code,ICD10,E87.1,Hypo-osmolality and hyponatraemia,matched_words
adr,Abnormal dreams,Abnormal dreams,meddra_code,MDR,10000125,Abnormal dreams,matched_exact
adr,Abnormal dreams,Abnormal dreams,icd_code,ICD10,UNKNOWN,,not_found
adr,Confusion,Confusion,meddra_code,MDR,10010300,Confusion,matched_exact
adr,Confusion,Confusion,icd_code,ICD10CM,R41.0,"Disorientation, unspecified",matched_words
adr,Anxiety,Anxiety,meddra_code,MDR,10002855,Anxiety,matched_exact
adr,Anxiety,Anxiety,icd_code,ICD10CM,F41.1,Generalized anxiety disorder,matched_words
adr,Insomnia,Insomnia,meddra_code,MDR,10022437,Insomnia,matched_exact
adr,Insomnia,Insomnia,icd_code,ICD10CM,G47.0,Insomnia,matched_exact
adr,Nightmares,Nightmares,meddra_code,MDR,10029414,Nightmares,matched_exact
adr,Nightmares,Nightmares,icd_code,ICD10CM,F51.5,Nightmare disorder,matched_words
adr,Mania,Mania,meddra_code,MDR,10026749,Mania,matched_exact
adr,Mania,Mania,icd_code,ICD10CM,F30.9,"Manic episode, unspecified",matched_words
adr,Agitation,Agitation,meddra_code,MDR,10001497,Agitation,matched_exact
adr,Agitation,Agitation,icd_code,ICD10CM,R45.1,Restlessness and agitation,matched_words
adr,Hallucinations,Hallucinations,meddra_code,MDR,10019077,Hallucinations,matched_exact
adr,Hallucinations,Hallucinations,icd_code,ICD10CM,R44.3,"Hallucinations, unspecified",matched_words
adr,"Psychomotor restlessness (incl. akathisia, hyperkinesia)","Psychomotor restlessness (incl. akathisia, hyperkinesia)",meddra_code,MDR,0,,not_found
adr,"Psychomotor restlessness (incl. akathisia, hyperkinesia)","Psychomotor restlessness (incl. akathisia, hyperkinesia)",icd_code,ICD10,UNKNOWN,,not_found
adr,Lethargy,Lethargy,meddra_code,MDR,10024264,Lethargy,matched_exact
adr,Lethargy,Lethargy,icd_code,ICD10CM,R53.83,Other fatigue,matched_exact
adr,Tremor,Tremor,meddra_code,MDR,10044565,Tremor,matched_exact
adr,Tremor,Tremor,icd_code,ICD10CM,R25.1,"Tremor, unspecified",matched_words
adr,Amnesia,Amnesia,meddra_code,MDR,10001949,Amnesia,matched_exact
adr,Amnesia,Amnesia,icd_code,ICD10CM,R41.3,Other amnesia,matched_words
adr,Paraesthesia,Paraesthesia,meddra_code,MDR,10033775,Paraesthesia,matched_exact
adr,Paraesthesia,Paraesthesia,icd_code,ICD10,R20.2,Paraesthesia of skin,matched_words
adr,Restless legs,Restless legs,meddra_code,MDR,10038742,Restless legs,matched_exact
adr,Restless legs,Restless legs,icd_code,ICD10CM,G25.81,Restless legs syndrome,matched_words
adr,Syncope,Syncope,meddra_code,MDR,10042772,Syncope,matched_exact
adr,Syncope,Syncope,icd_code,ICD10CM,R55,Syncope and collapse,matched_words
adr,Orthostatic hypotension,Orthostatic hypotension,meddra_code,MDR,10031127,Orthostatic hypotension,matched_exact
adr,Orthostatic hypotension,Orthostatic hypotension,icd_code,ICD10CM,I95.1,Orthostatic hypotension,matched_exact
adr,Hypotension,Hypotension,meddra_code,MDR,10021097,Hypotension,matched_exact
adr,Hypotension,Hypotension,icd_code,ICD10CM,I95,Hypotension,matched_exact
adr,Nausea,Nausea,meddra_code,MDR,10028813,Nausea,matched_exact
adr,Nausea,Nausea,icd_code,ICD10CM,R11.0,Nausea,matched_exact
adr,Diarrhea,Diarrhea,meddra_code,MDR,10012727,Diarrhea,matched_exact
adr,Diarrhea,Diarrhea,icd_code,ICD10CM,R19.7,"Diarrhea, unspecified",matched_words
adr,Vomiting,Vomiting,meddra_code,MDR,10047700,Vomiting,matched_exact
adr,Vomiting,Vomiting,icd_code,ICD10CM,R11.1,Vomiting,matched_exact
adr,Constipation,Constipation,meddra_code,MDR,10010774,Constipation,matched_exact
adr,Constipation,Constipation,icd_code,ICD10CM,K59.0,Constipation,matched_exact
adr,Oral hypo-aesthesia,Oral hypo-aesthesia,meddra_code,MDR,0,,not_found
adr,Oral hypo-aesthesia,Oral hypo-aesthesia,icd_code,ICD10,UNKNOWN,,not_found
adr,Pancreatitis,Pancreatitis,meddra_code,MDR,10033645,Pancreatitis,matched_exact
adr,Pancreatitis,Pancreatitis,icd_code,ICD10CM,K85.9,"Acute pancreatitis, unspecified",matched_words
adr,Mouth oedema,Mouth oedema,meddra_code,MDR,10081715,Mouth oedema,matched_exact
adr,Mouth oedema,Mouth oedema,icd_code,ICD10,UNKNOWN,,not_found
adr,Increased salivation,Increased salivation,meddra_code,MDR,10021677,Increased salivation,matched_exact
adr,Increased salivation,Increased salivation,icd_code,ICD10,UNKNOWN,,not_found
adr,Elevations in serum transaminase activities,Elevations in serum transaminase activities,meddra_code,MDR,0,,not_found
adr,Elevations in serum transaminase activities,Elevations in serum transaminase activities,icd_code,ICD10,UNKNOWN,,not_found
adr,Exanthema,Exanthema,meddra_code,MDR,10015587,Exanthema,matched_exact
adr,Exanthema,Exanthema,icd_code,ICD10CM,B08.2,Exanthema subitum [sixth disease],matched_words
adr,Arthralgia,Arthralgia,meddra_code,MDR,10003239,Arthralgia,matched_exact
adr,Arthralgia,Arthralgia,icd_code,ICD10CM,M26.62,Arthralgia of temporomandibular joint,matched_words
adr,Myalgia,Myalgia,meddra_code,MDR,10028411,Myalgia,matched_exact
adr,Myalgia,Myalgia,icd_code,ICD10CM,M79.1,Myalgia,matched_exact
adr,Back pain,Back pain,meddra_code,MDR,10003988,Back pain,matched_exact
adr,Back pain,Back pain,icd_code,ICD10CM,M54.9,"Dorsalgia, unspecified",matched_words
adr,Rhabdomyolysis,Rhabdomyolysis,meddra_code,MDR,10039020,Rhabdomyolysis,matched_exact
adr,Rhabdomyolysis,Rhabdomyolysis,icd_code,ICD10CM,M62.82,Rhabdomyolysis,matched_exact
adr,Urinary retention,Urinary retention,meddra_code,MDR,10046555,Urinary retention,matched_exact
adr,Urinary retention,Urinary retention,icd_code,ICD10,UNKNOWN,,not_found
adr,Priapism,Priapism,meddra_code,MDR,10036661,Priapism,matched_exact
adr,Priapism,Priapism,icd_code,ICD10CM,N48.3,Priapism,matched_exact
adr,Oedema peripheral,Oedema peripheral,meddra_code,MDR,10030124,Oedema peripheral,matched_exact
adr,Oedema peripheral,Oedema peripheral,icd_code,ICD10,UNKNOWN,,not_found
adr,Generalised oedema,Generalised oedema,meddra_code,MDR,10018092,Generalised oedema,matched_exact
adr,Generalised oedema,Generalised oedema,icd_code,ICD10,UNKNOWN,,not_found
adr,Localised oedema,Localised oedema,meddra_code,MDR,10048961,Localised oedema,matched_exact
adr,Localised oedema,Localised oedema,icd_code,ICD10,UNKNOWN,,not_found
adr,Increased creatine kinase,Increased creatine kinase,meddra_code,MDR,10011336,Creatine kinase increased,matched_words
adr,Increased creatine kinase,Increased creatine kinase,icd_code,ICD10,UNKNOWN,,not_found
adr,Suicidal ideation,Suicidal ideation,meddra_code,MDR,10042458,Suicidal ideation,matched_exact
adr,Suicidal ideation,Suicidal ideation,icd_code,ICD10CM,R45.851,Suicidal ideations,matched_words
adr,Suicidal behaviour,Suicidal behaviour,meddra_code,MDR,10065604,Suicidal behaviour,matched_exact
adr,Suicidal behaviour,Suicidal behaviour,icd_code,ICD10,UNKNOWN,,not_found
adr,Somnambulism,Somnambulism,meddra_code,MDR,10041347,Somnambulism,matched_exact
adr,Somnambulism,Somnambulism,icd_code,ICD10CM,F51.3,Sleepwalking [somnambulism],matched_words
adr,Convulsions (insults),Convulsions (insults),meddra_code,MDR,0,,not_found
adr,Convulsions (insults),Convulsions (insults),icd_code,ICD10,UNKNOWN,,not_found
adr,Serotonin syndrome,Serotonin syndrome,meddra_code,MDR,10040108,Serotonin syndrome,matched_exact
adr,Serotonin syndrome,Serotonin syndrome,icd_code,ICD10CM,G90.81,Serotonin syndrome,matched_exact
adr,Oral paraesthesia,Oral paraesthesia,meddra_code,MDR,10057372,Paraesthesia oral,matched_words
adr,Oral paraesthesia,Oral paraesthesia,icd_code,ICD10,UNKNOWN,,not_found
adr,Dysarthria,Dysarthria,meddra_code,MDR,10013887,Dysarthria,matched_exact
adr,Dysarthria,Dysarthria,icd_code,ICD10CM,R47.1,Dysarthria and anarthria,matched_words
adr,Weight gain,Weight gain,meddra_code,MDR,10047896,Weight gain,matched_exact
adr,Weight gain,Weight gain,icd_code,ICD10CM,R62.51,Failure to thrive (child),matched_words
adr,Urticaria,Urticaria,meddra_code,MDR,10046735,Urticaria,matched_exact
adr,Urticaria,Urticaria,icd_code,ICD10CM,L50,Urticaria,matched_exact
adr,Hypertriglyceridaemia,Hypertriglyceridaemia,meddra_code,MDR,10020869,Hypertriglyceridaemia,matched_exact
adr,Hypertriglyceridaemia,Hypertriglyceridaemia,icd_code,ICD10,UNKNOWN,,not_found
adr,constipation,constipation,meddra_code,MDR,10010774,Constipation,matched_exact
adr,constipation,constipation,icd_code,ICD10CM,K59.0,Constipation,matched_exact
adr,flatulence,flatulence,meddra_code,MDR,10016766,Flatulence,matched_exact
adr,flatulence,flatulence,icd_code,ICD10CM,R14.3,Flatulence,matched_exact
adr,headache,headache,meddra_code,MDR,10019211,Headache,matched_exact
adr,headache,headache,icd_code,ICD10CM,R51,Headache,matched_exact
adr,nausea,nausea,meddra_code,MDR,10028813,Nausea,matched_exact
adr,nausea,nausea,icd_code,ICD10CM,R11.0,Nausea,matched_exact
adr,Hypersensitivity reaction,Hypersensitivity reaction,meddra_code,MDR,10020756,Hypersensitivity reaction,matched_exact
adr,Hypersensitivity reaction,Hypersensitivity reaction,icd_code,ICD10CM,J39.3,"Upper respiratory tract hypersensitivity reaction, site unspecified",matched_words
adr,Anaphylactic reaction,Anaphylactic reaction,meddra_code,MDR,10002198,Anaphylactic reaction,matched_exact
adr,Anaphylactic reaction,Anaphylactic reaction,icd_code,ICD10CM,T78.2,"Anaphylactic shock, unspecified",matched_exact
adr,Anaphylactic shock,Anaphylactic shock,meddra_code,MDR,10002199,Anaphylactic shock,matched_exact
adr,Anaphylactic shock,Anaphylactic shock,icd_code,ICD10CM,T78.2,"Anaphylactic shock, unspecified",matched_words
adr,Anaphylactoid reaction,Anaphylactoid reaction,meddra_code,MDR,10002216,Anaphylactoid reaction,matched_exact
adr,Anaphylactoid reaction,Anaphylactoid reaction,icd_code,ICD10CM,T78.0,Anaphylactic reaction due to food,matched_words
adr,Dizziness,Dizziness,meddra_code,MDR,10013573,Dizziness,matched_exact
adr,Dizziness,Dizziness,icd_code,ICD10CM,R42,Dizziness and giddiness,matched_words
adr,Somnolence,Somnolence,meddra_code,MDR,10041349,Somnolence,matched_exact
adr,Somnolence,Somnolence,icd_code,ICD10CM,R40.0,Somnolence,matched_exact
adr,Loss of consciousness,Loss of consciousness,meddra_code,MDR,10024855,Loss of consciousness,matched_exact
adr,Loss of consciousness,Loss of consciousness,icd_code,ICD10CM,S06.0XA,Concussion with loss of consciousness status unknown,matched_words
adr,Stupor,Stupor,meddra_code,MDR,10042264,Stupor,matched_exact
adr,Stupor,Stupor,icd_code,ICD10CM,R40.1,Stupor,matched_exact
adr,Depressed level of consciousness,Depressed level of consciousness,meddra_code,MDR,10012373,Depressed level of consciousness,matched_exact
adr,Depressed level of consciousness,Depressed level of consciousness,icd_code,ICD10,UNKNOWN,,not_found
adr,Hypertonia,Hypertonia,meddra_code,MDR,10020852,Hypertonia,matched_exact
adr,Hypertonia,Hypertonia,icd_code,ICD10CM,P94.1,Congenital hypertonia,matched_words
adr,Coordination abnormality,Coordination abnormality,meddra_code,MDR,10010947,Coordination abnormal,matched_words
adr,Coordination abnormality,Coordination abnormality,icd_code,ICD10,UNKNOWN,,not_found
adr,Miosis,Miosis,meddra_code,MDR,10027646,Miosis,matched_exact
adr,Miosis,Miosis,icd_code,ICD10CM,H57.03,Miosis,matched_exact
adr,Abdominal pain,Abdominal pain,meddra_code,MDR,10000081,Abdominal pain,matched_exact
adr,Abdominal pain,Abdominal pain,icd_code,ICD10CM,R10.9,Unspecified abdominal pain,matched_words
adr,Abdominal discomfort,Abdominal discomfort,meddra_code,MDR,10000059,Abdominal discomfort,matched_exact
adr,Abdominal discomfort,Abdominal discomfort,icd_code,ICD10,UNKNOWN,,not_found
adr,Dry mouth,Dry mouth,meddra_code,MDR,10013781,Dry mouth,matched_exact
adr,Dry mouth,Dry mouth,icd_code,ICD10CM,R68.2,"Dry mouth, unspecified",matched_words
adr,Abdominal pain upper,Abdominal pain upper,meddra_code,MDR,10000087,Abdominal pain upper,matched_exact
adr,Abdominal pain upper,Abdominal pain upper,icd_code,ICD10CM,R10.10,"Upper abdominal pain, unspecified",matched_words
adr,Vomiting,Vomiting,meddra_code,MDR,10047700,Vomiting,matched_exact
adr,Vomiting,Vomiting,icd_code,ICD10CM,R11.1,Vomiting,matched_exact
adr,Dyspepsia,Dyspepsia,meddra_code,MDR,10013946,Dyspepsia,matched_exact
adr,Dyspepsia,Dyspepsia,icd_code,ICD10CM,R10.13,Epigastric pain,matched_exact
adr,Ileus,Ileus,meddra_code,MDR,10021328,Ileus,matched_exact
adr,Ileus,Ileus,icd_code,ICD10CM,K56.0,Paralytic ileus,matched_words
adr,paralytic ileus,paralytic ileus,meddra_code,MDR,10033841,Paralytic ileus,matched_exact
adr,paralytic ileus,paralytic ileus,icd_code,ICD10CM,K56.0,Paralytic ileus,matched_exact
adr,Megacolon,Megacolon,meddra_code,MDR,10027110,Megacolon,matched_exact
adr,Megacolon,Megacolon,icd_code,ICD10CM,Q43.1,Hirschsprung's disease,matched_words
adr,toxic megacolon,toxic megacolon,meddra_code,MDR,10027115,Megacolon toxic,matched_words
adr,toxic megacolon,toxic megacolon,icd_code,ICD10CM,K59.31,Toxic megacolon,matched_exact
adr,Abdominal distension,Abdominal distension,meddra_code,MDR,10000060,Abdominal distension,matched_exact
adr,Abdominal distension,Abdominal distension,icd_code,ICD10CM,R14.0,Abdominal distension (gaseous),matched_words
adr,Acute pancreatitis,Acute pancreatitis,meddra_code,MDR,10000971,Acute pancreatitis,matched_exact
adr,Acute pancreatitis,Acute pancreatitis,icd_code,ICD10CM,K85,Acute pancreatitis,matched_exact
adr,Rash,Rash,meddra_code,MDR,10037844,Rash,matched_exact
adr,Rash,Rash,icd_code,ICD10CM,R21,Rash and other nonspecific skin eruption,matched_words
adr,Bullous eruption,Bullous eruption,meddra_code,MDR,10006559,Bullous eruption,matched_exact
adr,Bullous eruption,Bullous eruption,icd_code,ICD10,UNKNOWN,,not_found
adr,Stevens-Johnson syndrome,Stevens-Johnson syndrome,meddra_code,MDR,10042033,Stevens-Johnson syndrome,matched_exact
adr,Stevens-Johnson syndrome,Stevens-Johnson syndrome,icd_code,ICD10CM,L51.1,Stevens-Johnson syndrome,matched_exact
adr,Toxic epidermal necrolysis,Toxic epidermal necrolysis,meddra_code,MDR,10044223,Toxic epidermal necrolysis,matched_exact
adr,Toxic epidermal necrolysis,Toxic epidermal necrolysis,icd_code,ICD10CM,L51.2,Toxic epidermal necrolysis [Lyell],matched_words
adr,Erythema multiforme,Erythema multiforme,meddra_code,MDR,10015218,Erythema multiforme,matched_exact
adr,Erythema multiforme,Erythema multiforme,icd_code,ICD10CM,L51,Erythema multiforme,matched_exact
adr,Angioedema,Angioedema,meddra_code,MDR,10002424,Angioedema,matched_exact
adr,Angioedema,Angioedema,icd_code,ICD10CM,T78.3,Angioneurotic edema,matched_words
adr,Urticaria,Urticaria,meddra_code,MDR,10046735,Urticaria,matched_exact
adr,Urticaria,Urticaria,icd_code,ICD10CM,L50,Urticaria,matched_exact
adr,Pruritus,Pruritus,meddra_code,MDR,10037087,Pruritus,matched_exact
adr,Pruritus,Pruritus,icd_code,ICD10CM,L29,Pruritus,matched_exact
adr,Urinary retention,Urinary retention,meddra_code,MDR,10046555,Urinary retention,matched_exact
adr,Urinary retention,Urinary retention,icd_code,ICD10,UNKNOWN,,not_found
adr,Fatigue,Fatigue,meddra_code,MDR,10016256,Fatigue,matched_exact
adr,Fatigue,Fatigue,icd_code,ICD10CM,R53.83,Other fatigue,matched_words
adr,nausea,nausea,meddra_code,MDR,10028813,Nausea,matched_exact
adr,nausea,nausea,icd_code,ICD10CM,R11.0,Nausea,matched_exact
adr,dry mouth,dry mouth,meddra_code,MDR,10013781,Dry mouth,matched_exact
adr,dry mouth,dry mouth,icd_code,ICD10CM,R68.2,"Dry mouth, unspecified",matched_words
adr,headache,headache,meddra_code,MDR,10019211,Headache,matched_exact
adr,headache,headache,icd_code,ICD10CM,R51,Headache,matched_exact
adr,sweating (including night sweats),sweating (including night sweats),meddra_code,MDR,0,,not_found
adr,sweating (including night sweats),sweating (including night sweats),icd_code,ICD10,UNKNOWN,,not_found
adr,Agranulocytosis*,Agranulocytosis*,meddra_code,MDR,10001507,Agranulocytosis,matched_words
adr,Agranulocytosis*,Agranulocytosis*,icd_code,ICD10CM,D70,Neutropenia,matched_words
adr,Aplastic anaemia*,Aplastic anaemia*,meddra_code,MDR,10002967,Aplastic anaemia,matched_words
adr,Aplastic anaemia*,Aplastic anaemia*,icd_code,ICD10,D61.9,"Aplastic anaemia, unspecified",matched_words
adr,Pancytopaenia*,Pancytopaenia*,meddra_code,MDR,0,,not_found
adr,Pancytopaenia*,Pancytopaenia*,icd_code,ICD10,UNKNOWN,,not_found
adr,Neutropaenia*,Neutropaenia*,meddra_code,MDR,0,,not_found
adr,Neutropaenia*,Neutropaenia*,icd_code,ICD10,UNKNOWN,,not_found
adr,Thrombocytopaenia*,Thrombocytopaenia*,meddra_code,MDR,0,,not_found
adr,Thrombocytopaenia*,Thrombocytopaenia*,icd_code,ICD10,UNKNOWN,,not_found
adr,Anaphylactic reaction*,Anaphylactic reaction*,meddra_code,MDR,10002198,Anaphylactic reaction,matched_words
adr,Anaphylactic reaction*,Anaphylactic reaction*,icd_code,ICD10CM,T78.2,"Anaphylactic shock, unspecified",matched_words
adr,Inappropriate antidiuretic hormone secretion*,Inappropriate antidiuretic hormone secretion*,meddra_code,MDR,10053198,Inappropriate antidiuretic hormone secretion,matched_words
adr,Inappropriate antidiuretic hormone secretion*,Inappropriate antidiuretic hormone secretion*,icd_code,ICD10CM,E22.2,Syndrome of inappropriate secretion of antidiuretic hormone,matched_words
adr,Blood prolactin increased*,Blood prolactin increased*,meddra_code,MDR,10005780,Blood prolactin increased,matched_words
adr,Blood prolactin increased*,Blood prolactin increased*,icd_code,ICD10,UNKNOWN,,not_found
adr,Hyponatraemia*,Hyponatraemia*,meddra_code,MDR,10021036,Hyponatraemia,matched_words
adr,Hyponatraemia*,Hyponatraemia*,icd_code,ICD10,E87.1,Hypo-osmolality and hyponatraemia,matched_words
adr,Confusional state*,Confusional state*,meddra_code,MDR,10010305,Confusional state,matched_words
adr,Confusional state*,Confusional state*,icd_code,ICD10CM,F05,Delirium due to known physiological condition,matched_words
adr,Depersonalization*,Depersonalization*,meddra_code,MDR,10012359,Depersonalization,matched_words
adr,Depersonalization*,Depersonalization*,icd_code,ICD10CM,F48.1,Depersonalization-derealization syndrome,matched_words
adr,Abnormal dreams,Abnormal dreams,meddra_code,MDR,10000125,Abnormal dreams,matched_exact
adr,Abnormal dreams,Abnormal dreams,icd_code,ICD10,UNKNOWN,,not_found
adr,Nervousness,Nervousness,meddra_code,MDR,10029216,Nervousness,matched_exact
adr,Nervousness,Nervousness,icd_code,ICD10CM,R45.0,Nervousness,matched_exact
adr,Libido decreased,Libido decreased,meddra_code,MDR,10024419,Libido decreased,matched_exact
adr,Libido decreased,Libido decreased,icd_code,ICD10CM,R68.82,Decreased libido,matched_words
adr,Agitation*,Agitation*,meddra_code,MDR,10001497,Agitation,matched_words
adr,Agitation*,Agitation*,icd_code,ICD10CM,R45.1,Restlessness and agitation,matched_words
adr,Anorgasmia,Anorgasmia,meddra_code,MDR,10002652,Anorgasmia,matched_exact
adr,Anorgasmia,Anorgasmia,icd_code,ICD10,UNKNOWN,,not_found
adr,Mania,Mania,meddra_code,MDR,10026749,Mania,matched_exact
adr,Mania,Mania,icd_code,ICD10CM,F30.9,"Manic episode, unspecified",matched_words
adr,Hypomania,Hypomania,meddra_code,MDR,10021030,Hypomania,matched_exact
adr,Hypomania,Hypomania,icd_code,ICD10CM,F30.8,Other manic episodes,matched_exact
adr,Hallucination,Hallucination,meddra_code,MDR,10019063,Hallucination,matched_exact
adr,Hallucination,Hallucination,icd_code,ICD10CM,R44.3,"Hallucinations, unspecified",matched_words
adr,Derealization,Derealization,meddra_code,MDR,10054371,Derealization,matched_exact
adr,Derealization,Derealization,icd_code,ICD10CM,F48.1,Depersonalization-derealization syndrome,matched_words
adr,Abnormal orgasm,Abnormal orgasm,meddra_code,MDR,10031085,Orgasm abnormal,matched_words
adr,Abnormal orgasm,Abnormal orgasm,icd_code,ICD10,UNKNOWN,,not_found
adr,Bruxism*,Bruxism*,meddra_code,MDR,10006514,Bruxism,matched_words
adr,Bruxism*,Bruxism*,icd_code,ICD10CM,G47.63,Sleep related bruxism,matched_words
adr,Apathy,Apathy,meddra_code,MDR,10002942,Apathy,matched_exact
adr,Apathy,Apathy,icd_code,ICD10CM,R45.3,Demoralization and apathy,matched_words
adr,Delirium*,Delirium*,meddra_code,MDR,10012218,Delirium,matched_words
adr,Delirium*,Delirium*,icd_code,ICD10CM,R41.0,"Disorientation, unspecified",matched_words
adr,Suicidal ideation and suicidal behaviours a,Suicidal ideation and suicidal behaviours a,meddra_code,MDR,0,,not_found
adr,Suicidal ideation and suicidal behaviours a,Suicidal ideation and suicidal behaviours a,icd_code,ICD10,UNKNOWN,,not_found
adr,Aggression b,Aggression b,meddra_code,MDR,0,,not_found
adr,Aggression b,Aggression b,icd_code,ICD10,UNKNOWN,,not_found
adr,Dizziness,Dizziness,meddra_code,MDR,10013573,Dizziness,matched_exact
adr,Dizziness,Dizziness,icd_code,ICD10CM,R42,Dizziness and giddiness,matched_words
adr,Sedation,Sedation,meddra_code,MDR,10039897,Sedation,matched_exact
adr,Sedation,Sedation,icd_code,ICD10CM,Z92.83,Personal history of failed moderate sedation,matched_words
adr,Akathisia*,Akathisia*,meddra_code,MDR,10001540,Akathisia,matched_words
adr,Akathisia*,Akathisia*,icd_code,ICD10CM,G25.71,Drug induced akathisia,matched_words
adr,Tremor,Tremor,meddra_code,MDR,10044565,Tremor,matched_exact
adr,Tremor,Tremor,icd_code,ICD10CM,R25.1,"Tremor, unspecified",matched_words
adr,Paraesthesia,Paraesthesia,meddra_code,MDR,10033775,Paraesthesia,matched_exact
adr,Paraesthesia,Paraesthesia,icd_code,ICD10,R20.2,Paraesthesia of skin,matched_words
adr,Dysgeusia,Dysgeusia,meddra_code,MDR,10013911,Dysgeusia,matched_exact
adr,Dysgeusia,Dysgeusia,icd_code,ICD10,UNKNOWN,,not_found
adr,Syncope,Syncope,meddra_code,MDR,10042772,Syncope,matched_exact
adr,Syncope,Syncope,icd_code,ICD10CM,R55,Syncope and collapse,matched_words
adr,Myoclonus,Myoclonus,meddra_code,MDR,10028622,Myoclonus,matched_exact
adr,Myoclonus,Myoclonus,icd_code,ICD10CM,G25.3,Myoclonus,matched_exact
adr,Balance disorder *,Balance disorder *,meddra_code,MDR,10049848,Balance disorder,matched_words
adr,Balance disorder *,Balance disorder *,icd_code,ICD10CM,E87.4,Mixed disorder of acid-base balance,matched_words
adr,Coordination abnormal*,Coordination abnormal*,meddra_code,MDR,10010947,Coordination abnormal,matched_words
adr,Coordination abnormal*,Coordination abnormal*,icd_code,ICD10,UNKNOWN,,not_found
adr,Dyskinaesia*,Dyskinaesia*,meddra_code,MDR,0,,not_found
adr,Dyskinaesia*,Dyskinaesia*,icd_code,ICD10,UNKNOWN,,not_found
adr,Neuroleptic Malignant Syndrome (NMS)*,Neuroleptic Malignant Syndrome (NMS)*,meddra_code,MDR,0,,not_found
adr,Neuroleptic Malignant Syndrome (NMS)*,Neuroleptic Malignant Syndrome (NMS)*,icd_code,ICD10,UNKNOWN,,not_found
adr,Serotonin syndrome*,Serotonin syndrome*,meddra_code,MDR,10040108,Serotonin syndrome,matched_words
adr,Serotonin syndrome*,Serotonin syndrome*,icd_code,ICD10CM,G90.81,Serotonin syndrome,matched_words
adr,Convulsion,Convulsion,meddra_code,MDR,10010904,Convulsion,matched_exact
adr,Convulsion,Convulsion,icd_code,ICD10CM,G40.909,"Epilepsy, unspecified, not intractable, without status epilepticus",matched_words
adr,Dystonia*,Dystonia*,meddra_code,MDR,10064124,Cervical dystonia,matched_words
adr,Dystonia*,Dystonia*,icd_code,ICD10CM,G24,Dystonia,matched_words
adr,Tardive dyskinaesia*,Tardive dyskinaesia*,meddra_code,MDR,0,,not_found
adr,Tardive dyskinaesia*,Tardive dyskinaesia*,icd_code,ICD10,UNKNOWN,,not_found
adr,Visual impairment,Visual impairment,meddra_code,MDR,10047571,Visual impairment,matched_exact
adr,Visual impairment,Visual impairment,icd_code,ICD10CM,H54.7,Unspecified visual loss,matched_words
adr,"Accommodation disorder, including vision blurred","Accommodation disorder, including vision blurred",meddra_code,MDR,0,,not_found
adr,"Accommodation disorder, including vision blurred","Accommodation disorder, including vision blurred",icd_code,ICD10,UNKNOWN,,not_found
adr,Mydriasis,Mydriasis,meddra_code,MDR,10028521,Mydriasis,matched_exact
adr,Mydriasis,Mydriasis,icd_code,ICD10CM,H57.04,Mydriasis,matched_exact
adr,Angle-closure glaucoma*,Angle-closure glaucoma*,meddra_code,MDR,10002500,Angle closure glaucoma,matched_words
adr,Angle-closure glaucoma*,Angle-closure glaucoma*,icd_code,ICD10CM,H40.2,Primary angle-closure glaucoma,matched_words
adr,Tinnitus*,Tinnitus*,meddra_code,MDR,10043882,Tinnitus,matched_words
adr,Tinnitus*,Tinnitus*,icd_code,ICD10CM,H93.1,Tinnitus,matched_words
adr,Vertigo,Vertigo,meddra_code,MDR,10047340,Vertigo,matched_exact
adr,Vertigo,Vertigo,icd_code,ICD10CM,H81.0,Ménière's disease,matched_words
adr,Tachycardia,Tachycardia,meddra_code,MDR,10043071,Tachycardia,matched_exact
adr,Tachycardia,Tachycardia,icd_code,ICD10CM,R00.0,"Tachycardia, unspecified",matched_words
adr,Palpitations*,Palpitations*,meddra_code,MDR,10033557,Palpitations,matched_words
adr,Palpitations*,Palpitations*,icd_code,ICD10CM,R00.2,Palpitations,matched_words
adr,Torsade de pointes*,Torsade de pointes*,meddra_code,MDR,10044066,Torsade de pointes,matched_words
adr,Torsade de pointes*,Torsade de pointes*,icd_code,ICD10CM,I47.21,Torsades de pointes,matched_words
adr,Ventricular tachycardia*,Ventricular tachycardia*,meddra_code,MDR,10047302,Ventricular tachycardia,matched_words
adr,Ventricular tachycardia*,Ventricular tachycardia*,icd_code,ICD10CM,I47.2,Ventricular tachycardia,matched_words
adr,Ventricular fibrillation,Ventricular fibrillation,meddra_code,MDR,10047290,Ventricular fibrillation,matched_exact
adr,Ventricular fibrillation,Ventricular fibrillation,icd_code,ICD10CM,I49.01,Ventricular fibrillation,matched_exact
adr,Electrocardiogram QT prolonged*,Electrocardiogram QT prolonged*,meddra_code,MDR,10014387,Electrocardiogram QT prolonged,matched_words
adr,Electrocardiogram QT prolonged*,Electrocardiogram QT prolonged*,icd_code,ICD10,UNKNOWN,,not_found
adr,Stress cardiomyopathy (takotsubo cardiomyopathy)*,Stress cardiomyopathy (takotsubo cardiomyopathy)*,meddra_code,MDR,0,,not_found
adr,Stress cardiomyopathy (takotsubo cardiomyopathy)*,Stress cardiomyopathy (takotsubo cardiomyopathy)*,icd_code,ICD10,UNKNOWN,,not_found
adr,Hypertension,Hypertension,meddra_code,MDR,10020772,Hypertension,matched_exact
adr,Hypertension,Hypertension,icd_code,ICD10CM,I10,Essential (primary) hypertension,matched_words
adr,Hot flush,Hot flush,meddra_code,MDR,10060800,Hot flush,matched_exact
adr,Hot flush,Hot flush,icd_code,ICD10,UNKNOWN,,not_found
adr,Orthostatic hypotension,Orthostatic hypotension,meddra_code,MDR,10031127,Orthostatic hypotension,matched_exact
adr,Orthostatic hypotension,Orthostatic hypotension,icd_code,ICD10CM,I95.1,Orthostatic hypotension,matched_exact
adr,Hypotension*,Hypotension*,meddra_code,MDR,10021097,Hypotension,matched_words
adr,Hypotension*,Hypotension*,icd_code,ICD10CM,I95,Hypotension,matched_words
adr,Dyspnoea*,Dyspnoea*,meddra_code,MDR,10013968,Dyspnoea,matched_words
adr,Dyspnoea*,Dyspnoea*,icd_code,ICD10,R06.0,Dyspnoea,matched_words
adr,Yawning,Yawning,meddra_code,MDR,10048232,Yawning,matched_exact
adr,Yawning,Yawning,icd_code,ICD10,UNKNOWN,,not_found
adr,Interstitial lung disease*,Interstitial lung disease*,meddra_code,MDR,10022611,Interstitial lung disease,matched_words
adr,Interstitial lung disease*,Interstitial lung disease*,icd_code,ICD10CM,J84.115,Respiratory bronchiolitis interstitial lung disease,matched_words
adr,Pulmonary eosinophilia*,Pulmonary eosinophilia*,meddra_code,MDR,10037382,Pulmonary eosinophilia,matched_words
adr,Pulmonary eosinophilia*,Pulmonary eosinophilia*,icd_code,ICD10CM,J82.89,"Other pulmonary eosinophilia, not elsewhere classified",matched_words
adr,Constipation,Constipation,meddra_code,MDR,10010774,Constipation,matched_exact
adr,Constipation,Constipation,icd_code,ICD10CM,K59.0,Constipation,matched_exact
adr,Diarrhoea*,Diarrhoea*,meddra_code,MDR,10012735,Diarrhoea,matched_words
adr,Diarrhoea*,Diarrhoea*,icd_code,ICD10,K59.1,Functional diarrhoea,matched_words
adr,Vomiting,Vomiting,meddra_code,MDR,10047700,Vomiting,matched_exact
adr,Vomiting,Vomiting,icd_code,ICD10CM,R11.1,Vomiting,matched_exact
adr,Gastrointestinal haemorrhage,Gastrointestinal haemorrhage,meddra_code,MDR,10017955,Gastrointestinal haemorrhage,matched_exact
adr,Gastrointestinal haemorrhage,Gastrointestinal haemorrhage,icd_code,ICD10,K92.2,"Gastrointestinal haemorrhage, unspecified",matched_words
adr,Pancreatitis*,Pancreatitis*,meddra_code,MDR,10033645,Pancreatitis,matched_words
adr,Pancreatitis*,Pancreatitis*,icd_code,ICD10CM,K85.9,"Acute pancreatitis, unspecified",matched_words
adr,Liver function test abnormal*,Liver function test abnormal*,meddra_code,MDR,10024690,Liver function test abnormal,matched_words
adr,Liver function test abnormal*,Liver function test abnormal*,icd_code,ICD10,UNKNOWN,,not_found
adr,Hepatitis*,Hepatitis*,meddra_code,MDR,10019717,Hepatitis,matched_words
adr,Hepatitis*,Hepatitis*,icd_code,ICD10CM,K75.9,"Inflammatory liver disease, unspecified",matched_words
adr,Hyperhidrosis* (including night sweats),Hyperhidrosis* (including night sweats),meddra_code,MDR,0,,not_found
adr,Hyperhidrosis* (including night sweats),Hyperhidrosis* (including night sweats),icd_code,ICD10,UNKNOWN,,not_found
adr,Rash,Rash,meddra_code,MDR,10037844,Rash,matched_exact
adr,Rash,Rash,icd_code,ICD10CM,R21,Rash and other nonspecific skin eruption,matched_words
adr,Pruritus*,Pruritus*,meddra_code,MDR,10037087,Pruritus,matched_words
adr,Pruritus*,Pruritus*,icd_code,ICD10CM,L29,Pruritus,matched_words
adr,Urticaria*,Urticaria*,meddra_code,MDR,10046735,Urticaria,matched_words
adr,Urticaria*,Urticaria*,icd_code,ICD10CM,L50,Urticaria,matched_words
adr,Alopecia*,Alopecia*,meddra_code,MDR,10001760,Alopecia,matched_words
adr,Alopecia*,Alopecia*,icd_code,ICD10CM,L65.9,"Nonscarring hair loss, unspecified",matched_words
adr,Ecchymosis,Ecchymosis,meddra_code,MDR,10014080,Ecchymosis,matched_exact
adr,Ecchymosis,Ecchymosis,icd_code,ICD10CM,R23.3,Spontaneous ecchymoses,matched_words
adr,Angioedema*,Angioedema*,meddra_code,MDR,10002424,Angioedema,matched_words
adr,Angioedema*,Angioedema*,icd_code,ICD10CM,T78.3,Angioneurotic edema,matched_words
adr,Photosensitivity reaction,Photosensitivity reaction,meddra_code,MDR,10034972,Photosensitivity reaction,matched_exact
adr,Photosensitivity reaction,Photosensitivity reaction,icd_code,ICD10,UNKNOWN,,not_found
adr,Stevens-Johnson syndrome*,Stevens-Johnson syndrome*,meddra_code,MDR,10042033,Stevens-Johnson syndrome,matched_words
adr,Stevens-Johnson syndrome*,Stevens-Johnson syndrome*,icd_code,ICD10CM,L51.1,Stevens-Johnson syndrome,matched_words
adr,Toxic epidermal necrolysis*,Toxic epidermal necrolysis*,meddra_code,MDR,10044223,Toxic epidermal necrolysis,matched_words
adr,Toxic epidermal necrolysis*,Toxic epidermal necrolysis*,icd_code,ICD10CM,L51.2,Toxic epidermal necrolysis [Lyell],matched_words
adr,Erythema multiforme*,Erythema multiforme*,meddra_code,MDR,10015218,Erythema multiforme,matched_words
adr,Erythema multiforme*,Erythema multiforme*,icd_code,ICD10CM,L51,Erythema multiforme,matched_words
adr,Hypertonia,Hypertonia,meddra_code,MDR,10020852,Hypertonia,matched_exact
adr,Hypertonia,Hypertonia,icd_code,ICD10CM,P94.1,Congenital hypertonia,matched_words
adr,Rhabdomyolysis*,Rhabdomyolysis*,meddra_code,MDR,10039020,Rhabdomyolysis,matched_words
adr,Rhabdomyolysis*,Rhabdomyolysis*,icd_code,ICD10CM,M62.82,Rhabdomyolysis,matched_words
adr,"Urinary hesitation), Urinary retention, Pollakiuria*","Urinary hesitation), Urinary retention, Pollakiuria*",meddra_code,MDR,0,,not_found
adr,"Urinary hesitation), Urinary retention, Pollakiuria*","Urinary hesitation), Urinary retention, Pollakiuria*",icd_code,ICD10,UNKNOWN,,not_found
adr,Urinary incontinence*,Urinary incontinence*,meddra_code,MDR,10046543,Urinary incontinence,matched_words
adr,Urinary incontinence*,Urinary incontinence*,icd_code,ICD10CM,R32,Unspecified urinary incontinence,matched_words
adr,Menorrhagia*,Menorrhagia*,meddra_code,MDR,10027313,Menorrhagia,matched_words
adr,Menorrhagia*,Menorrhagia*,icd_code,ICD10CM,N92.0,Excessive and frequent menstruation with regular cycle,matched_words
adr,Metrorrhagia*,Metrorrhagia*,meddra_code,MDR,10027514,Metrorrhagia,matched_words
adr,Metrorrhagia*,Metrorrhagia*,icd_code,ICD10CM,N92.1,Excessive and frequent menstruation with irregular cycle,matched_words
adr,Erectile dysfunction,Erectile dysfunction,meddra_code,MDR,10061461,Erectile dysfunction,matched_exact
adr,Erectile dysfunction,Erectile dysfunction,icd_code,ICD10CM,N52,Male erectile dysfunction,matched_words
adr,Ejaculation disorder,Ejaculation disorder,meddra_code,MDR,10014326,Ejaculation disorder,matched_exact
adr,Ejaculation disorder,Ejaculation disorder,icd_code,ICD10,UNKNOWN,,not_found
adr,Postpartum haemorrhage #,Postpartum haemorrhage #,meddra_code,MDR,10036417,Postpartum haemorrhage,matched_words
adr,Postpartum haemorrhage #,Postpartum haemorrhage #,icd_code,ICD10,O72,Postpartum haemorrhage,matched_words
adr,Fatigue,Fatigue,meddra_code,MDR,10016256,Fatigue,matched_exact
adr,Fatigue,Fatigue,icd_code,ICD10CM,R53.83,Other fatigue,matched_words
adr,Asthenia,Asthenia,meddra_code,MDR,10003549,Asthenia,matched_exact
adr,Asthenia,Asthenia,icd_code,ICD10CM,R53.1,Weakness,matched_words
adr,Chills*,Chills*,meddra_code,MDR,10008531,Chills,matched_words
adr,Chills*,Chills*,icd_code,ICD10CM,R68.83,Chills (without fever),matched_words
adr,Mucosal haemorrhage*,Mucosal haemorrhage*,meddra_code,MDR,10061298,Mucosal haemorrhage,matched_words
adr,Mucosal haemorrhage*,Mucosal haemorrhage*,icd_code,ICD10,UNKNOWN,,not_found
adr,Weight decreased,Weight decreased,meddra_code,MDR,10047895,Weight decreased,matched_exact
adr,Weight decreased,Weight decreased,icd_code,ICD10CM,D68.020,"Von Willebrand disease, type 2A",matched_words
adr,Weight increased,Weight increased,meddra_code,MDR,10047899,Weight increased,matched_exact
adr,Weight increased,Weight increased,icd_code,ICD10,UNKNOWN,,not_found
adr,Blood cholesterol increased,Blood cholesterol increased,meddra_code,MDR,10005425,Blood cholesterol increased,matched_exact
adr,Blood cholesterol increased,Blood cholesterol increased,icd_code,ICD10,UNKNOWN,,not_found
adr,Bleeding time prolonged*,Bleeding time prolonged*,meddra_code,MDR,10005140,Bleeding time prolonged,matched_words
adr,Bleeding time prolonged*,Bleeding time prolonged*,icd_code,ICD10CM,R79.1,Abnormal coagulation profile,matched_words
adr,Insomnia,Insomnia,meddra_code,MDR,10022437,Insomnia,matched_exact
adr,Insomnia,Insomnia,icd_code,ICD10CM,G47.0,Insomnia,matched_exact
adr,Decreased appetite,Decreased appetite,meddra_code,MDR,10061428,Decreased appetite,matched_exact
adr,Decreased appetite,Decreased appetite,icd_code,ICD10,UNKNOWN,,not_found
adr,lymphopenia,lymphopenia,meddra_code,MDR,10025327,Lymphopenia,matched_exact
adr,lymphopenia,lymphopenia,icd_code,ICD10,UNKNOWN,,not_found
adr,herpes zoster,herpes zoster,meddra_code,MDR,10019974,Herpes zoster,matched_exact
adr,herpes zoster,herpes zoster,icd_code,ICD10CM,B02,Zoster [herpes zoster],matched_words
adr,Oral herpes,Oral herpes,meddra_code,MDR,10067152,Oral herpes,matched_exact
adr,Oral herpes,Oral herpes,icd_code,ICD10,UNKNOWN,,not_found
adr,Tuberculosis,Tuberculosis,meddra_code,MDR,10044755,Tuberculosis,matched_exact
adr,Tuberculosis,Tuberculosis,icd_code,ICD10CM,A15-A19,Tuberculosis (A15-A19),matched_words
adr,Decrease in neutrophil count,Decrease in neutrophil count,meddra_code,MDR,0,,not_found
adr,Decrease in neutrophil count,Decrease in neutrophil count,icd_code,ICD10,UNKNOWN,,not_found
adr,Hypersensitivity*,Hypersensitivity*,meddra_code,MDR,10020751,Hypersensitivity,matched_words
adr,Hypersensitivity*,Hypersensitivity*,icd_code,ICD10CM,T78.40,"Allergy, unspecified",matched_words
adr,pruritus,pruritus,meddra_code,MDR,10037087,Pruritus,matched_exact
adr,pruritus,pruritus,icd_code,ICD10CM,L29,Pruritus,matched_exact
adr,urticaria,urticaria,meddra_code,MDR,10046735,Urticaria,matched_exact
adr,urticaria,urticaria,icd_code,ICD10CM,L50,Urticaria,matched_exact
adr,rash,rash,meddra_code,MDR,10037844,Rash,matched_exact
adr,rash,rash,icd_code,ICD10CM,R21,Rash and other nonspecific skin eruption,matched_words
adr,angio-oedema,angio-oedema,meddra_code,MDR,10000672,Acute angio oedema,matched_words
adr,angio-oedema,angio-oedema,icd_code,ICD10,UNKNOWN,,not_found
adr,Liver Injury*,Liver Injury*,meddra_code,MDR,10067125,Liver injury,matched_words
adr,Liver Injury*,Liver Injury*,icd_code,ICD10CM,S36.11,Injury of liver,matched_words
adr,Rash,Rash,meddra_code,MDR,10037844,Rash,matched_exact
adr,Rash,Rash,icd_code,ICD10CM,R21,Rash and other nonspecific skin eruption,matched_words
adr,alopecia,alopecia,meddra_code,MDR,10001760,Alopecia,matched_exact
adr,alopecia,alopecia,icd_code,ICD10CM,L65.9,"Nonscarring hair loss, unspecified",matched_words
adr,Malignancies,Malignancies,meddra_code,MDR,10028997,Neoplasm malignant,matched_words
adr,Malignancies,Malignancies,icd_code,ICD10CM,C80,Malignant neoplasm without specification of site,matched_words
